segment_index,segment_id,target_id,speaker,start_sec,end_sec,duration_sec,parakeet_exact_status,parakeet_exact_text,parakeet_silence2_status,parakeet_silence2_text,texts_match,exact_chars,silence2_chars,char_diff
,003_bsn_13585850_20260712160000_seg_00000,003_bsn_13585850_20260712160000,SPEAKER_00,3.12,6.38,3.26,success,中丸宏恵の痛快楽勝ライブ!,success,中 ?? 宏恵の痛快楽勝ライフ。,False,13,16,3
,003_bsn_13585850_20260712160000_seg_00001,003_bsn_13585850_20260712160000,SPEAKER_00,31.059999,31.68,0.62,success,ヒロイです。,success,ひろえです。,False,6,6,0
,003_bsn_13585850_20260712160000_seg_00002,003_bsn_13585850_20260712160000,SPEAKER_01,31.76,32.48,0.72,success,はいよろしくおねがいします。,success,はいよろしくお願いします。,False,14,13,-1
,003_bsn_13585850_20260712160000_seg_00003,003_bsn_13585850_20260712160000,SPEAKER_02,35.92,36.619999,0.7,success,中丸さん。,success,高村さん。,False,5,5,0
,003_bsn_13585850_20260712160000_seg_00004,003_bsn_13585850_20260712160000,SPEAKER_02,38.8,39.499998,0.7,success,また年を取ります。,success,また年を取りましょう。,False,9,11,2
,003_bsn_13585850_20260712160000_seg_00005,003_bsn_13585850_20260712160000,SPEAKER_02,44.08,46.16,2.08,success,あの生きていれば。,success,あの生きていれば。,True,9,9,0
,003_bsn_13585850_20260712160000_seg_00006,003_bsn_13585850_20260712160000,SPEAKER_02,46.48,48.14,1.66,success,365日。,success,365日。,True,5,5,0
,003_bsn_13585850_20260712160000_seg_00007,003_bsn_13585850_20260712160000,SPEAKER_02,56.8,57.6,0.8,success,事前に。,success,自然に。,False,4,4,0
,003_bsn_13585850_20260712160000_seg_00008,003_bsn_13585850_20260712160000,SPEAKER_01,72.56,73.100001,0.54,success,まだまだ。,success,まだまだまだ。,False,5,7,2
,003_bsn_13585850_20260712160000_seg_00009,003_bsn_13585850_20260712160000,SPEAKER_02,74.32,75.76,1.44,success,まあまあ、高室さんに比べれば。,success,まあまあ高村さんに比べればね。,False,15,15,0
,003_bsn_13585850_20260712160000_seg_00010,003_bsn_13585850_20260712160000,SPEAKER_01,76.08,77.76,1.68,success,クラエビはまた赤子みたいなもんだ。,success,クレープはまた赤ん坊みたいなもんだ。,False,17,18,1
,003_bsn_13585850_20260712160000_seg_00011,003_bsn_13585850_20260712160000,SPEAKER_02,79.76,81.260001,1.5,success,岡村さんが54。,success,中村さんが54。,False,8,8,0
,003_bsn_13585850_20260712160000_seg_00012,003_bsn_13585850_20260712160000,SPEAKER_02,82.96,83.660002,0.7,success,どんなふうに過ごしてるんですか?,success,どんなふうに過ごしてるんですか?,True,16,16,0
,003_bsn_13585850_20260712160000_seg_00013,003_bsn_13585850_20260712160000,SPEAKER_02,96.4,97.58,1.18,success,だからそういうのは考えること。,success,だからそういうのは考えることができない。,False,15,20,5
,003_bsn_13585850_20260712160000_seg_00014,003_bsn_13585850_20260712160000,SPEAKER_02,99.2,101.6,2.4,success,たぶん死ぬまで働いてるんだろうなって思うんだけど。,success,多分死ぬまで働いてんだろうなって思うんだけど。,False,25,23,-2
,003_bsn_13585850_20260712160000_seg_00015,003_bsn_13585850_20260712160000,SPEAKER_02,101.92,102.8,0.88,success,中丸さんは。,success,中室さんは。,False,6,6,0
,003_bsn_13585850_20260712160000_seg_00016,003_bsn_13585850_20260712160000,SPEAKER_02,111.12,111.68,0.56,success,うん。,success,うん。,True,3,3,0
,003_bsn_13585850_20260712160000_seg_00017,003_bsn_13585850_20260712160000,SPEAKER_02,113.2,115.340002,2.14,success,何もないように無事に終わろうみたいな。,success,何もないように無事に終わろうみたいな。,True,19,19,0
,003_bsn_13585850_20260712160000_seg_00018,003_bsn_13585850_20260712160000,SPEAKER_01,116.56,118.4,1.84,success,秘密が暴露されないようにと。,success,秘密が暴露されないようにと。,True,14,14,0
,003_bsn_13585850_20260712160000_seg_00019,003_bsn_13585850_20260712160000,SPEAKER_02,120.08,121.36,1.28,success,そんなふうに。,success,そんなふうに。,True,7,7,0
,003_bsn_13585850_20260712160000_seg_00020,003_bsn_13585850_20260712160000,SPEAKER_02,122.739999,123.500002,0.76,success,ひと言くださいよ。,success,ひと言くださいよ。,True,9,9,0
,003_bsn_13585850_20260712160000_seg_00021,003_bsn_13585850_20260712160000,SPEAKER_02,125.2,125.9,0.7,success,迎えた私。,success,迎えた私。,True,5,5,0
,003_bsn_13585850_20260712160000_seg_00022,003_bsn_13585850_20260712160000,SPEAKER_01,128.16,129.12,0.96,success,行き方も何も。,success,生き方も何も。,False,7,7,0
,003_bsn_13585850_20260712160000_seg_00023,003_bsn_13585850_20260712160000,SPEAKER_01,135.6,136.48,0.88,success,それだけか?,success,それだけか?,True,6,6,0
,003_bsn_13585850_20260712160000_seg_00024,003_bsn_13585850_20260712160000,SPEAKER_00,136.64,137.6,0.96,success,もうありがとうございます。,success,ああもうありがとうございます。,False,13,15,2
,003_bsn_13585850_20260712160000_seg_00025,003_bsn_13585850_20260712160000,SPEAKER_02,137.92,138.88,0.96,success,何よりでございます。,success,何よりでございます。,True,10,10,0
,003_bsn_13585850_20260712160000_seg_00026,003_bsn_13585850_20260712160000,SPEAKER_03,146.08,147.499991,1.42,success,蒸し畑、山形県。,success,チーム柴田山形県。,False,8,9,1
,003_bsn_13585850_20260712160000_seg_00027,003_bsn_13585850_20260712160000,SPEAKER_03,148.72,149.419997,0.7,success,ラジオを結ぶ。,success,大型ラジオを結ぶ。,False,7,9,2
,003_bsn_13585850_20260712160000_seg_00028,003_bsn_13585850_20260712160000,SPEAKER_03,151.12,151.819991,0.7,success,でおつきあいください。,success,ぜひおつきあいください。,False,11,12,1
,003_bsn_13585850_20260712160000_seg_00029,003_bsn_13585850_20260712160000,SPEAKER_03,162.64,163.339995,0.7,success,せんブナね。,success,せんぶなねん。,False,6,7,1
,003_bsn_13585850_20260712160000_seg_00030,003_bsn_13585850_20260712160000,SPEAKER_03,166.899995,167.659987,0.76,success,テントのハミング。,success,先祖のハミング。,False,9,8,-1
,003_bsn_13585850_20260712160000_seg_00031,003_bsn_13585850_20260712160000,SPEAKER_03,213.459993,214.219992,0.76,success,パパウェブで検索。,success,スッパーウェブで検索。,False,9,11,2
,003_bsn_13585850_20260712160000_seg_00032,003_bsn_13585850_20260712160000,SPEAKER_03,223.539995,228.619994,5.08,success,あなたの優しさで歩行者を守りましょう横断歩道は歩行者優先です。,success,あなたの優しさで歩行者を守りましょう横断歩道は歩行者優先です。,True,31,31,0
,003_bsn_13585850_20260712160000_seg_00033,003_bsn_13585850_20260712160000,SPEAKER_03,235.539995,239.12,3.58,success,ラジオ横断歩道止まって!キャンペーンを応援しています。,success,土星ラジオ横断歩道止まって!キャンペーンを応援しています。,False,27,29,2
,003_bsn_13585850_20260712160000_seg_00034,003_bsn_13585850_20260712160000,SPEAKER_03,257.620004,258.379996,0.76,success,ご相談ください。,success,ご相談ください。,True,8,8,0
,003_bsn_13585850_20260712160000_seg_00035,003_bsn_13585850_20260712160000,SPEAKER_03,268.24,268.8,0.56,success,運命。,success,運命。,True,3,3,0
,003_bsn_13585850_20260712160000_seg_00036,003_bsn_13585850_20260712160000,SPEAKER_02,278.72,281.36,2.64,success,中丸さん、本当にありがたい。,success,中室さん、本当にありがたい。,False,14,14,0
,003_bsn_13585850_20260712160000_seg_00037,003_bsn_13585850_20260712160000,SPEAKER_02,281.76,283.2,1.44,success,お誕生日メッセージ頂きます。,success,お誕生日メッセージ頂きました。,False,14,15,1
,003_bsn_13585850_20260712160000_seg_00038,003_bsn_13585850_20260712160000,SPEAKER_02,287.6,290.64,3.04,success,柏崎市にお住まいのみいちゃんの旦那さん。,success,うん柏崎市にお住まいのみいちゃんの旦那さん。,False,20,22,2
,003_bsn_13585850_20260712160000_seg_00039,003_bsn_13585850_20260712160000,SPEAKER_02,291.36,297.92,6.56,success,7月5日、爆笑ラジオ7周年おめでとうございます。,success,7月5日、爆笑ラジオ7周年おめでとうございます。,True,24,24,0
,003_bsn_13585850_20260712160000_seg_00040,003_bsn_13585850_20260712160000,SPEAKER_02,298.56,303.68,5.12,success,これからも末永く続くことを願っております。,success,これからも末永く続くことを願っております。,True,21,21,0
,003_bsn_13585850_20260712160000_seg_00041,003_bsn_13585850_20260712160000,SPEAKER_02,304.32,308.24,3.92,success,7月12日、松井弘恵様、お誕生日おめでとうございます。,success,7月12日、松井弘恵様、お誕生日おめでとうございます。,True,27,27,0
,003_bsn_13585850_20260712160000_seg_00042,003_bsn_13585850_20260712160000,SPEAKER_02,308.48,314.0,5.52,success,すてきな1年になりますように、これからもパワフルなご活躍を期待しています。,success,すてきな1年になりますようにこれからもパワフルなご活躍を期待しています。,False,37,36,-1
,003_bsn_13585850_20260712160000_seg_00043,003_bsn_13585850_20260712160000,SPEAKER_01,314.08,315.12,1.04,success,はいありがとうございます。,success,はいありがとうございます。,True,13,13,0
,003_bsn_13585850_20260712160000_seg_00044,003_bsn_13585850_20260712160000,SPEAKER_01,316.24,316.96,0.72,success,パフォーマンス。,success,パワフルパワフル!,False,8,9,1
,003_bsn_13585850_20260712160000_seg_00045,003_bsn_13585850_20260712160000,SPEAKER_02,317.12,320.16,3.04,success,北区にお住まいのねこきっくさん。,success,パワフルね北区にお住まいのねこきっくさん。,False,16,21,5
,003_bsn_13585850_20260712160000_seg_00046,003_bsn_13585850_20260712160000,SPEAKER_01,320.24,320.96,0.72,success,ありがとうございます。,success,ありがとうございます。,True,11,11,0
,003_bsn_13585850_20260712160000_seg_00047,003_bsn_13585850_20260712160000,SPEAKER_02,320.96,329.52,8.56,success,日曜日弘江さん孝?? さんからたくさんプレゼントもらいますよ。,success,日曜日宏江さん孝?? さんからたくさんプレゼントもらいますよ。,False,31,31,0
,003_bsn_13585850_20260712160000_seg_00048,003_bsn_13585850_20260712160000,SPEAKER_02,332.48,334.08,1.6,success,私もう頼んでありますね。,success,私もう頼んでありますね。,True,12,12,0
,003_bsn_13585850_20260712160000_seg_00049,003_bsn_13585850_20260712160000,SPEAKER_02,335.2,341.92,6.72,success,さて、高丸さん、広江さん、7月7日、七夕ですが、願い事しましたか?,success,さて、高 ?? さん、弘恵さん、7月7日、七夕ですが、願い事しましたか?,False,33,36,3
,003_bsn_13585850_20260712160000_seg_00050,003_bsn_13585850_20260712160000,SPEAKER_01,342.24,343.12,0.88,success,ああ。,success,うん。,False,3,3,0
,003_bsn_13585850_20260712160000_seg_00051,003_bsn_13585850_20260712160000,SPEAKER_02,343.28,350.0,6.72,success,私はお二人の健康と末永く番組が続くこととリスナーがたくさん増えることを祈っています。,success,私はお二人の健康と末永く番組が続くこととリスナーがたくさん増えることを祈っております。,False,42,43,1
,003_bsn_13585850_20260712160000_seg_00052,003_bsn_13585850_20260712160000,SPEAKER_01,352.4,352.96,0.56,success,うん。,success,おお!,False,3,3,0
,003_bsn_13585850_20260712160000_seg_00053,003_bsn_13585850_20260712160000,SPEAKER_02,353.04,355.04,2.0,success,小室さん、どう、7月7日、もう過ぎたけど。,success,小室さん、どう、7月7日、もう過ぎたけど。,True,21,21,0
,003_bsn_13585850_20260712160000_seg_00054,003_bsn_13585850_20260712160000,SPEAKER_02,355.44,356.08,0.64,success,七夕。,success,七夕。,True,3,3,0
,003_bsn_13585850_20260712160000_seg_00055,003_bsn_13585850_20260712160000,SPEAKER_01,356.24,358.32,2.08,success,もう忘れた。,success,忘れた。,False,6,4,-2
,003_bsn_13585850_20260712160000_seg_00056,003_bsn_13585850_20260712160000,SPEAKER_02,358.4,359.44,1.04,success,あっ忘れた。,success,あっ忘れた。,True,6,6,0
,003_bsn_13585850_20260712160000_seg_00057,003_bsn_13585850_20260712160000,SPEAKER_01,359.52,360.48,0.96,success,七夕を忘れた。,success,七夕を忘れた。,True,7,7,0
,003_bsn_13585850_20260712160000_seg_00058,003_bsn_13585850_20260712160000,SPEAKER_02,361.2,361.84,0.64,success,そうよね。,success,そうよね。,True,5,5,0
,003_bsn_13585850_20260712160000_seg_00059,003_bsn_13585850_20260712160000,SPEAKER_01,361.92,363.04,1.12,success,そうよね。,success,そうよね。,True,5,5,0
,003_bsn_13585850_20260712160000_seg_00060,003_bsn_13585850_20260712160000,SPEAKER_02,364.64,368.32,3.68,success,いやでもほら高村さんは7月7日とかじゃなくても。,success,いやでもほら高村さんは7月7日とかじゃなくても。,True,24,24,0
,003_bsn_13585850_20260712160000_seg_00061,003_bsn_13585850_20260712160000,SPEAKER_02,368.56,372.64,4.08,success,願い事はさておきいろんな人と出会って毎日が楽しいから。,success,まあ願い事はさておきいろんな人と出会って毎日が楽しいから。,False,27,29,2
,003_bsn_13585850_20260712160000_seg_00062,003_bsn_13585850_20260712160000,SPEAKER_02,373.52,375.68,2.16,success,何かこう、お願い事するにしても。,success,何かこうお願い事するにしても。,False,16,15,-1
,003_bsn_13585850_20260712160000_seg_00063,003_bsn_13585850_20260712160000,SPEAKER_02,376.0,378.8,2.8,success,宝くじ当たりますようにぐらいのお願いですよね。,success,宝くじ当たりますようにぐらいのお願いですよね。,True,23,23,0
,003_bsn_13585850_20260712160000_seg_00064,003_bsn_13585850_20260712160000,SPEAKER_01,378.96,379.52,0.56,success,あんたが言ってる。,success,あんたが言った。,False,9,8,-1
,003_bsn_13585850_20260712160000_seg_00065,003_bsn_13585850_20260712160000,SPEAKER_01,380.0,381.92,1.92,success,俺が言ってることじゃねえよ。,success,俺の言ってることじゃねえよ。,False,14,14,0
,003_bsn_13585850_20260712160000_seg_00066,003_bsn_13585850_20260712160000,SPEAKER_02,382.08,386.16,4.08,success,いやいや孝 ?? さんだって宝くじ当たんねえからって。,success,いやいや高 ?? さんだって宝くじ当たんねえからって。,False,27,27,0
,003_bsn_13585850_20260712160000_seg_00067,003_bsn_13585850_20260712160000,SPEAKER_01,386.56,387.36,0.8,success,いやそれは俺もやる。,success,いやそれは俺もやるよ。,False,10,11,1
,003_bsn_13585850_20260712160000_seg_00068,003_bsn_13585850_20260712160000,SPEAKER_01,388.32,390.16,1.84,success,3番目も4番目行ってるのあんた。,success,3番目4番目言ってるのはあんた。,False,16,16,0
,003_bsn_13585850_20260712160000_seg_00069,003_bsn_13585850_20260712160000,SPEAKER_01,391.28,397.36,6.08,success,彼女宝くじ当たればなまた私たちのところにまたないろんなな恩典が来るんだろうけどもななんてそんな話ばっかじゃん。,success,彼女さん宝くじ当たればなまた私たちのところにまたないろんなな恩典が来るんだろうけどもななんてそんな話ばっかじゃん。,False,55,57,2
,003_bsn_13585850_20260712160000_seg_00070,003_bsn_13585850_20260712160000,SPEAKER_02,398.72,399.52,0.8,success,はいつぎ。,success,はい次。,False,5,4,-1
,003_bsn_13585850_20260712160000_seg_00071,003_bsn_13585850_20260712160000,SPEAKER_02,400.32,407.44,7.12,success,北区にお住まいのおてつさん廣江さん、7月7日元オイシックスの知念選手が。,success,北区にお住まいのおてつさん廣江さん、7月7日元オイシックスの知念選手が。,True,36,36,0
,003_bsn_13585850_20260712160000_seg_00072,003_bsn_13585850_20260712160000,SPEAKER_02,407.68,412.64,4.96,success,巨人1軍デビューして初ヒット、とても誇らしいですね、やりました!,success,巨人1軍デビューして初ヒットとても誇らしいですねやりました!,False,32,30,-2
,003_bsn_13585850_20260712160000_seg_00073,003_bsn_13585850_20260712160000,SPEAKER_02,413.2,421.76,8.56,success,オイシックスの試合これからますます楽しみです弘江さんのアナウンスもすてきまた応援に行きますね。,success,オイシックスの試合これからますます楽しみです弘恵さんのアナウンスもすてきまた応援に行きますね。,False,47,47,0
,003_bsn_13585850_20260712160000_seg_00074,003_bsn_13585850_20260712160000,SPEAKER_02,423.44,425.28,1.84,success,そうですよ、知念選手がね。,success,そうですよ、知念選手がね。,True,13,13,0
,003_bsn_13585850_20260712160000_seg_00075,003_bsn_13585850_20260712160000,SPEAKER_02,426.16,429.04,2.88,success,そう、支配下登録されて。,success,支配下登録されて。,False,12,9,-3
,003_bsn_13585850_20260712160000_seg_00076,003_bsn_13585850_20260712160000,SPEAKER_02,429.36,431.28,1.92,success,初ヒット、7月7日に打って。,success,篤姫と7月7日に撃って!,False,14,12,-2
,003_bsn_13585850_20260712160000_seg_00077,003_bsn_13585850_20260712160000,SPEAKER_02,431.6,435.04,3.44,success,それでですよもうヒーローインタビューお立ち台に上がったんです。,success,それでですよもうヒーローインタビューお立ち台に上がったんですよ。,False,31,32,1
,003_bsn_13585850_20260712160000_seg_00078,003_bsn_13585850_20260712160000,SPEAKER_02,436.24,437.92,1.68,success,すごいでしょ。,success,すごいでしょう?,False,7,8,1
,003_bsn_13585850_20260712160000_seg_00079,003_bsn_13585850_20260712160000,SPEAKER_02,441.12,443.6,2.48,success,だから本当、このパワーを借りて。,success,だから本当このパワーを借りてお父さん。,False,16,19,3
,003_bsn_13585850_20260712160000_seg_00080,003_bsn_13585850_20260712160000,SPEAKER_02,443.84,445.68,1.84,success,オリックスも連勝連勝といって。,success,オリックスも連勝連勝と。,False,15,12,-3
,003_bsn_13585850_20260712160000_seg_00081,003_bsn_13585850_20260712160000,SPEAKER_02,447.04,449.2,2.16,success,宇鉄さんまた球場で会いましょうね。,success,お鉄さんまた球場で会いましょうね。,False,17,17,0
,003_bsn_13585850_20260712160000_seg_00082,003_bsn_13585850_20260712160000,SPEAKER_02,450.16,455.92,5.76,success,はい続いてですがほかほかラザニアさん。,success,はい続いてですがほかほかラザニアさん。,True,19,19,0
,003_bsn_13585850_20260712160000_seg_00083,003_bsn_13585850_20260712160000,SPEAKER_02,456.88,461.6,4.72,success,高 ?? さんほかほかラザニアさんはお達者のど自慢クラブに出て下さったじゃないですか。,success,高 ?? さんほかほかラザニアさんはお達者のど自慢クラブに出て下さったじゃないですか。,True,43,43,0
,003_bsn_13585850_20260712160000_seg_00084,003_bsn_13585850_20260712160000,SPEAKER_02,462.4,464.24,1.84,success,そのときにラザニアってなんだ?,success,その時にラザニアって何だ?,False,15,13,-2
,003_bsn_13585850_20260712160000_seg_00085,003_bsn_13585850_20260712160000,SPEAKER_02,465.36,467.76,2.4,success,それからラザニアっていうものをためましたか?,success,それからラザニアっていうものをためましたか?,True,22,22,0
,003_bsn_13585850_20260712160000_seg_00086,003_bsn_13585850_20260712160000,SPEAKER_02,468.16,468.8,0.64,success,コロナなんですけど。,success,ほななんですけど。,False,10,9,-1
,003_bsn_13585850_20260712160000_seg_00087,003_bsn_13585850_20260712160000,SPEAKER_02,470.0,475.76,5.76,success,なるべく寒い季節になると更においしく感じるものだと思うので。,success,あのなるべく寒い季節になるとおいしく更においしく感じるものだと思うので。,False,30,36,6
,003_bsn_13585850_20260712160000_seg_00088,003_bsn_13585850_20260712160000,SPEAKER_02,476.16,477.2,1.04,success,このラザニアというもの。,success,このラザニアというもの。,True,12,12,0
,003_bsn_13585850_20260712160000_seg_00089,003_bsn_13585850_20260712160000,SPEAKER_02,477.84,479.6,1.76,success,今度私が作ってあげましょう。,success,今度私が作ってあげましょう。,True,14,14,0
,003_bsn_13585850_20260712160000_seg_00090,003_bsn_13585850_20260712160000,SPEAKER_01,481.04,482.48,1.44,success,ワンワンはい。,success,ワオワオはい。,False,7,7,0
,003_bsn_13585850_20260712160000_seg_00091,003_bsn_13585850_20260712160000,SPEAKER_02,483.68,485.04,1.36,success,はいまあまあ置いといてまあ。,success,はいまあまあ置いといてまあ。,True,14,14,0
,003_bsn_13585850_20260712160000_seg_00092,003_bsn_13585850_20260712160000,SPEAKER_02,485.36,486.0,0.64,success,おからずには。,success,分からずにあ。,False,7,7,0
,003_bsn_13585850_20260712160000_seg_00093,003_bsn_13585850_20260712160000,SPEAKER_02,486.96,495.28,8.32,success,最近雨の日の何気ないお店の中でつるっと床に足を滑らせてしまうことが多いです。,success,最近雨の日の何気ないお店の中でつるっと床に足を滑らせてしまうことが多いです。,True,38,38,0
,003_bsn_13585850_20260712160000_seg_00094,003_bsn_13585850_20260712160000,SPEAKER_02,496.08,521.68,25.6,success,体幹がいいわけでもないのですが滑った瞬間になんとか踏みとどまれているので今のところ転んではいないのですが腰に負担があるみたいな感覚がしていますお店の床って何でピカピカに磨かれているんでしょうねザラザラの方が雨の日に滑りにくいからいいような気がしてきました。,success,体感がいいわけでもないのですが滑った瞬間になんとか踏みとどまれているので今のところ転んではいないのですが腰に負担があるみたいな感覚がしていますお店の床って何でピカピカに磨かれているんでしょうねザラザラのほうが雨の日に滑りにくいからいいような気がしてきました。,False,128,129,1
,003_bsn_13585850_20260712160000_seg_00095,003_bsn_13585850_20260712160000,SPEAKER_02,522.24,524.08,1.84,success,つを確認してみて。,success,靴を確認してみて。,False,9,9,0
,003_bsn_13585850_20260712160000_seg_00096,003_bsn_13585850_20260712160000,SPEAKER_02,524.56,529.44,4.88,success,靴底がすり減っていたので危なくないように靴を買い替えました。,success,靴底がすり減っていたので危なくないように靴を買い替えました。,True,30,30,0
,003_bsn_13585850_20260712160000_seg_00097,003_bsn_13585850_20260712160000,SPEAKER_01,529.84,530.72,0.88,success,あいい選択。,success,ああいい選択だな。,False,6,9,3
,003_bsn_13585850_20260712160000_seg_00098,003_bsn_13585850_20260712160000,SPEAKER_02,531.04,536.48,5.44,success,お互いに雨の日に滑ってけがをすることがないように気をつけていきましょうということ。,success,お互いに雨の日に滑ってケガをすることがないように気を付けていきましょうということですね。,False,41,44,3
,003_bsn_13585850_20260712160000_seg_00099,003_bsn_13585850_20260712160000,SPEAKER_01,538.0,539.36,1.36,success,うんいいメッセージだね。,success,うんいいメッセージだね。,True,12,12,0
,003_bsn_13585850_20260712160000_seg_00100,003_bsn_13585850_20260712160000,SPEAKER_02,539.6,540.56,0.96,success,ええ。,success,ええ。,True,3,3,0
,003_bsn_13585850_20260712160000_seg_00101,003_bsn_13585850_20260712160000,SPEAKER_01,540.72,541.28,0.56,success,そう。,success,そう。,True,3,3,0
,003_bsn_13585850_20260712160000_seg_00102,003_bsn_13585850_20260712160000,SPEAKER_01,542.0,542.64,0.64,success,すべる。,success,すべる。,True,4,4,0
,003_bsn_13585850_20260712160000_seg_00103,003_bsn_13585850_20260712160000,SPEAKER_02,542.88,543.44,0.56,success,すべる。,success,滑る。,False,4,3,-1
,003_bsn_13585850_20260712160000_seg_00104,003_bsn_13585850_20260712160000,SPEAKER_01,543.68,546.0,2.32,success,ちょっと俺なんか階段が目に入らなくて。,success,俺なんか階段が目に入らなくて。,False,19,15,-4
,003_bsn_13585850_20260712160000_seg_00105,003_bsn_13585850_20260712160000,SPEAKER_01,546.8,553.92,7.12,success,そう、もう平らな所歩いてるっていうのが、急にがたんがたんって音が、この前も2つ。,success,そうもう平らなとこ歩いてるっていうのが急にガタンガタンって音がこの前も2段2つ。,False,40,40,0
,003_bsn_13585850_20260712160000_seg_00106,003_bsn_13585850_20260712160000,SPEAKER_01,554.4,555.12,0.72,success,間を2つ。,success,間を2つ。,True,5,5,0
,003_bsn_13585850_20260712160000_seg_00107,003_bsn_13585850_20260712160000,SPEAKER_01,555.68,559.68,4.0,success,目に入ってなくて、毒だと、それもまた塗料を持ってて。,success,目に入ってなくて毒だとそれもまた塗料を持ってて。,False,26,24,-2
,003_bsn_13585850_20260712160000_seg_00108,003_bsn_13585850_20260712160000,SPEAKER_01,560.24,562.24,2.0,success,中にこういろんな食い物が入ってたのよ。,success,中にこういろんな食い物が入ってたのよ。,True,19,19,0
,003_bsn_13585850_20260712160000_seg_00109,003_bsn_13585850_20260712160000,SPEAKER_01,563.12,565.36,2.24,success,それもさおとさずころばず。,success,それもさ落とさず転ばず。,False,13,12,-1
,003_bsn_13585850_20260712160000_seg_00110,003_bsn_13585850_20260712160000,SPEAKER_01,566.4,567.6,1.2,success,クリアしたて。,success,クリアしたて。,True,7,7,0
,003_bsn_13585850_20260712160000_seg_00111,003_bsn_13585850_20260712160000,SPEAKER_01,568.48,569.6,1.12,success,うん!,success,うん!,True,3,3,0
,003_bsn_13585850_20260712160000_seg_00112,003_bsn_13585850_20260712160000,SPEAKER_02,569.84,571.04,1.2,success,あの中丸さん。,success,あの高 ?? さん。,False,7,10,3
,003_bsn_13585850_20260712160000_seg_00113,003_bsn_13585850_20260712160000,SPEAKER_02,571.68,575.76,4.08,success,その階段が目に入らないっていうかやっぱ前ちゃんと見たら足立さん。,success,その階段が目に入らないっていうかやっぱ前ちゃんと見たら足がついてる。,False,32,34,2
,003_bsn_13585850_20260712160000_seg_00114,003_bsn_13585850_20260712160000,SPEAKER_01,576.8,580.72,3.92,success,いやいや、違うんだ、前ばっか見てんじゃなくて、前方ばっか見て、足元を見てねえんだ。,success,いやいや違うんだ前ばっか見てんだって前方ばっか見て足元を見てねえんだ。,False,41,35,-6
,003_bsn_13585850_20260712160000_seg_00115,003_bsn_13585850_20260712160000,SPEAKER_02,580.88,586.16,5.28,success,じゃあ、前方見てると、あっ、これから階段だなとか、段差があるとこ行くんだなって思いません?,success,じゃあ前方見てるとあっこれから階段だなとか段差があるとこ行くんだなって思いません?,False,45,41,-4
,003_bsn_13585850_20260712160000_seg_00116,003_bsn_13585850_20260712160000,SPEAKER_01,586.24,587.04,0.8,success,もうね。,success,もうね。,True,4,4,0
,003_bsn_13585850_20260712160000_seg_00117,003_bsn_13585850_20260712160000,SPEAKER_02,590.08,590.88,0.8,success,あれ?,success,あれ?,True,3,3,0
,003_bsn_13585850_20260712160000_seg_00118,003_bsn_13585850_20260712160000,SPEAKER_02,591.52,602.08,10.56,success,階段だなって、あっ、ここから一歩ずつ、あっ、階段があるなっていうふうなことを、頭でこう、認識っていうか、認知しながら、こう、前って進みません、階段だなっていうふう。,success,階段だなってあっこっから一歩ずつこうあっ階段があるなっていうふうなことを頭でこう認識っていうか認知しながらこう前って進みません?階段だなっていうふう。,False,82,75,-7
,003_bsn_13585850_20260712160000_seg_00119,003_bsn_13585850_20260712160000,SPEAKER_01,602.56,605.28,2.72,success,その階段がだから入ってねえんだって、だから今回の場合は。,success,その階段がだから入ってねえんだって。,False,28,18,-10
,003_bsn_13585850_20260712160000_seg_00120,003_bsn_13585850_20260712160000,SPEAKER_01,605.6,607.76,2.16,success,2段しかねえ階段なんだけども。,success,2段しかねえ階段なんだけども。,True,15,15,0
,003_bsn_13585850_20260712160000_seg_00121,003_bsn_13585850_20260712160000,SPEAKER_01,608.0,616.8,8.8,success,そうだから前方ばっかり見てるからそうそうその前方を見てる時にあれがやっぱ階段が階段で見えねえんだろうな平らに見えてんのかな。,success,そうだから前方ばっかり見てるからそうそうその前方を見てる時にあれがやっぱ階段が階段で見えねえんだろうな平らに見えてんのかな。,True,62,62,0
,003_bsn_13585850_20260712160000_seg_00122,003_bsn_13585850_20260712160000,SPEAKER_01,619.04,620.4,1.36,success,目ん玉の問題だよな。,success,目ん玉の問題だよな。,True,10,10,0
,003_bsn_13585850_20260712160000_seg_00123,003_bsn_13585850_20260712160000,SPEAKER_02,621.84,622.88,1.04,success,うんまあ両方なんですけど。,success,うんまあ両方なんですよね。,False,13,13,0
,003_bsn_13585850_20260712160000_seg_00124,003_bsn_13585850_20260712160000,SPEAKER_01,623.52,624.24,0.72,success,おっほう!,success,オッホホッホッ!,False,5,8,3
,003_bsn_13585850_20260712160000_seg_00125,003_bsn_13585850_20260712160000,SPEAKER_02,624.72,626.24,1.52,success,でも階段危ないですよね。,success,でも階段危ないですよね。,True,12,12,0
,003_bsn_13585850_20260712160000_seg_00126,003_bsn_13585850_20260712160000,SPEAKER_01,626.72,627.76,1.04,success,いや俺。,success,えっいや俺。,False,4,6,2
,003_bsn_13585850_20260712160000_seg_00127,003_bsn_13585850_20260712160000,SPEAKER_01,629.44,630.48,1.04,success,よかったよあれトレー。,success,僕だってあれトイレ。,False,11,10,-1
,003_bsn_13585850_20260712160000_seg_00128,003_bsn_13585850_20260712160000,SPEAKER_01,631.92,633.44,1.52,success,体中にかぶさってきて。,success,体中にかぶさってきて。,True,11,11,0
,003_bsn_13585850_20260712160000_seg_00129,003_bsn_13585850_20260712160000,SPEAKER_02,633.84,645.68,11.84,success,いやそれだけならまだいいですよ。いやかぶさるぐらいならまだね洋服だって買い替えるなり洗うなりすればいいけども持ってるものがガシャンってなってもう足だって。,success,それだけならまだいいですよ。いやかぶさるぐらいならまだね洋服だって買い替えるなり洗うなりすればいいけども持ってるものがガシャンってなってもう足だって。,False,77,75,-2
,003_bsn_13585850_20260712160000_seg_00130,003_bsn_13585850_20260712160000,SPEAKER_01,647.12,647.76,0.64,success,そうそうそう。,success,そうそうそう。,True,7,7,0
,003_bsn_13585850_20260712160000_seg_00131,003_bsn_13585850_20260712160000,SPEAKER_02,647.76,650.24,2.48,success,だからどこをカバーしようとするかによって変わるじゃないですか。,success,だからどこをカバーしようとするかによって変わるじゃないですか。,True,31,31,0
,003_bsn_13585850_20260712160000_seg_00132,003_bsn_13585850_20260712160000,SPEAKER_01,650.8,652.48,1.68,success,そうそう、あれまた手ついてな。,success,そうそうあれまた手ついてね。,False,15,14,-1
,003_bsn_13585850_20260712160000_seg_00133,003_bsn_13585850_20260712160000,SPEAKER_01,653.68,655.6,1.92,success,そうそういや俺本当ね。,success,そうそういや俺ほんとね。,False,11,12,1
,003_bsn_13585850_20260712160000_seg_00134,003_bsn_13585850_20260712160000,SPEAKER_01,656.4,658.4,2.0,success,ころばんでよかったなとおもって。,success,転ばんでよかったなと思って。,False,16,14,-2
,003_bsn_13585850_20260712160000_seg_00135,003_bsn_13585850_20260712160000,SPEAKER_02,660.16,660.72,0.56,success,うん。,success,うん!,False,3,3,0
,003_bsn_13585850_20260712160000_seg_00136,003_bsn_13585850_20260712160000,SPEAKER_02,661.2,670.64,9.44,success,気をつけてというか今でもほかほかラーザニアさんの言うとおりだからほんとそこまでピカピカにじゃなくていいよねって確かに思いましたね。,success,気を付けてというか今でもほかほかラーザニアさんの言うとおりだからほんとそこまでピカピカにじゃなくていいよねって確かに思いましたね。,False,65,65,0
,003_bsn_13585850_20260712160000_seg_00137,003_bsn_13585850_20260712160000,SPEAKER_02,671.6,676.16,4.56,success,まあざらざらっていうかやっぱ滑り止めっていうか難しいなあ。,success,まあざらざらっていうかやっぱ滑り止めっていうか難しいなあ。,True,29,29,0
,003_bsn_13585850_20260712160000_seg_00138,003_bsn_13585850_20260712160000,SPEAKER_02,676.72,678.24,1.52,success,とすればいい確かにね。,success,とすれば確かにね。,False,11,9,-2
,003_bsn_13585850_20260712160000_seg_00139,003_bsn_13585850_20260712160000,SPEAKER_02,678.64,683.04,4.4,success,磨きたいって分かるけどでも雨の日つるって行くっていうの考えると。,success,美顔に磨きたいって分かるけどでも雨の日つるって行くっていうの考えると。,False,32,35,3
,003_bsn_13585850_20260712160000_seg_00140,003_bsn_13585850_20260712160000,SPEAKER_02,684.48,688.0,3.52,success,っていうことをやっぱり考えると、やっぱり靴を新しくするっていう。,success,っていうことをやっぱり考えるとやっぱり靴を新しくするっていう。,False,32,31,-1
,003_bsn_13585850_20260712160000_seg_00141,003_bsn_13585850_20260712160000,SPEAKER_02,688.88,689.52,0.64,success,はたしのか?,success,ここは正しいのか?,False,6,9,3
,003_bsn_13585850_20260712160000_seg_00142,003_bsn_13585850_20260712160000,SPEAKER_02,690.8,691.44,0.64,success,おくつをね。,success,お靴をね。,False,6,5,-1
,003_bsn_13585850_20260712160000_seg_00143,003_bsn_13585850_20260712160000,SPEAKER_02,692.56,694.56,2.0,success,誰かに他人に何かを求めるんじゃなくて。,success,誰かに他人に何かを求めるんじゃなく。,False,19,18,-1
,003_bsn_13585850_20260712160000_seg_00144,003_bsn_13585850_20260712160000,SPEAKER_02,695.6,696.56,0.96,success,自己防衛するって。,success,自己防衛するって。,True,9,9,0
,003_bsn_13585850_20260712160000_seg_00145,003_bsn_13585850_20260712160000,SPEAKER_00,696.72,697.44,0.72,success,そうそうそう。,success,そうそうそう。,True,7,7,0
,003_bsn_13585850_20260712160000_seg_00146,003_bsn_13585850_20260712160000,SPEAKER_02,700.48,702.72,2.24,success,ではここで一曲。,success,はいではここで一曲。,False,8,10,2
,003_bsn_13585850_20260712160000_seg_00147,003_bsn_13585850_20260712160000,SPEAKER_02,703.52,707.36,3.84,success,今日はですね私と高丸さんそれぞれ1曲ずつリクエストいいですか?,success,今日はですね私と高丸さんそれぞれ1曲ずつリクエストいいですか?,True,31,31,0
,003_bsn_13585850_20260712160000_seg_00148,003_bsn_13585850_20260712160000,SPEAKER_01,708.08,708.96,0.88,success,三好のあら。,success,珍しいな荒川。,False,6,7,1
,003_bsn_13585850_20260712160000_seg_00149,003_bsn_13585850_20260712160000,SPEAKER_02,710.48,711.28,0.8,success,あっせんこうわたし。,success,あっ先攻私。,False,10,6,-4
,003_bsn_13585850_20260712160000_seg_00150,003_bsn_13585850_20260712160000,SPEAKER_01,711.84,712.459967,0.62,success,はい7月。,success,7月12日。,False,5,6,1
,003_bsn_13585850_20260712160000_seg_00151,003_bsn_13585850_20260712160000,SPEAKER_01,971.92,973.28,1.36,success,って俺も選ぶよ。,success,で俺も選ぶよ。,False,8,7,-1
,003_bsn_13585850_20260712160000_seg_00152,003_bsn_13585850_20260712160000,SPEAKER_01,976.8,977.6,0.8,success,そうです。,success,そうです。,True,5,5,0
,003_bsn_13585850_20260712160000_seg_00153,003_bsn_13585850_20260712160000,SPEAKER_02,977.68,978.96,1.28,success,誰に言ってるか分かりません。,success,誰に言ってるか分かりません。,True,14,14,0
,003_bsn_13585850_20260712160000_seg_00154,003_bsn_13585850_20260712160000,SPEAKER_02,979.44,984.64,5.2,success,通常ですと、ここからお達者友達クラブなんですが、高丸さん。,success,通常ですとここからお達者友達クラブなんですが高丸さん。,False,29,27,-2
,003_bsn_13585850_20260712160000_seg_00155,003_bsn_13585850_20260712160000,SPEAKER_01,986.64,987.2,0.56,success,公園のね。,success,公演のね。,False,5,5,0
,003_bsn_13585850_20260712160000_seg_00156,003_bsn_13585850_20260712160000,SPEAKER_01,987.52,988.8,1.28,success,日程の都合がありました。,success,日程の都合がありました。,True,12,12,0
,003_bsn_13585850_20260712160000_seg_00157,003_bsn_13585850_20260712160000,SPEAKER_01,989.28,989.92,0.64,success,今回は。,success,今回は。,True,4,4,0
,003_bsn_13585850_20260712160000_seg_00158,003_bsn_13585850_20260712160000,SPEAKER_02,992.72,993.84,1.12,success,メッセージを読ませて。,success,メッセージを読ませて。,True,11,11,0
,003_bsn_13585850_20260712160000_seg_00159,003_bsn_13585850_20260712160000,SPEAKER_02,995.12,997.36,2.24,success,西蒲区にお住まいのハムレットさんです。,success,西蒲区にお住まいのハムレットさんです。,True,19,19,0
,003_bsn_13585850_20260712160000_seg_00160,003_bsn_13585850_20260712160000,SPEAKER_02,998.24,1000.8,2.56,success,高丸さん、廣江さん、スタッフの皆さん、こんにちは。,success,高村さん、宏江さん、スタッフの皆さん、こんにちは。,False,25,25,0
,003_bsn_13585850_20260712160000_seg_00161,003_bsn_13585850_20260712160000,SPEAKER_02,1001.44,1004.72,3.28,success,楽勝ラジオ7年目突入誠におめでとうございます。,success,楽勝ラジオ7年目突入誠におめでとうございます。,True,23,23,0
,003_bsn_13585850_20260712160000_seg_00162,003_bsn_13585850_20260712160000,SPEAKER_02,1005.6,1006.72,1.12,success,感慨深いですね。,success,感慨深いですね。,True,8,8,0
,003_bsn_13585850_20260712160000_seg_00163,003_bsn_13585850_20260712160000,SPEAKER_02,1007.12,1013.68,6.56,success,私が初めてラクラジを耳にしたのは、まさにコロナ禍真っ最中のときでした。,success,私が初めてラクラジを耳にしたのはまさにコロナ禍真っ最中の時でした。,False,35,33,-2
,003_bsn_13585850_20260712160000_seg_00164,003_bsn_13585850_20260712160000,SPEAKER_02,1014.08,1019.84,5.76,success,生まれたばかりの娘とアパートに2人きりで不安で心細い中。,success,生まれたばかりの娘とアパートに2人きりで不安で心細い中。,True,28,28,0
,003_bsn_13585850_20260712160000_seg_00165,003_bsn_13585850_20260712160000,SPEAKER_02,1020.08,1030.16,10.08,success,お二人の声やお達者さんリスナーの皆さんの声にたくさん笑わせてもらいました高 ?? さんのおしゃべりはとても楽しく。,success,お二人の声やお達者さんリスナーの皆さんの声にたくさん笑わせてもらいました孝 ?? さんのおしゃべりはとても楽しく。,False,57,57,0
,003_bsn_13585850_20260712160000_seg_00166,003_bsn_13585850_20260712160000,SPEAKER_02,1030.4,1036.0,5.6,success,宏恵さんの声はポート時代から聴いていましたので心からほっとしました。,success,宏恵さんの声はポート時代から聴いていましたので心からほっとしました。,True,34,34,0
,003_bsn_13585850_20260712160000_seg_00167,003_bsn_13585850_20260712160000,SPEAKER_02,1036.8,1039.52,2.72,success,わたしはラクラジが大好きです。,success,私はらくらじが大好きです。,False,15,13,-2
,003_bsn_13585850_20260712160000_seg_00168,003_bsn_13585850_20260712160000,SPEAKER_02,1040.0,1050.96,10.96,success,高 ?? さん、宏恵さん、これからもお達者でいてくださいね、私もらくらじを聴きながら、元気でご機嫌なおばあちゃんになることが夢です。,success,高室さん、宏恵さん、これからもお達者でいてくださいね私もらくらじを聴きながら、元気でご機嫌なおばあちゃんになることが夢です。,False,66,62,-4
,003_bsn_13585850_20260712160000_seg_00169,003_bsn_13585850_20260712160000,SPEAKER_02,1051.68,1061.92,10.24,success,追伸仲 ?? さんと弘江さんの入浴シーンがテレビで放送される日をドキドキしながらお待ちしていますね。,success,追伸仲 ?? さんと弘江さんの入浴シーンがテレビで放送される日をどきどきしながらお待ちしていますね。,False,50,50,0
,003_bsn_13585850_20260712160000_seg_00170,003_bsn_13585850_20260712160000,SPEAKER_01,1061.92,1062.56,0.64,success,なんした?,success,直したん?,False,5,5,0
,003_bsn_13585850_20260712160000_seg_00171,003_bsn_13585850_20260712160000,SPEAKER_01,1063.36,1064.96,1.6,success,もう一回言って何シーン?,success,もう一回言って何シーン?,True,12,12,0
,003_bsn_13585850_20260712160000_seg_00172,003_bsn_13585850_20260712160000,SPEAKER_02,1065.2,1066.64,1.44,success,入浴シーン。,success,入浴シーン。,True,6,6,0
,003_bsn_13585850_20260712160000_seg_00173,003_bsn_13585850_20260712160000,SPEAKER_01,1066.72,1067.28,0.56,success,ニューヨーク。,success,入浴?,False,7,3,-4
,003_bsn_13585850_20260712160000_seg_00174,003_bsn_13585850_20260712160000,SPEAKER_02,1067.36,1068.48,1.12,success,クッシャハハハ。,success,クッシャハハハ!,False,8,8,0
,003_bsn_13585850_20260712160000_seg_00175,003_bsn_13585850_20260712160000,SPEAKER_01,1068.64,1069.6,0.96,success,風呂に入ること?,success,風呂に入ること?,True,8,8,0
,003_bsn_13585850_20260712160000_seg_00176,003_bsn_13585850_20260712160000,SPEAKER_02,1070.16,1073.04,2.88,success,そうです、これ、先週。,success,そうです、これ、先週。,True,11,11,0
,003_bsn_13585850_20260712160000_seg_00177,003_bsn_13585850_20260712160000,SPEAKER_02,1073.52,1076.32,2.8,success,編集ほらだからあの私たち。,success,編集ほらだからあの私たち。,True,13,13,0
,003_bsn_13585850_20260712160000_seg_00178,003_bsn_13585850_20260712160000,SPEAKER_02,1076.56,1081.84,5.28,success,ラジオの電波を使ってラジオの番組もねあれで今度これからテレビとか。,success,このラジオの電波を使ってラジオの番組もねあれで今度これからテレビとかまあ。,False,33,37,4
,003_bsn_13585850_20260712160000_seg_00179,003_bsn_13585850_20260712160000,SPEAKER_02,1082.88,1083.92,1.04,success,活躍の幅をどんどん広げていきます。,success,活躍の幅をどんどん広げていきたい。,False,17,17,0
,003_bsn_13585850_20260712160000_seg_00180,003_bsn_13585850_20260712160000,SPEAKER_02,1085.92,1088.0,2.08,success,2人ともngなしでいきますと。,success,2人ともngなしでいきますと。,True,15,15,0
,003_bsn_13585850_20260712160000_seg_00181,003_bsn_13585850_20260712160000,SPEAKER_02,1090.56,1093.04,2.48,success,こっちのニューヨーク市民は大丈夫なのかみたいな話になったじゃないですか。,success,死のニューヨーク市議は大丈夫なのかみたいな話になったじゃないですか。,False,36,34,-2
,003_bsn_13585850_20260712160000_seg_00182,003_bsn_13585850_20260712160000,SPEAKER_01,1093.84,1094.64,0.8,success,うんうんうんうん。,success,うんうんうんうん。,True,9,9,0
,003_bsn_13585850_20260712160000_seg_00183,003_bsn_13585850_20260712160000,SPEAKER_02,1094.72,1096.72,2.0,success,いや、おめえさん、風呂入るぐらいなら大丈夫だろと。,success,でおめえさん風呂入るぐれえなら大丈夫だろと。,False,25,22,-3
,003_bsn_13585850_20260712160000_seg_00184,003_bsn_13585850_20260712160000,SPEAKER_02,1097.2,1098.88,1.68,success,別にタオル巻いて入ればいいねっかみたいな。,success,別にタオル巻いて入ればいいねかみたいな。,False,21,20,-1
,003_bsn_13585850_20260712160000_seg_00185,003_bsn_13585850_20260712160000,SPEAKER_02,1101.12,1102.16,1.04,success,その話がね。,success,その話がね。,True,6,6,0
,003_bsn_13585850_20260712160000_seg_00186,003_bsn_13585850_20260712160000,SPEAKER_02,1102.88,1107.6,4.72,success,テッドさんは孝 ?? さんと私の入浴シーンみたいな感じになって。,success,シャーテットさんは鷹 ?? さんと私の入浴シーンみたいな感じの。,False,32,32,0
,003_bsn_13585850_20260712160000_seg_00187,003_bsn_13585850_20260712160000,SPEAKER_02,1108.72,1112.48,3.76,success,それ混浴それはngだわ。,success,それ混浴それはngだわ。,True,12,12,0
,003_bsn_13585850_20260712160000_seg_00188,003_bsn_13585850_20260712160000,SPEAKER_01,1115.2,1116.4,1.2,success,それはng!,success,それはng。,False,6,6,0
,003_bsn_13585850_20260712160000_seg_00189,003_bsn_13585850_20260712160000,SPEAKER_01,1117.76,1118.48,0.72,success,あっそうなん?,success,あっソノー。,False,7,6,-1
,003_bsn_13585850_20260712160000_seg_00190,003_bsn_13585850_20260712160000,SPEAKER_01,1119.28,1120.56,1.28,success,ほれそれもオッケーだぜ。,success,ほれそれもokだぜ。,False,12,10,-2
,003_bsn_13585850_20260712160000_seg_00191,003_bsn_13585850_20260712160000,SPEAKER_01,1124.0,1124.96,0.96,success,よしこれをしよう。,success,うれしいご両親。,False,9,8,-1
,003_bsn_13585850_20260712160000_seg_00192,003_bsn_13585850_20260712160000,SPEAKER_02,1125.92,1127.76,1.84,success,そうです、俺は大丈夫だぜみたいな。,success,そうです俺は大丈夫だぜみたいな。,False,17,16,-1
,003_bsn_13585850_20260712160000_seg_00193,003_bsn_13585850_20260712160000,SPEAKER_01,1128.24,1129.76,1.52,success,あそうなんだ。,success,はあそうなんだ。,False,7,8,1
,003_bsn_13585850_20260712160000_seg_00194,003_bsn_13585850_20260712160000,SPEAKER_02,1129.92,1136.32,6.4,success,そう、じゃあ、これからは、高村さん、それはやっぱちょっと、セクハラとか、危ないってときは、ちゃんと私、言いますね。,success,そうじゃあこれからは高村さんそれはやっぱちょっとセクハラとか危ないって時はちゃんと私言いますね。,False,57,48,-9
,003_bsn_13585850_20260712160000_seg_00195,003_bsn_13585850_20260712160000,SPEAKER_02,1137.6,1139.04,1.44,success,言ってないし覚えてないと思いますけど。,success,じゃないし覚えてないと思いますけど。,False,19,18,-1
,003_bsn_13585850_20260712160000_seg_00196,003_bsn_13585850_20260712160000,SPEAKER_01,1141.52,1142.24,0.72,success,はいそういうことね。,success,はいそういうことね。,True,10,10,0
,003_bsn_13585850_20260712160000_seg_00197,003_bsn_13585850_20260712160000,SPEAKER_02,1144.56,1145.12,0.56,success,つぎ!,success,次!,False,3,2,-1
,003_bsn_13585850_20260712160000_seg_00198,003_bsn_13585850_20260712160000,SPEAKER_02,1146.8,1149.28,2.48,success,千発市にお住まいのおにぎりかずのこさん。,success,千発市にお住まいのおにぎりかずのこさん。,True,20,20,0
,003_bsn_13585850_20260712160000_seg_00199,003_bsn_13585850_20260712160000,SPEAKER_02,1149.92,1152.16,2.24,success,高村さん、廣井さん、こんにちは。,success,高村さん、廣井さん、こんにちは。,True,16,16,0
,003_bsn_13585850_20260712160000_seg_00200,003_bsn_13585850_20260712160000,SPEAKER_02,1152.48,1157.12,4.64,success,7月8日らくらじの収録ということで急きょこのメッセージを書いてあります。,success,7月8日ラクラジの収録ということで急きょこのメッセージを書いてあります。,False,36,36,0
,003_bsn_13585850_20260712160000_seg_00201,003_bsn_13585850_20260712160000,SPEAKER_02,1158.0,1171.28,13.28,success,実は昨日7月7日、奥さんと浅草に来ていて12時から17時まで東洋館で漫才を見ました、もちろんジャックポットも出演していました。,success,実は昨日7月7日奥さんと浅草に来ていて12時から17時まで東洋館で漫才を見ましたもちろんジャックポットも出演していました。,False,63,61,-2
,003_bsn_13585850_20260712160000_seg_00202,003_bsn_13585850_20260712160000,SPEAKER_02,1171.6,1176.88,5.28,success,大トリがナイツさんだったのでいつもよりお客さんが入っていたらしい。,success,大トリがナイツさんだったのでいつもよりお客さんが入っていたらしい。,True,33,33,0
,003_bsn_13585850_20260712160000_seg_00203,003_bsn_13585850_20260712160000,SPEAKER_01,1177.44,1178.0,0.56,success,いつもよりね。,success,ちもいよりね。,False,7,7,0
,003_bsn_13585850_20260712160000_seg_00204,003_bsn_13585850_20260712160000,SPEAKER_02,1178.72,1183.84,5.12,success,公演最後の方は席の半分くらいは人が入っていました。,success,講演最後の方は席の半分くらいは人が入っていました。,False,25,25,0
,003_bsn_13585850_20260712160000_seg_00205,003_bsn_13585850_20260712160000,SPEAKER_02,1184.48,1195.28,10.8,success,面白かった今までに一日でこんなに笑ったことないかも終演後にジャックポットのお二人と少しお話ができました。,success,面白かった今までに一日でこんなに笑ったことないかも終演後にジャックポットのお二人と少しお話ができました。,True,52,52,0
,003_bsn_13585850_20260712160000_seg_00206,003_bsn_13585850_20260712160000,SPEAKER_02,1196.0,1204.0,8.0,success,その後なぜかお二人はそれぞれ別々の方向から新潟に帰っていきました。,success,その後なぜかお二人はそれぞれ別々の方向から新潟に帰っていきました。,True,33,33,0
,003_bsn_13585850_20260712160000_seg_00207,003_bsn_13585850_20260712160000,SPEAKER_02,1204.96,1207.12,2.16,success,新幹線と高速バスかな。,success,新幹線と高速バスかな。,True,11,11,0
,003_bsn_13585850_20260712160000_seg_00208,003_bsn_13585850_20260712160000,SPEAKER_02,1207.44,1213.52,6.08,success,今日8日はもう少し一日観光して新潟に帰ります。,success,今日8日はもう少し一日観光して新潟に帰ります。,True,23,23,0
,003_bsn_13585850_20260712160000_seg_00209,003_bsn_13585850_20260712160000,SPEAKER_01,1213.52,1215.12,1.6,success,あいいですね。,success,あいいですね。,True,7,7,0
,003_bsn_13585850_20260712160000_seg_00210,003_bsn_13585850_20260712160000,SPEAKER_01,1215.92,1217.36,1.44,success,別々に帰るっていうのは、もう。,success,別々に帰るっちゅうのはもう。,False,15,14,-1
,003_bsn_13585850_20260712160000_seg_00211,003_bsn_13585850_20260712160000,SPEAKER_02,1219.2,1220.16,0.96,success,つにいってべつべつ。,success,3つに行って別々に。,False,10,10,0
,003_bsn_13585850_20260712160000_seg_00212,003_bsn_13585850_20260712160000,SPEAKER_01,1221.2,1222.48,1.28,success,もうそれが定番ですから。,success,もうそれが定番ですからね。,False,12,13,1
,003_bsn_13585850_20260712160000_seg_00213,003_bsn_13585850_20260712160000,SPEAKER_02,1223.76,1226.16,2.4,success,会うのが、2人が会うのは東洋館だけです。,success,会うのが2人が会うのは東洋館だけです。,False,20,19,-1
,003_bsn_13585850_20260712160000_seg_00214,003_bsn_13585850_20260712160000,SPEAKER_01,1226.8,1227.92,1.12,success,ステージのうえだけ。,success,ステージの上だけ。,False,10,9,-1
,003_bsn_13585850_20260712160000_seg_00215,003_bsn_13585850_20260712160000,SPEAKER_02,1227.92,1228.48,0.56,success,うっすら。,success,うっすあっ。,False,5,6,1
,003_bsn_13585850_20260712160000_seg_00216,003_bsn_13585850_20260712160000,SPEAKER_02,1230.8,1233.12,2.32,success,終わればね、だって一緒にごはん食べるわけでもない。,success,で終わればねだって一緒にごはん食べるわけでもないし。,False,25,26,1
,003_bsn_13585850_20260712160000_seg_00217,003_bsn_13585850_20260712160000,SPEAKER_01,1234.08,1234.64,0.56,success,そうですよ。,success,そうですよ。,True,6,6,0
,003_bsn_13585850_20260712160000_seg_00218,003_bsn_13585850_20260712160000,SPEAKER_02,1234.72,1235.68,0.96,success,またべつべつでね。,success,また別々でね。,False,9,7,-2
,003_bsn_13585850_20260712160000_seg_00219,003_bsn_13585850_20260712160000,SPEAKER_01,1236.0,1236.8,0.8,success,そうそうそうそう。,success,そうそうそうそう。,True,9,9,0
,003_bsn_13585850_20260712160000_seg_00220,003_bsn_13585850_20260712160000,SPEAKER_02,1236.8,1238.56,1.76,success,1人は新幹線、1人は高速バスみたいな。,success,一人は新幹線一人は高速バスみたいな。,False,19,18,-1
,003_bsn_13585850_20260712160000_seg_00221,003_bsn_13585850_20260712160000,SPEAKER_01,1239.44,1240.16,0.72,success,そうそうそう。,success,そうそうそう。,True,7,7,0
,003_bsn_13585850_20260712160000_seg_00222,003_bsn_13585850_20260712160000,SPEAKER_02,1240.32,1241.28,0.96,success,行くわけですからね。,success,行くわけですからね。,True,10,10,0
,003_bsn_13585850_20260712160000_seg_00223,003_bsn_13585850_20260712160000,SPEAKER_01,1241.68,1243.12,1.44,success,だから続いてんじゃねえの?,success,だから続いてんじゃねえの?,True,13,13,0
,003_bsn_13585850_20260712160000_seg_00224,003_bsn_13585850_20260712160000,SPEAKER_01,1245.12,1245.76,0.64,success,ずっと一緒にいる。,success,ずっと一緒にいる?,False,9,9,0
,003_bsn_13585850_20260712160000_seg_00225,003_bsn_13585850_20260712160000,SPEAKER_02,1246.56,1247.12,0.56,success,3じゃないでしょうか。,success,さんじゃないでしょうか。,False,11,12,1
,003_bsn_13585850_20260712160000_seg_00226,003_bsn_13585850_20260712160000,SPEAKER_02,1248.72,1250.16,1.44,success,ジェさんもきょう誕生日ですから。,success,ジェさんも今日お誕生日ですから。,False,16,16,0
,003_bsn_13585850_20260712160000_seg_00227,003_bsn_13585850_20260712160000,SPEAKER_02,1252.24,1256.0,3.76,success,年齢は私のほうが上です、壱成さんのほうがお若くいらっしゃる。,success,うん年齢は私のほうが上です一生さんのほうがお若くいらっしゃる。,False,30,31,1
,003_bsn_13585850_20260712160000_seg_00228,003_bsn_13585850_20260712160000,SPEAKER_01,1256.32,1256.88,0.56,success,言わんでいい。,success,まだ言わんでいい?,False,7,9,2
,003_bsn_13585850_20260712160000_seg_00229,003_bsn_13585850_20260712160000,SPEAKER_00,1257.76,1258.48,0.72,success,いやいやいや。,success,ハッハッハッハ。,False,7,8,1
,003_bsn_13585850_20260712160000_seg_00230,003_bsn_13585850_20260712160000,SPEAKER_02,1265.28,1268.0,2.72,success,でもね、ちょっと話を元に戻しますと。,success,あっでもねちょっと話を元に戻しますと。,False,18,19,1
,003_bsn_13585850_20260712160000_seg_00231,003_bsn_13585850_20260712160000,SPEAKER_02,1268.48,1272.96,4.48,success,おにぎりかずのこさんのように、東洋館に新潟から行く人、これから本当、増えると思うんです。,success,おにぎり数の子さんのように東洋館に新潟から行く人これから本当増えると思うんです。,False,44,40,-4
,003_bsn_13585850_20260712160000_seg_00232,003_bsn_13585850_20260712160000,SPEAKER_01,1273.44,1274.32,0.88,success,ようだとおもうよ。,success,よう畳むよ。,False,9,6,-3
,003_bsn_13585850_20260712160000_seg_00233,003_bsn_13585850_20260712160000,SPEAKER_02,1276.08,1278.32,2.24,success,分かるけどまた行きたいと思うんですよ。,success,分かるけどまた行きたいと思うんですよ。,True,19,19,0
,003_bsn_13585850_20260712160000_seg_00234,003_bsn_13585850_20260712160000,SPEAKER_01,1278.72,1280.0,1.28,success,もうもうだって楽しいもん。,success,もうもうだって楽しいもん。,True,13,13,0
,003_bsn_13585850_20260712160000_seg_00235,003_bsn_13585850_20260712160000,SPEAKER_02,1282.88,1287.12,4.24,success,だから、本当に皆さん、新幹線代使ったとしても、,success,だから、本当に皆さん、新幹線代使ったとしても、,True,23,23,0
,003_bsn_13585850_20260712160000_seg_00236,003_bsn_13585850_20260712160000,SPEAKER_01,1290.0,1290.56,0.56,success,そうそう。,success,そうそう。,True,5,5,0
,003_bsn_13585850_20260712160000_seg_00237,003_bsn_13585850_20260712160000,SPEAKER_02,1291.6,1293.36,1.76,success,何人かでね車乗り合わせて。,success,何人かでね車乗り合わせて。,True,13,13,0
,003_bsn_13585850_20260712160000_seg_00238,003_bsn_13585850_20260712160000,SPEAKER_01,1296.24,1297.12,0.88,success,ひいてください。,success,聞いて下さい。,False,8,7,-1
,003_bsn_13585850_20260712160000_seg_00239,003_bsn_13585850_20260712160000,SPEAKER_02,1297.84,1300.32,2.48,success,お願いします、お願いしますが言ったほうがおもしろい。,success,お願いしますお願いしますが言った方が面白い。,False,26,22,-4
,003_bsn_13585850_20260712160000_seg_00240,003_bsn_13585850_20260712160000,SPEAKER_02,1302.16,1303.12,0.96,success,はい次。,success,はい次。,True,4,4,0
,003_bsn_13585850_20260712160000_seg_00241,003_bsn_13585850_20260712160000,SPEAKER_02,1303.68,1306.88,3.2,success,港南区にお住まいのたこ焼きそばさん。,success,港南区にお住まいのたこ焼きそばさん。,True,18,18,0
,003_bsn_13585850_20260712160000_seg_00242,003_bsn_13585850_20260712160000,SPEAKER_01,1306.96,1307.68,0.72,success,やると思います。,success,はいありがとうございます。,False,8,13,5
,003_bsn_13585850_20260712160000_seg_00243,003_bsn_13585850_20260712160000,SPEAKER_02,1307.68,1313.68,6.0,success,高丸さん、弘江さん、こんにちはサイレントリスナーのたこ焼きそばです。,success,中丸さん、弘江さん、こんにちは、サイレントリスナーのたこ焼きそばです。,False,34,35,1
,003_bsn_13585850_20260712160000_seg_00244,003_bsn_13585850_20260712160000,SPEAKER_01,1313.76,1314.8,1.04,success,はいありがとうございます。,success,はいありがとうございます。,True,13,13,0
,003_bsn_13585850_20260712160000_seg_00245,003_bsn_13585850_20260712160000,SPEAKER_02,1315.04,1317.76,2.72,success,たこ焼きそばです。,success,たこ焼きそばです。,True,9,9,0
,003_bsn_13585850_20260712160000_seg_00246,003_bsn_13585850_20260712160000,SPEAKER_02,1318.56,1327.28,8.72,success,先月は忙しくなかなか聴くことができませんでしたですが先週だったかちょうど放送時間に車に乗ることに。,success,先月は忙しくなかなか聴くことができませんでしたですが先週だったかちょうど放送時間に車に乗ることに。,True,49,49,0
,003_bsn_13585850_20260712160000_seg_00247,003_bsn_13585850_20260712160000,SPEAKER_02,1327.68,1333.52,5.84,success,そこでカーラジオをつけたら、なんと番組やってない、えっ、マロじいに何かある?,success,そこでカーラジオをつけたらなんと番組やってない!えっマロジーに何か?,False,38,34,-4
,003_bsn_13585850_20260712160000_seg_00248,003_bsn_13585850_20260712160000,SPEAKER_02,1333.92,1336.88,2.96,success,放送終了した?と勝手に。,success,放送終了した?と勝手に。,True,12,12,0
,003_bsn_13585850_20260712160000_seg_00249,003_bsn_13585850_20260712160000,SPEAKER_02,1337.68,1338.4,0.72,success,しまいました。,success,しまいました。,True,7,7,0
,003_bsn_13585850_20260712160000_seg_00250,003_bsn_13585850_20260712160000,SPEAKER_01,1338.48,1339.04,0.56,success,すいませんでした。,success,いませんでした?,False,9,8,-1
,003_bsn_13585850_20260712160000_seg_00251,003_bsn_13585850_20260712160000,SPEAKER_02,1339.2,1343.2,4.0,success,帰宅後、ラジコで確認したら、その日だけ時間変更だった。,success,帰宅後ラジコで確認したらその日だけ時間変更だった。,False,27,25,-2
,003_bsn_13585850_20260712160000_seg_00252,003_bsn_13585850_20260712160000,SPEAKER_02,1344.72,1350.4,5.68,success,勝手に心配したのですが何事もなくお元気そうで安心しました。,success,勝手に心配したのですが何事もなくお元気そうで安心しました。,True,29,29,0
,003_bsn_13585850_20260712160000_seg_00253,003_bsn_13585850_20260712160000,SPEAKER_02,1351.44,1354.96,3.52,success,どうぞご自愛ください。,success,体調を崩しやすい時期ですどうぞご自愛ください。,False,11,23,12
,003_bsn_13585850_20260712160000_seg_00254,003_bsn_13585850_20260712160000,SPEAKER_02,1355.92,1358.32,2.4,success,これからも楽しい放送を楽しみにしていますと。,success,これからも楽しい放送を楽しみにしていますと。,True,22,22,0
,003_bsn_13585850_20260712160000_seg_00255,003_bsn_13585850_20260712160000,SPEAKER_00,1358.88,1359.68,0.8,success,ベヨ。,success,ベヨン!,False,3,4,1
,003_bsn_13585850_20260712160000_seg_00256,003_bsn_13585850_20260712160000,SPEAKER_01,1362.48,1364.08,1.6,success,オリンピックが起きたと思ったんか?,success,俺に異変が起きたと思ったんか?,False,17,15,-2
,003_bsn_13585850_20260712160000_seg_00257,003_bsn_13585850_20260712160000,SPEAKER_02,1364.24,1367.36,3.12,success,そうですね、それか本当、番組、ラクラジなくなっちゃったんだみたいな。,success,そうですねそれか本当番組らくらしなくなっちゃったんだみたいな。,False,34,31,-3
,003_bsn_13585850_20260712160000_seg_00258,003_bsn_13585850_20260712160000,SPEAKER_01,1367.92,1368.64,0.72,success,あっそうか。,success,あっそうか。,True,6,6,0
,003_bsn_13585850_20260712160000_seg_00259,003_bsn_13585850_20260712160000,SPEAKER_01,1369.6,1370.72,1.12,success,あああのときな。,success,あああの時なあ。,False,8,8,0
,003_bsn_13585850_20260712160000_seg_00260,003_bsn_13585850_20260712160000,SPEAKER_02,1375.28,1378.24,2.96,success,今後近いっていうのないっけ8月だったよね。,success,今後近いってのないっけ8月だったよね。,False,21,19,-2
,003_bsn_13585850_20260712160000_seg_00261,003_bsn_13585850_20260712160000,SPEAKER_01,1378.48,1379.12,0.64,success,だが。,success,だから。,False,3,4,1
,003_bsn_13585850_20260712160000_seg_00262,003_bsn_13585850_20260712160000,SPEAKER_02,1379.28,1380.8,1.52,success,8月2日。,success,8月2日。,True,5,5,0
,003_bsn_13585850_20260712160000_seg_00263,003_bsn_13585850_20260712160000,SPEAKER_01,1380.8,1381.52,0.72,success,2日日曜日。,success,2日日曜日。,True,6,6,0
,003_bsn_13585850_20260712160000_seg_00264,003_bsn_13585850_20260712160000,SPEAKER_02,1385.68,1386.32,0.64,success,なりますので。,success,になりますので。,False,7,8,1
,003_bsn_13585850_20260712160000_seg_00265,003_bsn_13585850_20260712160000,SPEAKER_01,1387.28,1388.4,1.12,success,皆さん、覚えてください。,success,皆さん覚えて下さい。,False,12,10,-2
,003_bsn_13585850_20260712160000_seg_00266,003_bsn_13585850_20260712160000,SPEAKER_02,1389.36,1390.4,1.04,success,8月2日。,success,8月2日12日。,False,5,8,3
,003_bsn_13585850_20260712160000_seg_00267,003_bsn_13585850_20260712160000,SPEAKER_02,1392.56,1395.979956,3.42,success,では高 ?? さんこの時間は高 ?? さんのリクエストいきたいと思います。,success,では高 ?? さんこの時間は高 ?? さんのリクエストいきたいと思います。,True,37,37,0
,003_bsn_13585850_20260712160000_seg_00268,003_bsn_13585850_20260712160000,SPEAKER_00,1517.2,1517.92,0.72,success,おいやされ。,success,おいやされ。,True,6,6,0
,003_bsn_13585850_20260712160000_seg_00269,003_bsn_13585850_20260712160000,SPEAKER_00,1518.32,1522.8,4.48,success,山のりょう線を染める夕日を見送れば満天の星空が訪れる。,success,山の稜線を染める夕日を見送れば満天の星空が訪れる。,False,27,25,-2
,003_bsn_13585850_20260712160000_seg_00270,003_bsn_13585850_20260712160000,SPEAKER_02,1560.88,1563.84,2.96,success,岡村さん、今週この時間はですね。,success,岡室さんはい今週この時間はですね。,False,16,17,1
,003_bsn_13585850_20260712160000_seg_00271,003_bsn_13585850_20260712160000,SPEAKER_02,1564.08,1565.76,1.68,success,皆さんからのメッセージを。,success,皆さんからのメッセージをね。,False,13,14,1
,003_bsn_13585850_20260712160000_seg_00272,003_bsn_13585850_20260712160000,SPEAKER_02,1566.16,1566.72,0.56,success,読みたいと思います。,success,読みたいと思う。,False,10,8,-2
,003_bsn_13585850_20260712160000_seg_00273,003_bsn_13585850_20260712160000,SPEAKER_01,1567.2,1567.76,0.56,success,たのます。,success,だまし。,False,5,4,-1
,003_bsn_13585850_20260712160000_seg_00274,003_bsn_13585850_20260712160000,SPEAKER_02,1568.48,1570.56,2.08,success,港南区にお住まいのティラミスだいふくさん。,success,港南区にお住まいのティラミスだいふくさん。,True,21,21,0
,003_bsn_13585850_20260712160000_seg_00275,003_bsn_13585850_20260712160000,SPEAKER_02,1571.6,1573.52,1.92,success,高室さん、弘江さん、こんにちは。,success,高室さん、弘江さん、こんにちは。,True,16,16,0
,003_bsn_13585850_20260712160000_seg_00276,003_bsn_13585850_20260712160000,SPEAKER_02,1573.92,1576.32,2.4,success,ラクラジ、7年目突入おめでとうございます。,success,ラクラジ、7年目突入おめでとうございます。,True,21,21,0
,003_bsn_13585850_20260712160000_seg_00277,003_bsn_13585850_20260712160000,SPEAKER_02,1576.96,1579.76,2.8,success,7月4日のおかゆさんの。,success,7月4日のおかゆさんの。,True,12,12,0
,003_bsn_13585850_20260712160000_seg_00278,003_bsn_13585850_20260712160000,SPEAKER_02,1581.12,1584.16,3.04,success,なんばラジオを聴いてたらラクラジの話をされていました。,success,生ラジオを聴いてたらラクラジの話をされていました。,False,27,25,-2
,003_bsn_13585850_20260712160000_seg_00279,003_bsn_13585850_20260712160000,SPEAKER_02,1586.08,1592.08,6.0,success,垣根を越える交流話に、高 ?? さんのお人柄の温かさが伝わってきます。,success,垣根を越える交流話に、高 ?? さんのお人柄の温かさが伝わってきます。,True,35,35,0
,003_bsn_13585850_20260712160000_seg_00280,003_bsn_13585850_20260712160000,SPEAKER_02,1593.12,1595.52,2.4,success,たまごやきのきょくもかかりました。,success,卵焼きの曲もかかりました。,False,17,13,-4
,003_bsn_13585850_20260712160000_seg_00281,003_bsn_13585850_20260712160000,SPEAKER_01,1595.84,1596.48,0.64,success,うんかかった。,success,うんかかった。,True,7,7,0
,003_bsn_13585850_20260712160000_seg_00282,003_bsn_13585850_20260712160000,SPEAKER_02,1596.56,1600.72,4.16,success,実は我が家の長女の結婚が決まりこの曲を聴いて。,success,実は我が家の長女の結婚が決まりこの曲を聴いて。,True,23,23,0
,003_bsn_13585850_20260712160000_seg_00283,003_bsn_13585850_20260712160000,SPEAKER_02,1600.96,1608.4,7.44,success,長女は私の料理で何を思い出してくれるのだろうかと複雑な心境に。,success,長女は私の料理で何を思い出してくれるのだろうかと複雑な心境に。,True,31,31,0
,003_bsn_13585850_20260712160000_seg_00284,003_bsn_13585850_20260712160000,SPEAKER_02,1610.08,1615.36,5.28,success,もともと料理は得意ではなく作る人が私しかいなかったので。,success,もともと料理は得意ではなく作る人が私しかいなかったので。,True,28,28,0
,003_bsn_13585850_20260712160000_seg_00285,003_bsn_13585850_20260712160000,SPEAKER_02,1615.76,1619.12,3.36,success,せめて一つでもあったならうれしく思います。,success,せめて一つでもあったならうれしく思います。,True,21,21,0
,003_bsn_13585850_20260712160000_seg_00286,003_bsn_13585850_20260712160000,SPEAKER_01,1620.96,1622.96,2.0,success,ああそうだあると思うよ。,success,ああそうだあると思うよ。,True,12,12,0
,003_bsn_13585850_20260712160000_seg_00287,003_bsn_13585850_20260712160000,SPEAKER_02,1623.04,1623.76,0.72,success,ねっ。,success,ねっ。,True,3,3,0
,003_bsn_13585850_20260712160000_seg_00288,003_bsn_13585850_20260712160000,SPEAKER_01,1623.76,1624.56,0.8,success,絶対あると思う。,success,絶対あると思う。,True,8,8,0
,003_bsn_13585850_20260712160000_seg_00289,003_bsn_13585850_20260712160000,SPEAKER_02,1624.56,1629.92,5.36,success,そう私もほら娘たちが新潟を離れて。,success,そう私もほら娘たちが新潟を離れて。,True,17,17,0
,003_bsn_13585850_20260712160000_seg_00290,003_bsn_13585850_20260712160000,SPEAKER_02,1630.4,1635.6,5.2,success,1人暮らしするときに、あまり連絡をよこさない娘ではあるんです。,success,1人暮らしする時にあまり連絡をよこさない娘ではあるんです。,False,31,29,-2
,003_bsn_13585850_20260712160000_seg_00291,003_bsn_13585850_20260712160000,SPEAKER_02,1636.32,1642.4,6.08,success,ねえあのママの作ってたさあの料理ってどうやって作るの?っていう連絡が来た時にだから。,success,ねえあのママの作ってたさあの料理ってどうやって作るの?っていう連絡が来た時にだから。,True,42,42,0
,003_bsn_13585850_20260712160000_seg_00292,003_bsn_13585850_20260712160000,SPEAKER_01,1643.52,1644.24,0.72,success,だろ?,success,だろ?,True,3,3,0
,003_bsn_13585850_20260712160000_seg_00293,003_bsn_13585850_20260712160000,SPEAKER_01,1644.48,1646.16,1.68,success,ああそうだよ。,success,ああそうだよ。,True,7,7,0
,003_bsn_13585850_20260712160000_seg_00294,003_bsn_13585850_20260712160000,SPEAKER_01,1647.44,1650.24,2.8,success,そうだよなあ数少ない料理の中で。,success,どうだよなあ数少ない料理の中で。,False,16,16,0
,003_bsn_13585850_20260712160000_seg_00295,003_bsn_13585850_20260712160000,SPEAKER_01,1655.28,1658.64,3.36,success,ちなみにちなみにどんな料理だったの?,success,ちなみにちなみにどんな料理だったの?,True,18,18,0
,003_bsn_13585850_20260712160000_seg_00296,003_bsn_13585850_20260712160000,SPEAKER_01,1659.44,1660.16,0.72,success,見た目焼き機械。,success,目玉焼きかい?,False,8,7,-1
,003_bsn_13585850_20260712160000_seg_00297,003_bsn_13585850_20260712160000,SPEAKER_02,1662.24,1662.8,0.56,success,ところではある。,success,したいところではある。,False,8,11,3
,003_bsn_13585850_20260712160000_seg_00298,003_bsn_13585850_20260712160000,SPEAKER_02,1663.36,1677.44,14.08,success,あのねえとにんじんとじゃがいもを結構細切りにして炒めてでそこにちょっと甘辛く煮たひき肉を入れるんですよ。,success,私あのねえとにんじんとじゃがいもを結構細切りにして炒めてでそこにちょっと甘辛く煮たひき肉を入れるんですよ。,False,52,53,1
,003_bsn_13585850_20260712160000_seg_00299,003_bsn_13585850_20260712160000,SPEAKER_02,1677.92,1683.04,5.12,success,でそれが程よく私もともとひき肉をお弁当用に。,success,でまあそれが程よく私もともとそのひき肉をお弁当用に。,False,22,26,4
,003_bsn_13585850_20260712160000_seg_00300,003_bsn_13585850_20260712160000,SPEAKER_02,1683.44,1684.48,1.04,success,冷凍しておくんですね。,success,冷凍しておくんですね。,True,11,11,0
,003_bsn_13585850_20260712160000_seg_00301,003_bsn_13585850_20260712160000,SPEAKER_01,1685.6,1686.4,0.8,success,はいはいはいはい。,success,はいはいはいはい。,True,9,9,0
,003_bsn_13585850_20260712160000_seg_00302,003_bsn_13585850_20260712160000,SPEAKER_02,1686.4,1688.24,1.84,success,まああの肉そぼろみたいなやつ。,success,まああの肉そぼろみたいなやつを。,False,15,16,1
,003_bsn_13585850_20260712160000_seg_00303,003_bsn_13585850_20260712160000,SPEAKER_02,1688.64,1695.44,6.8,success,多くしてあるので何かにこう炒めたあとに野菜炒めたあとにその味付けをした。,success,多くしてあるので何かにこう炒めたあとに野菜炒めたあとにその味付けをした。,True,36,36,0
,003_bsn_13585850_20260712160000_seg_00304,003_bsn_13585850_20260712160000,SPEAKER_02,1697.12,1699.92,2.8,success,炒めるとその味はじわっとしみます。,success,炒めるとその味はじわっとしみてきます。,False,17,19,2
,003_bsn_13585850_20260712160000_seg_00305,003_bsn_13585850_20260712160000,SPEAKER_02,1700.96,1702.32,1.36,success,ちょうどよいあじつけになる。,success,ちょうどよいあじつけになる。,True,14,14,0
,003_bsn_13585850_20260712160000_seg_00306,003_bsn_13585850_20260712160000,SPEAKER_02,1703.92,1704.72,0.8,success,くっつくってた。,success,くっつくってた。,True,8,8,0
,003_bsn_13585850_20260712160000_seg_00307,003_bsn_13585850_20260712160000,SPEAKER_01,1705.6,1706.72,1.12,success,料理の名前何ちゅうんだ?,success,料理の名前何ちゅうんだい?,False,12,13,1
,003_bsn_13585850_20260712160000_seg_00308,003_bsn_13585850_20260712160000,SPEAKER_02,1706.8,1708.0,1.2,success,何て言ったらいいんでしょうね。,success,何て言ったらいいんでしょうね。,True,15,15,0
,003_bsn_13585850_20260712160000_seg_00309,003_bsn_13585850_20260712160000,SPEAKER_02,1708.24,1709.92,1.68,success,拾え、拾え。,success,広江広江。,False,6,5,-1
,003_bsn_13585850_20260712160000_seg_00310,003_bsn_13585850_20260712160000,SPEAKER_02,1712.16,1713.44,1.28,success,肉じゃが、肉じゃがじゃん。,success,肉じゃが、肉じゃがじゃない。,False,13,14,1
,003_bsn_13585850_20260712160000_seg_00311,003_bsn_13585850_20260712160000,SPEAKER_02,1715.2,1717.68,2.48,success,でも入ってるのは肉じゃがみたいなもんですよね。,success,うんでも入ってるのは肉じゃがみたいなもんですよね。,False,23,25,2
,003_bsn_13585850_20260712160000_seg_00312,003_bsn_13585850_20260712160000,SPEAKER_02,1718.48,1720.48,2.0,success,じん肉ですからね。,success,人肉ですからね。,False,9,8,-1
,003_bsn_13585850_20260712160000_seg_00313,003_bsn_13585850_20260712160000,SPEAKER_02,1720.72,1723.36,2.64,success,だからそれがやっぱり食べたくなったみたいですよ。,success,だからそれがやっぱり食べたくなったみたいですよ。,True,24,24,0
,003_bsn_13585850_20260712160000_seg_00314,003_bsn_13585850_20260712160000,SPEAKER_01,1726.64,1727.76,1.12,success,よかったよかったよそんな。,success,怒ってよかったそんな。,False,13,11,-2
,003_bsn_13585850_20260712160000_seg_00315,003_bsn_13585850_20260712160000,SPEAKER_02,1729.36,1732.24,2.88,success,いや、ティラミス大福さん、絶対私でもありますから、ありますよ、大福。,success,いやティラミス大福さん絶対私でもありますからありますよ。,False,34,28,-6
,003_bsn_13585850_20260712160000_seg_00316,003_bsn_13585850_20260712160000,SPEAKER_01,1733.44,1734.48,1.04,success,あらねえ。,success,あらねえ。,True,5,5,0
,003_bsn_13585850_20260712160000_seg_00317,003_bsn_13585850_20260712160000,SPEAKER_02,1735.76,1739.04,3.28,success,本当、生ラジオでも取り上げていただいて。,success,ねっはいで本当生ラジオでも取り上げていただいて。,False,20,24,4
,003_bsn_13585850_20260712160000_seg_00318,003_bsn_13585850_20260712160000,SPEAKER_02,1739.36,1740.24,0.88,success,うれしいですよね。,success,うれしいですよね。,True,9,9,0
,003_bsn_13585850_20260712160000_seg_00319,003_bsn_13585850_20260712160000,SPEAKER_02,1740.88,1743.52,2.64,success,あれは阿賀町の喫茶店嫁入り行列でのイベントのとき。,success,あれは阿賀町の喜連の嫁入り行列でのイベントの時。,False,25,24,-1
,003_bsn_13585850_20260712160000_seg_00320,003_bsn_13585850_20260712160000,SPEAKER_01,1747.36,1748.88,1.52,success,もうね、送迎の話からね。,success,もうね送迎の話からね。,False,12,11,-1
,003_bsn_13585850_20260712160000_seg_00321,003_bsn_13585850_20260712160000,SPEAKER_01,1749.68,1750.56,0.88,success,大芸の話か。,success,陶芸の話か。,False,6,6,0
,003_bsn_13585850_20260712160000_seg_00322,003_bsn_13585850_20260712160000,SPEAKER_02,1750.72,1751.6,0.88,success,そうですよ。,success,そうですよ。,True,6,6,0
,003_bsn_13585850_20260712160000_seg_00323,003_bsn_13585850_20260712160000,SPEAKER_01,1756.56,1757.36,0.8,success,ほとんどしてくれってね。,success,放送してくれってね。,False,12,10,-2
,003_bsn_13585850_20260712160000_seg_00324,003_bsn_13585850_20260712160000,SPEAKER_02,1758.88,1762.56,3.68,success,そんな阿賀町壊せからのお知らせです。,success,はいまあそんな阿賀町壊せからのお知らせです。,False,18,22,4
,003_bsn_13585850_20260712160000_seg_00325,003_bsn_13585850_20260712160000,SPEAKER_01,1764.4,1765.6,1.2,success,ねっここでやりますから。,success,ねっここでやりますから。,True,12,12,0
,003_bsn_13585850_20260712160000_seg_00326,003_bsn_13585850_20260712160000,SPEAKER_01,1765.84,1767.04,1.2,success,詳しくのお知らせです。,success,小林からのお知らせですよ。,False,11,13,2
,003_bsn_13585850_20260712160000_seg_00327,003_bsn_13585850_20260712160000,SPEAKER_01,1767.6,1773.36,5.76,success,えっとですね実は何のお知らせかといいますと第11回。,success,えっとですね実は何のお知らせかといいますと第11回大阪。,False,26,28,2
,003_bsn_13585850_20260712160000_seg_00328,003_bsn_13585850_20260712160000,SPEAKER_01,1773.6,1774.56,0.96,success,夏の。,success,夏の。,True,3,3,0
,003_bsn_13585850_20260712160000_seg_00329,003_bsn_13585850_20260712160000,SPEAKER_01,1774.96,1776.16,1.2,success,ビアパーチー。,success,ビアパーチ。,False,7,6,-1
,003_bsn_13585850_20260712160000_seg_00330,003_bsn_13585850_20260712160000,SPEAKER_02,1776.16,1776.96,0.8,success,おおビアパーティー。,success,ビアパーティ。,False,10,7,-3
,003_bsn_13585850_20260712160000_seg_00331,003_bsn_13585850_20260712160000,SPEAKER_01,1777.12,1777.76,0.64,success,やパーティー。,success,じゃあパーティー。,False,7,9,2
,003_bsn_13585850_20260712160000_seg_00332,003_bsn_13585850_20260712160000,SPEAKER_01,1778.24,1779.12,0.88,success,これがおかしい。,success,これがおかしいです。,False,8,10,2
,003_bsn_13585850_20260712160000_seg_00333,003_bsn_13585850_20260712160000,SPEAKER_01,1779.36,1782.48,3.12,success,日時は8月の2日の日曜日です。,success,日時は8月の2日の日曜日です。,True,15,15,0
,003_bsn_13585850_20260712160000_seg_00334,003_bsn_13585850_20260712160000,SPEAKER_01,1783.04,1789.12,6.08,success,ねっ時間は午後3時45分から午後6時半までです。,success,ねっ時間は午後3時45分から午後6時半までです。,True,24,24,0
,003_bsn_13585850_20260712160000_seg_00335,003_bsn_13585850_20260712160000,SPEAKER_01,1789.44,1855.44,66.0,success,これはコアセスの屋外のね特設会場でで参加費用は男性が5000円女性が4000円もちろん飲み放題です生ビールから酎ハイハイボール日本酒ジュースといろいろございますそれからまたステージがまたあってねこれいろんなまた生バンドがあったりキッズダンスだとかねカラオケ大会があったりね大抽選会があったりもういろいろやりますあとは料理は食べ放題焼き肉海鮮焼き豚汁鶏からピザイワナの塩焼き焼きそばおにぎり生野菜他とこういう豪華なメニューになっておりますお問い合わせ申し込みは小林さんですね電話番号申し上げますでこれ送迎バスもありますんで一応もう送迎バスを希望する方はその電話の申し込みの時にちょっと話をしてみて下さい。,success,これはコアセの屋外のね特設会場で参加費用は男性が5000円女性が4000円もちろん飲み放題です生ビールから酎ハイハイボール日本酒ジュースといろいろございますそれからまたステージがまたあってねこれいろんなまた生バンドがあったりキッズダンスだとかねカラオケ大会があったりね大抽選会があったりもういろいろやりますあとは料理は食べ放題焼き肉海鮮焼き豚汁鶏からピザイワナの塩焼き焼きそばおにぎり生野菜ほかとこういう豪華なメニューになっておりますお問い合わせ申し込みは小林さんですね電話番号申し上げますでこれ送迎バスもありますんで一応もう送迎バスを希望する方はその電話の申し込みの時にちょっと話をしてみて下さい。,False,301,300,-1
,003_bsn_13585850_20260712160000_seg_00336,003_bsn_13585850_20260712160000,SPEAKER_02,1858.0,1861.6,3.6,success,今月のテーマあなたの好きな冷たくて甘い食べ物。,success,今月のテーマあなたの好きな冷たくて甘い食べ物。,True,23,23,0
,003_bsn_13585850_20260712160000_seg_00337,003_bsn_13585850_20260712160000,SPEAKER_02,1862.72,1863.6,0.88,success,たくさん来てますよ。,success,たくさん来てますよ。,True,10,10,0
,003_bsn_13585850_20260712160000_seg_00338,003_bsn_13585850_20260712160000,SPEAKER_02,1864.48,1866.72,2.24,success,長岡市にお住まいのアイジョージアさん。,success,長岡市にお住まいの愛ジョージアさん。,False,19,18,-1
,003_bsn_13585850_20260712160000_seg_00339,003_bsn_13585850_20260712160000,SPEAKER_02,1867.52,1878.48,10.96,success,好きな冷たいものですが長岡のお菓子屋さん川西屋さんの子供の頃からあるアイスキャンディーが好きです。,success,好きな冷たいものですが長岡のお菓子屋さん川西屋さんの子供の頃からあるアイスキャンディーが好きです。,True,49,49,0
,003_bsn_13585850_20260712160000_seg_00340,003_bsn_13585850_20260712160000,SPEAKER_01,1878.48,1879.04,0.56,success,うん。,success,うん。,True,3,3,0
,003_bsn_13585850_20260712160000_seg_00341,003_bsn_13585850_20260712160000,SPEAKER_02,1879.2,1889.12,9.92,success,種類は抹茶いちごミルクあずきの他にいちごミルク抹茶の3色というものもできたようですよ。,success,種類は抹茶いちごミルクあずきの他にいちごミルク抹茶の3色というものもできたようですよ。,True,43,43,0
,003_bsn_13585850_20260712160000_seg_00342,003_bsn_13585850_20260712160000,SPEAKER_02,1889.84,1893.52,3.68,success,福岡に来られた際には、ぜひご賞味ください。,success,農家に来られた際にはぜひご賞味ください。,False,21,20,-1
,003_bsn_13585850_20260712160000_seg_00343,003_bsn_13585850_20260712160000,SPEAKER_01,1893.6,1894.48,0.88,success,ああはあ。,success,ああ。,False,5,3,-2
,003_bsn_13585850_20260712160000_seg_00344,003_bsn_13585850_20260712160000,SPEAKER_02,1894.48,1901.28,6.8,success,あとはカップアイスが種類が豊富な見附市のタニシンアイスも好きです。,success,あとはカップアイスが種類が豊富な見附市のタニシンアイスも好きです。,True,33,33,0
,003_bsn_13585850_20260712160000_seg_00345,003_bsn_13585850_20260712160000,SPEAKER_01,1902.0,1903.12,1.12,success,うんそう。,success,うんそう。,True,5,5,0
,003_bsn_13585850_20260712160000_seg_00346,003_bsn_13585850_20260712160000,SPEAKER_02,1903.2,1908.08,4.88,success,この川西屋さんのアイスはね長岡市にお住まいのマロンプリンさんもおすすめできています。,success,はいこの川西屋さんのアイスはね長岡市にお住まいのマロンプリンさんもおすすめできています。,False,42,44,2
,003_bsn_13585850_20260712160000_seg_00347,003_bsn_13585850_20260712160000,SPEAKER_02,1909.28,1914.64,5.36,success,私は長岡なのでやっぱり川西屋さんのアイスキャンディーが好きです。,success,私は長岡なのでやっぱり川西屋さんのアイスキャンディーが好きです。,True,32,32,0
,003_bsn_13585850_20260712160000_seg_00348,003_bsn_13585850_20260712160000,SPEAKER_02,1915.28,1924.8,9.52,success,アイスキャンディーに斜めに刺さった割り箸が特徴的で何とも言えない懐かしいミルク味が大好きです。,success,アイスキャンディーに斜めに刺さった割り箸が特徴的で何とも言えない懐かしいミルク味が大好きです。,True,47,47,0
,003_bsn_13585850_20260712160000_seg_00349,003_bsn_13585850_20260712160000,SPEAKER_01,1924.96,1926.0,1.04,success,うん。,success,うん。,True,3,3,0
,003_bsn_13585850_20260712160000_seg_00350,003_bsn_13585850_20260712160000,SPEAKER_02,1926.08,1933.6,7.52,success,新聞紙で包まれているのも昔ながらで風情があります、お二人は食べたことありますか?,success,新聞紙で包まれているのも昔ながらで風情がありますお二人は食べたことありますか?と。,False,40,41,1
,003_bsn_13585850_20260712160000_seg_00351,003_bsn_13585850_20260712160000,SPEAKER_01,1934.32,1936.08,1.76,success,きょうで新聞紙でくるまってんの?,success,きょうって新聞紙でくるまってんの?,False,16,17,1
,003_bsn_13585850_20260712160000_seg_00352,003_bsn_13585850_20260712160000,SPEAKER_02,1936.08,1937.36,1.28,success,そうだからえっ?,success,だからえっ?,False,8,6,-2
,003_bsn_13585850_20260712160000_seg_00353,003_bsn_13585850_20260712160000,SPEAKER_02,1938.08,1940.24,2.16,success,いやもちろんビニールではあれですよ。,success,いやもちろんビニールではあれですよ。,True,18,18,0
,003_bsn_13585850_20260712160000_seg_00354,003_bsn_13585850_20260712160000,SPEAKER_02,1941.12,1945.52,4.4,success,カットはされてるんだけどそれをほら多分1本とかでみんなも多分まとめて買うんだよねきっと。,success,評価はされてるんだけどそれをほら多分1本とかでみんなも多分まとめて買うんだよねきっと。,False,44,43,-1
,003_bsn_13585850_20260712160000_seg_00355,003_bsn_13585850_20260712160000,SPEAKER_01,1946.0,1947.12,1.12,success,あはいはいはいはい。,success,あはいはいはいはい。,True,10,10,0
,003_bsn_13585850_20260712160000_seg_00356,003_bsn_13585850_20260712160000,SPEAKER_01,1951.6,1952.8,1.2,success,いいねいいねいいね。,success,いいねいいねいいね。,True,10,10,0
,003_bsn_13585850_20260712160000_seg_00357,003_bsn_13585850_20260712160000,SPEAKER_02,1953.12,1955.04,1.92,success,まだないんですよ、川西さんのアイスキャンドル。,success,まだないんですよ川西屋さんのアイスキャンドル。,False,23,23,0
,003_bsn_13585850_20260712160000_seg_00358,003_bsn_13585850_20260712160000,SPEAKER_01,1957.28,1958.24,0.96,success,なんか文語とか。,success,何か文語とか。,False,8,7,-1
,003_bsn_13585850_20260712160000_seg_00359,003_bsn_13585850_20260712160000,SPEAKER_01,1961.12,1963.76,2.64,success,これ、間違ってやったやつがよっこったんかな。,success,これ間違ってやったやつがよっこったんかな?,False,22,21,-1
,003_bsn_13585850_20260712160000_seg_00360,003_bsn_13585850_20260712160000,SPEAKER_02,1963.76,1964.48,0.72,success,そうかもしれないですよ。,success,そうかもしれないですよ。,True,12,12,0
,003_bsn_13585850_20260712160000_seg_00361,003_bsn_13585850_20260712160000,SPEAKER_02,1964.72,1966.0,1.28,success,はい。,success,はい。,True,3,3,0
,003_bsn_13585850_20260712160000_seg_00362,003_bsn_13585850_20260712160000,SPEAKER_02,1966.24,1968.16,1.92,success,続いてケセラセラさんです。,success,続いてケセラセラさんです。,True,13,13,0
,003_bsn_13585850_20260712160000_seg_00363,003_bsn_13585850_20260712160000,SPEAKER_02,1968.8,1974.48,5.68,success,ケセラッセラさんはね大好きな甘くて冷たいものそれはすいかです。,success,はいケセラセラさんはね大好きな甘くて冷たいものそれはスイカです。,False,31,32,1
,003_bsn_13585850_20260712160000_seg_00364,003_bsn_13585850_20260712160000,SPEAKER_01,1974.64,1975.36,0.72,success,スイカ。,success,スイカ。,True,4,4,0
,003_bsn_13585850_20260712160000_seg_00365,003_bsn_13585850_20260712160000,SPEAKER_02,1975.36,1988.8,13.44,success,昔はアイスって即座に答えていた私小さいときに母やばあちゃんがよくスイカを食べていましたあのとき私はなんでアイスじゃなくてスイカなのか。,success,昔はアイスって即座に答えていた私小さいときに母やばあちゃんがよくスイカを食べていましたあの時私はなんでアイスじゃなくてスイカなのか。,False,67,66,-1
,003_bsn_13585850_20260712160000_seg_00366,003_bsn_13585850_20260712160000,SPEAKER_02,1989.44,1996.72,7.28,success,よく分からなかったけど年を重ね今私が欲しているのはちょうどよく。,success,よく分からなかったけど年を重ね今私が欲しているのはちょうどよく分かる。,False,32,35,3
,003_bsn_13585850_20260712160000_seg_00367,003_bsn_13585850_20260712160000,SPEAKER_02,1996.96,2000.88,3.92,success,甘く水分もたっぷりのスイカなんだなと感じています。,success,甘く水分もたっぷりのスイカなんだなと感じています。,True,25,25,0
,003_bsn_13585850_20260712160000_seg_00368,003_bsn_13585850_20260712160000,SPEAKER_02,2001.92,2006.16,4.24,success,すぎずからだをひやすものを欲するようになりましたてって。,success,すぎず体を冷やすものを欲するようになりましたてって。,False,28,26,-2
,003_bsn_13585850_20260712160000_seg_00369,003_bsn_13585850_20260712160000,SPEAKER_02,2008.0,2009.68,1.68,success,で同じくスイカをね。,success,で同じくスイカをね。,True,10,10,0
,003_bsn_13585850_20260712160000_seg_00370,003_bsn_13585850_20260712160000,SPEAKER_02,2010.4,2011.36,0.96,success,ターボーイさん。,success,ターボーイさん。,True,8,8,0
,003_bsn_13585850_20260712160000_seg_00371,003_bsn_13585850_20260712160000,SPEAKER_01,2011.44,2012.24,0.8,success,おおはいはい。,success,おはいはい。,False,7,6,-1
,003_bsn_13585850_20260712160000_seg_00372,003_bsn_13585850_20260712160000,SPEAKER_02,2012.4,2017.12,4.72,success,昔家に井戸があったので。,success,浩志さんもね私はスイカですと昔家に井戸があったので。,False,12,26,14
,003_bsn_13585850_20260712160000_seg_00373,003_bsn_13585850_20260712160000,SPEAKER_02,2017.76,2019.76,2.0,success,その井戸水で。,success,その井戸水で。,True,7,7,0
,003_bsn_13585850_20260712160000_seg_00374,003_bsn_13585850_20260712160000,SPEAKER_02,2020.48,2027.28,6.8,success,すいかを冷やしてくれていてそれをおやつの時間に祖母が切って出してくれていて。,success,スイカを冷やしてくれていてそれをおやつの時間に祖母が切って出してくれて。,False,38,36,-2
,003_bsn_13585850_20260712160000_seg_00375,003_bsn_13585850_20260712160000,SPEAKER_02,2028.48,2032.72,4.24,success,キンキンに冷えていて大変おいしかったです。,success,きんきんに冷えていて大変おいしかったです。,False,21,21,0
,003_bsn_13585850_20260712160000_seg_00376,003_bsn_13585850_20260712160000,SPEAKER_01,2033.04,2034.88,1.84,success,あああの井戸水は?,success,ああの井戸水は?,False,9,8,-1
,003_bsn_13585850_20260712160000_seg_00377,003_bsn_13585850_20260712160000,SPEAKER_01,2035.2,2037.28,2.08,success,子どものころ、うちにやっぱり井戸水あったんや。,success,子どもの頃うちにやっぱ井戸水だったんやもん。,False,23,22,-1
,003_bsn_13585850_20260712160000_seg_00378,003_bsn_13585850_20260712160000,SPEAKER_01,2038.8,2040.4,1.6,success,ポンプでくみ上げてさ。,success,これポンプでくみ上げてさ。,False,11,13,2
,003_bsn_13585850_20260712160000_seg_00379,003_bsn_13585850_20260712160000,SPEAKER_01,2041.2,2045.6,4.4,success,蛇口が出すんだけど夏は冷たくて冬はあったけえよ井戸水は。,success,蛇口から出すんだけど夏は冷たくて冬はあったけえんよ井戸水は。,False,28,30,2
,003_bsn_13585850_20260712160000_seg_00380,003_bsn_13585850_20260712160000,SPEAKER_01,2046.56,2047.84,1.28,success,ボーナス。,success,ほらそうして。,False,5,7,2
,003_bsn_13585850_20260712160000_seg_00381,003_bsn_13585850_20260712160000,SPEAKER_01,2048.64,2051.6,2.96,success,あれをね、あれで冷やしたらうまいろうな。,success,あれはね、あれで冷やしたらうまいろうな。,False,20,20,0
,003_bsn_13585850_20260712160000_seg_00382,003_bsn_13585850_20260712160000,SPEAKER_01,2053.12,2053.68,0.56,success,こないよ。,success,来ないよ。,False,5,5,0
,003_bsn_13585850_20260712160000_seg_00383,003_bsn_13585850_20260712160000,SPEAKER_02,2053.68,2054.72,1.04,success,そっかそっか。,success,そっかそっか。,True,7,7,0
,003_bsn_13585850_20260712160000_seg_00384,003_bsn_13585850_20260712160000,SPEAKER_02,2055.12,2056.48,1.36,success,私もスイカ大好きです。,success,私もスイカ大好きです。,True,11,11,0
,003_bsn_13585850_20260712160000_seg_00385,003_bsn_13585850_20260712160000,SPEAKER_02,2057.76,2058.4,0.64,success,そうですね。,success,そうですね。,True,6,6,0
,003_bsn_13585850_20260712160000_seg_00386,003_bsn_13585850_20260712160000,SPEAKER_01,2058.56,2060.48,1.92,success,3コマまでにはい参考までにはい。,success,コマまでにはい参考までにはい。,False,16,15,-1
,003_bsn_13585850_20260712160000_seg_00387,003_bsn_13585850_20260712160000,SPEAKER_02,2061.2,2065.28,4.08,success,こちらは会津若松市にお住まいのはくたか二世さんです。,success,こちらは会津若松市にお住まいのはくたか二世さんです。,True,26,26,0
,003_bsn_13585850_20260712160000_seg_00388,003_bsn_13585850_20260712160000,SPEAKER_01,2065.52,2066.08,0.56,success,どうもです。,success,以上です。,False,6,5,-1
,003_bsn_13585850_20260712160000_seg_00389,003_bsn_13585850_20260712160000,SPEAKER_02,2066.64,2071.36,4.72,success,7月の番組テーマですが冷たくて甘いおいしいものといえば?,success,7月の番組テーマですが冷たくて甘いおいしいものといえば?,True,28,28,0
,003_bsn_13585850_20260712160000_seg_00390,003_bsn_13585850_20260712160000,SPEAKER_02,2071.68,2073.28,1.6,success,水ようかんです。,success,水ようかんです。,True,8,8,0
,003_bsn_13585850_20260712160000_seg_00391,003_bsn_13585850_20260712160000,SPEAKER_01,2074.4,2075.04,0.64,success,定番だね。,success,定番だね。,True,5,5,0
,003_bsn_13585850_20260712160000_seg_00392,003_bsn_13585850_20260712160000,SPEAKER_02,2075.04,2077.2,2.16,success,さまざまなメーカーから発売されています。,success,さまざまなメーカーから発売されています。,True,20,20,0
,003_bsn_13585850_20260712160000_seg_00393,003_bsn_13585850_20260712160000,SPEAKER_02,2077.44,2084.96,7.52,success,全国的に安心して買える井村屋さんや山崎製パンさんの缶入り水ようかん。,success,全国的に安心して買える井村屋さんや山崎製パンさんの缶入り水ようかんが登場。,False,34,37,3
,003_bsn_13585850_20260712160000_seg_00394,003_bsn_13585850_20260712160000,SPEAKER_02,2086.32,2092.32,6.0,success,スプーンで小口切りしてちまちまと。,success,缶入りがいいんですスプーンで小口切りしてちまちまと切っていきます。,False,17,33,16
,003_bsn_13585850_20260712160000_seg_00395,003_bsn_13585850_20260712160000,SPEAKER_02,2093.2,2094.16,0.96,success,運ぶさぎょうさい。,success,運ぶ作業さえ。,False,9,7,-2
,003_bsn_13585850_20260712160000_seg_00396,003_bsn_13585850_20260712160000,SPEAKER_02,2094.96,2096.56,1.6,success,ようかんを味わう楽しみ。,success,ようかんを味わうため。,False,12,11,-1
,003_bsn_13585850_20260712160000_seg_00397,003_bsn_13585850_20260712160000,SPEAKER_02,2096.8,2098.0,1.2,success,ちみのいちぶです。,success,染みの一部です。,False,9,8,-1
,003_bsn_13585850_20260712160000_seg_00398,003_bsn_13585850_20260712160000,SPEAKER_02,2098.48,2102.0,3.52,success,夏は冷蔵庫に入れて常備してあります。,success,夏は冷蔵庫に入れて常備してあります。,True,18,18,0
,003_bsn_13585850_20260712160000_seg_00399,003_bsn_13585850_20260712160000,SPEAKER_02,2102.8,2108.8,6.0,success,ようかん独特の歯切れのよさ、小豆からしみ出す風味がたまりません。,success,ようかん独特の歯切れのよさ小豆からしみ出す風味がたまりません。,False,32,31,-1
,003_bsn_13585850_20260712160000_seg_00400,003_bsn_13585850_20260712160000,SPEAKER_01,2108.96,2110.32,1.36,success,そうあれはうまいな。,success,そうあれうまいな。,False,10,9,-1
,003_bsn_13585850_20260712160000_seg_00401,003_bsn_13585850_20260712160000,SPEAKER_01,2110.88,2112.0,1.12,success,どうだかんね。,success,そうだかんね。,False,7,7,0
,003_bsn_13585850_20260712160000_seg_00402,003_bsn_13585850_20260712160000,SPEAKER_02,2113.92,2114.88,0.96,success,小菅一郎さん。,success,小菅一郎さん。,True,7,7,0
,003_bsn_13585850_20260712160000_seg_00403,003_bsn_13585850_20260712160000,SPEAKER_02,2115.76,2119.6,3.84,success,あなたの好きな冷たくておいしいもの。,success,あなたの好きな冷たくておいしいもの。,True,18,18,0
,003_bsn_13585850_20260712160000_seg_00404,003_bsn_13585850_20260712160000,SPEAKER_02,2122.96,2126.56,3.6,success,かき氷一口食べたら頭がキーンついに。,success,かき氷一口食べたら頭がキーンついに。,True,18,18,0
,003_bsn_13585850_20260712160000_seg_00405,003_bsn_13585850_20260712160000,SPEAKER_02,2126.88,2129.28,2.4,success,い知覚過敏もキーン!,success,い知覚過敏もキーン。,False,10,10,0
,003_bsn_13585850_20260712160000_seg_00406,003_bsn_13585850_20260712160000,SPEAKER_02,2130.0,2130.8,0.8,success,きませんか?,success,来ませんか?,False,6,6,0
,003_bsn_13585850_20260712160000_seg_00407,003_bsn_13585850_20260712160000,SPEAKER_02,2131.36,2132.0,0.64,success,くるよね。,success,来るよね?,False,5,5,0
,003_bsn_13585850_20260712160000_seg_00408,003_bsn_13585850_20260712160000,SPEAKER_02,2132.88,2135.84,2.96,success,冷たいものなぜか冬も食べたくなる。,success,冷たいものなぜか冬も食べたくなる。,True,17,17,0
,003_bsn_13585850_20260712160000_seg_00409,003_bsn_13585850_20260712160000,SPEAKER_02,2137.12,2140.96,3.84,success,食べている途中しょっぱいものが欲しくなる。,success,食べている途中しょっぱいものが欲しくなる。,True,21,21,0
,003_bsn_13585850_20260712160000_seg_00410,003_bsn_13585850_20260712160000,SPEAKER_01,2141.36,2142.48,1.12,success,えっえそんな。,success,えっえそんなん。,False,7,8,1
,003_bsn_13585850_20260712160000_seg_00411,003_bsn_13585850_20260712160000,SPEAKER_02,2142.56,2144.0,1.44,success,あまいものたべてるとき。,success,甘いもの食べてる時。,False,12,10,-2
,003_bsn_13585850_20260712160000_seg_00412,003_bsn_13585850_20260712160000,SPEAKER_02,2144.64,2145.36,0.72,success,つめたいもの。,success,冷たいもの。,False,7,6,-1
,003_bsn_13585850_20260712160000_seg_00413,003_bsn_13585850_20260712160000,SPEAKER_02,2145.76,2146.64,0.88,success,やっぱりそうじゃないってことね。,success,これはそうじゃないってことね。,False,16,15,-1
,003_bsn_13585850_20260712160000_seg_00414,003_bsn_13585850_20260712160000,SPEAKER_02,2147.44,2151.2,3.76,success,いいんですよ、食べ終わったあと、のどが渇く。,success,いやいいんですよ食べ終わったあとのどが渇く。,False,22,22,0
,003_bsn_13585850_20260712160000_seg_00415,003_bsn_13585850_20260712160000,SPEAKER_02,2154.16,2160.32,6.16,success,食べ終わったあとにパッケージのカロリー表示を見てあやっちゃったなと思う。,success,食べ終わったあとにパッケージのカロリー表示を見てあやっちゃったなと思う。,True,36,36,0
,003_bsn_13585850_20260712160000_seg_00416,003_bsn_13585850_20260712160000,SPEAKER_02,2161.52,2162.16,0.64,success,あるある。,success,あるある。,True,5,5,0
,003_bsn_13585850_20260712160000_seg_00417,003_bsn_13585850_20260712160000,SPEAKER_02,2162.56,2166.4,3.84,success,井村屋のあずきバー硬すぎて歯が立たない。,success,井村屋のあずきバーかたすぎて歯が立たない。,False,20,21,1
,003_bsn_13585850_20260712160000_seg_00418,003_bsn_13585850_20260712160000,SPEAKER_02,2168.8,2173.2,4.4,success,どうでしたか、高丸さん、これは今回の、あまり反応が、小菅さんのこの。,success,どうでしたか村さんこれは今回のあまり反応が小菅さんのこの。,False,34,29,-5
,003_bsn_13585850_20260712160000_seg_00419,003_bsn_13585850_20260712160000,SPEAKER_01,2174.0,2175.76,1.76,success,いやいや、あるあるだった。,success,いやいやいやあるあるだって。,False,13,14,1
,003_bsn_13585850_20260712160000_seg_00420,003_bsn_13585850_20260712160000,SPEAKER_02,2177.52,2178.16,0.64,success,あるあるどれですか?,success,あるあるはどれでしょうか?,False,10,13,3
,003_bsn_13585850_20260712160000_seg_00421,003_bsn_13585850_20260712160000,SPEAKER_01,2178.72,2179.44,0.72,success,キンキンキン。,success,キンキンキン。,True,7,7,0
,003_bsn_13585850_20260712160000_seg_00422,003_bsn_13585850_20260712160000,SPEAKER_01,2183.6,2184.96,1.36,success,白いの、あの木がな。,success,白い木がなあ。,False,10,7,-3
,003_bsn_13585850_20260712160000_seg_00423,003_bsn_13585850_20260712160000,SPEAKER_02,2185.12,2192.88,7.76,success,私はほんと高 ?? さんとスタバに行った時にフラペチーノをね初めて鷹 ?? さんが食べた時の。,success,本当高 ?? さんとスタバに行った時にフラペチーノをね初めて鷹 ?? さんが食べた時の。,False,47,44,-3
,003_bsn_13585850_20260712160000_seg_00424,003_bsn_13585850_20260712160000,SPEAKER_02,2193.6,2195.92,2.32,success,キーンで頭を押さえたのが本当に。,success,キーンで頭を押さえたのが本当にすごかった。,False,16,21,5
,003_bsn_13585850_20260712160000_seg_00425,003_bsn_13585850_20260712160000,SPEAKER_01,2198.4,2199.04,0.64,success,そうよ。,success,そうよ!,False,4,4,0
,003_bsn_13585850_20260712160000_seg_00426,003_bsn_13585850_20260712160000,SPEAKER_02,2199.12,2200.72,1.6,success,この衝撃、高丸さんも覚えてるでしょ。,success,あの衝撃高丸さんも覚えてるでしょうか?,False,18,19,1
,003_bsn_13585850_20260712160000_seg_00427,003_bsn_13585850_20260712160000,SPEAKER_01,2201.28,2202.56,1.28,success,覚えてる、頭抱えたもん。,success,覚えてる頭抱えたもん。,False,12,11,-1
,003_bsn_13585850_20260712160000_seg_00428,003_bsn_13585850_20260712160000,SPEAKER_02,2202.64,2208.16,5.52,success,本当、私、こんな、えっ、フラペチーノ食べて、こんなキーンって頭抱える人、初めて見たと思ったんだけど。,success,もうほんと私こんなフラペチノ食べてこんなキーンって頭抱える人初めて見たと思ったんだけど。,False,50,44,-6
,003_bsn_13585850_20260712160000_seg_00429,003_bsn_13585850_20260712160000,SPEAKER_01,2208.72,2210.0,1.28,success,とても全身が。,success,とても全身の。,False,7,7,0
,003_bsn_13585850_20260712160000_seg_00430,003_bsn_13585850_20260712160000,SPEAKER_01,2211.6,2213.12,1.52,success,全体がキーンだったもん。,success,全体がキーンだったの。,False,12,11,-1
,003_bsn_13585850_20260712160000_seg_00431,003_bsn_13585850_20260712160000,SPEAKER_01,2213.92,2214.96,1.04,success,部分的じゃねえやと。,success,部分的じゃねえやったの。,False,10,12,2
,003_bsn_13585850_20260712160000_seg_00432,003_bsn_13585850_20260712160000,SPEAKER_02,2215.84,2216.8,0.96,success,全体がキーン!,success,全体がキーン!,True,7,7,0
,003_bsn_13585850_20260712160000_seg_00433,003_bsn_13585850_20260712160000,SPEAKER_01,2218.16,2223.52,5.36,success,あれでもう少し頭がよくなってもよかったんだけどな、あの刺激でよ、変わんなかった。,success,あれでもう少し頭がよくなってもよかったんだけどなあの刺激でよ変わんなかった。,False,40,38,-2
,003_bsn_13585850_20260712160000_seg_00434,003_bsn_13585850_20260712160000,SPEAKER_02,2224.64,2225.92,1.28,success,皆さんもねまあ。,success,皆さんもねまああの。,False,8,10,2
,003_bsn_13585850_20260712160000_seg_00435,003_bsn_13585850_20260712160000,SPEAKER_02,2227.04,2228.56,1.52,success,程よくフフフ。,success,程よく。,False,7,4,-3
,003_bsn_13585850_20260712160000_seg_00436,003_bsn_13585850_20260712160000,SPEAKER_02,2229.52,2231.28,1.76,success,程よく冷たくて。,success,程よく冷たくて。,True,8,8,0
,003_bsn_13585850_20260712160000_seg_00437,003_bsn_13585850_20260712160000,SPEAKER_02,2231.84,2232.4,0.56,success,甘くて。,success,甘くて。,True,4,4,0
,003_bsn_13585850_20260712160000_seg_00438,003_bsn_13585850_20260712160000,SPEAKER_02,2232.64,2235.28,2.64,success,おいしいものをことしの夏、召し上がってください。,success,おいしいものを今年の夏召し上がって下さい。,False,24,21,-3
,003_bsn_13585850_20260712160000_seg_00439,003_bsn_13585850_20260712160000,SPEAKER_03,2243.44,2246.32,2.88,success,折り鶴マークの西川運輸。,success,折り鶴マークの西川運輸。,True,12,12,0
,003_bsn_13585850_20260712160000_seg_00440,003_bsn_13585850_20260712160000,SPEAKER_03,2285.68,2286.32,0.64,success,パンからどうぞ。,success,パンからどうぞ。,True,8,8,0
,003_bsn_13585850_20260712160000_seg_00441,003_bsn_13585850_20260712160000,SPEAKER_03,2290.0,2290.699927,0.7,success,いつも焦らず。,success,いつも焦らん。,False,7,7,0
,003_bsn_13585850_20260712160000_seg_00442,003_bsn_13585850_20260712160000,SPEAKER_03,2291.44,2292.619971,1.18,success,譲り合って安全運転。,success,譲り合って安全運転。,True,10,10,0
,003_bsn_13585850_20260712160000_seg_00443,003_bsn_13585850_20260712160000,SPEAKER_03,2295.76,2296.4,0.64,success,うんいえ。,success,ああいえ。,False,5,5,0
,003_bsn_13585850_20260712160000_seg_00444,003_bsn_13585850_20260712160000,SPEAKER_00,2303.92,2310.0,6.08,success,ひろえの痛快楽勝ラジオ続いてはこちらのコーナーですお達者のど自慢クラブ!,success,所ひろえの痛快楽勝ラジオ続いてはこちらのコーナーです。,False,36,27,-9
,003_bsn_13585850_20260712160000_seg_00445,003_bsn_13585850_20260712160000,SPEAKER_00,2315.44,2322.32,6.88,success,好きというリスナーの方をbsnラジオのスタジオにお迎えして自慢の歌声を披露していただきます。,success,好きというリスナーの方をbsnラジオのスタジオにお迎えして自慢の歌声を披露していただきます。,True,46,46,0
,003_bsn_13585850_20260712160000_seg_00446,003_bsn_13585850_20260712160000,SPEAKER_00,2322.72,2326.08,3.36,success,このコーナーはダム第一工場の協力でお送りします。,success,このコーナーはダム第一工場の協力でお送りします。,True,24,24,0
,003_bsn_13585850_20260712160000_seg_00447,003_bsn_13585850_20260712160000,SPEAKER_00,2326.8,2335.819922,9.02,success,さあ今週登場していただく方はこちらの方です新潟市西区から来ましたみかうさぎですお願いします。,success,今週登場していただく方はこちらの方です新潟市西区から来ましたみかうさぎです。,False,46,38,-8
,003_bsn_13585850_20260712160000_seg_00448,003_bsn_13585850_20260712160000,SPEAKER_00,2341.52,2348.299902,6.78,success,ミカウサギさん、過去にもご登場いただいておりますけども、ミカウサギさん、今。,success,三川さん過去にもねご登場頂いておりますけどもミカウサギさん。,False,38,30,-8
,003_bsn_13585850_20260712160000_seg_00449,003_bsn_13585850_20260712160000,SPEAKER_00,2350.24,2354.32,4.08,success,20代でいらっしゃるんですけどもえっ?,success,20代でいらっしゃるんですけどもえっ?,True,19,19,0
,003_bsn_13585850_20260712160000_seg_00450,003_bsn_13585850_20260712160000,SPEAKER_00,2354.88,2357.9,3.02,success,その年代の方、この曲知ってる?っていうような曲を歌うじゃないですか。,success,その年代の方この曲知ってる?っていうような曲を歌うじゃないですか。,False,34,33,-1
,003_bsn_13585850_20260712160000_seg_00451,003_bsn_13585850_20260712160000,SPEAKER_01,2359.76,2362.699927,2.94,success,かなり年齢からいけばかなり上の。,success,あのなあかなり年齢からいけばかなり上の。,False,16,20,4
,003_bsn_13585850_20260712160000_seg_00452,003_bsn_13585850_20260712160000,SPEAKER_01,2363.92,2365.52,1.6,success,人たちが聴いた歌を。,success,俺たちが聴いた歌を。,False,10,10,0
,003_bsn_13585850_20260712160000_seg_00453,003_bsn_13585850_20260712160000,SPEAKER_00,2367.28,2368.48,1.2,success,いらっしゃいますけど。,success,いらっしゃいますけど。,True,11,11,0
,003_bsn_13585850_20260712160000_seg_00454,003_bsn_13585850_20260712160000,SPEAKER_00,2369.68,2373.6,3.92,success,どうしてそういう懐かしい曲っていうか昔の曲を歌うの?,success,どうしてそういう懐かしい曲っていうか昔の曲を歌うの?,True,26,26,0
,003_bsn_13585850_20260712160000_seg_00455,003_bsn_13585850_20260712160000,SPEAKER_02,2373.68,2377.579932,3.9,success,そうですね、私、今はやりの歌とかも。,success,そうですねあの私今はやりの歌とかも。,False,18,18,0
,003_bsn_13585850_20260712160000_seg_00456,003_bsn_13585850_20260712160000,SPEAKER_02,2379.28,2380.940039,1.66,success,やっぱり歌ったりはするんですけど。,success,歌ったりはするんですけど。,False,17,13,-4
,003_bsn_13585850_20260712160000_seg_00457,003_bsn_13585850_20260712160000,SPEAKER_02,2385.52,2386.219824,0.7,success,出ないので。,success,出ないので。,True,6,6,0
,003_bsn_13585850_20260712160000_seg_00458,003_bsn_13585850_20260712160000,SPEAKER_02,2387.44,2389.579932,2.14,success,人前で歌うのはあの。,success,人前で歌うのは。,False,10,8,-2
,003_bsn_13585850_20260712160000_seg_00459,003_bsn_13585850_20260712160000,SPEAKER_02,2391.76,2392.32,0.56,success,歌は歌うわ。,success,歌は歌おう。,False,6,6,0
,003_bsn_13585850_20260712160000_seg_00460,003_bsn_13585850_20260712160000,SPEAKER_02,2392.96,2394.37998,1.42,success,であのまあ。,success,であのまあ。,True,6,6,0
,003_bsn_13585850_20260712160000_seg_00461,003_bsn_13585850_20260712160000,SPEAKER_02,2397.04,2400.619971,3.58,success,山口百恵さんの歌を歌いますけど中森明菜さん。,success,間口百恵さんの歌を歌いますけど中森明菜さん。,False,22,22,0
,003_bsn_13585850_20260712160000_seg_00462,003_bsn_13585850_20260712160000,SPEAKER_00,2413.84,2414.539893,0.7,success,ネットじゃ。,success,めっちゃ自由。,False,6,7,1
,003_bsn_13585850_20260712160000_seg_00463,003_bsn_13585850_20260712160000,SPEAKER_00,2415.76,2416.8,1.04,success,木に合うそう。,success,目に合うソース。,False,7,8,1
,003_bsn_13585850_20260712160000_seg_00464,003_bsn_13585850_20260712160000,SPEAKER_00,2419.12,2423.68,4.56,success,今のね、曲だって、どんなアーティストの曲、聴いたりするんですか?,success,今のね曲だってどんなアーティストの曲聴いたりするんですか?,False,32,29,-3
,003_bsn_13585850_20260712160000_seg_00465,003_bsn_13585850_20260712160000,SPEAKER_02,2423.76,2431.819922,8.06,success,そうですね、mrsgreenappleさんとか、星野源さん、sekainoowariさんが好きです。,success,そうですねmrsgreenappleさんとか星野源さんsekainoowariさんが好きです。,False,50,47,-3
,003_bsn_13585850_20260712160000_seg_00466,003_bsn_13585850_20260712160000,SPEAKER_00,2433.04,2435.2,2.16,success,車の中で、もう自由に歌うときには。,success,車の中でもう自由に歌うときには。,False,17,16,-1
,003_bsn_13585850_20260712160000_seg_00467,003_bsn_13585850_20260712160000,SPEAKER_00,2436.16,2436.8,0.64,success,だったりっていう。,success,ばったり言っていい?,False,9,10,1
,003_bsn_13585850_20260712160000_seg_00468,003_bsn_13585850_20260712160000,SPEAKER_00,2437.28,2440.459814,3.18,success,でお仕事は?,success,そうですよねでお仕事は?,False,6,12,6
,003_bsn_13585850_20260712160000_seg_00469,003_bsn_13585850_20260712160000,SPEAKER_02,2441.68,2444.299902,2.62,success,お仕事は介護職員やってます。,success,お仕事は介護職員やってます。,True,14,14,0
,003_bsn_13585850_20260712160000_seg_00470,003_bsn_13585850_20260712160000,SPEAKER_01,2445.52,2446.16,0.64,success,こういうやってます。,success,服やってます。,False,10,7,-3
,003_bsn_13585850_20260712160000_seg_00471,003_bsn_13585850_20260712160000,SPEAKER_01,2446.4,2447.44,1.04,success,俺の顔見た。,success,だから俺の顔見たんだよ。,False,6,12,6
,003_bsn_13585850_20260712160000_seg_00472,003_bsn_13585850_20260712160000,SPEAKER_01,2450.88,2452.24,1.36,success,なんか意味あるだろうな。,success,何か意味あるだろうかな。,False,12,12,0
,003_bsn_13585850_20260712160000_seg_00473,003_bsn_13585850_20260712160000,SPEAKER_02,2452.48,2453.44,0.96,success,まあななんでもないです。,success,ないないな何でもないです。,False,12,13,1
,003_bsn_13585850_20260712160000_seg_00474,003_bsn_13585850_20260712160000,SPEAKER_01,2455.44,2456.0,0.56,success,なすんか?,success,ナイススイカ。,False,5,7,2
,003_bsn_13585850_20260712160000_seg_00475,003_bsn_13585850_20260712160000,SPEAKER_00,2456.56,2458.219824,1.66,success,今、お仕事で大変なことって?,success,今お仕事で大変なことって?,False,14,13,-1
,003_bsn_13585850_20260712160000_seg_00476,003_bsn_13585850_20260712160000,SPEAKER_02,2460.24,2461.579932,1.34,success,そうですね。,success,そうですね。,True,6,6,0
,003_bsn_13585850_20260712160000_seg_00477,003_bsn_13585850_20260712160000,SPEAKER_02,2463.28,2465.44,2.16,success,みんな毎日大変ですね。,success,みんな毎日大変ですね。,True,11,11,0
,003_bsn_13585850_20260712160000_seg_00478,003_bsn_13585850_20260712160000,SPEAKER_00,2465.68,2468.64,2.96,success,その中でも喜びっていうか。,success,その中でも喜びっていうか。,True,13,13,0
,003_bsn_13585850_20260712160000_seg_00479,003_bsn_13585850_20260712160000,SPEAKER_02,2470.0,2470.699927,0.7,success,まあやっぱり。,success,まあやっぱり。,True,7,7,0
,003_bsn_13585850_20260712160000_seg_00480,003_bsn_13585850_20260712160000,SPEAKER_02,2473.36,2475.499854,2.14,success,ファンに感謝されること。,success,3人感謝されること。,False,12,10,-2
,003_bsn_13585850_20260712160000_seg_00481,003_bsn_13585850_20260712160000,SPEAKER_02,2478.48,2479.819922,1.34,success,そうですね、何気ない。,success,そうですね何気ない。,False,11,10,-1
,003_bsn_13585850_20260712160000_seg_00482,003_bsn_13585850_20260712160000,SPEAKER_02,2481.04,2482.0,0.96,success,ありがとうとか。,success,ありがとうとか。,True,8,8,0
,003_bsn_13585850_20260712160000_seg_00483,003_bsn_13585850_20260712160000,SPEAKER_01,2482.08,2482.699927,0.62,success,そうだよな。,success,そうだよな。,True,6,6,0
,003_bsn_13585850_20260712160000_seg_00484,003_bsn_13585850_20260712160000,SPEAKER_02,2484.64,2485.579932,0.94,success,この仕事してて。,success,この仕事してて。,True,8,8,0
,003_bsn_13585850_20260712160000_seg_00485,003_bsn_13585850_20260712160000,SPEAKER_01,2489.62002,2502.0,12.38,success,つらいこともあるさ、なあ、俺なんかもあんたにしょっちゅうほら、文句言われるけどよ、なあ、感謝のことばを述べなくてさ、なあ、飽きたりことみたいにな、憎まれ口ばっかりたたく人もいるしさ。,success,つらいこともあるさ、俺なんかもあんたにしょっちゅうほら、文句言われるけどもよ、なあ、感謝のことばを述べなくてさ、なあ、飽きたりことみたいにな、憎まれ口ばっかりたたく人もいるしさ。,False,91,89,-2
,003_bsn_13585850_20260712160000_seg_00486,003_bsn_13585850_20260712160000,SPEAKER_01,2502.24,2510.32,8.08,success,さまざま、年取ってくる、いろんな人が出てくるんだって、なあ、そういう人、何言われてもほら、同じように介護せなきゃなんないわけだ、なあ、本当にさ。,success,さまざま、年取ってくる、いろんな人が出てくるんだって、なあ、そういう人、何言われてもほら、同じように介護せねばなんないわけだ、なあ、本当にさ。,False,72,71,-1
,003_bsn_13585850_20260712160000_seg_00487,003_bsn_13585850_20260712160000,SPEAKER_00,2510.56,2513.68,3.12,success,最近、本当、中野さん、舌打ちしますからね、私にもね。,success,最近、本当、高野さん、舌打ちしますからね、私にもね。,False,26,26,0
,003_bsn_13585850_20260712160000_seg_00488,003_bsn_13585850_20260712160000,SPEAKER_01,2516.56,2518.0,1.44,success,クソババアって言ってしまったという。,success,クソババアって言ってしまったという。,True,18,18,0
,003_bsn_13585850_20260712160000_seg_00489,003_bsn_13585850_20260712160000,SPEAKER_00,2521.6,2531.76,10.16,success,でも、美川崎さん、ある、なんか利用者さんとかに、そばばとか、くそそんな、ばば派ではないと思うけど、それはね、どう?,success,さあ、ねっ、でも、美川崎さん、ある、なんか利用者さんとかに、そばばっていうか、くそそんな、ばば派ではないと思うけど、それはね、どう?,False,57,66,9
,003_bsn_13585850_20260712160000_seg_00490,003_bsn_13585850_20260712160000,SPEAKER_01,2532.08,2532.96,0.88,success,言ったことねえよ。,success,言ったことねえよ。,True,9,9,0
,003_bsn_13585850_20260712160000_seg_00491,003_bsn_13585850_20260712160000,SPEAKER_02,2533.04,2533.92,0.88,success,言ったことがないです。,success,言ったことはないです。,False,11,11,0
,003_bsn_13585850_20260712160000_seg_00492,003_bsn_13585850_20260712160000,SPEAKER_01,2534.08,2535.28,1.2,success,言わんねえよ、な。,success,言わんでよなって。,False,9,9,0
,003_bsn_13585850_20260712160000_seg_00493,003_bsn_13585850_20260712160000,SPEAKER_00,2535.6,2538.08,2.48,success,逆に言われたこととか何か細かく。,success,逆に言われたこととか何か細かく。,True,16,16,0
,003_bsn_13585850_20260712160000_seg_00494,003_bsn_13585850_20260712160000,SPEAKER_00,2538.8,2541.76,2.96,success,そこまで言わないで的な、なんかあります?,success,そこまで言わないで的な何かあります?,False,20,18,-2
,003_bsn_13585850_20260712160000_seg_00495,003_bsn_13585850_20260712160000,SPEAKER_02,2542.56,2547.2,4.64,success,なんかあんまり、なんかもう、そこまであんまりいじんないでくれみたいなことを、たまに。,success,なんかあんまりなんかもうそこまであんまりいじんないでくれみたいなことをたまに。,False,42,39,-3
,003_bsn_13585850_20260712160000_seg_00496,003_bsn_13585850_20260712160000,SPEAKER_00,2547.68,2548.24,0.56,success,うん!,success,うん!,True,3,3,0
,003_bsn_13585850_20260712160000_seg_00497,003_bsn_13585850_20260712160000,SPEAKER_02,2548.32,2550.72,2.4,success,お医者さんから言われるときはあります。,success,役者さんから言われる時はあります。,False,19,17,-2
,003_bsn_13585850_20260712160000_seg_00498,003_bsn_13585850_20260712160000,SPEAKER_00,2550.96,2551.6,0.64,success,バス。,success,バス!,False,3,3,0
,003_bsn_13585850_20260712160000_seg_00499,003_bsn_13585850_20260712160000,SPEAKER_02,2552.08,2552.72,0.64,success,そういう時は。,success,そういう時は。,True,7,7,0
,003_bsn_13585850_20260712160000_seg_00500,003_bsn_13585850_20260712160000,SPEAKER_02,2554.56,2555.2,0.64,success,近づかないで。,success,近づかないでよ。,False,7,8,1
,003_bsn_13585850_20260712160000_seg_00501,003_bsn_13585850_20260712160000,SPEAKER_02,2555.6,2556.24,0.64,success,ちょっと!,success,ちょっと!,True,5,5,0
,003_bsn_13585850_20260712160000_seg_00502,003_bsn_13585850_20260712160000,SPEAKER_02,2558.32,2559.019873,0.7,success,そうですね。分かった。,success,そうですね。分かった。,True,11,11,0
,003_bsn_13585850_20260712160000_seg_00503,003_bsn_13585850_20260712160000,SPEAKER_00,2568.48,2574.08,5.6,success,目に映る高 ?? さんの食べ方一つとか。,success,目に映る高 ?? さんの食べ方一つとか。,True,20,20,0
,003_bsn_13585850_20260712160000_seg_00504,003_bsn_13585850_20260712160000,SPEAKER_00,2574.64,2576.64,2.0,success,口にものがつこうと。,success,口にものがつこうと。,True,10,10,0
,003_bsn_13585850_20260712160000_seg_00505,003_bsn_13585850_20260712160000,SPEAKER_00,2576.96,2583.12,6.16,success,周りにね、そういうのをほっとくとか、口から物が落ちようと、ねっ。,success,周りにね、そういうのをほっとくとか、口から物が落ちようと、ねっ。,True,32,32,0
,003_bsn_13585850_20260712160000_seg_00506,003_bsn_13585850_20260712160000,SPEAKER_00,2583.6,2585.28,1.68,success,立って掃除するぐらいがいいってこと。,success,立って掃除するぐらいいいってこと。,False,18,17,-1
,003_bsn_13585850_20260712160000_seg_00507,003_bsn_13585850_20260712160000,SPEAKER_02,2586.96,2588.48,1.52,success,こうなんか逐一ね。,success,こう何か逐一ね気をつけて。,False,9,13,4
,003_bsn_13585850_20260712160000_seg_00508,003_bsn_13585850_20260712160000,SPEAKER_02,2589.6,2590.24,0.64,success,まだおかしくなった。,success,まだおかしくなって。,False,10,10,0
,003_bsn_13585850_20260712160000_seg_00509,003_bsn_13585850_20260712160000,SPEAKER_00,2590.48,2591.44,0.96,success,ですね。,success,ですね!,False,4,4,0
,003_bsn_13585850_20260712160000_seg_00510,003_bsn_13585850_20260712160000,SPEAKER_01,2593.28,2595.12,1.84,success,死までおかしくなる。,success,死までおかしくなる。,True,10,10,0
,003_bsn_13585850_20260712160000_seg_00511,003_bsn_13585850_20260712160000,SPEAKER_01,2595.68,2596.4,0.72,success,そういうもんか。,success,そういうもんか。,True,8,8,0
,003_bsn_13585850_20260712160000_seg_00512,003_bsn_13585850_20260712160000,SPEAKER_00,2596.48,2599.68,3.2,success,では、すみません、歌う前にこんな話になってしまって。,success,ではすいません歌う前にこんな話になってしまって。,False,26,24,-2
,003_bsn_13585850_20260712160000_seg_00513,003_bsn_13585850_20260712160000,SPEAKER_00,2600.16,2601.04,0.88,success,撮り直して。,success,お取り直して。,False,6,7,1
,003_bsn_13585850_20260712160000_seg_00514,003_bsn_13585850_20260712160000,SPEAKER_00,2601.76,2602.96,1.2,success,歌っていただきたいと思います。,success,歌っていただきたいと思います。,True,15,15,0
,003_bsn_13585850_20260712160000_seg_00515,003_bsn_13585850_20260712160000,SPEAKER_00,2608.4,2610.37998,1.98,success,時間うさぎさんに歌っていただきます。,success,赤うさぎさんに歌っていただきます。,False,18,17,-1
,003_bsn_13585850_20260712160000_seg_00516,003_bsn_13585850_20260712160000,SPEAKER_00,2611.6,2613.739844,2.14,success,山口百恵乙女座級。,success,野口百恵乙女座級。,False,9,9,0
,003_bsn_13585850_20260712160000_seg_00517,003_bsn_13585850_20260712160000,SPEAKER_02,2845.84,2846.64,0.8,success,おはようございます。,success,おはようございます。,True,10,10,0
,003_bsn_13585850_20260712160000_seg_00518,003_bsn_13585850_20260712160000,SPEAKER_01,2848.48,2851.68,3.2,success,よかったな、リハーサルでよ、一番。,success,やったなあれリハーサルでよ一番の。,False,17,17,0
,003_bsn_13585850_20260712160000_seg_00519,003_bsn_13585850_20260712160000,SPEAKER_01,2851.92,2852.64,0.72,success,聞いたときよ。,success,聞いた時よ。,False,7,6,-1
,003_bsn_13585850_20260712160000_seg_00520,003_bsn_13585850_20260712160000,SPEAKER_01,2852.96,2855.36,2.4,success,俺の大沢が出てこねえかって感じよ。,success,俺の魚像が出てこねえかって感じよ。,False,17,17,0
,003_bsn_13585850_20260712160000_seg_00521,003_bsn_13585850_20260712160000,SPEAKER_01,2855.92,2857.28,1.36,success,ほいでさっき1番終わったとき。,success,ほいでさっき1番終わった時。,False,15,14,-1
,003_bsn_13585850_20260712160000_seg_00522,003_bsn_13585850_20260712160000,SPEAKER_01,2858.8,2862.56,3.76,success,大沢、出てこれんかって聞いたんよ、これから出てきますって言われた。,success,上田、出てこれんかって聞いたんよ、これから出てきますって言われた。,False,33,33,0
,003_bsn_13585850_20260712160000_seg_00523,003_bsn_13585850_20260712160000,SPEAKER_01,2863.36,2864.72,1.36,success,安心して戻った。,success,いや安心して戻ったの。,False,8,11,3
,003_bsn_13585850_20260712160000_seg_00524,003_bsn_13585850_20260712160000,SPEAKER_00,2864.8,2868.32,3.52,success,そうね、この曲ね、本当にかに座が出てきて。,success,そうねそうねこの曲ねほんとかに座が出てきて。,False,21,22,1
,003_bsn_13585850_20260712160000_seg_00525,003_bsn_13585850_20260712160000,SPEAKER_00,2868.8,2873.12,4.32,success,かりんさんのときはね、私のほうを向いてくださって、そして。,success,かりんさんの時はね私の方を向いてくださってねえそして。,False,29,27,-2
,003_bsn_13585850_20260712160000_seg_00526,003_bsn_13585850_20260712160000,SPEAKER_00,2874.88,2875.92,1.04,success,ちゃんとほら。,success,ちゃんとほら。,True,7,7,0
,003_bsn_13585850_20260712160000_seg_00527,003_bsn_13585850_20260712160000,SPEAKER_02,2876.0,2882.72,6.72,success,またこれも歌詞を見てちゃんとかに座と魚座が出てきて弘恵さんと高村さんかに座。,success,またこれも歌詞を見てちゃんとかに座と魚座が出てきて宏井さんと高村さんかに座。,False,38,38,0
,003_bsn_13585850_20260712160000_seg_00528,003_bsn_13585850_20260712160000,SPEAKER_02,2883.2,2884.16,0.96,success,うおざかな。,success,うわさかな。,False,6,6,0
,003_bsn_13585850_20260712160000_seg_00529,003_bsn_13585850_20260712160000,SPEAKER_02,2884.88,2887.6,2.72,success,一応調べたらやっぱそうだったので。,success,一応調べたらやっぱそうだったので。,True,17,17,0
,003_bsn_13585850_20260712160000_seg_00530,003_bsn_13585850_20260712160000,SPEAKER_00,2887.68,2890.24,2.56,success,わあでこの曲にしてくれたの?,success,わあでこの曲にしてくれたの?,True,14,14,0
,003_bsn_13585850_20260712160000_seg_00531,003_bsn_13585850_20260712160000,SPEAKER_02,2890.32,2891.36,1.04,success,そういうのもあります。,success,ああまあそういうのもあります。,False,11,15,4
,003_bsn_13585850_20260712160000_seg_00532,003_bsn_13585850_20260712160000,SPEAKER_00,2891.68,2894.32,2.64,success,ちょうどいいなと思って。,success,ちょうどいいなと思って。,True,12,12,0
,003_bsn_13585850_20260712160000_seg_00533,003_bsn_13585850_20260712160000,SPEAKER_00,2894.72,2895.28,0.56,success,ありがとう!,success,ありがとうございます。,False,6,11,5
,003_bsn_13585850_20260712160000_seg_00534,003_bsn_13585850_20260712160000,SPEAKER_00,2896.56,2898.24,1.68,success,ねえよかった。,success,いい!,False,7,3,-4
,003_bsn_13585850_20260712160000_seg_00535,003_bsn_13585850_20260712160000,SPEAKER_01,2899.36,2900.4,1.04,success,非常にいい歌。,success,非常にいい歌だ。,False,7,8,1
,003_bsn_13585850_20260712160000_seg_00536,003_bsn_13585850_20260712160000,SPEAKER_00,2900.4,2907.44,7.04,success,私はほら山口百恵さんが歌ってる曲だってわからないしそのシーンも見た事がないから。,success,私はほら山口百恵さんが歌ってる曲だって分からないしそのシーンも見たことがないから。,False,40,41,1
,003_bsn_13585850_20260712160000_seg_00537,003_bsn_13585850_20260712160000,SPEAKER_01,2908.32,2911.52,3.2,success,年代的にどうなんだ?,success,いや年代的にどうなんだ?,False,10,12,2
,003_bsn_13585850_20260712160000_seg_00538,003_bsn_13585850_20260712160000,SPEAKER_00,2911.68,2914.0,2.32,success,なんか、文句、あれ、文句言ってみます。,success,何か文句あれ文句言ってみた。,False,19,14,-5
,003_bsn_13585850_20260712160000_seg_00539,003_bsn_13585850_20260712160000,SPEAKER_00,2914.72,2915.68,0.96,success,ちょみたいな。,success,ちょみたいな。,True,7,7,0
,003_bsn_13585850_20260712160000_seg_00540,003_bsn_13585850_20260712160000,SPEAKER_00,2916.16,2920.0,3.84,success,ヒロミさん、知らないわけないよね、オーラっていうか、もう、えっ?って。,success,宏江さん知らないわけないよねオーラっていうかもうえっ?って。,False,35,30,-5
,003_bsn_13585850_20260712160000_seg_00541,003_bsn_13585850_20260712160000,SPEAKER_01,2921.76,2923.76,2.0,success,50代前半の世代じゃねえんだ。,success,50代前半の世代じゃねえんだ。,True,15,15,0
,003_bsn_13585850_20260712160000_seg_00542,003_bsn_13585850_20260712160000,SPEAKER_01,2926.24,2927.68,1.44,success,モミちゃんは60代だ。,success,おじいちゃんは60代だ。,False,11,12,1
,003_bsn_13585850_20260712160000_seg_00543,003_bsn_13585850_20260712160000,SPEAKER_00,2929.04,2933.36,4.32,success,だから私はこれはもうミカウサギさんの歌として認識しました。,success,だから私はこれはもう三河うさぎさんの歌として認識しました。,False,29,29,0
,003_bsn_13585850_20260712160000_seg_00544,003_bsn_13585850_20260712160000,SPEAKER_00,2934.32,2935.44,1.12,success,ぴったりっていうか。,success,あっぴったりっていうか。,False,10,12,2
,003_bsn_13585850_20260712160000_seg_00545,003_bsn_13585850_20260712160000,SPEAKER_00,2938.48,2939.6,1.12,success,いやー、うれしい。,success,いやうれしい!,False,9,7,-2
,003_bsn_13585850_20260712160000_seg_00546,003_bsn_13585850_20260712160000,SPEAKER_00,2941.36,2942.08,0.72,success,いただいて。,success,いただいて。,True,6,6,0
,003_bsn_13585850_20260712160000_seg_00547,003_bsn_13585850_20260712160000,SPEAKER_02,2942.16,2942.72,0.56,success,皆さん、おめでとう。,success,皆さんおめでとうございます。,False,10,14,4
,003_bsn_13585850_20260712160000_seg_00548,003_bsn_13585850_20260712160000,SPEAKER_01,2945.28,2946.08,0.8,success,あっ、そうだ。,success,あっ死んだ。,False,7,6,-1
,003_bsn_13585850_20260712160000_seg_00549,003_bsn_13585850_20260712160000,SPEAKER_00,2952.4,2953.099951,0.7,success,県酒田市。,success,県酒田市。,True,5,5,0
,003_bsn_13585850_20260712160000_seg_00550,003_bsn_13585850_20260712160000,SPEAKER_00,2954.32,2954.96,0.64,success,けども。,success,けども。,True,4,4,0
,003_bsn_13585850_20260712160000_seg_00551,003_bsn_13585850_20260712160000,SPEAKER_01,2955.28,2956.08,0.8,success,13になった。,success,13になったん?,False,7,8,1
,003_bsn_13585850_20260712160000_seg_00552,003_bsn_13585850_20260712160000,SPEAKER_00,2959.12,2964.8,5.68,success,美川さん、これからもね、高 ?? の介護を一緒にどうぞよろしく。,success,美川沙さん、これからもね、高 ?? の介護を一緒にどうぞよろしく。,False,32,33,1
,003_bsn_13585850_20260712160000_seg_00553,003_bsn_13585850_20260712160000,SPEAKER_00,2966.4,2969.84,3.44,success,本日はミカうさぎさんに歌っていただきました。,success,本日は美香うさぎさんに歌っていただきました。,False,22,22,0
,003_bsn_13585850_20260712160000_seg_00554,003_bsn_13585850_20260712160000,SPEAKER_00,2972.96,2977.099951,4.14,success,さああなたも自慢の歌声をbsnラジオの電波に乗せてみませんか?,success,さああなたも自慢の歌声をbsnラジオの電波に乗せてみませんか?,True,31,31,0
,003_bsn_13585850_20260712160000_seg_00555,003_bsn_13585850_20260712160000,SPEAKER_00,2978.32,2981.9,3.58,success,という方は楽勝ラジオお達者のど自慢クラブのコーナーまで。,success,という方は楽勝ラジオお達者のど自慢クラブのコーナーまで。,True,28,28,0
,003_bsn_13585850_20260712160000_seg_00556,003_bsn_13585850_20260712160000,SPEAKER_00,2983.12,2984.299902,1.18,success,メールでのご応募をお待ちしています。,success,メールでのご応募をお待ちしています。,True,18,18,0
,003_bsn_13585850_20260712160000_seg_00557,003_bsn_13585850_20260712160000,SPEAKER_00,2986.0,2987.66001,1.66,success,雑誌のど自慢クラブのコーナーです。,success,雑誌社のど自慢クラブのコーナーです。,False,17,18,1
,003_bsn_13585850_20260712160000_seg_00558,003_bsn_13585850_20260712160000,SPEAKER_00,2997.939844,3001.76,3.82,success,出してもらって魚座も出てよかったね。,success,出してもらって魚座も出てよかったね。,True,18,18,0
,003_bsn_13585850_20260712160000_seg_00559,003_bsn_13585850_20260712160000,SPEAKER_01,3002.72,3004.64,1.92,success,本当にね、みんな言ってた。,success,本当にねみんな言ってたいや。,False,13,14,1
,003_bsn_13585850_20260712160000_seg_00560,003_bsn_13585850_20260712160000,SPEAKER_01,3004.88,3007.28,2.4,success,相変わらず見てくださいシャンシャン相変わらずかわいい。,success,相変わらず見て下さいシャンほんと相変わらずかわいい。,False,27,26,-1
,003_bsn_13585850_20260712160000_seg_00561,003_bsn_13585850_20260712160000,SPEAKER_01,3008.08,3009.2,1.12,success,かわゆかわゆ。,success,かわゆかわゆい。,False,7,8,1
,003_bsn_13585850_20260712160000_seg_00562,003_bsn_13585850_20260712160000,SPEAKER_01,3009.52,3010.72,1.2,success,うんありがとう。,success,うんありがとう。,True,8,8,0
,003_bsn_13585850_20260712160000_seg_00563,003_bsn_13585850_20260712160000,SPEAKER_00,3011.04,3017.6,6.56,success,私はのど自慢クラブでね出場して下さった方からのメッセージがいろいろ届いてるので。,success,お達者のど自慢クラブでね出場して下さった方からのメッセージがいろいろ届いてるので。,False,40,41,1
,003_bsn_13585850_20260712160000_seg_00564,003_bsn_13585850_20260712160000,SPEAKER_00,3020.08,3021.28,1.2,success,まずはね。,success,まずはね。,True,5,5,0
,003_bsn_13585850_20260712160000_seg_00565,003_bsn_13585850_20260712160000,SPEAKER_00,3022.0,3024.48,2.48,success,私とデュエットした方。,success,私とデュエットした方。,True,11,11,0
,003_bsn_13585850_20260712160000_seg_00566,003_bsn_13585850_20260712160000,SPEAKER_00,3024.88,3026.08,1.2,success,ゴダイゴいのちさん。,success,ゴダイゴイノチさん。,False,10,10,0
,003_bsn_13585850_20260712160000_seg_00567,003_bsn_13585850_20260712160000,SPEAKER_01,3026.08,3027.6,1.52,success,ああはいはいはいはい。,success,ああはいはいはいはい。,True,11,11,0
,003_bsn_13585850_20260712160000_seg_00568,003_bsn_13585850_20260712160000,SPEAKER_00,3027.76,3028.8,1.04,success,覚えてる?あの曲。,success,覚えてる?あの曲。,True,9,9,0
,003_bsn_13585850_20260712160000_seg_00569,003_bsn_13585850_20260712160000,SPEAKER_01,3028.8,3029.76,0.96,success,うん?えっ?,success,おっえっ?,False,6,5,-1
,003_bsn_13585850_20260712160000_seg_00570,003_bsn_13585850_20260712160000,SPEAKER_00,3030.24,3031.68,1.44,success,今、地球が目覚める。,success,今地球が目覚める。,False,10,9,-1
,003_bsn_13585850_20260712160000_seg_00571,003_bsn_13585850_20260712160000,SPEAKER_01,3033.04,3034.24,1.2,success,あのアニメか何かのあれだ。,success,多分アニメか何かのあれだ。,False,13,13,0
,003_bsn_13585850_20260712160000_seg_00572,003_bsn_13585850_20260712160000,SPEAKER_00,3035.36,3036.16,0.8,success,しょうねんコナンのね。,success,少年コナンのね。,False,11,8,-3
,003_bsn_13585850_20260712160000_seg_00573,003_bsn_13585850_20260712160000,SPEAKER_00,3036.72,3044.24,7.52,success,ゴダイゴイノッチさんが6月に宏江さんと今、地球が目覚めるをデュエットさせていただきありがとうございました。,success,ゴダイゴいのちさんが6月に宏江さんと今、地球が目覚めるをデュエットさせていただきありがとうございました。,False,53,52,-1
,003_bsn_13585850_20260712160000_seg_00574,003_bsn_13585850_20260712160000,SPEAKER_00,3044.8,3052.16,7.36,success,調べてみたら、youtubeで未来少年コナンの全話が期間限定で公開されているではありませんか。,success,調べてみたらyoutubeで未来少年コナンの全話が期間限定で公開されているではありませんか。,False,47,46,-1
,003_bsn_13585850_20260712160000_seg_00575,003_bsn_13585850_20260712160000,SPEAKER_00,3053.04,3062.88,9.84,success,早速、第1話を見ようとオープニング映像を見たらあまりの懐かしさに勤務中なのに涙をぽろぽろ流してしまいました。,success,早速第1話を見ようとオープニング映像を見たらあまりの懐かしさに勤務中なのに涙をぽろぽろ流してしまいました。,False,54,53,-1
,003_bsn_13585850_20260712160000_seg_00576,003_bsn_13585850_20260712160000,SPEAKER_01,3062.96,3063.52,0.56,success,いやいやいやいや。,success,誰やよ。,False,9,4,-5
,003_bsn_13585850_20260712160000_seg_00577,003_bsn_13585850_20260712160000,SPEAKER_00,3063.76,3079.84,16.08,success,オープニング映像で大戦争中の人類が地球から逃げ出そうとしてロケットで飛び立った直後にロケットに火の玉が2つぶち当たり上昇が止まり地球に落ちていく映像を見て。,success,オープニング映像で大戦争中の人類が地球から逃げ出そうとしてロケットで飛び立った直後にロケットに火の玉が2つぶち当たり上昇が止まり地球に落ちていく映像を見て。,True,78,78,0
,003_bsn_13585850_20260712160000_seg_00578,003_bsn_13585850_20260712160000,SPEAKER_00,3080.24,3085.12,4.88,success,そういえば世界平和って何だろうって考えた頃がありました。,success,そういえば、世界平和って何だろうって考えた頃がありました。,False,28,29,1
,003_bsn_13585850_20260712160000_seg_00579,003_bsn_13585850_20260712160000,SPEAKER_01,3086.48,3087.52,1.04,success,そうか。,success,そうか。,True,4,4,0
,003_bsn_13585850_20260712160000_seg_00580,003_bsn_13585850_20260712160000,SPEAKER_00,3088.08,3095.92,7.84,success,そう、だから未来少年コナンも、私は見てたけど、やっぱり大人になって見ると、深い深い。,success,そうだから未来少年コナンも私は見てたけどやっぱり大人になって見ると深い深い。,False,42,38,-4
,003_bsn_13585850_20260712160000_seg_00581,003_bsn_13585850_20260712160000,SPEAKER_01,3096.48,3098.16,1.68,success,はいはいはい受け止め方がね。,success,はいはいはい受け止め方がね。,True,14,14,0
,003_bsn_13585850_20260712160000_seg_00582,003_bsn_13585850_20260712160000,SPEAKER_00,3098.32,3098.96,0.64,success,ちがうよね。,success,違うよね?,False,6,5,-1
,003_bsn_13585850_20260712160000_seg_00583,003_bsn_13585850_20260712160000,SPEAKER_00,3100.16,3101.76,1.6,success,だから違う意味でなんか今。,success,だから違う意味で何か今。,False,13,12,-1
,003_bsn_13585850_20260712160000_seg_00584,003_bsn_13585850_20260712160000,SPEAKER_00,3102.08,3103.12,1.04,success,私も泣きそうかも。,success,私も泣きそうかも。,True,9,9,0
,003_bsn_13585850_20260712160000_seg_00585,003_bsn_13585850_20260712160000,SPEAKER_01,3103.2,3104.4,1.2,success,うんそうだな。,success,うんそうだなあ。,False,7,8,1
,003_bsn_13585850_20260712160000_seg_00586,003_bsn_13585850_20260712160000,SPEAKER_00,3104.48,3105.28,0.8,success,ええ魔王。,success,ええ魔王。,True,5,5,0
,003_bsn_13585850_20260712160000_seg_00587,003_bsn_13585850_20260712160000,SPEAKER_00,3106.08,3107.76,1.68,success,というかゴダイゴイノッチさんもね。,success,というかゴダイゴ猪木さんもね。,False,17,15,-2
,003_bsn_13585850_20260712160000_seg_00588,003_bsn_13585850_20260712160000,SPEAKER_01,3107.76,3111.36,3.6,success,そうだね、すごいんだね、はい。,success,そうだねすごいんだねはい。,False,15,13,-2
,003_bsn_13585850_20260712160000_seg_00589,003_bsn_13585850_20260712160000,SPEAKER_01,3111.6,3112.24,0.64,success,はい。,success,はい。,True,3,3,0
,003_bsn_13585850_20260712160000_seg_00590,003_bsn_13585850_20260712160000,SPEAKER_00,3113.04,3117.52,4.48,success,そういう何か今子どもの頃見てて改めて大人になって。,success,そういう何か今子どもの頃見てて改めて大人になって。,True,25,25,0
,003_bsn_13585850_20260712160000_seg_00591,003_bsn_13585850_20260712160000,SPEAKER_01,3121.12,3122.24,1.12,success,すずのすけかな?,success,すずのすけかな?,True,8,8,0
,003_bsn_13585850_20260712160000_seg_00592,003_bsn_13585850_20260712160000,SPEAKER_00,3122.72,3123.44,0.72,success,あの剣道の?,success,あの剣道の?,True,6,6,0
,003_bsn_13585850_20260712160000_seg_00593,003_bsn_13585850_20260712160000,SPEAKER_01,3123.6,3125.44,1.84,success,縁を取っては日本。,success,点を取っては日本。,False,9,9,0
,003_bsn_13585850_20260712160000_seg_00594,003_bsn_13585850_20260712160000,SPEAKER_01,3126.8,3128.8,2.0,success,そう、加藤鈴之助ね。,success,そう加藤鈴之助ね。,False,10,9,-1
,003_bsn_13585850_20260712160000_seg_00595,003_bsn_13585850_20260712160000,SPEAKER_01,3129.36,3130.4,1.04,success,親はなくともどうする?,success,親はなくとも同然。,False,11,9,-2
,003_bsn_13585850_20260712160000_seg_00596,003_bsn_13585850_20260712160000,SPEAKER_01,3131.44,3133.12,1.68,success,うんひたすらがんばっていた。,success,うんひたすら頑張っていた。,False,14,13,-1
,003_bsn_13585850_20260712160000_seg_00597,003_bsn_13585850_20260712160000,SPEAKER_00,3133.52,3136.96,3.44,success,私ごめんなさいよく分からないけどよくあれですよね近転で。,success,私ごめんなさいよく分からないけどよくあのあれですよね近転で。,False,28,30,2
,003_bsn_13585850_20260712160000_seg_00598,003_bsn_13585850_20260712160000,SPEAKER_01,3137.76,3138.32,0.56,success,見てでした。,success,いつでしたっけ?,False,6,8,2
,003_bsn_13585850_20260712160000_seg_00599,003_bsn_13585850_20260712160000,SPEAKER_00,3138.4,3139.84,1.44,success,近店でよくほら王将。,success,近点でよくほら大島さん。,False,10,12,2
,003_bsn_13585850_20260712160000_seg_00600,003_bsn_13585850_20260712160000,SPEAKER_01,3141.28,3142.24,0.96,success,どうだ、赤と酢、おい。,success,どうだ赤と白い。,False,11,8,-3
,003_bsn_13585850_20260712160000_seg_00601,003_bsn_13585850_20260712160000,SPEAKER_00,3144.56,3150.32,5.76,success,話分かってないくせに分かったふりしてるみたいなのがすごく自分で嫌だけどそれ赤胴鈴之助は。,success,話分かってないくせに分かったふりしてるみたいなのがすごく自分で嫌だけどそれ赤胴鈴之助は。,True,44,44,0
,003_bsn_13585850_20260712160000_seg_00602,003_bsn_13585850_20260712160000,SPEAKER_01,3152.0,3153.04,1.04,success,この近辺ね。,success,これ近辺ね。,False,6,6,0
,003_bsn_13585850_20260712160000_seg_00603,003_bsn_13585850_20260712160000,SPEAKER_00,3153.76,3154.96,1.2,success,へえそっかそっか。,success,へえそっかそっか。,True,9,9,0
,003_bsn_13585850_20260712160000_seg_00604,003_bsn_13585850_20260712160000,SPEAKER_00,3155.44,3158.48,3.04,success,そして三毛猫みたらしさん。,success,そして三毛猫みたらしさん。,True,13,13,0
,003_bsn_13585850_20260712160000_seg_00605,003_bsn_13585850_20260712160000,SPEAKER_01,3158.8,3159.52,0.72,success,ここですはい。,success,ここですはい。,True,7,7,0
,003_bsn_13585850_20260712160000_seg_00606,003_bsn_13585850_20260712160000,SPEAKER_00,3159.52,3161.04,1.52,success,三毛猫みたらしさんは。,success,三毛猫みたらしさんは。,True,11,11,0
,003_bsn_13585850_20260712160000_seg_00607,003_bsn_13585850_20260712160000,SPEAKER_00,3161.52,3162.64,1.12,success,2週間前かな?,success,2週間前かな?,True,7,7,0
,003_bsn_13585850_20260712160000_seg_00608,003_bsn_13585850_20260712160000,SPEAKER_00,3162.96,3163.68,0.72,success,お子さんとねいっしょに。,success,お子さんとね翔君。,False,12,9,-3
,003_bsn_13585850_20260712160000_seg_00609,003_bsn_13585850_20260712160000,SPEAKER_00,3163.92,3164.64,0.72,success,うたってくれましたよね。,success,歌ってくれましたよね。,False,12,11,-1
,003_bsn_13585850_20260712160000_seg_00610,003_bsn_13585850_20260712160000,SPEAKER_00,3165.2,3167.44,2.24,success,先日はのど自慢、お邪魔しました。,success,先日はのど自慢お邪魔しました。,False,16,15,-1
,003_bsn_13585850_20260712160000_seg_00611,003_bsn_13585850_20260712160000,SPEAKER_00,3168.4,3174.96,6.56,success,をリアタイしていましたが娘はラジオから流れてくる自分の声に大喜び。,success,をリアタイしていましたが娘はラジオから流れてくる自分の声に大喜び。,True,33,33,0
,003_bsn_13585850_20260712160000_seg_00612,003_bsn_13585850_20260712160000,SPEAKER_00,3175.6,3180.32,4.72,success,bsn行ったね、ちーちゃんとかあしゃん歌った。,success,bsn行ったねちーちゃんとかあしゃん歌った。,False,23,22,-1
,003_bsn_13585850_20260712160000_seg_00613,003_bsn_13585850_20260712160000,SPEAKER_01,3181.84,3182.48,0.64,success,あっそう。,success,あっそう!,False,5,5,0
,003_bsn_13585850_20260712160000_seg_00614,003_bsn_13585850_20260712160000,SPEAKER_00,3182.48,3186.32,3.84,success,暑い日が続くので、お2人とも熱中症に気をつけてください。,success,暑い日が続くのでお二人とも熱中症に気をつけてください。,False,28,27,-1
,003_bsn_13585850_20260712160000_seg_00615,003_bsn_13585850_20260712160000,SPEAKER_01,3186.64,3187.52,0.88,success,ええありがとうございます。,success,へいありがとうございます。,False,13,13,0
,003_bsn_13585850_20260712160000_seg_00616,003_bsn_13585850_20260712160000,SPEAKER_01,3191.76,3192.56,0.8,success,のはなしった。,success,なはなしった。,False,7,7,0
,003_bsn_13585850_20260712160000_seg_00617,003_bsn_13585850_20260712160000,SPEAKER_01,3193.28,3194.08,0.8,success,およかったよかった。,success,およかったよかった。,True,10,10,0
,003_bsn_13585850_20260712160000_seg_00618,003_bsn_13585850_20260712160000,SPEAKER_00,3194.24,3196.64,2.4,success,いずれ本当、別々で出るよね。,success,あれいずれ本当別々で出るよね。,False,14,15,1
,003_bsn_13585850_20260712160000_seg_00619,003_bsn_13585850_20260712160000,SPEAKER_00,3196.96,3198.56,1.6,success,母ちゃんと娘別々に。,success,母ちゃんと娘別々に。,True,10,10,0
,003_bsn_13585850_20260712160000_seg_00620,003_bsn_13585850_20260712160000,SPEAKER_01,3199.04,3202.32,3.28,success,ほんで娘は芸能界にデビューするなって。,success,ほんで娘は芸能界にデビューするなって。,True,19,19,0
,003_bsn_13585850_20260712160000_seg_00621,003_bsn_13585850_20260712160000,SPEAKER_01,3203.2,3204.32,1.12,success,たのしみだなぁ。,success,楽しみだなあ。,False,8,7,-1
,003_bsn_13585850_20260712160000_seg_00622,003_bsn_13585850_20260712160000,SPEAKER_02,3204.56,3206.0,1.44,success,中丸翔企画の何か。,success,中丸翔企画の何か。,True,9,9,0
,003_bsn_13585850_20260712160000_seg_00623,003_bsn_13585850_20260712160000,SPEAKER_01,3206.72,3208.24,1.52,success,今日はアイドルデビュー。,success,今日はアイドルデビュー。,True,12,12,0
,003_bsn_13585850_20260712160000_seg_00624,003_bsn_13585850_20260712160000,SPEAKER_00,3210.32,3213.52,3.2,success,今度私好きすぎてメッツ。,success,ねっ今度私好きすぎてメッツ。,False,12,14,2
,003_bsn_13585850_20260712160000_seg_00625,003_bsn_13585850_20260712160000,SPEAKER_00,3214.0,3216.16,2.16,success,振り付け覚えたいんですよね。,success,振り付け覚えたいんですよね。,True,14,14,0
,003_bsn_13585850_20260712160000_seg_00626,003_bsn_13585850_20260712160000,SPEAKER_01,3216.32,3218.32,2.0,success,あ覚えらせ。,success,あ覚えらっしゃい。,False,6,9,3
,003_bsn_13585850_20260712160000_seg_00627,003_bsn_13585850_20260712160000,SPEAKER_00,3219.04,3220.0,0.96,success,さんもどうですか一緒に。,success,さんもどうですか一緒に。,True,12,12,0
,003_bsn_13585850_20260712160000_seg_00628,003_bsn_13585850_20260712160000,SPEAKER_01,3220.0,3220.64,0.64,success,おれが。,success,あれが。,False,4,4,0
,003_bsn_13585850_20260712160000_seg_00629,003_bsn_13585850_20260712160000,SPEAKER_00,3220.72,3223.92,3.2,success,やっぱり今年を象徴するっていうか今年のやっぱりこう。,success,やっぱり今年を象徴するっていうか今年のやっぱりこう。,True,26,26,0
,003_bsn_13585850_20260712160000_seg_00630,003_bsn_13585850_20260712160000,SPEAKER_00,3224.4,3226.96,2.56,success,まあヒット曲の中に入ると思うので。,success,まあヒット曲の中に入ると思うので。,True,17,17,0
,003_bsn_13585850_20260712160000_seg_00631,003_bsn_13585850_20260712160000,SPEAKER_01,3228.32,3230.32,2.0,success,難しいんだ簡単だ。,success,難しいんだ簡単だ。,True,9,9,0
,003_bsn_13585850_20260712160000_seg_00632,003_bsn_13585850_20260712160000,SPEAKER_00,3230.48,3233.68,3.2,success,簡単っていうか最後のこのメツぐらいはポーズ。,success,簡単っていうか最後のこのメツぐらいはポーズ。,True,22,22,0
,003_bsn_13585850_20260712160000_seg_00633,003_bsn_13585850_20260712160000,SPEAKER_01,3233.76,3234.88,1.12,success,最後のポーズだけでいいや。,success,最後のポーズだけでいいや。,True,13,13,0
,003_bsn_13585850_20260712160000_seg_00634,003_bsn_13585850_20260712160000,SPEAKER_01,3238.32,3239.12,0.8,success,よしやる。,success,よしやる。,True,5,5,0
,003_bsn_13585850_20260712160000_seg_00635,003_bsn_13585850_20260712160000,SPEAKER_00,3240.8,3242.08,1.28,success,どなたか一緒にやってくださるか。,success,どなたか一緒にやって下さるか。,False,16,15,-1
,003_bsn_13585850_20260712160000_seg_00636,003_bsn_13585850_20260712160000,SPEAKER_01,3242.56,3244.08,1.52,success,どこ一緒に座って。,success,どうしてそうやって。,False,9,10,1
,003_bsn_13585850_20260712160000_seg_00637,003_bsn_13585850_20260712160000,SPEAKER_01,3244.48,3245.44,0.96,success,他人に振るんだろ?,success,他人に振るんだろ?,True,9,9,0
,003_bsn_13585850_20260712160000_seg_00638,003_bsn_13585850_20260712160000,SPEAKER_00,3245.92,3247.52,1.6,success,一緒にこれみんなでやれれば楽しい。,success,一緒にこれみんなでやれれば楽しいんですけど。,False,17,22,5
,003_bsn_13585850_20260712160000_seg_00639,003_bsn_13585850_20260712160000,SPEAKER_00,3250.48,3252.08,1.6,success,さあ今月のテーマですけれども。,success,さあ今月のテーマですけれども。,True,15,15,0
,003_bsn_13585850_20260712160000_seg_00640,003_bsn_13585850_20260712160000,SPEAKER_00,3252.4,3256.88,4.48,success,あなたの好きな冷たい甘いおいしい食べ物を教えて下さい。,success,あなたの好きな冷たい甘いおいしい食べ物を教えて下さい。,True,27,27,0
,003_bsn_13585850_20260712160000_seg_00641,003_bsn_13585850_20260712160000,SPEAKER_00,3257.92,3265.36,7.44,success,メールの方は楽アットマークohbsncombsnのホームページアプリからもお送りいただけます。,success,メールの方は楽アットマークohbsncombsnのホームページアプリからもお送りいただけます。,True,47,47,0
,003_bsn_13585850_20260712160000_seg_00642,003_bsn_13585850_20260712160000,SPEAKER_00,3265.76,3289.04,23.28,success,高村浩恵の痛快楽章ラジオ、この番組は折り鶴マークの西川運輸工業、安田建設、冠婚葬祭のvip、三日倉温泉ブナの宿こわせ、阿賀町、感動プレゼントのハミングツアー、新潟県事業承継引き継ぎ支援センター、フランスベッド、輪ノ内工業の提供でお送りしました。,success,高丸裕恵の痛快楽笑ラジオ、この番組は折り鶴マークの西川運輸工業安田建設、冠婚葬祭のvip三日倉温泉ブナの宿こわせ、阿賀町、感動プレゼントのハミングツアー、新潟県事業承継引き継ぎ支援センター、フランスベッド、輪ノ内工業の提供でお送りしました。,False,122,120,-2
,003_bsn_13585850_20260712160000_seg_00643,003_bsn_13585850_20260712160000,SPEAKER_03,3296.96,3299.68,2.72,success,どうしたらco2を出さずにできるか。,success,どうしたらcoを出さずにできるか。,False,18,17,-1
,003_bsn_13585850_20260712160000_seg_00644,003_bsn_13585850_20260712160000,SPEAKER_03,3302.8,3303.499854,0.7,success,今すぐ動こう。,success,今すぐ動こう。,True,7,7,0
,003_bsn_13585850_20260712160000_seg_00645,003_bsn_13585850_20260712160000,SPEAKER_03,3308.4,3310.08,1.68,success,bgメディアコンパクト。,success,pgメディアコンパクト。,False,12,12,0
,003_bsn_13585850_20260712160000_seg_00646,003_bsn_13585850_20260712160000,SPEAKER_01,3310.88,3312.619971,1.74,success,弱い者の力になりたいのです。,success,弱い者の力になりたいのです。,True,14,14,0
,003_bsn_13585850_20260712160000_seg_00647,003_bsn_13585850_20260712160000,SPEAKER_03,3315.44,3317.9,2.46,success,たったひとりの想いから始まったジャパンハート。,success,のたった一人の思いから始まったジャパンハート。,False,23,23,0
,003_bsn_13585850_20260712160000_seg_00648,003_bsn_13585850_20260712160000,SPEAKER_01,3322.48,3323.2,0.72,success,と助けたい。,success,人を助けたい。,False,6,7,1
,003_bsn_13585850_20260712160000_seg_00649,003_bsn_13585850_20260712160000,SPEAKER_00,3354.16,3355.44,1.28,success,高室さん。,success,高室さん。,True,5,5,0
,003_bsn_13585850_20260712160000_seg_00650,003_bsn_13585850_20260712160000,SPEAKER_00,3355.84,3356.4,0.56,success,リングでございます。,success,りんごでございます。,False,10,10,0
,003_bsn_13585850_20260712160000_seg_00651,003_bsn_13585850_20260712160000,SPEAKER_00,3357.84,3359.84,2.0,success,7月25日にラブラブ。,success,7月25日にラブラブ。,True,11,11,0
,003_bsn_13585850_20260712160000_seg_00652,003_bsn_13585850_20260712160000,SPEAKER_00,3360.08,3361.76,1.68,success,おやじのボウリング大会するんですけど。,success,おやじのボウリング大会するんですけど。,True,19,19,0
,003_bsn_13585850_20260712160000_seg_00653,003_bsn_13585850_20260712160000,SPEAKER_00,3362.4,3364.32,1.92,success,その練習として。,success,その練習として。,True,8,8,0
,003_bsn_13585850_20260712160000_seg_00654,003_bsn_13585850_20260712160000,SPEAKER_00,3364.56,3366.56,2.0,success,この前、高室さんとボウリングに行ってきたんですけど。,success,この前高室さんとボウリングに行ってきたんですけど。,False,26,25,-1
,003_bsn_13585850_20260712160000_seg_00655,003_bsn_13585850_20260712160000,SPEAKER_00,3367.12,3368.64,1.52,success,皆さん、聞いてください。,success,皆さん聞いてください。,False,12,11,-1
,003_bsn_13585850_20260712160000_seg_00656,003_bsn_13585850_20260712160000,SPEAKER_00,3368.96,3374.88,5.92,success,赤?? さん、2ゲームやって両方とも100超えしたんですよ。,success,孝 ?? さん2ゲームやって両方とも100超えしたんですよ。,False,30,30,0
,003_bsn_13585850_20260712160000_seg_00657,003_bsn_13585850_20260712160000,SPEAKER_00,3375.84,3377.12,1.28,success,びっくりしました。,success,びっくりしました。,True,9,9,0
,003_bsn_13585850_20260712160000_seg_00658,003_bsn_13585850_20260712160000,SPEAKER_01,3377.12,3378.16,1.04,success,人が聞いてりゃさ。,success,人が聞いたらさ。,False,9,8,-1
,003_bsn_13585850_20260712160000_seg_00659,003_bsn_13585850_20260712160000,SPEAKER_01,3378.4,3379.76,1.36,success,100超えして。,success,100超えして。,True,8,8,0
,003_bsn_13585850_20260712160000_seg_00660,003_bsn_13585850_20260712160000,SPEAKER_01,3380.0,3382.64,2.64,success,そんなにどうして驚いてるんだと、レベルが低いんじゃねえかと。,success,あんなにどうして驚いてんだとレベルが低いんじゃねえかと思った。,False,30,31,1
,003_bsn_13585850_20260712160000_seg_00661,003_bsn_13585850_20260712160000,SPEAKER_00,3383.12,3387.92,4.8,success,75歳で2ゲームやって、両方とも100超えしたんですよ。,success,75歳で2ゲームやって両方とも100超えしたんですよ。,False,28,27,-1
,003_bsn_13585850_20260712160000_seg_00662,003_bsn_13585850_20260712160000,SPEAKER_01,3388.0,3389.52,1.52,success,去年は100円いらなかったんだから。,success,去年は100円いらなかったんだから。,True,18,18,0
,003_bsn_13585850_20260712160000_seg_00663,003_bsn_13585850_20260712160000,SPEAKER_00,3389.92,3393.12,3.2,success,つかなかったしまあ本当1ゲームやるのが精いっぱいだった。,success,はっかなかったしまあ本当1ゲームやるのが精いっぱいだった。,False,28,29,1
,003_bsn_13585850_20260712160000_seg_00664,003_bsn_13585850_20260712160000,SPEAKER_00,3394.24,3395.6,1.36,success,もうボール後ろにそらしてました。,success,もうボール後ろにそらしてました。,True,16,16,0
,003_bsn_13585850_20260712160000_seg_00665,003_bsn_13585850_20260712160000,SPEAKER_01,3396.08,3397.2,1.12,success,そうそうそうそう。,success,そうそうそうそう。,True,9,9,0
,003_bsn_13585850_20260712160000_seg_00666,003_bsn_13585850_20260712160000,SPEAKER_00,3398.32,3400.56,2.24,success,慎太郎さん、本当、体力ついてます。,success,万太郎さん本当体力ついてます?,False,17,15,-2
,003_bsn_13585850_20260712160000_seg_00667,003_bsn_13585850_20260712160000,SPEAKER_01,3400.72,3403.04,2.32,success,なんたって筋トレをしてるから。,success,何たって筋トレをしてるから。,False,15,14,-1
,003_bsn_13585850_20260712160000_seg_00668,003_bsn_13585850_20260712160000,SPEAKER_00,3404.08,3406.4,2.32,success,そうまいにちコツコツやってるってすごいよね。,success,そう毎日コツコツやってるってすごい。,False,22,18,-4
,003_bsn_13585850_20260712160000_seg_00669,003_bsn_13585850_20260712160000,SPEAKER_00,3406.96,3407.52,0.56,success,と思いました。,success,と思いました。,True,7,7,0
,003_bsn_13585850_20260712160000_seg_00670,003_bsn_13585850_20260712160000,SPEAKER_01,3407.84,3409.12,1.28,success,自分でもびっくりした、あれ。,success,自分でもびっくりしたあれ。,False,14,13,-1
,003_bsn_13585850_20260712160000_seg_00671,003_bsn_13585850_20260712160000,SPEAKER_01,3410.24,3410.96,0.72,success,うん。,success,うん。,True,3,3,0
,003_bsn_13585850_20260712160000_seg_00672,003_bsn_13585850_20260712160000,SPEAKER_00,3411.2,3414.0,2.8,success,だからそのボウリングやった2ゲームやった翌日も。,success,だからそのボウリングやった2ゲームやった翌日も。,True,24,24,0
,003_bsn_13585850_20260712160000_seg_00673,003_bsn_13585850_20260712160000,SPEAKER_01,3414.8,3415.84,1.04,success,非常にあの。,success,非常にあの。,True,6,6,0
,003_bsn_13585850_20260712160000_seg_00674,003_bsn_13585850_20260712160000,SPEAKER_00,3417.6,3419.28,1.68,success,高丸さん、筋トレ何やってんですか?,success,高丸さん筋トレ何やってんですか?,False,17,16,-1
,003_bsn_13585850_20260712160000_seg_00675,003_bsn_13585850_20260712160000,SPEAKER_01,3419.52,3421.12,1.6,success,あのあのほらダンベル。,success,あのあのほらダンベル。,True,11,11,0
,003_bsn_13585850_20260712160000_seg_00676,003_bsn_13585850_20260712160000,SPEAKER_00,3421.12,3422.0,0.88,success,あっダンベルね。,success,あっダンベルね。,True,8,8,0
,003_bsn_13585850_20260712160000_seg_00677,003_bsn_13585850_20260712160000,SPEAKER_01,3423.12,3424.48,1.36,success,大した重さじゃないんだけども。,success,大した重さじゃねえんだけども。,False,15,15,0
,003_bsn_13585850_20260712160000_seg_00678,003_bsn_13585850_20260712160000,SPEAKER_01,3425.44,3427.2,1.76,success,そんなはっきり言わないで。,success,あっそんなはっきり言わないで下さい。,False,13,18,5
,003_bsn_13585850_20260712160000_seg_00679,003_bsn_13585850_20260712160000,SPEAKER_01,3427.6,3431.36,3.76,success,2級くらいでやってんからって言われてるからそうほんでそれを2つ。,success,日給会でやってんからって言われてるからそうほんでそれを2つ。,False,32,30,-2
,003_bsn_13585850_20260712160000_seg_00680,003_bsn_13585850_20260712160000,SPEAKER_01,3433.44,3434.16,0.72,success,やってる。,success,でやってる。,False,5,6,1
,003_bsn_13585850_20260712160000_seg_00681,003_bsn_13585850_20260712160000,SPEAKER_00,3434.72,3435.84,1.12,success,それを毎日やってんだよ。,success,それを毎日やってんだよ。,True,12,12,0
,003_bsn_13585850_20260712160000_seg_00682,003_bsn_13585850_20260712160000,SPEAKER_00,3437.28,3437.84,0.56,success,立ってんの?,success,立ってんの?,True,6,6,0
,003_bsn_13585850_20260712160000_seg_00683,003_bsn_13585850_20260712160000,SPEAKER_01,3440.88,3442.08,1.2,success,いや50回50回。,success,いや50回50回。,True,9,9,0
,003_bsn_13585850_20260712160000_seg_00684,003_bsn_13585850_20260712160000,SPEAKER_00,3442.16,3444.88,2.72,success,50回、50回、えー、それをやってる、毎日。,success,50回50回えそれをやってる毎日。,False,22,17,-5
,003_bsn_13585850_20260712160000_seg_00685,003_bsn_13585850_20260712160000,SPEAKER_00,3447.2,3448.32,1.12,success,netflix見ながら。,success,netflix見ながら。,True,12,12,0
,003_bsn_13585850_20260712160000_seg_00686,003_bsn_13585850_20260712160000,SPEAKER_01,3448.4,3449.04,0.64,success,えっといよっ。,success,別途いよいよ。,False,7,7,0
,003_bsn_13585850_20260712160000_seg_00687,003_bsn_13585850_20260712160000,SPEAKER_01,3449.76,3450.96,1.2,success,寝室で。,success,あれ寝室で。,False,4,6,2
,003_bsn_13585850_20260712160000_seg_00688,003_bsn_13585850_20260712160000,SPEAKER_00,3452.08,3453.28,1.2,success,チーズ黙々と。,success,死んで黙々と。,False,7,7,0
,003_bsn_13585850_20260712160000_seg_00689,003_bsn_13585850_20260712160000,SPEAKER_01,3453.6,3454.32,0.72,success,黙とうやってるの?,success,黙とうへっていうのは?,False,9,11,2
,003_bsn_13585850_20260712160000_seg_00690,003_bsn_13585850_20260712160000,SPEAKER_01,3456.08,3464.08,8.0,success,だからね去年のボウリング大会の時の自分がボウリング投げてる時の体の感覚と前回やった時全然違う。,success,だからね去年のあのボウリング大会の時の自分がボウリング投げてる時の体の感覚と前回やった時全然違う。,False,47,49,2
,003_bsn_13585850_20260712160000_seg_00691,003_bsn_13585850_20260712160000,SPEAKER_00,3464.24,3465.36,1.12,success,そうですか。,success,あっそうですか。,False,6,8,2
,003_bsn_13585850_20260712160000_seg_00692,003_bsn_13585850_20260712160000,SPEAKER_01,3481.36,3482.56,1.2,success,キャンセルだぜ。,success,キャンセルだぜ。,True,8,8,0
,003_bsn_13585850_20260712160000_seg_00693,003_bsn_13585850_20260712160000,SPEAKER_01,3491.52,3493.099951,1.58,success,あんまり申し込みねえんだもん。,success,こんな申し込みねえんだもん。,False,15,14,-1
,003_bsn_13585850_20260712160000_seg_00694,003_bsn_13585850_20260712160000,SPEAKER_00,3495.28,3495.979834,0.7,success,初めての方も!,success,はじめての方も!,False,7,8,1
,003_bsn_13585850_20260712160000_seg_00695,003_bsn_13585850_20260712160000,SPEAKER_01,3498.16,3498.859961,0.7,success,ブレームいいか?,success,ルブリウムいいか?,False,8,9,1
,003_bsn_13585850_20260712160000_seg_00696,003_bsn_13585850_20260712160000,SPEAKER_00,3503.28,3504.8,1.52,success,75歳超えてても大丈夫。,success,75歳超えてても大丈夫。,True,12,12,0
,003_bsn_13585850_20260712160000_seg_00697,003_bsn_13585850_20260712160000,SPEAKER_00,3508.8,3509.76,0.96,success,携帯番号です。,success,携帯番号です。,True,7,7,0
,003_bsn_13585850_20260712160000_seg_00698,003_bsn_13585850_20260712160000,SPEAKER_01,3509.84,3510.64,0.8,success,はい090。,success,はい090。,True,6,6,0
,003_bsn_13585850_20260712160000_seg_00699,003_bsn_13585850_20260712160000,SPEAKER_01,3510.96,3511.92,0.96,success,1038。,success,シゼロ38。,False,5,6,1
,003_bsn_13585850_20260712160000_seg_00700,003_bsn_13585850_20260712160000,SPEAKER_01,3512.32,3512.96,0.64,success,6四。,success,64。,False,3,3,0
,003_bsn_13585850_20260712160000_seg_00701,003_bsn_13585850_20260712160000,SPEAKER_01,3513.2,3514.699805,1.5,success,901038。,success,901038。,True,7,7,0
,003_bsn_13585850_20260712160000_seg_00702,003_bsn_13585850_20260712160000,SPEAKER_00,3529.299951,3530.059912,0.76,success,恋の痛快だ。,success,いろいろ痛快なアクション。,False,6,13,7
,003_bsn_13585850_20260712160000_seg_00703,003_bsn_13585850_20260712160000,SPEAKER_03,3540.4,3542.32,1.92,success,仲間と笑い、仲間と強く。,success,仲間と笑い、仲間と強く。,True,12,12,0
,003_bsn_13585850_20260712160000_seg_00704,003_bsn_13585850_20260712160000,SPEAKER_03,3546.8,3548.64,1.84,success,第24回新潟県。,success,第24回新潟県。,True,8,8,0
,003_bsn_13585850_20260712160000_seg_00705,003_bsn_13585850_20260712160000,SPEAKER_03,3550.64,3551.52,0.88,success,絶戦開催中。,success,絶賛開催中!,False,6,6,0
,003_bsn_13585850_20260712160000_seg_00706,003_bsn_13585850_20260712160000,SPEAKER_03,3553.68,3554.24,0.56,success,ルーソール。,success,クセ相口。,False,6,5,-1
,003_bsn_13585850_20260712160000_seg_00707,003_bsn_13585850_20260712160000,SPEAKER_02,3566.32,3569.04,2.72,success,勝って頑張る子どもたちを応援しています。,success,夢に向かって頑張る子どもたちを応援しています!,False,20,23,3
,003_bsn_13585850_20260712160000_seg_00708,003_bsn_13585850_20260712160000,SPEAKER_03,3575.28,3579.979834,4.7,success,雨漏り外壁塗装の悩みは長持ち塗装の真相へご相談ください。,success,雨漏り外壁塗装の悩みは長持塗装の真相へご相談ください。,False,28,27,-1
,003_bsn_13585850_20260712160000_seg_00709,003_bsn_13585850_20260712160000,SPEAKER_03,3598.419824,3599.36,0.94,success,お知らせします。,success,知らせします。,False,8,7,-1
