segment_index,segment_id,target_id,speaker,start_sec,end_sec,duration_sec,parakeet_exact_status,parakeet_exact_text,parakeet_silence2_status,parakeet_silence2_text,texts_match,exact_chars,silence2_chars,char_diff
,007_obc_13593053_20260713230000_seg_00000,007_obc_13593053_20260713230000,SPEAKER_00,3.04,14.56,11.52,success,好奇心が開花するエンターテインメントの懸け橋桜橋919、この時間はおめくり芸人しんいちが東京の三 ?? スタジオから生放送でお送りしていきます。,success,こんばんは、おめくり芸人しんいちです好奇心が開花するエンターテインメントの懸け橋、桜橋919、この時間はおめくり芸人しんいちが東京の三 ?? スタジオから生放送でお送りしていきます。,False,72,91,19
,007_obc_13593053_20260713230000_seg_00001,007_obc_13593053_20260713230000,SPEAKER_00,16.4,17.76,1.36,success,ワールドカップが。,success,ワールドカップが。,True,9,9,0
,007_obc_13593053_20260713230000_seg_00002,007_obc_13593053_20260713230000,SPEAKER_00,18.08,20.96,2.88,success,さらに3か国増えるらしい。,success,更に3か国増えるらしい。,False,13,12,-1
,007_obc_13593053_20260713230000_seg_00003,007_obc_13593053_20260713230000,SPEAKER_00,21.2,25.68,4.48,success,らしい、まあ、あくまでうわさなんですけど、まあ、そうらしいっすね。,success,らしいまああくまでうわさなんですけどまあそうらしいっすね。,False,33,29,-4
,007_obc_13593053_20260713230000_seg_00004,007_obc_13593053_20260713230000,SPEAKER_00,27.04,29.84,2.8,success,っていうかさ、フランス強ない?,success,ていうかさフランス強ない?,False,15,13,-2
,007_obc_13593053_20260713230000_seg_00005,007_obc_13593053_20260713230000,SPEAKER_00,31.28,46.72,15.44,success,みんな見てます、ワールドカップ、チェックしてますか、ベスト4がそろいましたね、フランス、スペイン、イングランド、アルゼンチンということで、フランスとスペインが戦います、15日に。,success,みんな見てます、ワールドカップ、チェックしてますか、ベストフォーがそろいましたね、フランス、スペイン、イングランド、アルゼンチンということで、フランスとスペインが戦います、15日に。,False,89,91,2
,007_obc_13593053_20260713230000_seg_00006,007_obc_13593053_20260713230000,SPEAKER_00,47.2,57.6,10.4,success,そしてイングランドとアルゼンチンが16日に戦います、準決勝ですね、これはなんかもう、結局、ここが上がってきたかという。,success,そしてイングランドとアルゼンチンが16日に戦います、準決勝ですね、これはなんかもう、結局、ここが上がってきたかという。,True,59,59,0
,007_obc_13593053_20260713230000_seg_00007,007_obc_13593053_20260713230000,SPEAKER_00,58.08,60.32,2.24,success,4国ですね。,success,四国ですね。,False,6,6,0
,007_obc_13593053_20260713230000_seg_00008,007_obc_13593053_20260713230000,SPEAKER_00,60.72,62.88,2.16,success,すごいなめっちゃ。,success,すごいなめっちゃ。,True,9,9,0
,007_obc_13593053_20260713230000_seg_00009,007_obc_13593053_20260713230000,SPEAKER_00,63.12,73.04,9.92,success,優勝予想、選手とかもやってたんですけども、そうですね、フランスが私、優勝予想してます。,success,優勝予想、選手とかもやってたんですけども、そうですね、フランスが私、優勝予想してます。,True,43,43,0
,007_obc_13593053_20260713230000_seg_00010,007_obc_13593053_20260713230000,SPEAKER_00,73.92,76.16,2.24,success,そして、あっ。,success,そして、あっ。,True,7,7,0
,007_obc_13593053_20260713230000_seg_00011,007_obc_13593053_20260713230000,SPEAKER_00,77.12,78.4,1.28,success,フランス、イングランドね。,success,フランスイングランドで。,False,13,12,-1
,007_obc_13593053_20260713230000_seg_00012,007_obc_13593053_20260713230000,SPEAKER_01,78.64,82.96,4.32,success,プラス2点ぐらいの1点、エムバペ2ゴールがそうってことですね。,success,プラス2点イングランド1点エムバペ2ゴールがそうってことですよね。,False,31,33,2
,007_obc_13593053_20260713230000_seg_00013,007_obc_13593053_20260713230000,SPEAKER_01,84.56,85.44,0.88,success,先週言ってた。,success,先週言ってた。,True,7,7,0
,007_obc_13593053_20260713230000_seg_00014,007_obc_13593053_20260713230000,SPEAKER_00,85.68,87.36,1.68,success,出てたやつね、はいはいはいはいはい。,success,言ってたやつねはいはいはいはいはい。,False,18,18,0
,007_obc_13593053_20260713230000_seg_00015,007_obc_13593053_20260713230000,SPEAKER_00,87.68,102.56,14.88,success,外したら?? 々苑弁当、そうそうそう、そうやそうや、フランス、イングランドね、決勝って言っててんけども、2対1で、エムバペが2ゴールということで、外したら?? 々苑弁当って言ってるねんけども、え。,success,はい、外したら?? 々苑弁当、そうそうそう、そうやそうや、フランス、イングランドね、決勝って言っててんけども、2対1で、エムバペが2ゴールということで、外したら?? 々苑弁当って言ってるねんけども、え。,False,98,101,3
,007_obc_13593053_20260713230000_seg_00016,007_obc_13593053_20260713230000,SPEAKER_00,103.6,115.84,12.24,success,まだあるよ、だって、イングランド残ってるし、アルゼンチン、だから次、だから、あっち側の島で、イングランド、アルゼンチンで、あのメッシ様がいるアルゼンチンにイングランド。,success,まだあるよ、だって、イングランド残ってるし、アルゼンチン、だから次、だから、あっち側の島で、イングランド、アルゼンチンで、あのメッシ様がいるアルゼンチンにイングランド。,True,84,84,0
,007_obc_13593053_20260713230000_seg_00017,007_obc_13593053_20260713230000,SPEAKER_00,116.32,149.6,33.28,success,ベリンガム、ケインのいるイングランドが勝てば、この線、濃厚、まずその前にフランスがスペインに勝たないといけないという、これ、もうどこと当たってもどれも強いから、もうなんか、楽なやつないから、あれやけども、にしてもフランスがちょっと強いかなという感じですけども、先週からですね、作家の阿郷君が、ノルウェー優勝あると思うんすよね、決勝あると思うんすよねというのを、3週間ぐらい前から言ってた、それが消えまして。,success,ベリンガム、ケインのいるイングランドが勝てば、この線濃厚、まずその前にフランスがスペインに勝たないといけないという、これ、もうどこと当たってもどれも強いから、もうなんか、楽なやつないから、あれやけども、にしてもフランスがちょっと強いかなという感じですけども、先週からですね、作家の阿郷君が、ノルウェー優勝あると思うんすよね、決勝あると思うんすよねというのを、3週間ぐらい前から言ってた、それがついえまして。,False,203,203,0
,007_obc_13593053_20260713230000_seg_00018,007_obc_13593053_20260713230000,SPEAKER_00,151.28,160.16,8.88,success,それがもうベスト8止まりということでいやまあ強かったからな。,success,それがもうはいベスト8止まりということでいやまあ強かったからな。,False,30,32,2
,007_obc_13593053_20260713230000_seg_00019,007_obc_13593053_20260713230000,SPEAKER_00,160.4,162.72,2.32,success,イングランド、強いね。,success,イングランド、強いね。,True,11,11,0
,007_obc_13593053_20260713230000_seg_00020,007_obc_13593053_20260713230000,SPEAKER_00,163.52,166.0,2.48,success,うんあっ見た?90分。,success,うんあっ見た?90分。,True,11,11,0
,007_obc_13593053_20260713230000_seg_00021,007_obc_13593053_20260713230000,SPEAKER_00,166.72,171.36,4.64,success,全部見れてない、ハイライト、ロングハイライトみたいなね、あんなんで見れるけども。,success,全部見れてないハイライトロングハイライトみたいなねあんなんで見れるけども。,False,40,37,-3
,007_obc_13593053_20260713230000_seg_00022,007_obc_13593053_20260713230000,SPEAKER_00,174.32,179.84,5.52,success,ちょっとノルウェーというかすごかったねスタジアムのノルウェーのあの。,success,ちょっとノルウェーというかすごかったね、スタジアムのノルウェーのあの。,False,34,35,1
,007_obc_13593053_20260713230000_seg_00023,007_obc_13593053_20260713230000,SPEAKER_00,180.72,186.24,5.52,success,イングランドも赤いユニフォームとかあったからあれむずいねんけどイングランドは大体白でいくか。,success,あれまあイングランドも赤いユニフォームとかあったからあれむずいねんけどまあイングランドは大体白でいくか。,False,46,52,6
,007_obc_13593053_20260713230000_seg_00024,007_obc_13593053_20260713230000,SPEAKER_00,186.48,194.56,8.08,success,アウェーユニホーム、赤とかあったから、ちょっと似たりしてんねんけど、ほぼほぼ、ちょっとノルウェーサポーターすごかったね。,success,アウエーユニホーム、赤とかあったから、ちょっと似たりしてんねんけど、ほぼほぼ、ちょっとノルウェーサポーターすごかったね。,False,60,60,0
,007_obc_13593053_20260713230000_seg_00025,007_obc_13593053_20260713230000,SPEAKER_01,194.72,196.0,1.28,success,もう世界中が。,success,もう世界中が。,True,7,7,0
,007_obc_13593053_20260713230000_seg_00026,007_obc_13593053_20260713230000,SPEAKER_00,197.2,203.04,5.84,success,みんなやりたいんや、あれな、うー、うーみたいなやつですね、太鼓たたいてやるやつですね、うーって言うんですね。,success,みんなやりたいんや、あれな、うー、うーみたいなやつですね、太鼓たたいてやるんですね、うーって言うんですね。,False,54,53,-1
,007_obc_13593053_20260713230000_seg_00027,007_obc_13593053_20260713230000,SPEAKER_00,203.6,204.24,0.64,success,あれ。,success,あれ。,True,3,3,0
,007_obc_13593053_20260713230000_seg_00028,007_obc_13593053_20260713230000,SPEAKER_00,204.72,210.88,6.16,success,それぐらいちょっとノルウェーの勢いいくかなと思った。,success,それぐらいちょっとノルウェーの勢いいくかなと思った。,True,26,26,0
,007_obc_13593053_20260713230000_seg_00029,007_obc_13593053_20260713230000,SPEAKER_00,211.12,211.92,0.8,success,ちょっと。,success,ちょっと。,True,5,5,0
,007_obc_13593053_20260713230000_seg_00030,007_obc_13593053_20260713230000,SPEAKER_00,212.16,216.56,4.4,success,あれがゴールならなかったとかっていうのが、何回かあって。,success,あれがゴールにならなかったとかっていうのが何回かあって。,False,28,28,0
,007_obc_13593053_20260713230000_seg_00031,007_obc_13593053_20260713230000,SPEAKER_00,217.04,220.96,3.92,success,あと入ったけど取り消しとかもあったり。,success,あと入ったけど取り消しとかもあったり。,True,19,19,0
,007_obc_13593053_20260713230000_seg_00032,007_obc_13593053_20260713230000,SPEAKER_00,222.0,230.4,8.4,success,残念ということで吾郷君は外れました僕は今残ってます。,success,うんまあ残念ということで阿郷君は外れました僕は今残ってます。,False,26,30,4
,007_obc_13593053_20260713230000_seg_00033,007_obc_13593053_20260713230000,SPEAKER_00,230.72,234.8,4.08,success,えっ、吾生君、なんか言うてなかった、なんもない、あの、うん。,success,えっ吾生くん何か言うてなかった?,False,30,16,-14
,007_obc_13593053_20260713230000_seg_00034,007_obc_13593053_20260713230000,SPEAKER_00,235.36,236.32,0.96,success,どっちかが。,success,どっちかが。,True,6,6,0
,007_obc_13593053_20260713230000_seg_00035,007_obc_13593053_20260713230000,SPEAKER_00,236.8,238.24,1.44,success,当たったらいいんやったっけこれ。,success,当たったらいいんやったっけこれ。,True,16,16,0
,007_obc_13593053_20260713230000_seg_00036,007_obc_13593053_20260713230000,SPEAKER_00,239.36,240.88,1.52,success,いやいやじゃああのあれやったで。,success,いやいやじゃああのあれやったで。,True,16,16,0
,007_obc_13593053_20260713230000_seg_00037,007_obc_13593053_20260713230000,SPEAKER_00,241.12,242.16,1.04,success,あの。,success,あの。,True,3,3,0
,007_obc_13593053_20260713230000_seg_00038,007_obc_13593053_20260713230000,SPEAKER_00,243.12,244.8,1.68,success,俺が覚えてるかぎりで言うな。,success,俺が覚えてるかぎりで言うな。,True,14,14,0
,007_obc_13593053_20260713230000_seg_00039,007_obc_13593053_20260713230000,SPEAKER_00,245.76,248.48,2.72,success,なんか眉毛そろう言うてなかったっけ?,success,何か眉毛そろう言うてなかったっけ?,False,18,17,-1
,007_obc_13593053_20260713230000_seg_00040,007_obc_13593053_20260713230000,SPEAKER_00,250.72,256.32,5.6,success,いや、いや、怖いからええけど、やらんでもええけど、なんか、そんなことを言うてた。,success,いや、いや、怖いからええけど、やらんでもええけど、なんか、そんなことを言うてた。,True,40,40,0
,007_obc_13593053_20260713230000_seg_00041,007_obc_13593053_20260713230000,SPEAKER_00,257.2,288.8,31.6,success,別にやってほしいと思わんし、いやいや、やれやってならんねんけど、別に別にいいし、なんかそんななんかきてれつなことは言うてた、なんか眉毛半分そりますみたいな、なんか、なんでそんなん言うん?と思ってたけど、俺も、俺にプラスがないし、そう、なんか、なんか買ってきてくれるんかなとか、そういうことでもないから、とりあえず俺は今、優勝予想ね、フランス、イングランドね。,success,別にやってほしいと思わんし、いやいや、やれやってならんねんけど、別に別にいいし、なんか、そんななんかきてれつなことは言うてた、なんか眉毛半分そりますみたいな、なんか、なんでそんなん言うん?と思ってたけど、俺も、俺にプラスがないし、そう、なんか、なんか買ってきてくれるんかなとか、そういうことでもないから、とりあえず俺は今、優勝予想ね、フランス、イングランドね。,False,179,180,1
,007_obc_13593053_20260713230000_seg_00042,007_obc_13593053_20260713230000,SPEAKER_01,288.88,289.44,0.56,success,でもこれは。,success,でもこれは。,True,6,6,0
,007_obc_13593053_20260713230000_seg_00043,007_obc_13593053_20260713230000,SPEAKER_01,290.32,292.8,2.48,success,初優勝があまりにも堅すぎるから。,success,という表現があまりにも固すぎるから。,False,16,18,2
,007_obc_13593053_20260713230000_seg_00044,007_obc_13593053_20260713230000,SPEAKER_01,295.44,297.6,2.16,success,対戦相手スコアは誰が決めるか。,success,対戦相手スコアは誰が決めるか。,True,15,15,0
,007_obc_13593053_20260713230000_seg_00045,007_obc_13593053_20260713230000,SPEAKER_00,298.32,302.64,4.32,success,めっちゃむずいやん、これ、俺、俺、俺、一番むずいことやってんで、俺。,success,めっちゃむずいやん、これ、俺、俺、一番むずいことやってんで、俺。,False,34,32,-2
,007_obc_13593053_20260713230000_seg_00046,007_obc_13593053_20260713230000,SPEAKER_00,303.44,304.96,1.52,success,硬いって言ってもさ。,success,いや硬いって言ってもさ。,False,10,12,2
,007_obc_13593053_20260713230000_seg_00047,007_obc_13593053_20260713230000,SPEAKER_01,304.96,306.16,1.2,success,それでも課題か。,success,それでも課題か。,True,8,8,0
,007_obc_13593053_20260713230000_seg_00048,007_obc_13593053_20260713230000,SPEAKER_00,306.16,312.48,6.32,success,とはいえ、分からんで、こんなん、相手、スペインとさ、次、決勝でアルゼンチンかイングランドやろ。,success,とはいえ、分からんで、こんなん、相手、スペインとさ、次、決勝でアルゼンチンかイングランドやろ。,True,47,47,0
,007_obc_13593053_20260713230000_seg_00049,007_obc_13593053_20260713230000,SPEAKER_00,312.8,314.08,1.28,success,分からんで、こんなん。,success,分からんでこんなん。,False,11,10,-1
,007_obc_13593053_20260713230000_seg_00050,007_obc_13593053_20260713230000,SPEAKER_01,316.08,317.52,1.44,success,歩が負けたらどうします?,success,僕が負けたらどうします?,False,12,12,0
,007_obc_13593053_20260713230000_seg_00051,007_obc_13593053_20260713230000,SPEAKER_00,317.6,320.24,2.64,success,フランス負けたらもうやばいよ、もう、俺。,success,フランス負けたらもうやばいよもう俺。,False,20,18,-2
,007_obc_13593053_20260713230000_seg_00052,007_obc_13593053_20260713230000,SPEAKER_00,322.32,325.52,3.2,success,ジョジョイベント、俺、損すぎるで、これ、これ、なんか俺。,success,ジョジョイベント俺損すぎるでこれこれ何か俺。,False,28,22,-6
,007_obc_13593053_20260713230000_seg_00053,007_obc_13593053_20260713230000,SPEAKER_01,325.52,327.36,1.84,success,フランスって言うってことは、そういうことですか?,success,フランスって言うっていうことはそういうことですか?,False,24,25,1
,007_obc_13593053_20260713230000_seg_00054,007_obc_13593053_20260713230000,SPEAKER_00,329.92,332.24,2.32,success,フランス言うってことはそういうことなん?,success,フランス言うってことはそういうことなの?,False,20,20,0
,007_obc_13593053_20260713230000_seg_00055,007_obc_13593053_20260713230000,SPEAKER_01,332.24,334.0,1.76,success,1てん1倍を言ってるだけだから。,success,1てん1倍を言ってるだけだから。,True,16,16,0
,007_obc_13593053_20260713230000_seg_00056,007_obc_13593053_20260713230000,SPEAKER_00,334.4,338.08,3.68,success,まあな、おっつな、おっつな。,success,まあなおっつなうおっつな。,False,14,13,-1
,007_obc_13593053_20260713230000_seg_00057,007_obc_13593053_20260713230000,SPEAKER_00,339.92,360.4,20.48,success,いや、いやいやいや、でもさ、ちょっとこれさ、いや、確かに、フランスの1てん1倍もなんか納得できんねんけど、なんて言ったらええんかな、予想しようって言いだしたんって、ノルウェーが決勝トーナメント上がってからやって言いだしたやん、それもずるいで。,success,いや、いやいやいや、でもさ、ちょっとこれさ、いや、確かに、フランスの1てん1倍もなんか納得できんねんけど、その、なんて言ったらええんかな、予想しようって言いだしたんって、ノルウェーが決勝トーナメント上がってから言いだしたやん、それもずるいで。,False,121,121,0
,007_obc_13593053_20260713230000_seg_00058,007_obc_13593053_20260713230000,SPEAKER_00,360.64,375.2,14.56,success,なんか別にさ、いや、ノルウェー、いや、おもろかったやん、めっちゃ、大会始まる前から言っててくれたら、いや、すげえ、すげえなって、いい予想してたねってなんねんけど、決勝トーナメントから。,success,なんか別にさ、いや、ノルウェー、いや、おもろかったやん、めっちゃ、大会始まる前から言っててくれたら、いや、すげえ、すげえなって、いい予想してたねってなんねんけど、決勝トーナメントから。,True,92,92,0
,007_obc_13593053_20260713230000_seg_00059,007_obc_13593053_20260713230000,SPEAKER_00,376.08,400.8,24.72,success,違う、違う、違う、予想しましょうというか、このなんか ?? 々苑とかね、っていうことをね、言ってたら、なんか分かるけど、決勝トーナメントあたりから、肩ぶん回して、いや、ノルウェー強いとかって、急にね、いや、言うてた、確かに、言うてたけど、なんか声を大きくして言いだしたやん、あれ、あるぞって、急に思い出したんやろ、ほななくなってんな。,success,いや、ちゃうちゃうちゃう、予想しましょうというか、このなんか、 ?? 々苑とかね、っていうことをね、言ってたら、なんか分かるけど、決勝トーナメントあたりから、肩ぶん回して、いや、ノルウェー強いとかって、急にね、いや、言うてた、確かに、言うてたけど、なんか声を大きくして言いだしたやん、あれ、あるぞって、急に思い出したやろ、ほななくなってんな。,False,167,171,4
,007_obc_13593053_20260713230000_seg_00060,007_obc_13593053_20260713230000,SPEAKER_00,404.08,409.2,5.12,success,すぐ負けた、予想したら負けた、予想したらおもんない。,success,すぐ負けた予想したら負けた予想したらおもんない。,False,26,24,-2
,007_obc_13593053_20260713230000_seg_00061,007_obc_13593053_20260713230000,SPEAKER_00,410.8,413.84,3.04,success,楽しかったのに、あんなに決勝トーナメントな。,success,楽しかったのにあんなに決勝トーナメントな。,False,22,21,-1
,007_obc_13593053_20260713230000_seg_00062,007_obc_13593053_20260713230000,SPEAKER_00,414.32,423.2,8.88,success,あんな楽しかったのにな、ノルウェー、いや、でもノルウェー、夢見させてもらえたな、確かにノルウェーはみんな好きになったな、ファン増えたやろうな。,success,あんな楽しかったのにな、ノルウェー、いや、でもノルウェー、夢見させてもらえたな、確かにノルウェーはみんな好きになったな、ファン増えたやろな。,False,71,70,-1
,007_obc_13593053_20260713230000_seg_00063,007_obc_13593053_20260713230000,SPEAKER_00,423.92,425.04,1.12,success,知ってる?,success,知ってる?,True,5,5,0
,007_obc_13593053_20260713230000_seg_00064,007_obc_13593053_20260713230000,SPEAKER_00,426.0,427.2,1.2,success,rgさんか。,success,rgさんか。,True,6,6,0
,007_obc_13593053_20260713230000_seg_00065,007_obc_13593053_20260713230000,SPEAKER_00,427.52,430.16,2.64,success,悪い時代がハーラントのものまねしたりしちゃって。,success,ルジさんがハーラントのモノマネしたりもしちゃって。,False,24,25,1
,007_obc_13593053_20260713230000_seg_00066,007_obc_13593053_20260713230000,SPEAKER_00,431.68,433.04,1.36,success,ちょ見て、x。,success,ちょっ見てx。,False,7,7,0
,007_obc_13593053_20260713230000_seg_00067,007_obc_13593053_20260713230000,SPEAKER_00,433.52,437.52,4.0,success,めっちゃおもろいから、ちゃうねん、ちゃうねん、早いっていうか、あれ。,success,めっちゃおもろいからちゃうねんちゃうで速いっていうかあれ?,False,34,29,-5
,007_obc_13593053_20260713230000_seg_00068,007_obc_13593053_20260713230000,SPEAKER_00,438.24,440.8,2.56,success,何週間前からやってたっけな。,success,何週間前からやってたっけな。,True,14,14,0
,007_obc_13593053_20260713230000_seg_00069,007_obc_13593053_20260713230000,SPEAKER_00,442.0,447.12,5.12,success,でも決勝トーナメントぐらいからやねん、ハーランド、それがちょっと話題になったんよ。,success,でも決勝トーナメントぐらいからやねんハーランドそれがちょっと話題になったんよ。,False,41,39,-2
,007_obc_13593053_20260713230000_seg_00070,007_obc_13593053_20260713230000,SPEAKER_00,448.32,453.12,4.8,success,やってるやろ、rgさんが、めっちゃおもろいねん、ハーランドの。,success,で、やってるやろ、rgさんが、めっちゃおもろいねん、ハーランドの。,False,31,33,2
,007_obc_13593053_20260713230000_seg_00071,007_obc_13593053_20260713230000,SPEAKER_00,454.0,457.92,3.92,success,ちっちゃいね、ほんで、rgさんのハーランド、ちっちゃいのよ。,success,ちっちゃいねん、ほんで、rgさんのハーランド、ちっちゃいのよ。,False,30,31,1
,007_obc_13593053_20260713230000_seg_00072,007_obc_13593053_20260713230000,SPEAKER_00,458.8,465.6,6.8,success,おもろいのよね、でもなんか、目線とか、なんか顔の作り方とか似てるというか、似てるというか、なんかおもろい。,success,おもろいのよね、でもなんか、目線とか、なんか顔の作り方とか似てるというか、似てるというか、だからおもろい。,False,53,53,0
,007_obc_13593053_20260713230000_seg_00073,007_obc_13593053_20260713230000,SPEAKER_00,466.56,468.16,1.6,success,結局おもろいから勝つねんけど。,success,結局おもろいから勝つねんけど。,True,15,15,0
,007_obc_13593053_20260713230000_seg_00074,007_obc_13593053_20260713230000,SPEAKER_00,468.8,473.12,4.32,success,すごいよな、だからrgさんもノルウェー推しやってん、実は。,success,すごいよな、だからrgさんもノルウェー推しやってん、実は。,True,29,29,0
,007_obc_13593053_20260713230000_seg_00075,007_obc_13593053_20260713230000,SPEAKER_00,474.0,477.2,3.2,success,ここ最近のライブとか、もうずっとハーランドの格好してたんです。,success,ここ最近のライブとかもうずっとハーランドの格好してたんです。,False,31,30,-1
,007_obc_13593053_20260713230000_seg_00076,007_obc_13593053_20260713230000,SPEAKER_00,482.56,493.28,10.72,success,rgさん、それさ、ずっとやるじゃん、それ、なんか、変な格好というか、ねぇ、ずっとやってんねんで。,success,rgさん、それさ、ずっとやるじゃん、それ、なんか、変な格好というか、ねぇ、ずっとやってんねんで。,True,48,48,0
,007_obc_13593053_20260713230000_seg_00077,007_obc_13593053_20260713230000,SPEAKER_00,494.08,501.12,7.04,success,かっこええよな、あの人の、絶対に、なんていうの、嗅覚というか。,success,かっこええよな、あの人の、絶対に、なんていうの、嗅覚というか。,True,31,31,0
,007_obc_13593053_20260713230000_seg_00078,007_obc_13593053_20260713230000,SPEAKER_00,502.24,505.76,3.52,success,なんか、ハーランドやろうって思ってもさ。,success,なんかハーランドやろうって思ってもさ。,False,20,19,-1
,007_obc_13593053_20260713230000_seg_00079,007_obc_13593053_20260713230000,SPEAKER_00,506.0,507.76,1.76,success,やりたいなと思っても。,success,やりたいなと思っても。,True,11,11,0
,007_obc_13593053_20260713230000_seg_00080,007_obc_13593053_20260713230000,SPEAKER_00,508.08,519.68,11.6,success,なんか身長とか、なんかいろいろ考えるやん、いや、さすがにちょっと骨格がとか、なんかめっちゃ考えるけどさ、やるよな、なんでいったんやってみんねやろな。,success,なんか身長とか、なんかいろいろ考えるやん、いや、さすがにちょっと骨格がとか、なんかめっちゃ考えるけどさ、やるよな、なんでいったんやってみんねやろな。,True,74,74,0
,007_obc_13593053_20260713230000_seg_00081,007_obc_13593053_20260713230000,SPEAKER_00,520.64,523.04,2.4,success,それがすごい分からんねんけど。,success,それがすごい分からんねんけど。,True,15,15,0
,007_obc_13593053_20260713230000_seg_00082,007_obc_13593053_20260713230000,SPEAKER_00,523.6,525.76,2.16,success,なんかそうも見えてくるというか。,success,なんかそうも見えてくるというか。,True,16,16,0
,007_obc_13593053_20260713230000_seg_00083,007_obc_13593053_20260713230000,SPEAKER_00,526.96,528.0,1.04,success,すごくない?,success,すごくない?,True,6,6,0
,007_obc_13593053_20260713230000_seg_00084,007_obc_13593053_20260713230000,SPEAKER_00,530.96,531.92,0.96,success,あの。,success,あの。,True,3,3,0
,007_obc_13593053_20260713230000_seg_00085,007_obc_13593053_20260713230000,SPEAKER_00,532.96,536.8,3.84,success,あれ、知ってる?って、ちょっと脱線するけど、rgさんの話やけど。,success,あれ、知ってる?って、ちょっと脱線するけど、rgさんの話やけど。,True,32,32,0
,007_obc_13593053_20260713230000_seg_00086,007_obc_13593053_20260713230000,SPEAKER_00,537.6,552.08,14.48,success,vivantがはやったときに、速攻でチンギスのものまね用意したらしたのよ、して、たまたまその日、俺、何年前、結構あれ、vivantってめっちゃ前よね。,success,vivantがはやったときに、速攻でチンギスのものまね用意したらしたのよ、して、たまたまその日、俺、何年前、結構あれ、vivantってめっちゃ前よね。,True,75,75,0
,007_obc_13593053_20260713230000_seg_00087,007_obc_13593053_20260713230000,SPEAKER_00,553.6,600.96,47.36,success,4年前とかよね、それで、フェス一緒やったのよ、夏フェス、音楽フェス、高橋優さんのね、秋田のやつ、で、秋田県の高橋優さんのフェスで、今一番ホットなvivantのチンギスをやれば、めちゃくちゃ盛り上がると思って、チンギスの格好一本持ってきたんよ、うわーって、こんなんウケるやんって、楽屋で大盛り上がりしててん、芸人と、あとアーティストの方もちょっと近くにいて、いや、これは有吉さん、おもろいっすよとかって、めっちゃ言われて、うわーって、まあまあまあまあとかって、アルジェさんもちょっと気持ちよさそうやねん、ほんで肩ぶんぶん回しながら、どうもーって言って行ったら、秋田県、tbs映ってなくて、全然。,success,4年前とかよね、それで、フェス一緒やったのよ、夏フェス、音楽フェス、高橋優さんのね、秋田のやつ、で、秋田県の高橋優さんのフェスで、今一番ホットなvivantのチンギスをやれば、めちゃくちゃ盛り上がると思って、チンギスの格好一本持ってきたんよ、うわーって、こんなんウケるやんって、楽屋で大盛り上がりしててん、芸人と、あとアーティストの方もちょっと近くにいて、いや、これは有吉さん、おもろいっすよとかって、めっちゃ言われて、うわーって、まあまあまあまあとかって、アルジェさんもちょっと気持ちよさそうやねん、ほんで肩ぶんぶん回しながら、どうもって言って行ったら、秋田県、tbs映ってなくて、全然。,False,296,295,-1
,007_obc_13593053_20260713230000_seg_00088,007_obc_13593053_20260713230000,SPEAKER_00,601.84,603.04,1.2,success,チンギスシン。,success,チンギスした。,False,7,7,0
,007_obc_13593053_20260713230000_seg_00089,007_obc_13593053_20260713230000,SPEAKER_00,603.6,608.64,5.04,success,あの人は今、なんのモノマネやってんの?っていうのが、半分ぐらいおったらしい。,success,あの人は今なんのモノマネやってんの?っていうのが半分ぐらいおったらしい。,False,38,36,-2
,007_obc_13593053_20260713230000_seg_00090,007_obc_13593053_20260713230000,SPEAKER_00,610.64,612.24,1.6,success,めっちゃおもろい、それも。,success,めっちゃおもろいそれも。,False,13,12,-1
,007_obc_13593053_20260713230000_seg_00091,007_obc_13593053_20260713230000,SPEAKER_00,613.04,613.76,0.72,success,chayto。,success,チーチェ。,False,7,5,-2
,007_obc_13593053_20260713230000_seg_00092,007_obc_13593053_20260713230000,SPEAKER_00,614.32,618.0,3.68,success,秋田、tbs放送してない、vivant放送してなかった。,success,秋田、tbs、放送してる、vivant放送してなかった。,False,28,28,0
,007_obc_13593053_20260713230000_seg_00093,007_obc_13593053_20260713230000,SPEAKER_00,619.36,623.6,4.24,success,半分ぐらい、知らんかったぞって言って、もっと盛り上がると思ったなって言って。,success,半分ぐらい、知らんかったぞって言って、もっと盛り上がると思ったなって言って。,True,38,38,0
,007_obc_13593053_20260713230000_seg_00094,007_obc_13593053_20260713230000,SPEAKER_00,624.16,626.24,2.08,success,めっちゃおもろかったな、あれも。,success,めっちゃおもろかったなあれも。,False,16,15,-1
,007_obc_13593053_20260713230000_seg_00095,007_obc_13593053_20260713230000,SPEAKER_00,626.56,631.04,4.48,success,それぐらいね有吉さんってすぐモノマネにねやるんですけども。,success,それぐらいね有吉さんってすぐモノマネにねやるんですけども。,True,29,29,0
,007_obc_13593053_20260713230000_seg_00096,007_obc_13593053_20260713230000,SPEAKER_00,631.68,643.12,11.44,success,まあ、ちょっと脱線しましたけど、ワールドカップのお話戻りますけども、なんか参加国増えるっていううわさね、今までのワールドカップは32か国が参加してます。,success,ちょっと脱線しましたけど、ワールドカップのお話に戻りますけども、なんか参加国増えるっていううわさね、今までのワールドカップは32か国が参加してます。,False,76,74,-2
,007_obc_13593053_20260713230000_seg_00097,007_obc_13593053_20260713230000,SPEAKER_00,643.68,674.64,30.96,success,今やってる北中米大会は48チームが参加ということなんですけども、これでも増えたっていわれてね、増えたことで、予選難しなったよねとかね、なんていうんかな、決勝の要素、決勝トーナメントに行く予選はむずいというかね、なったりとか、ただ、ワールドカップに出る予選はとかっていうのは、日本は絶対出れないとかって今も言われてる、そんな中。,success,今やってる北中米大会は48チームが参加ということなんですけども、これでも増えたっていわれてね、増えたことで、予選難しなったよねとかね、なんていうんかな、決勝の要素、決勝トーナメントに行く予選はむずいというかね、なったりとか、ただ、ワールドカップに出る予選はとかっていうのは、日本は絶対出れないとかって今も言われてる、そんな中。,True,163,163,0
,007_obc_13593053_20260713230000_seg_00098,007_obc_13593053_20260713230000,SPEAKER_00,675.28,675.92,0.64,success,うん。,success,うん。,True,3,3,0
,007_obc_13593053_20260713230000_seg_00099,007_obc_13593053_20260713230000,SPEAKER_00,676.64,680.16,3.52,success,これ、今さ、64か国に増やす。,success,これ、今、最後、64か国に増やす。,False,15,17,2
,007_obc_13593053_20260713230000_seg_00100,007_obc_13593053_20260713230000,SPEAKER_00,681.2,687.6,6.4,success,増やす議論が行われてるみたい、48から64、増やすやろ。,success,増やす議論が行われてるみたい、48から64、増やすやろ。,True,28,28,0
,007_obc_13593053_20260713230000_seg_00101,007_obc_13593053_20260713230000,SPEAKER_00,689.04,694.64,5.6,success,だんだんこれ、3か国増えるってことは、予選は確かに、だからもっと楽になるか、日本は。,success,だんだんこれ3か国増えるってことは予選は確かにだからもっと楽になるか日本は。,False,42,38,-4
,007_obc_13593053_20260713230000_seg_00102,007_obc_13593053_20260713230000,SPEAKER_00,696.96,699.76,2.8,success,日本、韓国、オーストラリアなんて、まず。,success,日本韓国オーストラリアなんてまず。,False,20,17,-3
,007_obc_13593053_20260713230000_seg_00103,007_obc_13593053_20260713230000,SPEAKER_00,700.24,701.04,0.8,success,もうマジ。,success,もうマジ。,True,5,5,0
,007_obc_13593053_20260713230000_seg_00104,007_obc_13593053_20260713230000,SPEAKER_00,701.36,702.72,1.36,success,まあ出れるやろ。,success,まあ出れるやろ。,True,8,8,0
,007_obc_13593053_20260713230000_seg_00105,007_obc_13593053_20260713230000,SPEAKER_00,704.0,710.72,6.72,success,それかヨーロッパの枠増やすとかそっちをするのかなイタリアが出れてないからなんかそんなんをやるのかな。,success,それかヨーロッパの枠増やすとかそっちをすんのかなイタリアが出れてないから何かそんなんをやんのかな。,False,50,49,-1
,007_obc_13593053_20260713230000_seg_00106,007_obc_13593053_20260713230000,SPEAKER_00,711.52,714.64,3.12,success,もう分からんで、俺も、イタリアはだって、出ときたいやん。,success,もう分からんで俺もイタリアはだって出ときたいやん。,False,28,25,-3
,007_obc_13593053_20260713230000_seg_00107,007_obc_13593053_20260713230000,SPEAKER_00,715.36,717.76,2.4,success,アジアだけ枠増えへんみたいな、そらないよな。,success,でアジアだけ枠増えへんみたいなそらないよな。,False,22,22,0
,007_obc_13593053_20260713230000_seg_00108,007_obc_13593053_20260713230000,SPEAKER_00,719.2,719.84,0.64,success,出ます。,success,でも。,False,4,3,-1
,007_obc_13593053_20260713230000_seg_00109,007_obc_13593053_20260713230000,SPEAKER_00,720.32,723.28,2.96,success,まあなサウジとかその辺りも強いからな。,success,まあなサウジとかその辺りも強いからな。,True,19,19,0
,007_obc_13593053_20260713230000_seg_00110,007_obc_13593053_20260713230000,SPEAKER_00,724.32,726.16,1.84,success,余裕や思うで、今の日本。,success,余裕や思うで今の日本。,False,12,11,-1
,007_obc_13593053_20260713230000_seg_00111,007_obc_13593053_20260713230000,SPEAKER_00,727.6,728.4,0.8,success,それで。,success,それで。,True,4,4,0
,007_obc_13593053_20260713230000_seg_00112,007_obc_13593053_20260713230000,SPEAKER_00,729.28,732.88,3.6,success,額になるといわれている、これはもう、議論ね。,success,楽になるといわれている、これはもう、議論ね。,False,22,22,0
,007_obc_13593053_20260713230000_seg_00113,007_obc_13593053_20260713230000,SPEAKER_00,733.92,738.48,4.56,success,じゃあ、予選やる意味ないやんって、ちょっとまあ、今、批判されてると。,success,でじゃあ寄選やる意味ないやんってちょっとまあ今批判されてると。,False,34,31,-3
,007_obc_13593053_20260713230000_seg_00114,007_obc_13593053_20260713230000,SPEAKER_00,739.2,746.16,6.96,success,ほんで、これもう、なんか、なんかm−1みたいに、これ、参加者どんどん増えていく大会にならん、これ、皆さん、思わん?,success,でこれもうなんかm−1みたいにこれ参加者どんどん増えていく大会にならん?これ皆さん思わん?,False,57,45,-12
,007_obc_13593053_20260713230000_seg_00115,007_obc_13593053_20260713230000,SPEAKER_00,746.96,749.12,2.16,success,m−1みたいにしようとしてない、fifaが。,success,m−1みたいにしようとしてないfifaが。,False,22,21,-1
,007_obc_13593053_20260713230000_seg_00116,007_obc_13593053_20260713230000,SPEAKER_01,749.28,750.08,0.8,success,毎年。,success,毎年やってます。,False,3,8,5
,007_obc_13593053_20260713230000_seg_00117,007_obc_13593053_20260713230000,SPEAKER_00,750.08,769.2,19.12,success,なあ、毎年参加者増えていってさ、なんかさ、気付けばmー1のオープニングパクりだしてさ、あのアバンの数字が増えていく演出みたいなな、あんな感じになるんちゃう、アバン、ワールドカップにも、そのままmー1のやつやるんちゃう、あれ、abc、abcの。,success,毎年参加者増えていってさ、なんかさ、気付けばm−1のオープニングパクりだしてさ、あのアバンの数字が増えていく演出みたいな、あんな感じになるんちゃう、アバン、ワールドカップにも、そのままm−1のやつやるんちゃう、あれ、abcの。,False,121,113,-8
,007_obc_13593053_20260713230000_seg_00118,007_obc_13593053_20260713230000,SPEAKER_01,769.52,770.08,0.56,success,検査出る。,success,デフサー止める。,False,5,8,3
,007_obc_13593053_20260713230000_seg_00119,007_obc_13593053_20260713230000,SPEAKER_00,770.48,775.04,4.56,success,今大会、えーっと、今大会、過去最多。,success,か、今大会、えっと、今大会、過去最多。,False,18,19,1
,007_obc_13593053_20260713230000_seg_00120,007_obc_13593053_20260713230000,SPEAKER_00,776.0,789.12,13.12,success,8200何組とかさ、それがさ、1万超えたとかってなってくんねん、1万超えたよね、mー1はね、m−1、1万総参加エントリー数1万何組の頂点に立つのはみたいな。,success,8200何組とかさ、それがさ、1万超えたとかってなってくるのよ、1万超えたよね、m−1はね、m−1、1万総参加エントリー数1万何組の頂点に立つのはみたいな。,False,78,78,0
,007_obc_13593053_20260713230000_seg_00121,007_obc_13593053_20260713230000,SPEAKER_00,789.84,799.12,9.28,success,やるんちゃうん、なんかねぇ、俺たちは一番サッカーうまいみたいな、ださすぎひん?,success,やるんちゃうん、なんかねぇ、俺たちは一番サッカーうまいみたいな、ださすぎひん?,True,39,39,0
,007_obc_13593053_20260713230000_seg_00122,007_obc_13593053_20260713230000,SPEAKER_00,799.84,804.64,4.8,success,m−1やからかっこええねん、俺たちが一番漫才おもろいとかさ。,success,m−1やからかっこええねん、俺たちが一番漫才おもろいとかさ。,True,30,30,0
,007_obc_13593053_20260713230000_seg_00123,007_obc_13593053_20260713230000,SPEAKER_00,805.36,809.36,4.0,success,おもしろいとかって言うねんけども、違う、違う、違う、サッカーうまい!,success,面白い!とかって言うねんけども違う違う違う違うサッカーうまい!,False,34,31,-3
,007_obc_13593053_20260713230000_seg_00124,007_obc_13593053_20260713230000,SPEAKER_00,811.68,814.4,2.72,success,俺たちがいっぱいゴールするとか。,success,俺たちがいっぱいゴールするとか。,True,16,16,0
,007_obc_13593053_20260713230000_seg_00125,007_obc_13593053_20260713230000,SPEAKER_00,817.68,818.96,1.28,success,みんなで言うんかな。,success,みんなで言うんかな。,True,10,10,0
,007_obc_13593053_20260713230000_seg_00126,007_obc_13593053_20260713230000,SPEAKER_00,819.76,832.8,13.04,success,m−1みたいにやんのかな、数字とかもね、みたいな、一番、それのなんかあれやろ、3か国、どんどん増やすねんて、fifaが、64か国みたいな。,success,m−1みたいにやんのかな、数字とかもね、うーん、みたいな、一番、それのなんかあれやろ、3か国、どんどん増やすねんて、fifaが、64か国みたいな。,False,69,73,4
,007_obc_13593053_20260713230000_seg_00127,007_obc_13593053_20260713230000,SPEAKER_00,833.28,834.32,1.04,success,やっていくんちゃうん?,success,やっていくんちゃうん?,True,11,11,0
,007_obc_13593053_20260713230000_seg_00128,007_obc_13593053_20260713230000,SPEAKER_00,835.2,838.4,3.2,success,サッカーうまいサッカー好き!とかも言うもんな。,success,サッカーうまいサッカー好き!とかも言うもんな。,True,23,23,0
,007_obc_13593053_20260713230000_seg_00129,007_obc_13593053_20260713230000,SPEAKER_00,838.64,840.88,2.24,success,何かね。,success,フッなんかね。,False,4,7,3
,007_obc_13593053_20260713230000_seg_00130,007_obc_13593053_20260713230000,SPEAKER_00,841.68,844.56,2.88,success,ってことは何、mc、今田さんでやるのかな。,success,ってことは何mc今田さんでやんのかな?,False,21,19,-2
,007_obc_13593053_20260713230000_seg_00131,007_obc_13593053_20260713230000,SPEAKER_00,845.52,858.24,12.72,success,mc、今田さん、ワールドカップのmc、今田さんちゃう、ワールドカップ開会式とかのね、開会の試合の前の今田さんがやったりとか。,success,mc、今田さん、ワールドカップのmc、今田さんちゃう、ワールドカップ開会式とかのね、開会の試合の前の今田さんがやったりとか。,True,62,62,0
,007_obc_13593053_20260713230000_seg_00132,007_obc_13593053_20260713230000,SPEAKER_00,858.96,870.4,11.44,success,なんか過去の優勝の人とかのコメントとかももらうやろうな、コメントは絶対もらわなあかんよ、ブラジルとか、ロナウジニオとかのさ、エッセー。,success,いや、なんか過去の優勝の人とかのコメントとかももらうやろうな、コメントは絶対もらわなあかんよ、ブラジルとか、ロナウジニオとかのさ、エッセー。,False,67,70,3
,007_obc_13593053_20260713230000_seg_00133,007_obc_13593053_20260713230000,SPEAKER_00,870.72,877.36,6.64,success,すごくサッカー、あのときうまかったですとか、なんかいろいろな、言ってほしいよな、あとは。,success,すごくサッカーあの時うまかったですとかなんかいろいろな言ってほしいよな。,False,44,36,-8
,007_obc_13593053_20260713230000_seg_00134,007_obc_13593053_20260713230000,SPEAKER_00,881.2,884.32,3.12,success,上戸彩さんのポジション、誰すんねやろっていう。,success,上戸彩さんのポジション誰すんねやろっていう。,False,23,22,-1
,007_obc_13593053_20260713230000_seg_00135,007_obc_13593053_20260713230000,SPEAKER_00,886.32,889.6,3.28,success,今田さんと上戸彩さんでもいいねんで別に。,success,上まあ今田さんと上田綾さんでもいいねんで別に。,False,20,23,3
,007_obc_13593053_20260713230000_seg_00136,007_obc_13593053_20260713230000,SPEAKER_00,890.16,893.28,3.12,success,fifaやからね、なんか。,success,まあfifaやからねそのなんか。,False,13,16,3
,007_obc_13593053_20260713230000_seg_00137,007_obc_13593053_20260713230000,SPEAKER_00,893.84,901.68,7.84,success,世界的な人なのか、いや、でも、ちょっと上戸屋さんでやってほしいな、ここまで来たらな。,success,世界的な人なのか、いや、でもちょっと上戸屋さんでやってほしいな、ここまで来たらな。,False,42,41,-1
,007_obc_13593053_20260713230000_seg_00138,007_obc_13593053_20260713230000,SPEAKER_00,902.4,909.68,7.28,success,ワールドカップ何十年、開幕みたいなやってほしいな。,success,えっとワールドカップ何十年開幕みたいなやってほしいな。,False,25,27,2
,007_obc_13593053_20260713230000_seg_00139,007_obc_13593053_20260713230000,SPEAKER_00,910.24,912.08,1.84,success,つづきは!,success,つづきは。,False,5,5,0
,007_obc_13593053_20260713230000_seg_00140,007_obc_13593053_20260713230000,SPEAKER_00,915.28,919.52,4.24,success,ごけい、ごけ、ごけい、ごけい、ごけ、どて、どて、とてとて、とてとて、とて。,success,こけこけこけこけこけどてどてとてとてとてとてとてとて。,False,37,27,-10
,007_obc_13593053_20260713230000_seg_00141,007_obc_13593053_20260713230000,SPEAKER_00,920.8,923.44,2.64,success,勝手やるんちゃうやるんちゃうマジで。,success,だってやるんちゃやるんちゃうマジで。,False,18,18,0
,007_obc_13593053_20260713230000_seg_00142,007_obc_13593053_20260713230000,SPEAKER_00,923.92,929.2,5.28,success,ねっ、それやられる、昔は清。,success,ハハハハねっそれやれる?,False,14,12,-2
,007_obc_13593053_20260713230000_seg_00143,007_obc_13593053_20260713230000,SPEAKER_00,930.0,935.92,5.92,success,師匠とか当たり前やとか突っ込んでましたね、錦木きよし師匠が、優勝はとか。,success,師匠とか当たり前や!とか突っ込んでましたね、錦木師匠が、優勝はとか。,False,36,34,-2
,007_obc_13593053_20260713230000_seg_00144,007_obc_13593053_20260713230000,SPEAKER_00,936.56,942.32,5.76,success,cmのcmのあととかおおみたいな感じできよし師匠がいろいろツッコんでたのねめっちゃ。,success,cmのcmのあととかおおみたいな感じできよし師匠がいろいろツッコんでたの俺めっちゃ。,False,42,42,0
,007_obc_13593053_20260713230000_seg_00145,007_obc_13593053_20260713230000,SPEAKER_00,942.96,943.84,0.88,success,ちょいちょいちょいちょい。,success,ちょいちょいちょいちょい。,True,13,13,0
,007_obc_13593053_20260713230000_seg_00146,007_obc_13593053_20260713230000,SPEAKER_00,944.72,948.16,3.44,success,そんなんとかもな出てくるかもしれないですね。,success,そんなんとかもな出てくるかもしれないですね。,True,22,22,0
,007_obc_13593053_20260713230000_seg_00147,007_obc_13593053_20260713230000,SPEAKER_00,948.64,953.12,4.48,success,あとはそのうちユニット曲とかもねokにしようか。,success,あとはあのそのうちユニット曲とかもねokにしようか。,False,24,26,2
,007_obc_13593053_20260713230000_seg_00148,007_obc_13593053_20260713230000,SPEAKER_00,954.0,957.92,3.92,success,おいこがさんみたいなね、おいでやすこがさんとかみたいに。,success,おいっこがさんみたいなね、おいでやすこがさんとかみたいに。,False,28,29,1
,007_obc_13593053_20260713230000_seg_00149,007_obc_13593053_20260713230000,SPEAKER_00,958.24,976.88,18.64,success,ユニット国ね、代表入らへんかったフランス代表のこいつとアルゼンチンのこいつとイングランドのこいつと、あとは、あー、そうだ、そうだって言って、あの人もいたいって、日本とか韓国とかのとかって、ばんばん入れて、ユニット国ね。,success,ユニット国ね、代表入らへんかったフランス代表のこいつとアルゼンチンのこいつとイングランドのこいつと、あとは、あ、そうだ、そうだと言って、あの人もいた、日本とか韓国とかのとかって、ばんばん入れて、ユニット国ね。,False,109,104,-5
,007_obc_13593053_20260713230000_seg_00150,007_obc_13593053_20260713230000,SPEAKER_00,977.6,978.8,1.2,success,むっちゃ強いで。,success,むっちゃ強いで。,True,8,8,0
,007_obc_13593053_20260713230000_seg_00151,007_obc_13593053_20260713230000,SPEAKER_00,980.96,982.72,1.76,success,めっちゃ強なんのんちゃう、これ。,success,めっちゃ強なんのちゃう、これ。,False,16,15,-1
,007_obc_13593053_20260713230000_seg_00152,007_obc_13593053_20260713230000,SPEAKER_00,984.32,987.28,2.96,success,ワールドカップ初のユニット優勝あるんちゃう?,success,ワールドカップ初のユニット優勝あるんちゃう?,True,22,22,0
,007_obc_13593053_20260713230000_seg_00153,007_obc_13593053_20260713230000,SPEAKER_00,988.32,990.8,2.48,success,おいこがさんもやってないからね、準優勝やからね。,success,?? 焦がさんもやってないからね準優勝やからね。,False,24,24,0
,007_obc_13593053_20260713230000_seg_00154,007_obc_13593053_20260713230000,SPEAKER_00,992.24,994.56,2.32,success,こうなったらマジでfifaが。,success,こうなったら、まじでfifaが。,False,15,16,1
,007_obc_13593053_20260713230000_seg_00155,007_obc_13593053_20260713230000,SPEAKER_00,994.88,1001.76,6.88,success,やばいですね、ちょっと変なことやってる、fifa、大変ですよ、もう今、今ね、みんな知ってる、トランプさん。,success,やばいですね、ちょっと変なことやってる、fifa、大変ですよ、もう今、今ね、みんな知ってる、トランプさん。,True,53,53,0
,007_obc_13593053_20260713230000_seg_00156,007_obc_13593053_20260713230000,SPEAKER_00,1002.48,1009.2,6.72,success,いろいろ言われてるしさ、サッカーファンに言われてるやん、なんか映像も、先週もなんかいろいろ言ったやん、映像がね。,success,いろいろ言われてるしさサッカーファンに言われてるやんなんか映像も先週もなんかいろいろ言ったやん映像がね。,False,56,52,-4
,007_obc_13593053_20260713230000_seg_00157,007_obc_13593053_20260713230000,SPEAKER_00,1009.76,1012.0,2.24,success,aiで映像作られてるやん、トランプさんね。,success,aiで映像作られてるやんトランプさんね。,False,21,20,-1
,007_obc_13593053_20260713230000_seg_00158,007_obc_13593053_20260713230000,SPEAKER_00,1013.12,1015.68,2.56,success,フランクスタイン、あれ、アメリカ。,success,トランプスタインいやあれアメリカ。,False,17,17,0
,007_obc_13593053_20260713230000_seg_00159,007_obc_13593053_20260713230000,SPEAKER_00,1017.52,1019.6,2.08,success,はいえっと。,success,はいえっと。,True,6,6,0
,007_obc_13593053_20260713230000_seg_00160,007_obc_13593053_20260713230000,SPEAKER_00,1019.92,1024.16,4.24,success,あれはベルギーか、ベルギーの試合で3−1、4−1やったっけ?,success,あれはベルギーかベルギーの試合で3−14−1やったっけ?,False,30,28,-2
,007_obc_13593053_20260713230000_seg_00161,007_obc_13593053_20260713230000,SPEAKER_00,1025.2,1027.12,1.92,success,3−1か4−1をね4−1で。,success,3−1か4−1をね41で。,False,14,13,-1
,007_obc_13593053_20260713230000_seg_00162,007_obc_13593053_20260713230000,SPEAKER_00,1027.84,1066.72,38.88,success,のスコアのところに、俺が見たaiの映像ね、皮肉でね、サッカーファンにもういろいろ言われてるからね、トランプさん、トランプさんが大きいなんかマジックかペン持ってんのよ、大きいペン持って、そのスコアのところに、4対1か3対1、書いてあるところに、1のところの横に0って書いてある、4対10みたいな、なんか、なんかそういう、皮肉映像、なんか作られてて、マジックやったと思うよ、習字から、どっちか出せたけども、そんなん作られてて、ぶわーって、これでええやろみたいな感じで、それぐらいいじられてんねんで、今、トランプさんって。,success,そのスコアのところに、俺が見たaiの映像ね、皮肉でね、サッカーファンにもういろいろ言われてるからね、トランプさん、トランプさんが大きいなんかマジックかペン持ってんのよ、大きいペン持って、そのスコアのところに、4対1か3対1、書いてあるところに、1のところの横に0って書いてある、4対10みたいな、なんか、なんかそういう、皮肉映像、なんか作られてて、マジックやったと思うよ、習字から、どっちか忘れたけども、そんなん作られててん、ぶわーって、これでええやろみたいな感じで、それぐらいいじられてんねんで、今、トランプさんって。,False,258,260,2
,007_obc_13593053_20260713230000_seg_00163,007_obc_13593053_20260713230000,SPEAKER_00,1067.76,1079.92,12.16,success,あんなとこでいいのに、サッカーにも口出したらな、怖いよ、本当に、サッカーファン、怖いねんから、フーリーガードもおんねんから、決勝終わったあと、今大会、なし!って。,success,あんなとこでサッカーにも口出したらな怖いよ本当にサッカーファン怖いねんからフーリーガンとかもおんねんから決勝終わったあと今大会なし!って。,False,81,69,-12
,007_obc_13593053_20260713230000_seg_00164,007_obc_13593053_20260713230000,SPEAKER_00,1080.64,1084.48,3.84,success,アメリカが優勝せえへんかったから、なし。,success,アメリカが優勝せえへんかったからなし!,False,20,19,-1
,007_obc_13593053_20260713230000_seg_00165,007_obc_13593053_20260713230000,SPEAKER_00,1085.2,1086.32,1.12,success,やべえ!,success,やめ!,False,4,3,-1
,007_obc_13593053_20260713230000_seg_00166,007_obc_13593053_20260713230000,SPEAKER_00,1088.88,1093.52,4.64,success,土地貸してあげたのに優勝できへんかったから、なし!,success,土地貸してあげたのに優勝できへんかったからなし!,False,25,24,-1
,007_obc_13593053_20260713230000_seg_00167,007_obc_13593053_20260713230000,SPEAKER_00,1094.24,1095.04,0.8,success,×!,success,×!,True,2,2,0
,007_obc_13593053_20260713230000_seg_00168,007_obc_13593053_20260713230000,SPEAKER_00,1096.32,1101.6,5.28,success,トランプさんが言うてるからって言って、fifa会長とかもな、はい、そうですよね、じゃあ、なしで。,success,トランプさんが言うてるからって言ってfifa会長とかもなはいそうですよねじゃあなしで。,False,48,43,-5
,007_obc_13593053_20260713230000_seg_00169,007_obc_13593053_20260713230000,SPEAKER_00,1104.24,1110.72,6.48,success,とかなるから、トランプさん、もうちょっとほんまに、もうサッカーぐらいはちょっとやらせてください、いろいろ言われる。,success,とかなるからトランプさんもうちょっとほんまにサッカーぐらいはちょっとやらせて下さいいろいろ言われる。,False,57,50,-7
,007_obc_13593053_20260713230000_seg_00170,007_obc_13593053_20260713230000,SPEAKER_00,1111.04,1126.8,15.76,success,今、世間でね、トランプさんもいろいろ言われてます、fifaもいろいろ言われてます、世間で大変なのはfifaと、あとは渡辺さんと鬼越のりょうちゃん、そしてハッシーハッピーのこの三つどもえでございます。,success,今、世間でね、トランプさんもいろいろ言われてます、fifaもいろいろ言われてます、世間で大変なのはfifaと、あとは渡辺さんと鬼越のりょうちゃん、そしてハッシーハッピーのこの三つどもえでございます。,True,99,99,0
,007_obc_13593053_20260713230000_seg_00171,007_obc_13593053_20260713230000,SPEAKER_00,1127.84,1134.4,6.56,success,fifa、渡部さん、亮ちゃん、ハッシーハッピー、この三つどもえですね。,success,fifa、渡部さん、亮ちゃん、ハッシーハッピー、この三つどもえですね。,True,35,35,0
,007_obc_13593053_20260713230000_seg_00172,007_obc_13593053_20260713230000,SPEAKER_00,1134.88,1142.56,7.68,success,これが今、大変大変、本当にあのね、僕もまじで知らないんですよ。,success,これが今、大変大変、本当にあのね、僕もまじで知らないんですよ。,True,31,31,0
,007_obc_13593053_20260713230000_seg_00173,007_obc_13593053_20260713230000,SPEAKER_00,1142.96,1144.32,1.36,success,マジで知らん。,success,マジで知らん。,True,7,7,0
,007_obc_13593053_20260713230000_seg_00174,007_obc_13593053_20260713230000,SPEAKER_00,1144.96,1162.08,17.12,success,知らんけども、一応、どうなってる?って、人力舎の芸人にlineはしましたってしたら、いやいやいや、調査さすなって言って怒られて、えっ、調査?いや、まじで今、どんな感じか、ぶっちゃけ知りません。,success,知らんけども、一応、どうなってる?って、人力舎の芸人にlineはしましたってしたら、いやいやいや、調査さすなって言って怒られて、えっ、調査?いや、まじで今、どんな感じか、ぶっちゃけ知りません。,True,96,96,0
,007_obc_13593053_20260713230000_seg_00175,007_obc_13593053_20260713230000,SPEAKER_00,1163.04,1164.8,1.76,success,で何か。,success,で何か。,True,4,4,0
,007_obc_13593053_20260713230000_seg_00176,007_obc_13593053_20260713230000,SPEAKER_00,1165.76,1166.8,1.04,success,何なんやろうね?,success,何なんやろうね?,True,8,8,0
,007_obc_13593053_20260713230000_seg_00177,007_obc_13593053_20260713230000,SPEAKER_00,1168.4,1177.6,9.2,success,ちょっとこれは俺、ちょっと口出したくないな、渡部さん、鬼越のりょうちゃん、むちゃむちゃなんかいろいろ、わーってなってるよね。,success,ちょっとこれは俺、ちょっと口出したくないな、渡部さん、鬼越のりょうちゃん、むちゃむちゃなんかいろいろ、わーってなってるよね。,True,62,62,0
,007_obc_13593053_20260713230000_seg_00178,007_obc_13593053_20260713230000,SPEAKER_00,1178.72,1182.72,4.0,success,ハッシーハッピーはいいんちゃう、別に、ハッシーハッピーはね。,success,ハッシーハッピーはいいんちゃう、別に。,False,30,19,-11
,007_obc_13593053_20260713230000_seg_00179,007_obc_13593053_20260713230000,SPEAKER_00,1183.84,1190.72,6.88,success,もうほんま、腹立ってんけどね、水曜日のダウンタウンのね、僕らのバリケード戦争終わったあとの。,success,もうほんま腹立ってんけどね水曜日のダウンタウンのね僕らのバリケード戦争終わったあとの。,False,46,43,-3
,007_obc_13593053_20260713230000_seg_00180,007_obc_13593053_20260713230000,SPEAKER_00,1192.0,1192.88,0.88,success,放送。,success,放送。,True,3,3,0
,007_obc_13593053_20260713230000_seg_00181,007_obc_13593053_20260713230000,SPEAKER_00,1193.44,1196.32,2.88,success,次の日か、2日後ぐらいかな、2日後ぐらいにね。,success,次の日か2日後ぐらいかな2日後ぐらいにね。,False,23,21,-2
,007_obc_13593053_20260713230000_seg_00182,007_obc_13593053_20260713230000,SPEAKER_00,1197.28,1198.4,1.12,success,電話ってね。,success,電話ってね。,True,6,6,0
,007_obc_13593053_20260713230000_seg_00183,007_obc_13593053_20260713230000,SPEAKER_00,1200.32,1210.96,10.64,success,寝てたのよ、朝、午前中寝てたら、疲れてんのに、ぶーぶーぶーって見たら、はし、はっぴー、もうこのひらがなも腹立つねんけど。,success,寝てたのよ、朝、午前中、寝てたら、疲れてるのに、ぶーぶーぶーって見たら、はっしーはっぴー、もうこのひらがなも腹立つねんけど。,False,60,62,2
,007_obc_13593053_20260713230000_seg_00184,007_obc_13593053_20260713230000,SPEAKER_00,1211.36,1212.4,1.04,success,プチッ取ったら。,success,プチッ取ったら。,True,8,8,0
,007_obc_13593053_20260713230000_seg_00185,007_obc_13593053_20260713230000,SPEAKER_00,1212.88,1215.76,2.88,success,おはようございますおはようございます新さん。,success,おはようございますって言って新さん。,False,22,18,-4
,007_obc_13593053_20260713230000_seg_00186,007_obc_13593053_20260713230000,SPEAKER_00,1216.32,1219.92,3.6,success,炎上してて、ちょっとどうしたらいいか分かりませんとかって。,success,炎上しててちょっとどうしたらいいか分かりませんとか言って。,False,29,29,0
,007_obc_13593053_20260713230000_seg_00187,007_obc_13593053_20260713230000,SPEAKER_00,1220.64,1223.92,3.28,success,で、知らんやんと、別にとかって。,success,で知らんやんと別にとかって。,False,16,14,-2
,007_obc_13593053_20260713230000_seg_00188,007_obc_13593053_20260713230000,SPEAKER_00,1224.24,1236.24,12.0,success,知らんがな、そんなん、お前が遠慮しろ、大丈夫やろ、おいしいなってるんやからいいんちゃう?って言って言ったら、いや、まじでやばいんすよとかって言って、もう分かりました、もう、なんか寝てましたよね、すみません、おやすみなさいって、ちょっと切られたんよ。,success,知らんがな、別にそんなん、お前が隠居してるの、大丈夫やろ、おいしなってるんからいいんちゃう?って言って言ったら、いや、まじでやばいんすよとかって言って、もう分かりました、もう、なんか寝てましたよね、すみません、おやすみなさいって、すっと切られたんよ。,False,124,125,1
,007_obc_13593053_20260713230000_seg_00189,007_obc_13593053_20260713230000,SPEAKER_00,1236.88,1239.84,2.96,success,めっちゃ、めっちゃ腹立つやん。,success,めっちゃめっちゃ腹立つやん。,False,15,14,-1
,007_obc_13593053_20260713230000_seg_00190,007_obc_13593053_20260713230000,SPEAKER_00,1240.96,1243.84,2.88,success,で、俺、調べたら、聞いたら。,success,で俺を調べたら聞いたら。,False,14,12,-2
,007_obc_13593053_20260713230000_seg_00191,007_obc_13593053_20260713230000,SPEAKER_00,1244.48,1252.4,7.92,success,いろんな先輩に電話かけてるらしい、あいつ、これ、何かって気付いてんけど。,success,いろんな先輩に電話かけてるらしい、あいつ、p、これ、何かって気付いてんけど。,False,36,38,2
,007_obc_13593053_20260713230000_seg_00192,007_obc_13593053_20260713230000,SPEAKER_00,1253.76,1259.12,5.36,success,大丈夫ちゃう、おもしろかったよ、はっしーはっぴーって。,success,あの大丈夫ちゃうおもしろかったよはっしーはっぴーって。,False,27,27,0
,007_obc_13593053_20260713230000_seg_00193,007_obc_13593053_20260713230000,SPEAKER_00,1259.52,1261.68,2.16,success,言わせるための電話らしい。,success,言わせるための電話らしい。,True,13,13,0
,007_obc_13593053_20260713230000_seg_00194,007_obc_13593053_20260713230000,SPEAKER_00,1263.68,1277.76,14.08,success,分かる、これ、言われたいための電話を片っ端からばーってやっていって、あるコアンドピルソンの酒井さんには、売れましたって言ったんやろ、激ヤバの。,success,これ、言われたいための電話を片っ端からばーってやっていって、あるコアンドピレスの酒井さんには、売れましたって言ったんやろ、激ヤバ。,False,71,65,-6
,007_obc_13593053_20260713230000_seg_00195,007_obc_13593053_20260713230000,SPEAKER_00,1280.08,1292.0,11.92,success,で、酒井さん、酒井軍団やから、これ、はっしーやっぴー、別にまあまあ、ええとして、いや、ちゃうねん、そうじゃなくて、しんいちとか、あとフジモンさんとかに電話かけてたらしいねん、ほんで、あと何人かにぶわーって電話かけて。,success,で、酒井さんは酒井軍団やから、これ、はっしーやっぴー、別にまあまあ、ええとして、いや、ちゃうねん、そうじゃなくて、真一とか、あとフジモンさんとかに電話かけてたらしいねん、ほんで、あと何人かにぶわーって電話かけて。,False,108,106,-2
,007_obc_13593053_20260713230000_seg_00196,007_obc_13593053_20260713230000,SPEAKER_00,1292.48,1296.16,3.68,success,10人ぐらいかけたらしいで、ほんで、全員に。,success,10人ぐらい欠けたらしいでほんで全員に。,False,22,20,-2
,007_obc_13593053_20260713230000_seg_00197,007_obc_13593053_20260713230000,SPEAKER_00,1296.56,1302.24,5.68,success,こう、いや、でも、なんかこう、おもしろかったって言うまで、なんか、いやー。,success,こういやでもなんかこう面白かったって言うまでなんかいや。,False,37,28,-9
,007_obc_13593053_20260713230000_seg_00198,007_obc_13593053_20260713230000,SPEAKER_00,1302.72,1315.76,13.04,success,いやー、でもね、めっちゃ炎上してて、あれってどうしたらよかったですかねとかって、フォローのカツアゲやってくるのよ、なんか、めっちゃむかつくねん、俺、あれ、俺も使われてん、その電話でかかってきて。,success,いやー、でもね、めっちゃ炎上してて、あれってどうしたらよかったですかねとかって、フォローのカツアゲやってくるのよ、なんか、めっちゃむかつくねん、俺、あれ、俺も使われてん、その電話でかかってきて。,True,97,97,0
,007_obc_13593053_20260713230000_seg_00199,007_obc_13593053_20260713230000,SPEAKER_00,1316.8,1318.24,1.44,success,あいつだけほんま許さん。,success,あいつだけほんま許さん。,True,12,12,0
,007_obc_13593053_20260713230000_seg_00200,007_obc_13593053_20260713230000,SPEAKER_00,1318.56,1319.2,0.64,success,ほんまに。,success,うんまれ。,False,5,5,0
,007_obc_13593053_20260713230000_seg_00201,007_obc_13593053_20260713230000,SPEAKER_00,1320.0,1324.16,4.16,success,お前も終わりやって言うたらよかった、俺、お前も終わりやからな。,success,お前もう終わりやって言うたらよかった俺お前も終わりやからな。,False,31,30,-1
,007_obc_13593053_20260713230000_seg_00202,007_obc_13593053_20260713230000,SPEAKER_00,1324.96,1326.16,1.2,success,どっか行け!,success,どっか行け!,True,6,6,0
,007_obc_13593053_20260713230000_seg_00203,007_obc_13593053_20260713230000,SPEAKER_00,1327.44,1329.68,2.24,success,一生あいつとはもう会いたないわほんま。,success,一生あいつとはもう会いたいわほんま。,False,19,18,-1
,007_obc_13593053_20260713230000_seg_00204,007_obc_13593053_20260713230000,SPEAKER_00,1330.4,1331.68,1.28,success,ホンマ会いたないねんけど。,success,ほんま会いたないねんけど。,False,13,13,0
,007_obc_13593053_20260713230000_seg_00205,007_obc_13593053_20260713230000,SPEAKER_00,1332.88,1335.36,2.48,success,嫌いやわあんな電話かけてくるやつ。,success,嫌いやわあんな電話かけてくるやつ。,True,17,17,0
,007_obc_13593053_20260713230000_seg_00206,007_obc_13593053_20260713230000,SPEAKER_00,1336.08,1338.4,2.32,success,ある先輩にめっちゃ怒られたらしいで。,success,ある先輩にめっちゃ怒られたらしいで。,True,18,18,0
,007_obc_13593053_20260713230000_seg_00207,007_obc_13593053_20260713230000,SPEAKER_00,1339.12,1341.44,2.32,success,お前なって言うてあの。,success,お前なって言ってあの。,False,11,11,0
,007_obc_13593053_20260713230000_seg_00208,007_obc_13593053_20260713230000,SPEAKER_00,1341.84,1352.56,10.72,success,お前、そんな電話すんな!って言って、失礼やわ、先輩にお前、真面目に答えたんあほらしいやんけって言って、ほんで、すみません、そんなつもりはなかったんですけどとかって言って、いや、そんなつもりやったやろって言って。,success,お前、そんなん電話すんな!って言って、失礼やわ、先輩にお前、真面目に答えたんアホらしいやんけって言って、ほんで、すみません、そんなつもりはなかったんですけどとかって言って、いや、そんなつもりやったやろって言って。,False,105,106,1
,007_obc_13593053_20260713230000_seg_00209,007_obc_13593053_20260713230000,SPEAKER_00,1353.2,1362.16,8.96,success,こんなことが初めてだったんでとかって言って褒めてほしいがための電話をいっぱいいろんな芸人さんとか後輩とかとかにやってるらしいよね。,success,こんなことが初めてだったんでとかって言って褒めてほしいがための電話をいっぱいいろんな芸人さんとか後輩とかとかにやってるらしいよね。,True,65,65,0
,007_obc_13593053_20260713230000_seg_00210,007_obc_13593053_20260713230000,SPEAKER_00,1363.28,1367.28,4.0,success,まあ、いかついです、あいつは、もう、マジもんのマジモンでございます。,success,まあ、いかついです、あいつは、もうマジもんのマジもんでございます。,False,34,33,-1
,007_obc_13593053_20260713230000_seg_00211,007_obc_13593053_20260713230000,SPEAKER_00,1368.56,1379.52,10.96,success,ほんで、俺、こんなんさ、こんなさ、トラブルさ、一回もないのに、なんで俺、嫌われ芸人ランキング上位やねん、腹立つわ、芸能界きっしょいな、むかつくわ。,success,ほんで、俺、こんなんさ、こんなさ、トラブルさ、一回もないのに、なんで俺嫌われ芸人ランキング上位やねん、腹立つわ、芸能界きっしょいな、むかつくわ。,False,73,72,-1
,007_obc_13593053_20260713230000_seg_00212,007_obc_13593053_20260713230000,SPEAKER_00,1381.84,1388.56,6.72,success,鬼越のりょうちゃんとかはっしーはっぴー入れよそろそろ嫌われ芸人に。,success,鬼越のりょうちゃんとかはっしーはっぴー入れよそろそろ嫌われ芸人に。,True,33,33,0
,007_obc_13593053_20260713230000_seg_00213,007_obc_13593053_20260713230000,SPEAKER_00,1389.36,1390.96,1.6,success,なんかちょっとな。,success,なんかちょっとな。,True,9,9,0
,007_obc_13593053_20260713230000_seg_00214,007_obc_13593053_20260713230000,SPEAKER_00,1391.2,1396.88,5.68,success,ハッシュアピーの場合はかわいいっていう意見出てきてんねん、たぶんね。かわいいっていう意見のほうもあるってこと。,success,ハッシュアピーの場合はかわいいという意見出てきてんねん、たぶんね。かわいいという意見のほうもあるってこと。,False,55,53,-2
,007_obc_13593053_20260713230000_seg_00215,007_obc_13593053_20260713230000,SPEAKER_00,1397.2,1408.88,11.68,success,むかつくもあるけどね、りょうちゃんはりょうちゃんで、やっぱり信者おるからね、鬼越人気あるから、入らへんねん、俺ばっか入んねん、嫌やわ、ちなみに渡部さんが1位なんですけどね、嫌われ芸ランキング。,success,むかつくもあるけどね、りょうちゃんはりょうちゃんで、やっぱり信者おるからね、鬼越人気あるから、入らへんねん、俺ばっか入んねん、嫌やわ、ちなみに渡部さんが1位なんですけどね、嫌われ芸ランキング。,True,96,96,0
,007_obc_13593053_20260713230000_seg_00216,007_obc_13593053_20260713230000,SPEAKER_00,1410.56,1425.76,15.2,success,さすがでございます、師匠、本当に横綱でございます話変わりまして、vivant2がもうすぐ始まりますよ、大ヒットドラマ、vivantの続編が今月26日からスタート。,success,さすがでございます、師匠、本当に横綱でございます話変わりまして、vivant2がもうすぐ始まりますよ、大ヒットドラマ、vivantの続編が今月26日からスタート。,True,81,81,0
,007_obc_13593053_20260713230000_seg_00217,007_obc_13593053_20260713230000,SPEAKER_00,1426.48,1443.2,16.72,success,まあ、さっきもちょろっと話しましたけど、まじで一回全部見直さんと、これ、どうやって終わったかっていうの、みんな覚えてる、俺、覚えてへんで、もうvivant、別班って何、今、今、別班がどれ、別班がなんやらとか、テント。,success,まあさっきもちょろっと話しましたけどまじで一回全部見直さんとってこれどうやって終わったかっていうのみんな覚えてる俺覚えてへんでもうvivant別班って何今別班がどれ別班が何やらとかテント。,False,108,94,-14
,007_obc_13593053_20260713230000_seg_00218,007_obc_13593053_20260713230000,SPEAKER_00,1443.76,1446.48,2.72,success,っていう組織が誰?とか。,success,っていう組織が誰とか。,False,12,11,-1
,007_obc_13593053_20260713230000_seg_00219,007_obc_13593053_20260713230000,SPEAKER_00,1447.04,1457.28,10.24,success,もう今もう、何が何か覚えてないんですよ、これ、もう一回見直さないと、皆さん、ついていけないんじゃないですか、で、堺雅人さんが結局、なんやったっけ、あれ。,success,もう今もう何が何か覚えてないんですよこれもう一回見直さないと皆さんついていけないじゃないですかで堺雅人さんが結局何やったっけ?,False,76,63,-13
,007_obc_13593053_20260713230000_seg_00220,007_obc_13593053_20260713230000,SPEAKER_00,1458.08,1459.36,1.28,success,ニノが弟?,success,ニノが弟?,True,5,5,0
,007_obc_13593053_20260713230000_seg_00221,007_obc_13593053_20260713230000,SPEAKER_00,1460.08,1470.96,10.88,success,訳分からん、これ、これ、ドラマを雰囲気で記憶してるから、もうちょっとね、見た作品がちょっとこんがらがってるというかね、vivant、地面師、あのへんももうごっちゃごちゃ。,success,もう訳分からん、俺、これ、ドラマを雰囲気で記憶してるから、もうちょっとね、見た作品がちょっとこんがらがってるというかね、vivant、地面師、あのへんももうごっちゃごちゃ。,False,85,86,1
,007_obc_13593053_20260713230000_seg_00222,007_obc_13593053_20260713230000,SPEAKER_00,1471.68,1473.04,1.36,success,マジでごっちゃごちゃ。,success,まじでごっちゃごちゃ。,False,11,11,0
,007_obc_13593053_20260713230000_seg_00223,007_obc_13593053_20260713230000,SPEAKER_00,1473.84,1477.76,3.92,success,もう頭の中でもう、話、ちょっとね、まじでぐちゃぐちゃになるよね。,success,もう頭の中でもう話ちょっとねマジでぐちゃぐちゃになるよね。,False,32,29,-3
,007_obc_13593053_20260713230000_seg_00224,007_obc_13593053_20260713230000,SPEAKER_00,1478.88,1483.84,4.96,success,そこに地獄に落ちるわよとかも入ってきてもう訳分からんってもう。,success,そこに地獄に落ちるわよとかも入ってきてもう訳分からんってもう。,True,31,31,0
,007_obc_13593053_20260713230000_seg_00225,007_obc_13593053_20260713230000,SPEAKER_00,1485.12,1488.24,3.12,success,地面師爆破で終わったよね、確かね。,success,地面師爆破で終わったよね、確かね。,True,17,17,0
,007_obc_13593053_20260713230000_seg_00226,007_obc_13593053_20260713230000,SPEAKER_00,1488.96,1493.44,4.48,success,俺もで、今な、俺、ガス人間見だしてるから、もうむちゃくちゃやねん、俺。,success,ドリームで今な俺ガス人間見だしてるからもうむちゃくちゃやねん俺。,False,35,32,-3
,007_obc_13593053_20260713230000_seg_00227,007_obc_13593053_20260713230000,SPEAKER_00,1494.08,1494.96,0.88,success,おもろい!,success,おもろい!,True,5,5,0
,007_obc_13593053_20260713230000_seg_00228,007_obc_13593053_20260713230000,SPEAKER_00,1495.52,1500.08,4.56,success,ガス人間おもろい、3話まで見た、ガス人間。,success,ガス人間おもろい、3話まで見た、ガス人間。,True,21,21,0
,007_obc_13593053_20260713230000_seg_00229,007_obc_13593053_20260713230000,SPEAKER_00,1501.28,1502.56,1.28,success,あれどうなんの?,success,あれどうなんの?,True,8,8,0
,007_obc_13593053_20260713230000_seg_00230,007_obc_13593053_20260713230000,SPEAKER_00,1503.28,1504.56,1.28,success,あれ、誰が悪いん?,success,あれ誰が悪いん?,False,9,8,-1
,007_obc_13593053_20260713230000_seg_00231,007_obc_13593053_20260713230000,SPEAKER_00,1505.6,1506.48,0.88,success,マジで。,success,マジで。,True,4,4,0
,007_obc_13593053_20260713230000_seg_00232,007_obc_13593053_20260713230000,SPEAKER_00,1506.96,1508.4,1.44,success,ちょっと見てガス人間!,success,ちょっ見てガス人間!,False,11,10,-1
,007_obc_13593053_20260713230000_seg_00233,007_obc_13593053_20260713230000,SPEAKER_00,1510.08,1511.6,1.52,success,やばいよ、ガス人間。,success,やばいよ、ガス人間。,True,10,10,0
,007_obc_13593053_20260713230000_seg_00234,007_obc_13593053_20260713230000,SPEAKER_00,1512.88,1517.76,4.88,success,あもうめっちゃ蒼井優かわいい分かる。,success,あめっちゃ蒼井優かわいい分かる。,False,18,16,-2
,007_obc_13593053_20260713230000_seg_00235,007_obc_13593053_20260713230000,SPEAKER_00,1518.88,1522.16,3.28,success,あお優、かわいいし、あおい優さん、かわいいし、俺な。,success,おおゆうかわいいしあおゆさんかわいいし俺な。,False,26,22,-4
,007_obc_13593053_20260713230000_seg_00236,007_obc_13593053_20260713230000,SPEAKER_00,1522.96,1523.52,0.56,success,でさ。,success,でさ。,True,3,3,0
,007_obc_13593053_20260713230000_seg_00237,007_obc_13593053_20260713230000,SPEAKER_00,1524.48,1534.72,10.24,success,山里さんとさ、この間さ、番組出てたのよ、一緒に、あれ、なんでしたっけ、ダーツ最後にする。,success,山里さんとさ、この間さ、番組出てたのよ、一緒に、あれ、なんでしたっけ、ダーツ最後にする。,True,44,44,0
,007_obc_13593053_20260713230000_seg_00238,007_obc_13593053_20260713230000,SPEAKER_00,1534.96,1537.04,2.08,success,フレンドパークのあのやつ。,success,フレンドパークのあのやつ。,True,13,13,0
,007_obc_13593053_20260713230000_seg_00239,007_obc_13593053_20260713230000,SPEAKER_00,1537.44,1539.6,2.16,success,リメイク版みたいなんかな、それをやってて。,success,リメイク版みたいなんかなそれやってて。,False,21,19,-2
,007_obc_13593053_20260713230000_seg_00240,007_obc_13593053_20260713230000,SPEAKER_00,1540.32,1544.0,3.68,success,山里さんがmcというかね、そこで。,success,山里さんがmcというかねそこで。,False,17,16,-1
,007_obc_13593053_20260713230000_seg_00241,007_obc_13593053_20260713230000,SPEAKER_00,1544.4,1545.12,0.72,success,で。,success,で。,True,2,2,0
,007_obc_13593053_20260713230000_seg_00242,007_obc_13593053_20260713230000,SPEAKER_00,1546.0,1556.96,10.96,success,ドラマが始まるからっていうことで新ドラマそれであい優さん一緒やねんけどそれ一緒に出ててやっぱあお優さんきれいかったしそこでさ夫婦で共演するってさ。,success,ドラマが始まるからってことで新ドラマそれで蒼井優さん一緒やねんけどそれ一緒に出ててやっぱ蒼井優さんきれいかったしそこでさ夫婦で共演するってさ。,False,73,71,-2
,007_obc_13593053_20260713230000_seg_00243,007_obc_13593053_20260713230000,SPEAKER_00,1557.6,1559.76,2.16,success,なんかどきどきしちゃって、ずっと見ちゃった。,success,なんかドキドキしちゃってずっと見ちゃった。,False,22,21,-1
,007_obc_13593053_20260713230000_seg_00244,007_obc_13593053_20260713230000,SPEAKER_00,1560.24,1562.48,2.24,success,うわっ、かわいいし。,success,うわっかわいいしで。,False,10,10,0
,007_obc_13593053_20260713230000_seg_00245,007_obc_13593053_20260713230000,SPEAKER_00,1563.12,1568.16,5.04,success,なんか山里さんの言うボケとかにもなんかこう笑うシーンとかあんのよ。,success,なんか山里さんの言うボケとかにもなんかこう笑うシーンとかあんのよ。,True,33,33,0
,007_obc_13593053_20260713230000_seg_00246,007_obc_13593053_20260713230000,SPEAKER_00,1569.28,1570.32,1.04,success,だって!,success,だって。,False,4,4,0
,007_obc_13593053_20260713230000_seg_00247,007_obc_13593053_20260713230000,SPEAKER_00,1571.12,1574.24,3.12,success,美しい心と、そして美貌と。,success,美しい心と、そして美貌と。,True,13,13,0
,007_obc_13593053_20260713230000_seg_00248,007_obc_13593053_20260713230000,SPEAKER_00,1575.12,1580.32,5.2,success,結局、一番なんかかわいいのって、これ、蒼井優なのかって。,success,結局一番なんかかわいいのってこれ蒼井優なのかって。,False,28,25,-3
,007_obc_13593053_20260713230000_seg_00249,007_obc_13593053_20260713230000,SPEAKER_00,1581.6,1582.72,1.12,success,ああいうのね。,success,ああいうのをね。,False,7,8,1
,007_obc_13593053_20260713230000_seg_00250,007_obc_13593053_20260713230000,SPEAKER_01,1584.0,1584.64,0.64,success,がん見てます。,success,僕見に来ます。,False,7,7,0
,007_obc_13593053_20260713230000_seg_00251,007_obc_13593053_20260713230000,SPEAKER_00,1584.64,1585.92,1.28,success,そう、共演したい。,success,そう共演したい。,False,9,8,-1
,007_obc_13593053_20260713230000_seg_00252,007_obc_13593053_20260713230000,SPEAKER_00,1586.48,1588.56,2.08,success,夫婦共演したいわ、俺。,success,夫婦共演したいわ俺。,False,11,10,-1
,007_obc_13593053_20260713230000_seg_00253,007_obc_13593053_20260713230000,SPEAKER_00,1589.04,1591.36,2.32,success,結婚したいわ、めっちゃ。,success,結婚したいわめっちゃ。,False,12,11,-1
,007_obc_13593053_20260713230000_seg_00254,007_obc_13593053_20260713230000,SPEAKER_00,1592.48,1593.92,1.44,success,ああいう番組やりたいわ。,success,ああいう番組やりたいわ。,True,12,12,0
,007_obc_13593053_20260713230000_seg_00255,007_obc_13593053_20260713230000,SPEAKER_00,1594.72,1600.16,5.44,success,引っ越したい、なんか俺、先週、なんか山添さんがなんか言うてたらしいですね。,success,引っ越したい、なんか俺、先週、なんか山添さんがなんか言うてたらしいですね。,True,37,37,0
,007_obc_13593053_20260713230000_seg_00256,007_obc_13593053_20260713230000,SPEAKER_00,1601.12,1601.92,0.8,success,えっと。,success,えっと。,True,4,4,0
,007_obc_13593053_20260713230000_seg_00257,007_obc_13593053_20260713230000,SPEAKER_00,1602.56,1603.36,0.8,success,ファッション。,success,パンション。,False,7,6,-1
,007_obc_13593053_20260713230000_seg_00258,007_obc_13593053_20260713230000,SPEAKER_00,1604.8,1606.24,1.44,success,マンションから出て。,success,マンションから出て。,True,10,10,0
,007_obc_13593053_20260713230000_seg_00259,007_obc_13593053_20260713230000,SPEAKER_00,1607.36,1609.6,2.24,success,銀次さんとかのますますそういう。,success,銀次さんとかのますますそうになってる。,False,16,19,3
,007_obc_13593053_20260713230000_seg_00260,007_obc_13593053_20260713230000,SPEAKER_00,1612.48,1614.4,1.92,success,ほんで、なんか言うてたけど。,success,ほんでなんか言うてたけど。,False,14,13,-1
,007_obc_13593053_20260713230000_seg_00261,007_obc_13593053_20260713230000,SPEAKER_00,1615.36,1618.24,2.88,success,いろいろ言うてたやん。,success,いやいろいろ言うてたやんあの。,False,11,15,4
,007_obc_13593053_20260713230000_seg_00262,007_obc_13593053_20260713230000,SPEAKER_00,1618.88,1620.08,1.2,success,すごいなんていうかな。,success,すごい何て言うかな。,False,11,10,-1
,007_obc_13593053_20260713230000_seg_00263,007_obc_13593053_20260713230000,SPEAKER_00,1621.04,1622.0,0.96,success,ハロー。,success,ボロ。,False,4,3,-1
,007_obc_13593053_20260713230000_seg_00264,007_obc_13593053_20260713230000,SPEAKER_00,1622.32,1624.08,1.76,success,ますますそうに戻った。,success,ますます荘に戻った。,False,11,10,-1
,007_obc_13593053_20260713230000_seg_00265,007_obc_13593053_20260713230000,SPEAKER_00,1624.8,1625.76,0.96,success,のって。,success,戻って。,False,4,4,0
,007_obc_13593053_20260713230000_seg_00266,007_obc_13593053_20260713230000,SPEAKER_00,1626.32,1628.4,2.08,success,いいことというかまあその。,success,いいことというかまあその。,True,13,13,0
,007_obc_13593053_20260713230000_seg_00267,007_obc_13593053_20260713230000,SPEAKER_00,1630.48,1633.76,3.28,success,でもな、いや、絶対楽しいと思うで、技術さんな。,success,でもないや絶対楽しいと思うで技術はな。,False,23,19,-4
,007_obc_13593053_20260713230000_seg_00268,007_obc_13593053_20260713230000,SPEAKER_00,1634.32,1636.64,2.32,success,今だから西東京に住んでるやろ。,success,今だから西東京に住んでるやろ。,True,15,15,0
,007_obc_13593053_20260713230000_seg_00269,007_obc_13593053_20260713230000,SPEAKER_00,1636.96,1637.6,0.64,success,おもろいや。,success,アンボロイヤ。,False,6,7,1
,007_obc_13593053_20260713230000_seg_00270,007_obc_13593053_20260713230000,SPEAKER_00,1638.4,1643.6,5.2,success,俺、このな、1週間の間、2回ぐらい俺、収録さ、山添さんと一緒やって、この話もしたんよ。,success,俺この1週間の間2回ぐらい俺収録さ山添さんと一緒やってこの話もしたんよ。,False,43,36,-7
,007_obc_13593053_20260713230000_seg_00271,007_obc_13593053_20260713230000,SPEAKER_00,1644.4,1659.12,14.72,success,そやけど、山添さん、めっちゃ語るのよ、ますます荘のよさ、めっちゃ語んねんけど、やっぱ、俺と山添さんが年一緒やねん、一緒やから、どんだけますます荘のよさ語られても、40。,success,せやけど、山添さん、めっちゃ語るのよ、ますます荘のよさ、めっちゃ語んねんけど、やっぱ、俺と山添さんが年一緒やねん、一緒やから、どんだけますます荘のよさ語られても、40。,False,84,84,0
,007_obc_13593053_20260713230000_seg_00272,007_obc_13593053_20260713230000,SPEAKER_00,1662.0,1663.12,1.12,success,おもろすぎて。,success,おもろすぎて。,True,7,7,0
,007_obc_13593053_20260713230000_seg_00273,007_obc_13593053_20260713230000,SPEAKER_00,1664.96,1666.48,1.52,success,41が。,success,41が。,True,4,4,0
,007_obc_13593053_20260713230000_seg_00274,007_obc_13593053_20260713230000,SPEAKER_00,1667.2,1669.44,2.24,success,またもう一回、仲よし3人で住もう。,success,またもう一回仲良し3人で住もう。,False,17,16,-1
,007_obc_13593053_20260713230000_seg_00275,007_obc_13593053_20260713230000,SPEAKER_00,1672.64,1681.2,8.56,success,激甘やんてって、俺、真面目に聞いててん、そのとき、先輩やから、山野辺さん、やねんけど、なんかさ、やっぱどっかでさ。,success,激甘やんてって、俺、真面目に聞いててん、そのとき、先輩やから、山野辺さん、やねんけど、なんかさ、やっぱどっかでさ。,True,57,57,0
,007_obc_13593053_20260713230000_seg_00276,007_obc_13593053_20260713230000,SPEAKER_00,1682.24,1684.24,2.0,success,41で。,success,41で。,True,4,4,0
,007_obc_13593053_20260713230000_seg_00277,007_obc_13593053_20260713230000,SPEAKER_00,1686.08,1690.48,4.4,success,40、ずっと一緒やったらさ、なんか。,success,40ちゃうずっと一緒やったらさ何か。,False,18,18,0
,007_obc_13593053_20260713230000_seg_00278,007_obc_13593053_20260713230000,SPEAKER_00,1690.88,1694.96,4.08,success,理解できひんねん、そう、一生青春やって言うてたやん。,success,理解できひんねん、そう、一生青春やって言うてた。,False,26,24,-2
,007_obc_13593053_20260713230000_seg_00279,007_obc_13593053_20260713230000,SPEAKER_00,1698.56,1699.28,0.72,success,これがな。,success,これがな!,False,5,5,0
,007_obc_13593053_20260713230000_seg_00280,007_obc_13593053_20260713230000,SPEAKER_00,1700.16,1701.28,1.12,success,銀次さんとか。,success,銀次さんとか。,True,7,7,0
,007_obc_13593053_20260713230000_seg_00281,007_obc_13593053_20260713230000,SPEAKER_00,1702.88,1707.84,4.96,success,増田さんね、増田さんと、増田さんのお父さんの、なんかそんなんやね。,success,増田さんね増田さんと増田さんのお父さんのなんかそんなんやね。,False,33,30,-3
,007_obc_13593053_20260713230000_seg_00282,007_obc_13593053_20260713230000,SPEAKER_00,1708.88,1732.4,23.52,success,で、一緒にその山添さんが3人で、もうずっと一緒、山添さんも何年も前からもうどんと売れてる、松田さんもキングオブコントいってる、そして最後に銀次さんがmー1で、今、ほんでもうcmもやりまくってるって、これ、ずっと変わらず住んでる3人やったら、俺なんか。,success,で、一緒にその山添さんが3人で、もうずっと一緒、山添さんも何年も前からもうどんと売れてる、松田さんもキングオブコントいってる、そして最後に銀次さんがmー1で、今、ほんでもうcmもやりまくってるって、これ、ずっと変わらず住んでる3人やったら、俺なんか。,True,125,125,0
,007_obc_13593053_20260713230000_seg_00283,007_obc_13593053_20260713230000,SPEAKER_00,1733.52,1735.36,1.84,success,なんて言ったらええんやろ、もうめっちゃ。,success,何て言ったらええんやろもうめっちゃ。,False,20,18,-2
,007_obc_13593053_20260713230000_seg_00284,007_obc_13593053_20260713230000,SPEAKER_00,1735.92,1737.44,1.52,success,これ映画やんと思うねん。,success,これ映画やん!と思うねん。,False,12,13,1
,007_obc_13593053_20260713230000_seg_00285,007_obc_13593053_20260713230000,SPEAKER_00,1738.56,1740.0,1.44,success,映画なるやんと思うねんけど。,success,映画なるやんと思うねんけど。,True,14,14,0
,007_obc_13593053_20260713230000_seg_00286,007_obc_13593053_20260713230000,SPEAKER_00,1741.04,1746.16,5.12,success,けんかとかあれ、スリーピースってあったやろ、ドラマで、それが浮かぶねんけど。,success,けんかとかあれ、スリーピースってあったやろ、ドラマで、それが浮かぶねんけど。,True,38,38,0
,007_obc_13593053_20260713230000_seg_00287,007_obc_13593053_20260713230000,SPEAKER_00,1747.12,1757.52,10.4,success,香取慎吾さんとかのね、人に優しく、そう、人に優しくのスリーピース、あれね、あれも大人なっていうのはあるやんか、やけど、なんか。,success,あの香取慎吾さんとかのね人に優しくそう人に優しくのスリーピースあれねあれも大人なっていうのはあるやんかやけどなんか。,False,63,58,-5
,007_obc_13593053_20260713230000_seg_00288,007_obc_13593053_20260713230000,SPEAKER_00,1758.64,1761.36,2.72,success,1回、山添さん、出たやん。,success,一回山添さん出たやん。,False,13,11,-2
,007_obc_13593053_20260713230000_seg_00289,007_obc_13593053_20260713230000,SPEAKER_00,1764.88,1765.84,0.96,success,出て!,success,出て!,True,3,3,0
,007_obc_13593053_20260713230000_seg_00290,007_obc_13593053_20260713230000,SPEAKER_00,1767.2,1769.28,2.08,success,出て41になって。,success,出て41になって。,True,9,9,0
,007_obc_13593053_20260713230000_seg_00291,007_obc_13593053_20260713230000,SPEAKER_00,1769.68,1771.52,1.84,success,戻ります、西東京。,success,戻ります、西東京。,True,9,9,0
,007_obc_13593053_20260713230000_seg_00292,007_obc_13593053_20260713230000,SPEAKER_00,1773.2,1784.56,11.36,success,バリアー、やっぱ、めっちゃいいのを聞かされんねん、楽しいのも伝わんねん、やっぱ芸人どうし一緒におるって、楽しいのも伝わんねんけど、どっかでずっと引っ掛かんねん、なんか4ー1が。,success,バリア、やっぱ、めっちゃいいのを聞かされんねん、楽しいのも伝わんねん、芸人どうし一緒におるって、楽しいのも伝わんねんけど、どっかでずっと引っ掛かんねん、なんか4ー1が。,False,88,84,-4
,007_obc_13593053_20260713230000_seg_00293,007_obc_13593053_20260713230000,SPEAKER_00,1785.76,1792.56,6.8,success,山田さんがこう、ああ、そっか、俺もやりたいなとか、芸人と一緒におるほうが楽しいよなとかって、めっちゃ思うねんけど。,success,山田さんがこうああそっか俺もやりたいなあとか芸人と一緒におる方が楽しいよなとかってめっちゃ思うねんけど。,False,57,52,-5
,007_obc_13593053_20260713230000_seg_00294,007_obc_13593053_20260713230000,SPEAKER_00,1792.96,1794.16,1.2,success,41?,success,41?,True,3,3,0
,007_obc_13593053_20260713230000_seg_00295,007_obc_13593053_20260713230000,SPEAKER_00,1794.64,1795.92,1.28,success,おっさんって。,success,おっさんって。,True,7,7,0
,007_obc_13593053_20260713230000_seg_00296,007_obc_13593053_20260713230000,SPEAKER_00,1797.84,1799.6,1.76,success,何かなと思っちゃうねん。,success,何かなと思っちゃうねん。,True,12,12,0
,007_obc_13593053_20260713230000_seg_00297,007_obc_13593053_20260713230000,SPEAKER_00,1800.24,1801.52,1.28,success,変よなやっぱ。,success,変よなやっぱ。,True,7,7,0
,007_obc_13593053_20260713230000_seg_00298,007_obc_13593053_20260713230000,SPEAKER_00,1802.16,1803.6,1.44,success,めっちゃ笑うたけどな、俺。,success,めっちゃ笑たけどな俺。,False,13,11,-2
,007_obc_13593053_20260713230000_seg_00299,007_obc_13593053_20260713230000,SPEAKER_00,1804.64,1808.4,3.76,success,忘れられなかったんじゃない?ということか。,success,あっ忘れられなかったんじゃないっていうことか。,False,21,23,2
,007_obc_13593053_20260713230000_seg_00300,007_obc_13593053_20260713230000,SPEAKER_00,1808.72,1812.32,3.6,success,あっだから人に優しくみたいな感じでドラマにするなら。,success,あっだから人に優しくみたいな感じでドラマにするなら。,True,26,26,0
,007_obc_13593053_20260713230000_seg_00301,007_obc_13593053_20260713230000,SPEAKER_00,1813.52,1821.68,8.16,success,一回終わって終わって、出ていって、家出みたいな感じで、お前らともうやってられねえよみたいな感じで、無理やりして。,success,一回ばって終わって、出ていって、家出みたいな感じで、お前らともうやってられねーよみたいな感じで、無理やりして。,False,56,55,-1
,007_obc_13593053_20260713230000_seg_00302,007_obc_13593053_20260713230000,SPEAKER_00,1822.48,1823.2,0.72,success,もうええやと。,success,もうええやんと。,False,7,8,1
,007_obc_13593053_20260713230000_seg_00303,007_obc_13593053_20260713230000,SPEAKER_00,1823.6,1833.44,9.84,success,そう、第2シーズン、あっ、シーズン2ね、そうね、やってられないよというか、これ、芸人の話やから、うーんと、例えば。,success,そう第2シーズあっシーズン2ねそうねやってられないよというかこれ芸人の話やからうんと例えば。,False,57,46,-11
,007_obc_13593053_20260713230000_seg_00304,007_obc_13593053_20260713230000,SPEAKER_00,1834.16,1836.32,2.16,success,早くこの家。,success,早くこの家。,True,6,6,0
,007_obc_13593053_20260713230000_seg_00305,007_obc_13593053_20260713230000,SPEAKER_00,1836.8,1840.4,3.6,success,出れるようにお笑い頑張れよみたいな感じで。,success,出れるようにお笑い頑張れよみたいな感じで。,True,21,21,0
,007_obc_13593053_20260713230000_seg_00306,007_obc_13593053_20260713230000,SPEAKER_00,1840.8,1844.24,3.44,success,終わったとすりゃ、シーズン1、本当はシーズン2で。,success,終わったとすりゃシーズンはほんならシーズン2で。,False,25,24,-1
,007_obc_13593053_20260713230000_seg_00307,007_obc_13593053_20260713230000,SPEAKER_00,1844.72,1846.72,2.0,success,やっぱ戻りますってことやろ。,success,やっぱ戻りますってことやろ?,False,14,14,0
,007_obc_13593053_20260713230000_seg_00308,007_obc_13593053_20260713230000,SPEAKER_00,1847.76,1849.12,1.36,success,おもろすぎるこれ。,success,おもろすぎるこれ。,True,9,9,0
,007_obc_13593053_20260713230000_seg_00309,007_obc_13593053_20260713230000,SPEAKER_00,1851.04,1854.88,3.84,success,よう分からんわ、俺、すごかったな、山添さん。,success,よう分からんわ俺すごかったな山添さん。,False,22,19,-3
,007_obc_13593053_20260713230000_seg_00310,007_obc_13593053_20260713230000,SPEAKER_00,1855.76,1864.24,8.48,success,まあまあまあ、ちょっと脱線しましたけども、都心に住むのださいって言うててんけど、そんなことなくない?,success,まあまあまあ、ちょっと脱線しましたけども、都心に住むのださいって言うててんけど、そんなことなくない?,True,50,50,0
,007_obc_13593053_20260713230000_seg_00311,007_obc_13593053_20260713230000,SPEAKER_00,1865.52,1866.56,1.04,success,いやちょっと待って。,success,いやちょっと待って。,True,10,10,0
,007_obc_13593053_20260713230000_seg_00312,007_obc_13593053_20260713230000,SPEAKER_00,1867.84,1868.96,1.12,success,山添さん、ちょっと。,success,山添さんちょっと。,False,10,9,-1
,007_obc_13593053_20260713230000_seg_00313,007_obc_13593053_20260713230000,SPEAKER_00,1869.84,1871.6,1.76,success,兄貴ちょっとほんま自分。,success,兄貴ちょっとほんま自分。,True,12,12,0
,007_obc_13593053_20260713230000_seg_00314,007_obc_13593053_20260713230000,SPEAKER_00,1872.24,1874.08,1.84,success,はいって言いましたけどはい。,success,はいって言いましたけどはい。,True,14,14,0
,007_obc_13593053_20260713230000_seg_00315,007_obc_13593053_20260713230000,SPEAKER_00,1874.64,1881.6,6.96,success,兄貴の前でも1週間に2回お会いしていろいろ聞きましたけどもださくはなくない?,success,兄貴の前でも1週間に2回お会いしていろいろ聞きましたけどもダサくはなくない?ダサくはない。,False,38,45,7
,007_obc_13593053_20260713230000_seg_00316,007_obc_13593053_20260713230000,SPEAKER_00,1882.16,1884.88,2.72,success,別にいいですやん、東京に、都心に住む。,success,別にいいですやん東京に都心に住む。,False,19,17,-2
,007_obc_13593053_20260713230000_seg_00317,007_obc_13593053_20260713230000,SPEAKER_00,1886.48,1890.72,4.24,success,すごいよな、で、ここから終わって。,success,すごいよな、で、ここから終わって。,True,17,17,0
,007_obc_13593053_20260713230000_seg_00318,007_obc_13593053_20260713230000,SPEAKER_00,1891.36,1893.92,2.56,success,タクシーで1時間ぐらい。,success,タクシーで1時間ぐらい。,True,12,12,0
,007_obc_13593053_20260713230000_seg_00319,007_obc_13593053_20260713230000,SPEAKER_00,1894.96,1898.08,3.12,success,かかるんちゃう、1時間ぐらいかかるよね、絶対。,success,かかるんちゃう、1時間ぐらいかかるよね、絶対。,True,23,23,0
,007_obc_13593053_20260713230000_seg_00320,007_obc_13593053_20260713230000,SPEAKER_00,1900.0,1901.28,1.28,success,めっちゃ交通費かかるやん。,success,めっちゃ交通費かかるやんか。,False,13,14,1
,007_obc_13593053_20260713230000_seg_00321,007_obc_13593053_20260713230000,SPEAKER_00,1904.0,1905.12,1.12,success,すごいなでも。,success,すごいなでも。,True,7,7,0
,007_obc_13593053_20260713230000_seg_00322,007_obc_13593053_20260713230000,SPEAKER_00,1906.16,1907.6,1.44,success,いやでも面白いな。,success,いやでも面白いな。,True,9,9,0
,007_obc_13593053_20260713230000_seg_00323,007_obc_13593053_20260713230000,SPEAKER_00,1908.4,1911.6,3.2,success,1週間ホームステイしてみたら、おやおやいい。,success,1週間ホームステイしてみたらおやおやいい。,False,22,21,-1
,007_obc_13593053_20260713230000_seg_00324,007_obc_13593053_20260713230000,SPEAKER_01,1911.68,1912.32,0.64,success,よさが分かる。,success,よさが分かる?,False,7,7,0
,007_obc_13593053_20260713230000_seg_00325,007_obc_13593053_20260713230000,SPEAKER_00,1912.32,1915.36,3.04,success,いや、俺はもう、ほんま、ちゃう、俺は1人が好きやねん。,success,いや俺はもうほんまちゃう俺は一人や好きやねん。,False,27,23,-4
,007_obc_13593053_20260713230000_seg_00326,007_obc_13593053_20260713230000,SPEAKER_00,1916.0,1931.2,15.2,success,俺はほんまにもう嫌やねん、俺、もう、それなくても俺、俺の家さ、勝手にさ、上がられてることようあんねんからさ、ドッキリとかで使われるからね、ロケ地に使われるから、嫌やねん、俺も、もう、やってたし、俺も。,success,俺はほんまにもう嫌やねん、俺も、それなくとも俺、俺の家さ、勝手にさ、上がられてることようあんねんからさ、ドッキリとかで使われるからね、ロケ地に使われるから、嫌やねん、俺も、もう、やってたし、俺も。,False,100,98,-2
,007_obc_13593053_20260713230000_seg_00327,007_obc_13593053_20260713230000,SPEAKER_00,1931.68,1940.0,8.32,success,あの何3人暮らしみたいなん昔やってたんやろうね東京出たてのときに確かによさもあんねんな。,success,あの何3人暮らしみたいなん昔やってたんやろうね東京出たての時にまあ確かによさもあんねんな。,False,44,45,1
,007_obc_13593053_20260713230000_seg_00328,007_obc_13593053_20260713230000,SPEAKER_00,1940.56,1944.8,4.24,success,俺、ちなみにあれよ、キングオブコント決勝に行ったクロコップの荒木さん。,success,俺ちなみにあれよキングオブコント決勝に行ったクロコップの荒木さん。,False,35,33,-2
,007_obc_13593053_20260713230000_seg_00329,007_obc_13593053_20260713230000,SPEAKER_00,1945.68,1950.72,5.04,success,一緒に住んでましたからね、おもしろかったで、クロコップの荒木さん、めっちゃ。,success,と一緒に住んでましたからね面白かったでクロコップダラキさんめっちゃ。,False,38,34,-4
,007_obc_13593053_20260713230000_seg_00330,007_obc_13593053_20260713230000,SPEAKER_00,1951.6,1953.12,1.52,success,パワフルプロ野球を。,success,パワフルプロ野球を。,True,10,10,0
,007_obc_13593053_20260713230000_seg_00331,007_obc_13593053_20260713230000,SPEAKER_00,1954.08,1959.52,5.44,success,コンピューター対コンピューターをやって、メガホン持って、ヤクルトを応援してる。,success,コンピューター対コンピューターをやってメガホン持ってヤクルトを応援してる。,False,39,37,-2
,007_obc_13593053_20260713230000_seg_00332,007_obc_13593053_20260713230000,SPEAKER_00,1960.4,1961.52,1.12,success,ってなっちゃう。,success,ってなっちゃうね。,False,8,9,1
,007_obc_13593053_20260713230000_seg_00333,007_obc_13593053_20260713230000,SPEAKER_00,1962.24,1969.52,7.28,success,そんなんとか聞こえてくるの、ゴーンゴー、コンとか、で、古いソフトやから、池山!ってずっと言ってた、池山。,success,そんなんとか聞こえてくるのゴーンゴーゴーとかで古いソフトやから池山!ってずっと言ってた池山。,False,52,46,-6
,007_obc_13593053_20260713230000_seg_00334,007_obc_13593053_20260713230000,SPEAKER_00,1970.4,1971.6,1.2,success,そんな変な人でしたね。,success,そんな変な人でしたね。,True,11,11,0
,007_obc_13593053_20260713230000_seg_00335,007_obc_13593053_20260713230000,SPEAKER_01,1971.6,1972.4,0.8,success,どうぞこんな感じ。,success,どうにもともと。,False,9,8,-1
,007_obc_13593053_20260713230000_seg_00336,007_obc_13593053_20260713230000,SPEAKER_00,1972.96,1977.68,4.72,success,俺が借りたのは3ldk3ldk野形。,success,俺が借りたのは3ldk3ldk野形。,True,18,18,0
,007_obc_13593053_20260713230000_seg_00337,007_obc_13593053_20260713230000,SPEAKER_00,1978.4,1985.2,6.8,success,野方で借りた、めっちゃ安かったと、いまだにな、ちょいちょいな、ちょっとあっちのほう行ったら。,success,野方で借りためっちゃ安かったといまだになちょいちょいなちょっとあっちのほう行ったら。,False,46,42,-4
,007_obc_13593053_20260713230000_seg_00338,007_obc_13593053_20260713230000,SPEAKER_00,1985.68,1992.0,6.32,success,ちょっと入って、マンションの前、通って帰ったりする、なんか、誰か住んでるかなとかって思って。,success,ちょっと入って、マンションの前通って帰ったりする、なんか、誰か住んでるかなとかって思って。,False,46,45,-1
,007_obc_13593053_20260713230000_seg_00339,007_obc_13593053_20260713230000,SPEAKER_00,1992.96,1997.92,4.96,success,尾形の3ldk、かっこいい、一回、もう一回入りたいわ、荒木さんと。,success,緒方の3ldk、あっこ行き、もう一回入りたいわ、荒木さんと。,False,33,30,-3
,007_obc_13593053_20260713230000_seg_00340,007_obc_13593053_20260713230000,SPEAKER_00,1998.56,1999.92,1.36,success,行きたいな。,success,行きたいな。,True,6,6,0
,007_obc_13593053_20260713230000_seg_00341,007_obc_13593053_20260713230000,SPEAKER_01,2000.8,2001.52,0.72,success,あっ、引っ越した。,success,あっ引っ越した。,False,9,8,-1
,007_obc_13593053_20260713230000_seg_00342,007_obc_13593053_20260713230000,SPEAKER_00,2002.24,2004.16,1.92,success,なんで俺、野方に引くっすの?,success,何で俺野方に引っ越すの?,False,14,12,-2
,007_obc_13593053_20260713230000_seg_00343,007_obc_13593053_20260713230000,SPEAKER_00,2004.88,2011.2,6.32,success,意味分からんと、山添さんが西東京に戻ったから、俺が野方スタートになるってことは嫌やわ。,success,意味分からん、山添さんが西東京に戻ったから、俺が野方スタートになるってことは嫌やわ。,False,43,42,-1
,007_obc_13593053_20260713230000_seg_00344,007_obc_13593053_20260713230000,SPEAKER_00,2012.48,2016.88,4.4,success,今の家もやっとも分からへんねんなんでなんやろな。,success,今の家もやっとも分からへんねんなんでなんやろな。,True,24,24,0
,007_obc_13593053_20260713230000_seg_00345,007_obc_13593053_20260713230000,SPEAKER_01,2016.96,2017.52,0.56,success,では。,success,だいぶ。,False,3,4,1
,007_obc_13593053_20260713230000_seg_00346,007_obc_13593053_20260713230000,SPEAKER_01,2018.16,2019.92,1.76,success,京急路線とかずっと新宿線。,success,京国路線とか撮って新宿線。,False,13,13,0
,007_obc_13593053_20260713230000_seg_00347,007_obc_13593053_20260713230000,SPEAKER_00,2020.08,2026.16,6.08,success,例えば新宿、野方駅ね、野方、沼袋の横とかね、そうそう、その辺、その辺。,success,新宿野方駅ね野方沼袋の横とかねその辺その辺。,False,35,22,-13
,007_obc_13593053_20260713230000_seg_00348,007_obc_13593053_20260713230000,SPEAKER_00,2026.72,2041.04,14.32,success,いやでもね確かに楽しかったのは楽しかった芸人どうしでわちゃわちゃほんで先輩とかも遊びに来たりしてたからねおもしろかったけどねいやでも俺はもうええわもう俺はもうっていうかもうまじでさっきの話やけど結婚したいし俺。,success,いやでもね確かに楽しかったのは楽しかった芸人どうしでわちゃわちゃほんで先輩とかも遊びに来たりしてたからねおもしろかったけどねいやでも俺はもうええわもう俺はもうっていうかもうまじでさっきの話やけど結婚したいし俺。,True,105,105,0
,007_obc_13593053_20260713230000_seg_00349,007_obc_13593053_20260713230000,SPEAKER_00,2042.48,2047.44,4.96,success,結婚したいねん、俺、だから山口さん、なんか、それもなんかちょっと否定的やったやろ。,success,結婚したいねん俺だから山口さんなんかそれもなんかちょっと否定的やったやろ。,False,41,37,-4
,007_obc_13593053_20260713230000_seg_00350,007_obc_13593053_20260713230000,SPEAKER_00,2049.2,2056.72,7.52,success,もう分からん、あの人の考えてることが、俺は、俺はあの兄さんの考えてることが怖い。,success,もう分からん、あの人の考えてることが、俺は、俺はあの兄さんの考えてることが怖い。,True,40,40,0
,007_obc_13593053_20260713230000_seg_00351,007_obc_13593053_20260713230000,SPEAKER_00,2059.84,2068.32,8.48,success,本当にね、vivantとかね、地面師、もうね、いろいろね、ああ、2人のとき、そんな話したりしないということ?,success,まあ本当にねvivantとかね地面師もねいろいろね2人のときそんな話したりしないということ?,False,54,46,-8
,007_obc_13593053_20260713230000_seg_00352,007_obc_13593053_20260713230000,SPEAKER_00,2070.48,2071.2,0.72,success,結婚?,success,結婚?,True,3,3,0
,007_obc_13593053_20260713230000_seg_00353,007_obc_13593053_20260713230000,SPEAKER_00,2072.96,2079.44,6.48,success,あー、結婚な、いや、僕は芸能人と結婚したいですとか言うよ。,success,あ結婚ないや僕は芸能人と結婚したいですとは言うよ。,False,29,25,-4
,007_obc_13593053_20260713230000_seg_00354,007_obc_13593053_20260713230000,SPEAKER_00,2080.0,2092.0,12.0,success,あのいや結婚山添さん確かに結婚したいしたいしたいみたいな感じは絶対言わへんなそんな何か結婚の話したっけな?,success,あのいや結婚山添さん確かに結婚したいしたいしたいみたいな感じは絶対言わへんなそんな何か結婚の話したっけなあ?,False,53,54,1
,007_obc_13593053_20260713230000_seg_00355,007_obc_13593053_20260713230000,SPEAKER_00,2093.68,2094.88,1.2,success,あんまりしない。,success,あんまりしない。,True,8,8,0
,007_obc_13593053_20260713230000_seg_00356,007_obc_13593053_20260713230000,SPEAKER_00,2095.84,2105.76,9.92,success,でも山添さんに絶対会ったら言われるのが、真一、あの話してくれへんかって言って、俺、あの話好きやねん、真一のって言って、ああ、分かりましたって言って。,success,でも山添さんに絶対会ったら言われるのが、真一、あの話してくれへんかって言って、俺、あの話好きやねん、真一のって言って、ああ、分かりましたって言って。,True,74,74,0
,007_obc_13593053_20260713230000_seg_00357,007_obc_13593053_20260713230000,SPEAKER_00,2106.08,2149.2,43.12,success,俺が同級生、中学校のときに好きやった子と、ほんで終わって、大人なって、r−1優勝して、会ったときに、向こうもまだ結婚してなくて、すごいまだきれいで、ほんで、俺が飲みに行こうと誘って、ホテル泊まって、寝ていきってなって、ベッド2つ置いてあって、俺がシャワー浴びて出てきて、一緒に寝るって、もう一個のほうに、その女の子がずっと中学から好きやった子、寝てるって、で、俺がそっち行っていい?とか、山田さんが、もう毎回、毎回、おおおおおお、なんかどきどきすんなあと。,success,俺が同級生、中学校のときに好きやった子と、ほんで終わって、大人なって、r−1優勝して、会ったときに向こうもまだ結婚してなくて、すごいまだきれいで、俺が飲みに行こうと誘って、ホテル泊まって、寝ていきってなって、ベッド2つ置いてあって、俺がシャワー浴びて出てきて一緒に寝る、もう1個のほうにその女の子がずっと中学から好きやった子、寝てるって、で、俺がそっち行っていい?とか、山田さんがもう毎回、毎回、おおおおおお、なんかどきどきすんなあと。,False,228,218,-10
,007_obc_13593053_20260713230000_seg_00358,007_obc_13593053_20260713230000,SPEAKER_01,2149.6,2150.64,1.04,success,だってできるの?,success,何でできるの?,False,8,7,-1
,007_obc_13593053_20260713230000_seg_00359,007_obc_13593053_20260713230000,SPEAKER_00,2150.88,2158.24,7.36,success,毎回、お前、もう何回さ、俺、これ、楽屋でやらされんねんで、俺、俺、ああ、ああ、どきどき。,success,毎回何回俺これ楽屋でやらされんねんで俺おおおおドキドキ。,False,44,28,-16
,007_obc_13593053_20260713230000_seg_00360,007_obc_13593053_20260713230000,SPEAKER_00,2158.96,2167.2,8.24,success,ええやん、ほんで、どうすんねん、ほんで、山添さん、そんでね、その女の子、僕がね、そっちのベッド行っていい?って言ったんですよ。,success,ええやん、ほんで、どうすんねん、ほんで、山添さん、そんでね、その女の子、僕がね、そっちのベッド行っていい?って言ったんですよ。,True,63,63,0
,007_obc_13593053_20260713230000_seg_00361,007_obc_13593053_20260713230000,SPEAKER_00,2167.6,2180.24,12.64,success,うわー、めっちゃええやんって言ってて、ほんなら、その女の子、なんて言ったと思います?えっ、分からん、ちょっと待って、普通に来ていいよって言った?ってこと?って言って、ほんなら、いや、違うんですよって。,success,うわー、めっちゃええやん!ってなってて、ほんなら、その女の子、なんて言ったと思います?えっ、分からん、ちょっと待って、普通に来ていいよって言った?ってこと?って言って、ほんなら、いや、違うんですよって。,False,100,101,1
,007_obc_13593053_20260713230000_seg_00362,007_obc_13593053_20260713230000,SPEAKER_00,2180.88,2189.28,8.4,success,しんいち君だけシャワー浴びてんのずるいって言って、シャワー浴びに行くんすよとかって言って、うわー!って言って、こうしてくれて、小沢さん。,success,伸一君だけシャワー浴びてんのずるいって言ってシャワー浴びに行くんすよとかって言ってうわー!って言って興奮してくれて。,False,68,58,-10
,007_obc_13593053_20260713230000_seg_00363,007_obc_13593053_20260713230000,SPEAKER_00,2191.04,2221.6,30.56,success,で、シャワー浴びに行ってな、その背中がすっごいいいんすよ、山添さんって、めっちゃ興奮するんですよ、やっぱ、なんかどきどきとか、興奮ってやっぱ振りやなとかっていう話もして、振りが長ければ長いほどどきどきするなとかっていう話、俺、俺、これすんねんて、まじで、ほんで、でもね、山添さん、僕ね、興奮し過ぎてね、めっちゃちょっと息子がちょっと大きくなりすぎましてですね、我慢できずに、ちょっと触っちゃったんですって言って。,success,で、シャワー浴びに行ってな、その背中がすっごいいいんすよ、山添さんって、めっちゃ興奮するんですよ、やっぱ、なんかどきどきとか、興奮ってやっぱ振りやなとかっていう話もして、振りが長ければ長いほどどきどきするなとかっていう話、俺、俺、これすんねんて、まじで、ほんで、でもね、山添さん、僕ね、興奮しすぎてね、めっちゃちょっと息子がちょっと大きくなりすぎましてですね、我慢できずに、ちょっと触っちゃったんですって言って。,False,206,206,0
,007_obc_13593053_20260713230000_seg_00364,007_obc_13593053_20260713230000,SPEAKER_00,2221.84,2225.2,3.36,success,えっ、おう、なんで触んねん、あかんぞ。,success,えっ、なんで触んねん、あかんぞ。,False,19,16,-3
,007_obc_13593053_20260713230000_seg_00365,007_obc_13593053_20260713230000,SPEAKER_00,2226.32,2233.44,7.12,success,触ったら、触ってたら、なんかちょっと、なんか、ちょっとフィニッシュしちゃいましてって。,success,触ったら、触ってたら、なんかちょっと、なんか、ちょっとフィニッシュしちゃいましてって。,True,43,43,0
,007_obc_13593053_20260713230000_seg_00366,007_obc_13593053_20260713230000,SPEAKER_00,2233.92,2244.48,10.56,success,だーってなっちゃったんですって言って、ほんだら、戻ってきたんですよ、その感じで、ほんだら、戻ってきたら、そこから始まるかなと思ったら、全然。,success,だってなっちゃったんですって言って、ほんだら、戻ってきたんですよ、その感じで、ほんだら、戻ってきたら、そこから始まるかなと思ったら、全然。,False,70,69,-1
,007_obc_13593053_20260713230000_seg_00367,007_obc_13593053_20260713230000,SPEAKER_00,2245.36,2249.92,4.56,success,大きくならなくてっていう話、俺、好きやねんって。,success,大きくならなくてっていう話、俺、好きやねんって。,True,24,24,0
,007_obc_13593053_20260713230000_seg_00368,007_obc_13593053_20260713230000,SPEAKER_00,2251.68,2253.84,2.16,success,俺めっちゃ好きやねんって言われてこう。,success,俺めっちゃ好きやねんって言われてこう。,True,19,19,0
,007_obc_13593053_20260713230000_seg_00369,007_obc_13593053_20260713230000,SPEAKER_00,2254.16,2258.96,4.8,success,この話、めっちゃ好きやねんって、山添さん、あれしてよ、新一って言って。,success,この話、めっちゃ好きやねんって、山添さん、あれしてよ、新一って言って。,True,35,35,0
,007_obc_13593053_20260713230000_seg_00370,007_obc_13593053_20260713230000,SPEAKER_00,2261.92,2263.04,1.12,success,落語みたいに。,success,落語みたいに。,True,7,7,0
,007_obc_13593053_20260713230000_seg_00371,007_obc_13593053_20260713230000,SPEAKER_00,2265.04,2271.12,6.08,success,やってますよ、私、最近、山田さんとよう会うな、なんか、番組で。,success,やってますよ、私、最近、山田さんとよう会うな、なんか、番組で。,True,31,31,0
,007_obc_13593053_20260713230000_seg_00372,007_obc_13593053_20260713230000,SPEAKER_00,2271.68,2275.2,3.52,success,新鮮にリアクションね、してくれるから、俺も気持ちいいねん。,success,新鮮にリアクションねしてくれるから俺も気持ちいいねん。,False,29,27,-2
,007_obc_13593053_20260713230000_seg_00373,007_obc_13593053_20260713230000,SPEAKER_00,2275.68,2276.88,1.2,success,ほうほうとかって言って。,success,ほうほうとかって言ってる。,False,12,13,1
,007_obc_13593053_20260713230000_seg_00374,007_obc_13593053_20260713230000,SPEAKER_01,2276.88,2277.84,0.96,success,家庭用のリアクション。,success,男性用のリアクション。,False,11,11,0
,007_obc_13593053_20260713230000_seg_00375,007_obc_13593053_20260713230000,SPEAKER_00,2277.92,2278.56,0.64,success,分からへんで。,success,分からへんで。,True,7,7,0
,007_obc_13593053_20260713230000_seg_00376,007_obc_13593053_20260713230000,SPEAKER_00,2280.8,2289.28,8.48,success,番組で一緒やったから、ちょっとこれ、こういう感じで振ったら、しんいち、あの話、発動してくれへんかとかって、発動せえへんねんで。,success,番組で一緒やったからちょっとこれこういう感じで振ったらしんいちあの話発動してくれへんかとかって発動せえへんねんで。,False,63,57,-6
,007_obc_13593053_20260713230000_seg_00377,007_obc_13593053_20260713230000,SPEAKER_00,2290.96,2294.72,3.76,success,ちょっと楽しくやってますね、結婚の話とかせえへんな。,success,ずっと楽しくやってますね結婚の話とかせえへんなあ。,False,26,25,-1
,007_obc_13593053_20260713230000_seg_00378,007_obc_13593053_20260713230000,SPEAKER_00,2295.28,2304.32,9.04,success,まあまあまあ、おもしろいでございます、まあまあ、vivantとかね、いろいろちょっともう一回、俺、見直します、もうよう分かってないから、本当に。,success,まあまあまあ、おもしろいでございます、まあまあ、あのvivantとかね、いろいろちょっともう一回、俺、見直します、もうよう分かってないから、本当に。,False,72,74,2
,007_obc_13593053_20260713230000_seg_00379,007_obc_13593053_20260713230000,SPEAKER_00,2304.96,2312.16,7.2,success,戸田恵梨香さんはなんやったっけ、撃たれたんやったっけ、もう訳分からん、もう、整理、整理して、ちょっと皆さん、教えて、覚えてる人、教えてください。,success,戸田恵梨香さんは何やったっけ撃たれたんやったっけもう訳分からんもう整理してちょっと皆さん教えて覚えてる人教えて下さい。,False,72,59,-13
,007_obc_13593053_20260713230000_seg_00380,007_obc_13593053_20260713230000,SPEAKER_00,2312.72,2315.04,2.32,success,それでは今週も始めていきましょう。,success,それでは今週も始めていきましょう。,True,17,17,0
,007_obc_13593053_20260713230000_seg_00381,007_obc_13593053_20260713230000,SPEAKER_00,2315.44,2318.059912,2.62,success,お見送り芸人しんいちのサクラマシ919。,success,お見送り芸人しんいちの桜橋919。,False,20,17,-3
,007_obc_13593053_20260713230000_seg_00382,007_obc_13593053_20260713230000,SPEAKER_00,2341.36,2343.979834,2.62,success,最初にねバイトの話した時にここのリスナーの人。,success,前にねバイトの話した時にここのリスナーの人が。,False,23,23,0
,007_obc_13593053_20260713230000_seg_00383,007_obc_13593053_20260713230000,SPEAKER_00,2347.539941,2348.779883,1.24,success,クズ芸人クズ芸人。,success,クズ芸人クズ芸人。,True,9,9,0
,007_obc_13593053_20260713230000_seg_00384,007_obc_13593053_20260713230000,SPEAKER_00,2351.44,2356.940039,5.5,success,だったので、そのクズエピソードをどんどん送ってきてほしいということで、もう情けないです。,success,だったのでそのクズエピソードをどんどん送ってきてほしいということでもう情けないです。,False,44,42,-2
,007_obc_13593053_20260713230000_seg_00385,007_obc_13593053_20260713230000,SPEAKER_00,2358.64,2364.13999,5.5,success,別に大した人間じゃありませんけども、俺よりも下な人間がいるっていうのを。,success,別に大した人間じゃありませんけども俺よりも下な人間がいるっていうのを。,False,36,35,-1
,007_obc_13593053_20260713230000_seg_00386,007_obc_13593053_20260713230000,SPEAKER_00,2365.36,2366.059912,0.7,success,面白かったのそれ。,success,面白かったんですそれ。,False,9,11,2
,007_obc_13593053_20260713230000_seg_00387,007_obc_13593053_20260713230000,SPEAKER_00,2369.2,2369.9,0.7,success,たぶん飛んだやつ。,success,多分飛んだやつ。,False,9,8,-1
,007_obc_13593053_20260713230000_seg_00388,007_obc_13593053_20260713230000,SPEAKER_00,2373.04,2373.739844,0.7,success,正直に。,success,正直に言う。,False,4,6,2
,007_obc_13593053_20260713230000_seg_00389,007_obc_13593053_20260713230000,SPEAKER_00,2378.32,2379.499854,1.18,success,いつ飛んだのか。,success,いつ飛んだのか。,True,8,8,0
,007_obc_13593053_20260713230000_seg_00390,007_obc_13593053_20260713230000,SPEAKER_00,2386.0,2387.180029,1.18,success,大丈夫、西から来た。,success,大丈夫西から来た家。,False,10,10,0
,007_obc_13593053_20260713230000_seg_00391,007_obc_13593053_20260713230000,SPEAKER_00,2390.8,2403.36,12.56,success,チェーン店でアルバイトをしていましたアルバイトを始めて3日目の時に同じ日にシフトに入っていたベトナム人に教えてもらいながら放浪していたのですが。,success,チェーン店でアルバイトをしていましたアルバイトを始めて3日目の時に同じ日にシフトに入っていたベトナム人に教えてもらいながら放浪していたのですが。,True,72,72,0
,007_obc_13593053_20260713230000_seg_00392,007_obc_13593053_20260713230000,SPEAKER_00,2403.84,2407.52,3.68,success,僕が少しミスをしたらベトナム語でどなってきました。,success,僕が少しミスをしたらベトナム語でどなってきました。,True,25,25,0
,007_obc_13593053_20260713230000_seg_00393,007_obc_13593053_20260713230000,SPEAKER_00,2408.72,2416.4,7.68,success,それにびびってしまった僕は次の日もシフトに入っていたのですがそのままバイトを飛びました。,success,それにビビってしまった僕は次の日もシフトに入っていたのですがそのままバイトを飛びました。,False,44,44,0
,007_obc_13593053_20260713230000_seg_00394,007_obc_13593053_20260713230000,SPEAKER_00,2419.84,2422.48,2.64,success,ベトナム人に怒られた。,success,ベトナム人に怒られた。,True,11,11,0
,007_obc_13593053_20260713230000_seg_00395,007_obc_13593053_20260713230000,SPEAKER_00,2423.36,2435.28,11.92,success,この牛丼、日本が生んだこのおいしい牛丼を、ほんで、キレられて、怖いってなって、次の日、行かへんかったん?,success,この牛丼、日本が生んだこのおいしい牛丼を、ほんで、キレられて、怖いってなって、次の日、行かへんかったん?,True,52,52,0
,007_obc_13593053_20260713230000_seg_00396,007_obc_13593053_20260713230000,SPEAKER_00,2435.84,2437.12,1.28,success,クソやなこいつ。,success,くそやなこいつ。,False,8,8,0
,007_obc_13593053_20260713230000_seg_00397,007_obc_13593053_20260713230000,SPEAKER_00,2437.84,2439.12,1.28,success,西から来た妖精?,success,西から来た妖精?,True,8,8,0
,007_obc_13593053_20260713230000_seg_00398,007_obc_13593053_20260713230000,SPEAKER_00,2440.4,2441.92,1.52,success,情けないわ。,success,情けないわ。,True,6,6,0
,007_obc_13593053_20260713230000_seg_00399,007_obc_13593053_20260713230000,SPEAKER_00,2442.8,2448.88,6.08,success,なんで飛ぶねん、悔しかったらさ、覚えろよな、そんなさ。,success,なんで飛ぶねん、悔しかったらさ、覚えろよな、そんなさ。,True,27,27,0
,007_obc_13593053_20260713230000_seg_00400,007_obc_13593053_20260713230000,SPEAKER_00,2449.6,2451.2,1.6,success,何ができひんかったんやろ?,success,何ができひんかったんやろ?,True,13,13,0
,007_obc_13593053_20260713230000_seg_00401,007_obc_13593053_20260713230000,SPEAKER_00,2452.4,2455.04,2.64,success,牛丼、某牛丼チェーン店で。,success,牛丼、某牛丼チェーン店で。,True,13,13,0
,007_obc_13593053_20260713230000_seg_00402,007_obc_13593053_20260713230000,SPEAKER_00,2455.52,2460.24,4.72,success,怒られるくらいならさ、問うっていう考えの持ち主ってことやろ。,success,怒られるくらいならさ問うっていう考えの持ち主ってことやろ?,False,30,29,-1
,007_obc_13593053_20260713230000_seg_00403,007_obc_13593053_20260713230000,SPEAKER_00,2461.28,2462.16,0.88,success,いややわ。,success,嫌やわ。,False,5,4,-1
,007_obc_13593053_20260713230000_seg_00404,007_obc_13593053_20260713230000,SPEAKER_00,2464.56,2465.28,0.72,success,俺は。,success,俺は。,True,3,3,0
,007_obc_13593053_20260713230000_seg_00405,007_obc_13593053_20260713230000,SPEAKER_00,2466.08,2467.84,1.76,success,結構続けるというか。,success,結構続けるというか。,True,10,10,0
,007_obc_13593053_20260713230000_seg_00406,007_obc_13593053_20260713230000,SPEAKER_00,2468.8,2487.36,18.56,success,俺、怒られても続けるで、俺、俺、飛ぶっていうの別にないな、辞めますってちゃんと言うタイプやったから、でもこいつらと俺の差は、辞めるって、俺はちゃんと、すみません、辞めさせてくださいって言う、こいつらはなんも言わずに飛ぶなんです、もうアイキャンフライなんです。,success,俺、怒られても続けるで、俺、俺、飛ぶっていうの別にないな、辞めますってちゃんと言うタイプやったから、でもこいつらと俺の差は、辞めるって、俺はちゃんと、すみません、辞めさせてくださいって言う、こいつらはなんも言わずに飛ぶなんです、もうアイキャンフライなんです。,True,129,129,0
,007_obc_13593053_20260713230000_seg_00407,007_obc_13593053_20260713230000,SPEAKER_00,2488.16,2489.84,1.68,success,だからあかんっちゅうてんねん。,success,だからあかんっちゅうてんねん。,True,15,15,0
,007_obc_13593053_20260713230000_seg_00408,007_obc_13593053_20260713230000,SPEAKER_00,2491.52,2496.88,5.36,success,か、クビになるかね、俺はね、ごめんなさい、クビになった記憶もありますけどね。,success,か、クビになるかね、まあ、俺はね、ごめんなさい、クビになった記憶もありますけどね。,False,38,41,3
,007_obc_13593053_20260713230000_seg_00409,007_obc_13593053_20260713230000,SPEAKER_01,2496.96,2498.0,1.04,success,どっちが下なんですか?,success,どっちが下なんですか?,True,11,11,0
,007_obc_13593053_20260713230000_seg_00410,007_obc_13593053_20260713230000,SPEAKER_01,2498.32,2499.36,1.04,success,身になったやつと。,success,実になったやつと。,False,9,9,0
,007_obc_13593053_20260713230000_seg_00411,007_obc_13593053_20260713230000,SPEAKER_00,2499.76,2510.56,10.8,success,できへんかったからってことでね、いやいや、飛ぶやつなの、俺は全力を尽くしたうえでクビです、反抗もせえへんかった、俺はなんかあの、クビって、クビというか、まあ。,success,できへんかったからってことでね、いやいや、飛ぶやつな、俺は全力を尽くしたうえでクビです、反抗もせえんかった、俺はなんかあの、クビって、クビというか、まあ。,False,79,77,-2
,007_obc_13593053_20260713230000_seg_00412,007_obc_13593053_20260713230000,SPEAKER_00,2511.44,2512.48,1.04,success,上野君ねっていう。,success,上野君ねっていう。,True,9,9,0
,007_obc_13593053_20260713230000_seg_00413,007_obc_13593053_20260713230000,SPEAKER_00,2516.32,2523.04,6.72,success,向いてないってことです、本当に、そういうメールを皆さん、送ってください、俺より下なやつ、見たいから。,success,いや、向いてないってことです、本当に、そういうメールを皆さん、送ってください、俺より下なやつ、見たいから。,False,50,53,3
,007_obc_13593053_20260713230000_seg_00414,007_obc_13593053_20260713230000,SPEAKER_00,2523.68,2568.08,44.4,success,受け付けメールアドレスは新1マークob131p新1mackobc131pshinichiでしんいちですこの番組はスマホアプリのmicucaで同時生配信中スタジオの様子を見ることができたり放送後にミクチチャ限定のアフタートークも配信していますさらに放送終了から1週間アーカイブ配信で見ることができますぜひミクチャでもご覧くださいxでは#新いち桜橋919をつけてたくさんポストお願いしますそしてラジコンのシェア機能を使ってどんどんどんどんこの番組を拡散してくださいということでこのあと1時までの2時間ですねぜひ最後までおつきあいくださいradwimps君と羊と青。,success,受け付けメールアドレスは新1マークobc131p新1マークobc131pshinichiでしんいちですこの番組はスマートフォンアプリのmicucharで同時生配信中スタジオの様子を見ることができたり放送後にミクチア限定のアフタートークも配信していますさらに放送終了から1週間アーカイブ配信で見ることができますぜひミクチャでもご覧くださいxでは#新いち桜橋919をつけてたくさんポストお願いしますそしてラジコンのシェア機能を使ってどんどんどんどんこの番組を拡散してくださいということでこのあと1時までの2時間ですねぜひ最後までおつきあいくださいradwimps君と羊と青。,False,280,285,5
,007_obc_13593053_20260713230000_seg_00415,007_obc_13593053_20260713230000,SPEAKER_02,2737.84,2739.019873,1.18,success,絵によって声が作れる。,success,絵によって声が作れる。,True,11,11,0
,007_obc_13593053_20260713230000_seg_00416,007_obc_13593053_20260713230000,SPEAKER_02,2740.24,2741.42002,1.18,success,声とはなにかがちがう。,success,声とは何かがちがう。,False,11,10,-1
,007_obc_13593053_20260713230000_seg_00417,007_obc_13593053_20260713230000,SPEAKER_02,2743.6,2748.13999,4.54,success,声優さんと声についての深掘りをお届けする番組。,success,声優さんと声についての深掘りをお届けする番組。,True,23,23,0
,007_obc_13593053_20260713230000_seg_00418,007_obc_13593053_20260713230000,SPEAKER_02,2750.259912,2753.6,3.34,success,土曜22時から濃いめに放送中。,success,22時から濃いめに放送中。,False,15,13,-2
,007_obc_13593053_20260713230000_seg_00419,007_obc_13593053_20260713230000,SPEAKER_03,2784.33999,2785.099951,0.76,success,スマホややぶき。,success,ヘッドホンやタブレットなど。,False,8,14,6
,007_obc_13593053_20260713230000_seg_00420,007_obc_13593053_20260713230000,SPEAKER_03,2786.739893,2787.499854,0.76,success,プリオインストール。,success,プリオインストール。,True,10,10,0
,007_obc_13593053_20260713230000_seg_00421,007_obc_13593053_20260713230000,SPEAKER_03,2798.739893,2799.499854,0.76,success,案外の変な。,success,今回の変な人。,False,6,7,1
,007_obc_13593053_20260713230000_seg_00422,007_obc_13593053_20260713230000,SPEAKER_03,2800.659814,2802.859961,2.2,success,良太郎短編傑作選の中から原稿を選択。,success,良太郎短編傑作選の中から厳選。,False,18,15,-3
,007_obc_13593053_20260713230000_seg_00423,007_obc_13593053_20260713230000,SPEAKER_03,2826.57998,2828.299902,1.72,success,の声優陣が詠むしばり。,success,の声優陣が詠む司馬遼太郎。,False,11,13,2
,007_obc_13593053_20260713230000_seg_00424,007_obc_13593053_20260713230000,SPEAKER_03,2831.44,2832.13999,0.7,success,お楽しみください。,success,お楽しみください。,True,9,9,0
,007_obc_13593053_20260713230000_seg_00425,007_obc_13593053_20260713230000,SPEAKER_01,2836.16,2839.2,3.04,success,ややまぞえ。,success,ややまぞえ。,True,6,6,0
,007_obc_13593053_20260713230000_seg_00426,007_obc_13593053_20260713230000,SPEAKER_01,2842.48,2843.179907,0.7,success,ラジオ。,success,ラジオ。,True,4,4,0
,007_obc_13593053_20260713230000_seg_00427,007_obc_13593053_20260713230000,SPEAKER_01,2844.48,2847.499854,3.02,success,さっさっぱくらっぱし。,success,さっさっさくらわし。,False,11,10,-1
,007_obc_13593053_20260713230000_seg_00428,007_obc_13593053_20260713230000,SPEAKER_01,2850.16,2851.2,1.04,success,19。,success,ウイチキュー。,False,3,7,4
,007_obc_13593053_20260713230000_seg_00429,007_obc_13593053_20260713230000,SPEAKER_01,2852.56,2855.6,3.04,success,山添桜橋919放送は明日火曜23時から。,success,山添桜橋919放送はあした火曜23時から。,False,20,21,1
,007_obc_13593053_20260713230000_seg_00430,007_obc_13593053_20260713230000,SPEAKER_02,2858.8,2859.499854,0.7,success,1年生のイベント。,success,1年生のイベント。,True,9,9,0
,007_obc_13593053_20260713230000_seg_00431,007_obc_13593053_20260713230000,SPEAKER_02,2877.52,2879.179907,1.66,success,大阪から番組表のお知らせ。,success,高坂から番組表のお知らせ。,False,13,13,0
,007_obc_13593053_20260713230000_seg_00432,007_obc_13593053_20260713230000,SPEAKER_02,2887.539941,2889.739844,2.2,success,b5サイズでひろげるとb3サイズ。,success,bb5サイズでひろげるとb3サイズ!,False,17,18,1
,007_obc_13593053_20260713230000_seg_00433,007_obc_13593053_20260713230000,SPEAKER_02,2890.899805,2892.13999,1.24,success,1分間の番組が分かりやすい。,success,9巻の番組が分かりやすく。,False,14,13,-1
,007_obc_13593053_20260713230000_seg_00434,007_obc_13593053_20260713230000,SPEAKER_02,2896.179834,2898.37998,2.2,success,記事や番組情報スペシャル企画も。,success,記事や番組情報スペシャル企画!,False,16,15,-1
,007_obc_13593053_20260713230000_seg_00435,007_obc_13593053_20260713230000,SPEAKER_02,2902.0,2904.619971,2.62,success,大阪のホームページからダウンロードしてご覧いただけます。,success,大阪のホームページからダウンロードしてご覧いただけます。,True,28,28,0
,007_obc_13593053_20260713230000_seg_00436,007_obc_13593053_20260713230000,SPEAKER_02,2908.72,2909.9,1.18,success,140円切。,success,あっ140円切り。,False,6,9,3
,007_obc_13593053_20260713230000_seg_00437,007_obc_13593053_20260713230000,SPEAKER_02,2912.56,2913.739844,1.18,success,80円切手を同封。,success,80円切手を同封。,True,9,9,0
,007_obc_13593053_20260713230000_seg_00438,007_obc_13593053_20260713230000,SPEAKER_02,2921.2,2922.859961,1.66,success,まさか番組表係までお持ちください。,success,大阪番組評係までお待ちください。,False,17,16,-1
,007_obc_13593053_20260713230000_seg_00439,007_obc_13593053_20260713230000,SPEAKER_02,2926.0,2926.699805,0.7,success,さっきのメモも。,success,さっきのメモも。,True,8,8,0
,007_obc_13593053_20260713230000_seg_00440,007_obc_13593053_20260713230000,SPEAKER_02,2928.88,2930.059912,1.18,success,お申し込みになります。,success,お申し込みになります。,True,11,11,0
,007_obc_13593053_20260713230000_seg_00441,007_obc_13593053_20260713230000,SPEAKER_02,2931.76,2933.9,2.14,success,大阪のホームページをご覧ください。,success,大阪のホームページをご覧下さい。,False,17,16,-1
,007_obc_13593053_20260713230000_seg_00442,007_obc_13593053_20260713230000,SPEAKER_03,2940.819971,2941.52,0.7,success,からゆうたよ。,success,から夕方4時。,False,7,7,0
,007_obc_13593053_20260713230000_seg_00443,007_obc_13593053_20260713230000,SPEAKER_03,2996.499902,2999.84,3.34,success,いた時間は1週間だけ戻せますえっ?,success,着いた時間は1週間だけ戻せますえっ?,False,17,18,1
,007_obc_13593053_20260713230000_seg_00444,007_obc_13593053_20260713230000,SPEAKER_03,3019.6,3022.08,2.48,success,大阪のホームページからポチリ。,success,登坂のホームページからポチリ。,False,15,15,0
,007_obc_13593053_20260713230000_seg_00445,007_obc_13593053_20260713230000,SPEAKER_01,3022.16,3022.699805,0.54,success,見逃した。,success,見逃した。,True,5,5,0
,007_obc_13593053_20260713230000_seg_00446,007_obc_13593053_20260713230000,SPEAKER_01,3023.92,3024.96,1.04,success,pで聞けてよかったわ。,success,pで聞けてよかったわ!,False,11,11,0
,007_obc_13593053_20260713230000_seg_00447,007_obc_13593053_20260713230000,SPEAKER_03,3025.36,3027.979834,2.62,success,朝から深夜放送お休みの日に見せたい。,success,朝から深夜放送お休みの日に見たい。,False,18,17,-1
,007_obc_13593053_20260713230000_seg_00448,007_obc_13593053_20260713230000,SPEAKER_03,3030.16,3034.219824,4.06,success,タイムフリーでお好きな時間にお好きな番組をお楽しみください。,success,タイムフリーでお好きな時間にお好きな番組をお楽しみください。,True,30,30,0
,007_obc_13593053_20260713230000_seg_00449,007_obc_13593053_20260713230000,SPEAKER_00,3046.16,3052.8,6.64,success,この時間はお見送り芸人しんいちの桜橋919をお送りしています。,success,この時間はお見送り芸人しんいちの桜橋919をお送りしています。,True,31,31,0
,007_obc_13593053_20260713230000_seg_00450,007_obc_13593053_20260713230000,SPEAKER_00,3053.44,3054.88,1.44,success,ラジオネーム牛乳ボーイ。,success,ラジオネーム牛乳ボーイ。,True,12,12,0
,007_obc_13593053_20260713230000_seg_00451,007_obc_13593053_20260713230000,SPEAKER_00,3055.6,3064.24,8.64,success,m−1化したワールドカップは、試合前のピッチに、くまだまさしさんやbkbさんは登場しますか?,success,m1化したワールドカップは試合前のピッチにくまだまさしさんやbkbさんは登場しますか?,False,46,43,-3
,007_obc_13593053_20260713230000_seg_00452,007_obc_13593053_20260713230000,SPEAKER_00,3064.64,3071.36,6.72,success,m−1の前説といえばなこのお二人ですからもうウケまくるらしいからね。,success,m−1の前説といえばなこのお二人ですからもうウケまくるらしいからね。,True,34,34,0
,007_obc_13593053_20260713230000_seg_00453,007_obc_13593053_20260713230000,SPEAKER_00,3072.16,3075.6,3.44,success,俺、えっ、見たことないねんな、俺、見てみたいねんな。,success,俺えっ見たことないねんな俺見てみたいねんな。,False,26,22,-4
,007_obc_13593053_20260713230000_seg_00454,007_obc_13593053_20260713230000,SPEAKER_00,3076.48,3078.88,2.4,success,本番のm−1のね。,success,あの本番のm−1のね。,False,9,11,2
,007_obc_13593053_20260713230000_seg_00455,007_obc_13593053_20260713230000,SPEAKER_00,3079.76,3081.68,1.92,success,俺でも1回だけ。,success,俺でも1回だけ。,True,8,8,0
,007_obc_13593053_20260713230000_seg_00456,007_obc_13593053_20260713230000,SPEAKER_00,3081.92,3083.52,1.6,success,タッチの差あったで。,success,タッチの差あったで。,True,10,10,0
,007_obc_13593053_20260713230000_seg_00457,007_obc_13593053_20260713230000,SPEAKER_00,3084.48,3085.68,1.2,success,m−1の。,success,m−1の。,True,5,5,0
,007_obc_13593053_20260713230000_seg_00458,007_obc_13593053_20260713230000,SPEAKER_00,3086.8,3090.08,3.28,success,m−1のね、日に。,success,m−1のね日に。,False,9,8,-1
,007_obc_13593053_20260713230000_seg_00459,007_obc_13593053_20260713230000,SPEAKER_00,3091.44,3094.0,2.56,success,深夜収録あったの、あのスタジオで。,success,深夜収録あったのあのスタジオで。,False,17,16,-1
,007_obc_13593053_20260713230000_seg_00460,007_obc_13593053_20260713230000,SPEAKER_00,3094.64,3096.24,1.6,success,でもすごかったで。,success,でもすごかったで!,False,9,9,0
,007_obc_13593053_20260713230000_seg_00461,007_obc_13593053_20260713230000,SPEAKER_00,3096.8,3099.2,2.4,success,やっぱギリギリあのあれ。,success,やっぱギリギリあのあれ。,True,12,12,0
,007_obc_13593053_20260713230000_seg_00462,007_obc_13593053_20260713230000,SPEAKER_00,3100.24,3106.0,5.76,success,mリーグやってるやんか、マージャンの、そう、mリーグの収録の日と。,success,mリーグやってるやんかマージャンのそうmリーグの収録の日と。,False,33,30,-3
,007_obc_13593053_20260713230000_seg_00463,007_obc_13593053_20260713230000,SPEAKER_00,3106.88,3111.92,5.04,success,mー1の日が一緒やって、そうそうそう、一緒やったから、日曜日、日曜日やんか、あれ。,success,m−1の日が一緒やって、そうそうそう、一緒やったから、日曜日、日曜日やんか、あれ。,False,41,41,0
,007_obc_13593053_20260713230000_seg_00464,007_obc_13593053_20260713230000,SPEAKER_00,3113.52,3114.32,0.8,success,そうだから。,success,そうだから。,True,6,6,0
,007_obc_13593053_20260713230000_seg_00465,007_obc_13593053_20260713230000,SPEAKER_00,3115.44,3141.6,26.16,success,重なったとき、やっぱりすごかった、雰囲気というか、あっ、ここでいや、今、mー1の、いや、今、終わったばっかりなんやみたいな感じ、空気あったで、rー1の前説、r−1の前説は、えっと、レギュラーさんが僕のときやっていただいたかな、あるある探検隊、レギュラーさんがやっていただいて。,success,重なったとき、やっぱりすごかった、雰囲気というか、あっ、ここでいや、今、mー1の、いや、今、終わったばっかりなんやみたいな感じ、空気あったで、r−1の前説、r−1の前説は、えっと、レギュラーさんが僕のときやっていただいたかな、あるある探検隊、レギュラーさんがやっていただいて。,False,138,138,0
,007_obc_13593053_20260713230000_seg_00466,007_obc_13593053_20260713230000,SPEAKER_00,3141.92,3152.08,10.16,success,えーっと、ありがとうございますっていうのを言った記憶は俺はある、そこからレギュラーさん、お会いしたときに、ありがとうございますみたいな感じ。,success,えーっとありがとうございますっていうのをこう言った記憶は俺はあるんでそこからレギュラーさんお会いした時にありがとうございますみたいな感じ。,False,70,69,-1
,007_obc_13593053_20260713230000_seg_00467,007_obc_13593053_20260713230000,SPEAKER_00,3152.96,3161.44,8.48,success,めっちゃなんか、覚えてるな、レギュラーさんやな、なんかでも、やってみたいのもあんねんな、俺。,success,めっちゃなんか、覚えてるな、レギュラーさんやな、なんかでも、やってみたいのもあんねんな、俺。,True,46,46,0
,007_obc_13593053_20260713230000_seg_00468,007_obc_13593053_20260713230000,SPEAKER_00,3162.88,3166.96,4.08,success,前スタやっててんけどこういう大会の。,success,うんあのいや前スタやっててんけどこういう大会の。,False,18,24,6
,007_obc_13593053_20260713230000_seg_00469,007_obc_13593053_20260713230000,SPEAKER_00,3167.84,3171.12,3.28,success,r−1の前説とかやってみたいわ何か。,success,r1の前説とかやってみたいわ何か。,False,18,17,-1
,007_obc_13593053_20260713230000_seg_00470,007_obc_13593053_20260713230000,SPEAKER_00,3171.68,3172.56,0.88,success,一回やりたい。,success,一回やりたい。,True,7,7,0
,007_obc_13593053_20260713230000_seg_00471,007_obc_13593053_20260713230000,SPEAKER_00,3174.48,3175.68,1.2,success,はいメール。,success,はいえメール。,False,6,7,1
,007_obc_13593053_20260713230000_seg_00472,007_obc_13593053_20260713230000,SPEAKER_00,3176.88,3179.44,2.56,success,じゃあね、もう夢見るバッジョじゃいられない。,success,去年も夢みるバッジョじゃいられない。,False,22,18,-4
,007_obc_13593053_20260713230000_seg_00473,007_obc_13593053_20260713230000,SPEAKER_00,3180.72,3181.28,0.56,success,じいさん。,success,tさん。,False,5,4,-1
,007_obc_13593053_20260713230000_seg_00474,007_obc_13593053_20260713230000,SPEAKER_00,3181.84,3205.6,23.76,success,秋田でtbsを見る方法があって、ケーブルテレビに契約していると見れますが、周りにvivant見てた人がほとんどいませんでした、やっぱそやろ、やっぱそやろ、私は見てたのです、見てたので、2が楽しみですが、秋田の人は、1ですらまだ存在しない人がいるかもしれません、これ、秋田の人?,success,秋田でtbsを見る方法があって、ケーブルテレビに契約していると見れますが、周りにvivant見てた人がほとんどいませんでした、やっぱそやろ、やっぱそやろ、私は見てたので、2が楽しみですが、秋田の人は、1ですらまだ存在しない人がいるかもしれません、これ、秋田の人?,False,138,131,-7
,007_obc_13593053_20260713230000_seg_00475,007_obc_13593053_20260713230000,SPEAKER_00,3207.12,3209.36,2.24,success,ラジオネーム、いや、秋田県秋田市。,success,ラジオネームいや秋田県秋田市。,False,17,15,-2
,007_obc_13593053_20260713230000_seg_00476,007_obc_13593053_20260713230000,SPEAKER_00,3210.24,3211.2,0.96,success,秋田の人で?,success,秋田の人で?,True,6,6,0
,007_obc_13593053_20260713230000_seg_00477,007_obc_13593053_20260713230000,SPEAKER_00,3212.48,3214.0,1.52,success,えっ、そうなん?,success,えっそうなん?,False,8,7,-1
,007_obc_13593053_20260713230000_seg_00478,007_obc_13593053_20260713230000,SPEAKER_01,3214.0,3215.28,1.28,success,ケーブルテレビにキャラクター。,success,ケーブルテレビに契約書。,False,15,12,-3
,007_obc_13593053_20260713230000_seg_00479,007_obc_13593053_20260713230000,SPEAKER_00,3215.52,3223.52,8.0,success,契約せな、いったん見られへんねや、だから、契約ってなかなかな、ハードル高いか、ちょっと今。,success,契約せな、いったん見られへんねや、だから、契約ってなかなかな、ハードル高いか、ちょっと今。,True,45,45,0
,007_obc_13593053_20260713230000_seg_00480,007_obc_13593053_20260713230000,SPEAKER_00,3224.24,3228.72,4.48,success,今のこの時代的に、これまたほんで4年前やろ、全然ハードル高いんちゃう?,success,今のこの時代的に、これまたほんで4年前やろ、全然ハードル高いんちゃう?,True,35,35,0
,007_obc_13593053_20260713230000_seg_00481,007_obc_13593053_20260713230000,SPEAKER_00,3229.12,3231.6,2.48,success,契約してたらtbs見れるってなってて。,success,契約してたらtbs見れるってなってて。,True,19,19,0
,007_obc_13593053_20260713230000_seg_00482,007_obc_13593053_20260713230000,SPEAKER_00,3232.88,3239.04,6.16,success,そう、だから俺も知らんかってん、秋田でtbs、だから水道とかも。,success,そう、だから、俺も知らんかってん、秋田でtbs、だから水道とかも。,False,32,33,1
,007_obc_13593053_20260713230000_seg_00483,007_obc_13593053_20260713230000,SPEAKER_00,3239.68,3241.36,1.68,success,見れてないってことやんな。,success,見れてないってことやんな。,True,13,13,0
,007_obc_13593053_20260713230000_seg_00484,007_obc_13593053_20260713230000,SPEAKER_00,3242.48,3244.24,1.76,success,でもそういうことやんなだから。,success,でもそういうことやんなだから。,True,15,15,0
,007_obc_13593053_20260713230000_seg_00485,007_obc_13593053_20260713230000,SPEAKER_00,3245.6,3248.24,2.64,success,そうやねんだ俺とか今。,success,そうやねんだ俺とか今。,True,11,11,0
,007_obc_13593053_20260713230000_seg_00486,007_obc_13593053_20260713230000,SPEAKER_00,3249.04,3259.6,10.56,success,はっしーはっぴーとか行っても、誰?ってなんのちゃう、ほんまに、今、秋田にはっしーはっぴーが、僕ですとかって言って、調子に乗って行っても無理なんちゃう?,success,はっしーはっぴーとか言っても誰?ってなんのちゃうほんまに今秋田にはっしーはっぴーが僕です!とかって言って調子に乗って行っても無理なんちゃう?,False,75,70,-5
,007_obc_13593053_20260713230000_seg_00487,007_obc_13593053_20260713230000,SPEAKER_00,3260.64,3263.52,2.88,success,でもほんまにそうやねん、まじでそやねん。,success,でもほんまにそうやねんマジでそやねん。,False,20,19,-1
,007_obc_13593053_20260713230000_seg_00488,007_obc_13593053_20260713230000,SPEAKER_00,3263.92,3266.88,2.96,success,言ってるやろ秋田県秋田市の人が言ってるってことはそうやねんな。,success,言ってるやろ秋田県秋田市の人が言ってるってことはそうやねんな。,True,31,31,0
,007_obc_13593053_20260713230000_seg_00489,007_obc_13593053_20260713230000,SPEAKER_00,3267.84,3272.4,4.56,success,うわー、そうなん?絶対見たほうがおもろいけどな。,success,うわー、そうなん?絶対見たほうがおもろいけどな。,True,24,24,0
,007_obc_13593053_20260713230000_seg_00490,007_obc_13593053_20260713230000,SPEAKER_00,3272.64,3276.56,3.92,success,興味がないんかな、まずな、このvivantに。,success,興味がないんかな、まずな、このvivantに。,True,23,23,0
,007_obc_13593053_20260713230000_seg_00491,007_obc_13593053_20260713230000,SPEAKER_00,3278.32,3286.56,8.24,success,めっちゃいい、俺、なんかさ、俺な、最近、それ思うときあんねん、俺とな、阿郷君とかな、芸能界の仕事してて、こう。,success,めっちゃ俺なんかさ俺な最近それ思う時あんねん俺とかな郷君とかな芸能界の仕事しててこう。,False,55,43,-12
,007_obc_13593053_20260713230000_seg_00492,007_obc_13593053_20260713230000,SPEAKER_00,3287.44,3292.56,5.12,success,ポピュラーな情報とか、エンタメとか、やっぱ早いで。,success,ポピュラーな情報とかエンタメとかやっぱ早いで。,False,25,23,-2
,007_obc_13593053_20260713230000_seg_00493,007_obc_13593053_20260713230000,SPEAKER_00,3293.52,3294.32,0.8,success,早い方。,success,速い方。,False,4,4,0
,007_obc_13593053_20260713230000_seg_00494,007_obc_13593053_20260713230000,SPEAKER_00,3295.28,3304.4,9.12,success,っていうか、興味ありすぎ、俺らって、きもい、俺ら、いや、まじで。って思うときあんねん、俺。,success,っていうか、興味ありすぎ、俺らって、キモい、俺ら、いや、まじでって思うときあんねん、俺。,False,45,44,-1
,007_obc_13593053_20260713230000_seg_00495,007_obc_13593053_20260713230000,SPEAKER_00,3305.12,3306.56,1.44,success,うんだから。,success,うんだから。,True,6,6,0
,007_obc_13593053_20260713230000_seg_00496,007_obc_13593053_20260713230000,SPEAKER_00,3308.0,3324.24,16.24,success,なんかドラマとかも見いひんとか、映画とか、そんなんじゃないしとかって言う人もいるねん、俺はもうゲームしてるだけやったんやねんっていう人も、もうようさんおるから、俺らって、いや、これ見て、だってガス人間、だって、青君、全部もう見たやろ、早いて。,success,なんかドラマとかも見いひんとか映画とかそんなんじゃないしとかって言う人もいるねん俺らもゲームだけやったんやねんっていう人ももうぎょうさんおるから俺らっていやこれ見てだってガス人間だって青くん全部もう見たやろ早いて。,False,121,107,-14
,007_obc_13593053_20260713230000_seg_00497,007_obc_13593053_20260713230000,SPEAKER_00,3327.28,3328.24,0.96,success,早ない?,success,早ない?,True,4,4,0
,007_obc_13593053_20260713230000_seg_00498,007_obc_13593053_20260713230000,SPEAKER_00,3330.08,3333.6,3.52,success,品川さんとかもさ、めっちゃ早いのよ。,success,品川さんとかもさめっちゃ早いのよ。,False,18,17,-1
,007_obc_13593053_20260713230000_seg_00499,007_obc_13593053_20260713230000,SPEAKER_00,3334.0,3334.72,0.72,success,みんな。,success,みんなを。,False,4,5,1
,007_obc_13593053_20260713230000_seg_00500,007_obc_13593053_20260713230000,SPEAKER_00,3335.44,3340.64,5.2,success,やっぱな、俺、この業界の人はやっぱ、ちょっと早い。,success,やっぱな俺この業界の人はやっぱちょっと早い。,False,25,22,-3
,007_obc_13593053_20260713230000_seg_00501,007_obc_13593053_20260713230000,SPEAKER_00,3341.6,3343.28,1.68,success,めっちゃ旬やわ、やっぱ。,success,めっちゃ旬やわやっぱ。,False,12,11,-1
,007_obc_13593053_20260713230000_seg_00502,007_obc_13593053_20260713230000,SPEAKER_00,3344.0,3348.16,4.16,success,これまでガス人間3話まで、お前、おもろいけど。,success,これまでガス人間3話までおもろいけど。,False,23,19,-4
,007_obc_13593053_20260713230000_seg_00503,007_obc_13593053_20260713230000,SPEAKER_00,3349.04,3349.92,0.88,success,もっと何か。,success,もっと何か。,True,6,6,0
,007_obc_13593053_20260713230000_seg_00504,007_obc_13593053_20260713230000,SPEAKER_00,3350.96,3357.28,6.32,success,何それ、ガソ人間って何、えっ、今、ネットリックスはやってんの?ぐらいの人が結構多いかも。,success,何それ、ガソ人間って何、えっ、今、ネットリックスはやってんの?ぐらいの人が結構多いかも。,True,44,44,0
,007_obc_13593053_20260713230000_seg_00505,007_obc_13593053_20260713230000,SPEAKER_00,3358.0,3365.44,7.44,success,ガス宣言今はやってんねんで見たほうがいいですよぐらいのこのなんかワンラリーぐらいが俺普通なんかなって思う時あんねん俺。,success,ガス電源今はやってんねんで見たほうがいいですよぐらいのこのなんかワンラリーぐらいが俺普通なんかなって思う時あんねん俺。,False,59,59,0
,007_obc_13593053_20260713230000_seg_00506,007_obc_13593053_20260713230000,SPEAKER_00,3365.92,3370.72,4.8,success,俺らがなんかちょっとスピード出し過ぎなんかなと思って。,success,俺らがなんかちょっとスピードを出しすぎなんかなと思って。,False,27,28,1
,007_obc_13593053_20260713230000_seg_00507,007_obc_13593053_20260713230000,SPEAKER_00,3371.2,3374.0,2.8,success,リスナーさんどうなんやろねリスナーの人ら。,success,リスナーさんどうなんやろねリスナーの人ら。,True,21,21,0
,007_obc_13593053_20260713230000_seg_00508,007_obc_13593053_20260713230000,SPEAKER_00,3375.12,3377.36,2.24,success,って思う時あるで俺。,success,って思う時あるで俺。,True,10,10,0
,007_obc_13593053_20260713230000_seg_00509,007_obc_13593053_20260713230000,SPEAKER_00,3379.12,3380.0,0.88,success,バス人間ね。,success,バス人間ね。,True,6,6,0
,007_obc_13593053_20260713230000_seg_00510,007_obc_13593053_20260713230000,SPEAKER_00,3382.32,3389.76,7.44,success,ちなみにフジモンさんは、ガス人間、まだ見てなかったきのう、フジモンさん、一緒にごはん食べさせてもらってんけど。,success,ちなみにフジモンさんは、ガス人間、まだ見てなかった?きのう、フジモンさん、一緒にごはん食べさせてもらってんけど。,False,55,56,1
,007_obc_13593053_20260713230000_seg_00511,007_obc_13593053_20260713230000,SPEAKER_00,3390.64,3396.32,5.68,success,藤本さんはぶつけたというか、ドラマ、もう見る目で、一応名刀ですけども、やっぱこの音楽とか。,success,藤本さんはぶつけてるけどドラマもう見る目一応名通すけどもやっぱこの音楽とか。,False,45,38,-7
,007_obc_13593053_20260713230000_seg_00512,007_obc_13593053_20260713230000,SPEAKER_00,3396.88,3399.12,2.24,success,その若いアイドルの子とか。,success,その若いアイドルの子とか。,True,13,13,0
,007_obc_13593053_20260713230000_seg_00513,007_obc_13593053_20260713230000,SPEAKER_00,3399.6,3400.96,1.36,success,のあれでいっちゃうね。,success,のあれでいっちゃうねん。,False,11,12,1
,007_obc_13593053_20260713230000_seg_00514,007_obc_13593053_20260713230000,SPEAKER_00,3401.84,3403.76,1.92,success,だってドローミーの歌歌えてたで。,success,だってドローミーの歌歌えてたで。,True,16,16,0
,007_obc_13593053_20260713230000_seg_00515,007_obc_13593053_20260713230000,SPEAKER_00,3406.72,3411.499854,4.78,success,どぶろっくtvで出たあのドローンいやそれ俺ら歌ってる。,success,どぶろっくtvで出たあのドローンいやそれ俺ら歌ってる。,True,27,27,0
,007_obc_13593053_20260713230000_seg_00516,007_obc_13593053_20260713230000,SPEAKER_02,3428.08,3429.259863,1.18,success,特に遠い日の話。,success,特に遠い日の花。,False,8,8,0
,007_obc_13593053_20260713230000_seg_00517,007_obc_13593053_20260713230000,SPEAKER_02,3436.24,3439.12,2.88,success,塩だけ毎週土曜よる11時から。,success,塩だけ毎週土曜夜11時から。,False,15,14,-1
,007_obc_13593053_20260713230000_seg_00518,007_obc_13593053_20260713230000,SPEAKER_02,3462.16,3462.859961,0.7,success,ってタイムキーパー。,success,ってタイムキーパー!,False,10,10,0
,007_obc_13593053_20260713230000_seg_00519,007_obc_13593053_20260713230000,SPEAKER_03,3493.36,3494.059912,0.7,success,掲載されている。,success,掲載されています。,False,8,9,1
,007_obc_13593053_20260713230000_seg_00520,007_obc_13593053_20260713230000,SPEAKER_03,3502.48,3503.66001,1.18,success,情報はホームページ。,success,情報はホームページから。,False,10,12,2
,007_obc_13593053_20260713230000_seg_00521,007_obc_13593053_20260713230000,SPEAKER_03,3509.2,3509.9,0.7,success,sns。,success,snsや。,False,4,5,1
,007_obc_13593053_20260713230000_seg_00522,007_obc_13593053_20260713230000,SPEAKER_03,3513.04,3514.699805,1.66,success,パソコンやスマホでラジオを聴く。,success,パソコンやスマホでラジオを楽しむ。,False,16,17,1
,007_obc_13593053_20260713230000_seg_00523,007_obc_13593053_20260713230000,SPEAKER_03,3526.48,3529.099951,2.62,success,自分たちのおすすめ情報や身の回りの出来事。,success,街のおすすめ情報や身の回りの出来事をご紹介。,False,21,22,1
,007_obc_13593053_20260713230000_seg_00524,007_obc_13593053_20260713230000,SPEAKER_03,3531.219873,3532.939795,1.72,success,ステージで番組に参加してください。,success,メッセージで番組に参加してください。,False,17,18,1
,007_obc_13593053_20260713230000_seg_00525,007_obc_13593053_20260713230000,SPEAKER_03,3581.619897,3582.48,0.86,success,obc。,success,obc。,True,4,4,0
,007_obc_13593053_20260713230000_seg_00526,007_obc_13593053_20260713230000,SPEAKER_03,3582.8,3584.0,1.2,success,ラジオ大阪です。,success,ラジオ大阪です。,True,8,8,0
,007_obc_13593053_20260713230000_seg_00527,007_obc_13593053_20260713230000,SPEAKER_02,3595.12,3595.68,0.56,success,鷹野。,success,鷹野。,True,3,3,0
,007_obc_13593053_20260713230000_seg_00528,007_obc_13593053_20260713230000,SPEAKER_02,3598.48,3599.28,0.8,success,エイジです。,success,エジです。,False,6,5,-1
,007_obc_13593053_20260713230000_seg_00529,007_obc_13593053_20260713230000,SPEAKER_00,3623.68,3632.8,9.12,success,この時間はお見送り芸人しんいちの桜星919をお送りしていますメール読ましてくださいラジオネームピッツマブシ。,success,お見送り芸人しんいちです、この時間はお見送り芸しんいちの桜星q19をお送りしていますメール読ましてください、ラジオネーム、ピッツマ節。,False,54,67,13
,007_obc_13593053_20260713230000_seg_00530,007_obc_13593053_20260713230000,SPEAKER_00,3633.76,3647.36,13.6,success,新さん、今、tbsの公式のyoutubeで、vivantの位置を10分弱にまとめてくれてますよ、それ見れば、大体は思い出せると思います。,success,新さん、今、tbsの公式のyoutubeでvivantの位置を10分弱にまとめてくれてますよ、それ見れば、大体は思い出せると思います。,False,68,67,-1
,007_obc_13593053_20260713230000_seg_00531,007_obc_13593053_20260713230000,SPEAKER_00,3649.28,3652.48,3.2,success,10分で、いや、あれさ。,success,10分で、いや、あれさ。,True,12,12,0
,007_obc_13593053_20260713230000_seg_00532,007_obc_13593053_20260713230000,SPEAKER_00,3653.04,3659.28,6.24,success,普通に俺、見てたけど、やっぱvivantはちょっと混乱した。,success,普通に俺見てたけどやっぱvivantはちょっと混乱した。,False,30,28,-2
,007_obc_13593053_20260713230000_seg_00533,007_obc_13593053_20260713230000,SPEAKER_00,3659.84,3661.12,1.28,success,結構むずない、あれ。,success,結構むずないあれ。,False,10,9,-1
,007_obc_13593053_20260713230000_seg_00534,007_obc_13593053_20260713230000,SPEAKER_00,3662.56,3663.92,1.36,success,何かあの。,success,何かあの。,True,5,5,0
,007_obc_13593053_20260713230000_seg_00535,007_obc_13593053_20260713230000,SPEAKER_00,3664.96,3674.48,9.52,success,さあ、なんか記憶がなんやろとかも、なんか、なんももう思い出されへんわ、酒井松とか、ほんでもう俺、もう、どれがどれか分からんくなってくんねん、俺。,success,さあなんか記憶が何やらとかも思い出されへんわ酒井松とかほんでもう俺もうどれがどれか分からんくなってくんねん俺。,False,72,55,-17
,007_obc_13593053_20260713230000_seg_00536,007_obc_13593053_20260713230000,SPEAKER_00,3676.56,3677.52,0.96,success,fって何?,success,fって何?,True,5,5,0
,007_obc_13593053_20260713230000_seg_00537,007_obc_13593053_20260713230000,SPEAKER_00,3678.24,3679.2,0.96,success,fって何?,success,fって何?,True,5,5,0
,007_obc_13593053_20260713230000_seg_00538,007_obc_13593053_20260713230000,SPEAKER_00,3680.48,3682.32,1.84,success,fって何か分からへんわ俺。,success,fって何か分からへんわ俺。,True,13,13,0
,007_obc_13593053_20260713230000_seg_00539,007_obc_13593053_20260713230000,SPEAKER_01,3683.84,3684.8,0.96,success,もう一個の人か。,success,もう一個の人か。,True,8,8,0
,007_obc_13593053_20260713230000_seg_00540,007_obc_13593053_20260713230000,SPEAKER_00,3685.28,3688.96,3.68,success,そうそうそんなんとか出てきたりとか。,success,あー、そうそう、そんなんとか出てきたりとか。,False,18,22,4
,007_obc_13593053_20260713230000_seg_00541,007_obc_13593053_20260713230000,SPEAKER_00,3690.16,3693.52,3.36,success,あと何か最後に。,success,あとなんか最後に。,False,8,9,1
,007_obc_13593053_20260713230000_seg_00542,007_obc_13593053_20260713230000,SPEAKER_00,3693.76,3698.4,4.64,success,あれ、最後さ、なんか、神社かなんかで終わったっけ?,success,あれ最後さ何か神社か何かで終わったっけ?,False,25,20,-5
,007_obc_13593053_20260713230000_seg_00543,007_obc_13593053_20260713230000,SPEAKER_00,3699.04,3701.76,2.72,success,そこになんか置き物みたいなのしてなかった?,success,そこになんか置き物みたいなのしてなかった?,True,21,21,0
,007_obc_13593053_20260713230000_seg_00544,007_obc_13593053_20260713230000,SPEAKER_00,3702.4,3703.12,0.72,success,まんじゅう?,success,まんじゅう?,True,6,6,0
,007_obc_13593053_20260713230000_seg_00545,007_obc_13593053_20260713230000,SPEAKER_00,3704.48,3708.8,4.32,success,いや、まんじゅうからジンジャー出てきたよな。,success,まんじゅうやった、いや、まんじゅうからジンジャー出てきたよな。,False,22,31,9
,007_obc_13593053_20260713230000_seg_00546,007_obc_13593053_20260713230000,SPEAKER_00,3709.6,3714.0,4.4,success,それが俺もう全く思い出されへんわvivant。,success,それが俺もう全く思い出されへんわvivant。,True,23,23,0
,007_obc_13593053_20260713230000_seg_00547,007_obc_13593053_20260713230000,SPEAKER_00,3714.96,3716.96,2.0,success,あれ何がどうなんねやろな。,success,あれでも何がどうなんねやろな。,False,13,15,2
,007_obc_13593053_20260713230000_seg_00548,007_obc_13593053_20260713230000,SPEAKER_00,3719.2,3720.8,1.6,success,赤飯、ああ!,success,赤飯ああ!,False,6,5,-1
,007_obc_13593053_20260713230000_seg_00549,007_obc_13593053_20260713230000,SPEAKER_00,3721.84,3724.08,2.24,success,待って、もう分からん、えっ、出てきたな。,success,待って、もう分からん、えっ、出てきたな。,True,20,20,0
,007_obc_13593053_20260713230000_seg_00550,007_obc_13593053_20260713230000,SPEAKER_00,3726.16,3726.72,0.56,success,べ。,success,で。,False,2,2,0
,007_obc_13593053_20260713230000_seg_00551,007_obc_13593053_20260713230000,SPEAKER_00,3728.0,3733.76,5.76,success,もう1個も出てこうへん、俺、絵は浮かんでんねんけど、ことばが出てこうへん。,success,もう1個も出てこうへん、俺、絵は浮かんでんねんけど、ことばが出てこうへん。,True,37,37,0
,007_obc_13593053_20260713230000_seg_00552,007_obc_13593053_20260713230000,SPEAKER_00,3734.56,3740.4,5.84,success,なんとかさん、なんとかですよとかっていうaiみたいなやつとかもおったし。,success,なんとかさん、なんとかですよとかっていうaiみたいなやつとかもおったし。,True,36,36,0
,007_obc_13593053_20260713230000_seg_00553,007_obc_13593053_20260713230000,SPEAKER_00,3741.12,3758.16,17.04,success,いや、思い出されへんわ、もうまじで一回見なあかんわ、俺、じゃないと、もう2始まったところで全然ついていけないおもんないわ、俺、もう堺雅人が正確に、グラムを量れるっていうところは覚えてます、子どもにやろ?,success,あの、いやー、思い出されへんわ、もうまじって一回見なあかんわ、俺、じゃないと、もう2始まったところで、全然ついていけないおもんないわ、俺、もう堺雅人が正確に、グラムを量れるっていうところは覚えてます、子どもにやろ?,False,101,107,6
,007_obc_13593053_20260713230000_seg_00554,007_obc_13593053_20260713230000,SPEAKER_00,3759.12,3763.44,4.32,success,助けてもらって、子どもに小麦粉じゃなかった、あれ。,success,助けてもらって、子どもに小麦粉じゃなかった、あれ。,True,25,25,0
,007_obc_13593053_20260713230000_seg_00555,007_obc_13593053_20260713230000,SPEAKER_00,3764.4,3766.88,2.48,success,小麦粉なんとか、ほんであと。,success,小麦粉なんとかほんであと。,False,14,13,-1
,007_obc_13593053_20260713230000_seg_00556,007_obc_13593053_20260713230000,SPEAKER_00,3768.32,3771.76,3.44,success,砂漠で置いてけぼりにされて。,success,砂漠で置いてけぼりにされて。,True,14,14,0
,007_obc_13593053_20260713230000_seg_00557,007_obc_13593053_20260713230000,SPEAKER_00,3773.2,3774.24,1.04,success,あん!って言ってて。,success,ああ!って言ってて。,False,10,10,0
,007_obc_13593053_20260713230000_seg_00558,007_obc_13593053_20260713230000,SPEAKER_00,3775.6,3778.8,3.2,success,えっ、砂漠で置いてきぼりされたよな、なんかで。,success,えっ砂漠で置いてきぼりされたよな何かで。,False,23,20,-3
,007_obc_13593053_20260713230000_seg_00559,007_obc_13593053_20260713230000,SPEAKER_00,3780.0,3781.84,1.84,success,じゃあ、そもそもが。,success,じゃあそもそもが。,False,10,9,-1
,007_obc_13593053_20260713230000_seg_00560,007_obc_13593053_20260713230000,SPEAKER_00,3782.56,3785.92,3.36,success,そもそもがなんかお金返してくれでスタートしたよねあれね。,success,そもそもがなんか、お金返してくれでスタートしたよね、あれね。,False,28,30,2
,007_obc_13593053_20260713230000_seg_00561,007_obc_13593053_20260713230000,SPEAKER_00,3786.72,3787.76,1.04,success,すんごい大金!,success,すんごい大金!,True,7,7,0
,007_obc_13593053_20260713230000_seg_00562,007_obc_13593053_20260713230000,SPEAKER_00,3788.8,3793.04,4.24,success,そもそも金返せを。,success,さやさやさやさやさやさやさやそもそも金返せを。,False,9,23,14
,007_obc_13593053_20260713230000_seg_00563,007_obc_13593053_20260713230000,SPEAKER_00,3794.16,3798.88,4.72,success,言ってて、たどりついたところがとんでもなく怖いところで。,success,言ってて、たどりついたところがとんでもなく怖いところで。,True,28,28,0
,007_obc_13593053_20260713230000_seg_00564,007_obc_13593053_20260713230000,SPEAKER_00,3800.0,3802.56,2.56,success,それを追っていくんか。,success,それを追っていくんか。,True,11,11,0
,007_obc_13593053_20260713230000_seg_00565,007_obc_13593053_20260713230000,SPEAKER_00,3802.8,3803.68,0.88,success,何か。,success,何か。,True,3,3,0
,007_obc_13593053_20260713230000_seg_00566,007_obc_13593053_20260713230000,SPEAKER_00,3804.16,3804.8,0.64,success,で。,success,で。,True,2,2,0
,007_obc_13593053_20260713230000_seg_00567,007_obc_13593053_20260713230000,SPEAKER_00,3805.28,3809.2,3.92,success,なんか出会うんか、モンゴルのどっかで、とかで。,success,なんか出会うんか、モンゴルのどこかで、とかで。,False,23,23,0
,007_obc_13593053_20260713230000_seg_00568,007_obc_13593053_20260713230000,SPEAKER_00,3810.08,3817.2,7.12,success,重さ分かるから、ラストで拳銃に弾入ってないのが分かった。,success,重さ分かるから、ラストで拳銃に弾入ってないのが分かった、あった!,False,28,32,4
,007_obc_13593053_20260713230000_seg_00569,007_obc_13593053_20260713230000,SPEAKER_00,3819.52,3820.24,0.72,success,あった!,success,あった!,True,4,4,0
,007_obc_13593053_20260713230000_seg_00570,007_obc_13593053_20260713230000,SPEAKER_01,3820.56,3821.36,0.8,success,っていう考察。,success,っていう考察。,True,7,7,0
,007_obc_13593053_20260713230000_seg_00571,007_obc_13593053_20260713230000,SPEAKER_00,3821.44,3823.92,2.48,success,あったあった、なんかあったな。,success,あったあった何かあったな。,False,15,13,-2
,007_obc_13593053_20260713230000_seg_00572,007_obc_13593053_20260713230000,SPEAKER_00,3826.32,3827.68,1.36,success,でうんあったあと。,success,うんあったあった。,False,9,9,0
,007_obc_13593053_20260713230000_seg_00573,007_obc_13593053_20260713230000,SPEAKER_00,3828.72,3829.44,0.72,success,そこまで。,success,そこは。,False,5,4,-1
,007_obc_13593053_20260713230000_seg_00574,007_obc_13593053_20260713230000,SPEAKER_00,3829.92,3831.28,1.36,success,つながってるんだ。,success,つながってるんだ。,True,9,9,0
,007_obc_13593053_20260713230000_seg_00575,007_obc_13593053_20260713230000,SPEAKER_00,3831.52,3832.56,1.04,success,あ!,success,うん!,False,2,3,1
,007_obc_13593053_20260713230000_seg_00576,007_obc_13593053_20260713230000,SPEAKER_00,3833.12,3834.08,0.96,success,すげえな。,success,すげえな。,True,5,5,0
,007_obc_13593053_20260713230000_seg_00577,007_obc_13593053_20260713230000,SPEAKER_00,3835.68,3837.04,1.36,success,うわすごいな。,success,うわすごいな。,True,7,7,0
,007_obc_13593053_20260713230000_seg_00578,007_obc_13593053_20260713230000,SPEAKER_00,3837.6,3842.16,4.56,success,あとはなんか、トラックで突っ込むシーンとかしか覚えてない、トラックで突っ込んでいってね、あれ?,success,あとはなんかトラックで突っ込むシーンとかしか覚えてないトラックで突っ込んでいってね。,False,47,42,-5
,007_obc_13593053_20260713230000_seg_00579,007_obc_13593053_20260713230000,SPEAKER_00,3842.48,3844.16,1.68,success,国境がないんや、国境じゃない。,success,国境がない国境じゃない。,False,15,12,-3
,007_obc_13593053_20260713230000_seg_00580,007_obc_13593053_20260713230000,SPEAKER_00,3844.8,3847.12,2.32,success,大使館か、大使館。,success,大使館か大使館。,False,9,8,-1
,007_obc_13593053_20260713230000_seg_00581,007_obc_13593053_20260713230000,SPEAKER_00,3848.0,3851.92,3.92,success,なんかそんなんやんな、なんかそれで、あとはあれ。,success,なんかそんなんやんな、なんかそれで、あとはあれ。,True,24,24,0
,007_obc_13593053_20260713230000_seg_00582,007_obc_13593053_20260713230000,SPEAKER_00,3853.28,3855.68,2.4,success,あのあっバルカ共和国か。,success,あのあっバルカ共和国か。,True,12,12,0
,007_obc_13593053_20260713230000_seg_00583,007_obc_13593053_20260713230000,SPEAKER_00,3858.72,3860.56,1.84,success,俺あの。,success,俺あの。,True,4,4,0
,007_obc_13593053_20260713230000_seg_00584,007_obc_13593053_20260713230000,SPEAKER_00,3861.28,3862.56,1.28,success,ほんまに分からんくて。,success,ほんまに分からんくて。,True,11,11,0
,007_obc_13593053_20260713230000_seg_00585,007_obc_13593053_20260713230000,SPEAKER_00,3864.0,3870.08,6.08,success,ワン見ても分からへんかったから、ラパルフェがさ、ようものまねしてるやん、時々しなんねん。,success,1見ても分からへんかったからラパルフェがさようモノマネしてるやんってドキドキしなんねん。,False,44,44,0
,007_obc_13593053_20260713230000_seg_00586,007_obc_13593053_20260713230000,SPEAKER_00,3870.96,3880.16,9.2,success,vivantを見ろ、vivantとかって言うねんけど、もう、いやいや、ほんまに分からんワードとかも出てるけど、vivantを見ろ、vivantぐらいなら分かんねんけど、なんか。,success,vivantを見ろ、vivantとかって言うねんけど、もう、いや、ほんまに分からんワードとかも出てるけど、vivantを見ろ、vivantぐらいなら分かんねんけど、なんか。,False,88,86,-2
,007_obc_13593053_20260713230000_seg_00587,007_obc_13593053_20260713230000,SPEAKER_01,3880.48,3881.52,1.04,success,見ろって言っちゃった。,success,見ろって言っちゃった。,True,11,11,0
,007_obc_13593053_20260713230000_seg_00588,007_obc_13593053_20260713230000,SPEAKER_00,3881.68,3882.88,1.2,success,vivantを見ろ!,success,vivantを見ろ!,True,10,10,0
,007_obc_13593053_20260713230000_seg_00589,007_obc_13593053_20260713230000,SPEAKER_00,3883.36,3887.92,4.56,success,言うねんけど、なんか言うねんけど、ラパルフェで、言うねんけど、なんか。,success,言うねんけどなんか言うねんけどラパルフェで言うねんけどなんか。,False,35,31,-4
,007_obc_13593053_20260713230000_seg_00590,007_obc_13593053_20260713230000,SPEAKER_00,3888.64,3894.32,5.68,success,そのワードで出来ても分からんかってん、今、なんのどれの話してんねやろって思うけど、やっぱこれ、見なあかんな。,success,そのワードで出来ても分からんかってん、今、なんのどれの話してんねやろうって思うけど、やっぱこれ、見なあかんな。,False,54,55,1
,007_obc_13593053_20260713230000_seg_00591,007_obc_13593053_20260713230000,SPEAKER_00,3894.8,3896.8,2.0,success,ちょっと勉強せなあかんわ俺。,success,ちょっと勉強せなあかんわ俺。,True,14,14,0
,007_obc_13593053_20260713230000_seg_00592,007_obc_13593053_20260713230000,SPEAKER_00,3899.2,3903.84,4.64,success,なんかお勧めのなんか、ドラマとか、あと、古畑、今、見てるよ。,success,なんかお勧めのなんか、ドラマとか、あと、古畑、今、見てるよ。,True,30,30,0
,007_obc_13593053_20260713230000_seg_00593,007_obc_13593053_20260713230000,SPEAKER_00,3905.92,3906.96,1.04,success,配信始まったからね。,success,配信始まったからね。,True,10,10,0
,007_obc_13593053_20260713230000_seg_00594,007_obc_13593053_20260713230000,SPEAKER_00,3908.08,3915.84,7.76,success,古畑おもろいわ、おもろいわ、どれが一番好きな話、1個出して、みんなな、1個あんねんて。,success,古畑おもろいわ、おもろいわ、どれが一番好きな話、1個出して、みんなな、1個あんねんて。,True,43,43,0
,007_obc_13593053_20260713230000_seg_00595,007_obc_13593053_20260713230000,SPEAKER_00,3916.24,3917.36,1.12,success,めっちゃしゃべれる話。,success,めっちゃしゃべれる話。,True,11,11,0
,007_obc_13593053_20260713230000_seg_00596,007_obc_13593053_20260713230000,SPEAKER_01,3919.04,3920.96,1.92,success,一番みんなが言うやつ。,success,一番みんなが言うやつ。,True,11,11,0
,007_obc_13593053_20260713230000_seg_00597,007_obc_13593053_20260713230000,SPEAKER_00,3920.96,3921.6,0.64,success,どれやろ?,success,どれやろ?,True,5,5,0
,007_obc_13593053_20260713230000_seg_00598,007_obc_13593053_20260713230000,SPEAKER_00,3921.92,3926.56,4.64,success,俺も結構好きなやつ何個かあってでもな結構分かれんねん。,success,えっどれ?俺も結構好きなやつ何個かあってでもな結構分かれんねん。,False,27,32,5
,007_obc_13593053_20260713230000_seg_00599,007_obc_13593053_20260713230000,SPEAKER_01,3926.8,3928.0,1.2,success,タイトル言ったら分かる。,success,タイトル言ったら分かる。,True,12,12,0
,007_obc_13593053_20260713230000_seg_00600,007_obc_13593053_20260713230000,SPEAKER_00,3928.96,3929.68,0.72,success,えっどれ?,success,えっどれ?,True,5,5,0
,007_obc_13593053_20260713230000_seg_00601,007_obc_13593053_20260713230000,SPEAKER_00,3933.44,3934.88,1.44,success,しゃべりすぎた男、正解。,success,しゃべり過ぎた男、正解。,False,12,12,0
,007_obc_13593053_20260713230000_seg_00602,007_obc_13593053_20260713230000,SPEAKER_00,3936.56,3938.32,1.76,success,さんま師匠がかっこええのよ。,success,さんま師匠がかっこええのよ。,True,14,14,0
,007_obc_13593053_20260713230000_seg_00603,007_obc_13593053_20260713230000,SPEAKER_00,3939.92,3946.24,6.32,success,おもろすぎるよな、あれだけスペシャルやったっけ、長かったっけ、あれ、あれ1時間じゃ収まってないんじゃなかった、あれ1時間?,success,おもろすぎるよな、あれだけスペシャルやったっけ、長かったっけ、あれ、あれ1時間じゃ収まってないんじゃなかった、あれ1時間?,True,61,61,0
,007_obc_13593053_20260713230000_seg_00604,007_obc_13593053_20260713230000,SPEAKER_00,3948.72,3949.92,1.2,success,うんかな?,success,うんかな?,True,5,5,0
,007_obc_13593053_20260713230000_seg_00605,007_obc_13593053_20260713230000,SPEAKER_01,3950.08,3951.44,1.36,success,シーズン2の最初どこ?,success,シーズン2の最初と。,False,11,10,-1
,007_obc_13593053_20260713230000_seg_00606,007_obc_13593053_20260713230000,SPEAKER_00,3951.44,3960.72,9.28,success,最初ぐらいやったっけな、そう、ほんで、この間ね、それでな、大盛り上がりしてん。,success,最初ぐらいやったっけな、ほんで、この間ね、それでな、大盛り上がりしてん。,False,39,36,-3
,007_obc_13593053_20260713230000_seg_00607,007_obc_13593053_20260713230000,SPEAKER_00,3962.08,3962.96,0.88,success,えっとね。,success,えっとね。,True,5,5,0
,007_obc_13593053_20260713230000_seg_00608,007_obc_13593053_20260713230000,SPEAKER_00,3963.28,3970.32,7.04,success,大悟さんもいて、大悟さん、めっちゃ好きやねんで、で、フジモンさんもまあまあ好きやねん。,success,大悟さんもいて大悟さんめっちゃ好きやねんでフジモンさんもまあまあ好きやねん。,False,43,38,-5
,007_obc_13593053_20260713230000_seg_00609,007_obc_13593053_20260713230000,SPEAKER_00,3971.12,3971.68,0.56,success,で。,success,で。,True,2,2,0
,007_obc_13593053_20260713230000_seg_00610,007_obc_13593053_20260713230000,SPEAKER_00,3972.32,3976.32,4.0,success,えっともうその2人が好きやから。,success,えっともうその2人が好きやから。,True,16,16,0
,007_obc_13593053_20260713230000_seg_00611,007_obc_13593053_20260713230000,SPEAKER_00,3977.2,3980.72,3.52,success,2人が好きやから、めっちゃ情報くれるのよ。,success,2人が好きやからめっちゃ情報くれんのよ。,False,21,20,-1
,007_obc_13593053_20260713230000_seg_00612,007_obc_13593053_20260713230000,SPEAKER_00,3981.44,3986.64,5.2,success,言うてど真ん中の年代じゃないわけやんか、たぶん大悟さんあたりがたぶんど真ん中やねん、藤本さんとか。,success,言うてど真ん中の年代じゃないわけやんか多分大悟さん辺りが多分ど真ん中やねん藤本さんとか。,False,49,44,-5
,007_obc_13593053_20260713230000_seg_00613,007_obc_13593053_20260713230000,SPEAKER_00,3986.96,3987.68,0.72,success,だから。,success,だから。,True,4,4,0
,007_obc_13593053_20260713230000_seg_00614,007_obc_13593053_20260713230000,SPEAKER_00,3988.72,3996.16,7.44,success,鈴木保奈美さんの回があって鈴木保奈美さんの回は。,success,あの鈴木保奈美さんの回があって鈴木保奈美さんの回は。,False,24,26,2
,007_obc_13593053_20260713230000_seg_00615,007_obc_13593053_20260713230000,SPEAKER_00,3996.64,4037.2,40.56,success,どっちかというと、事件が起きるというよりかは、バスの中でたまたま古畑と西村さんが出会って、鈴木保奈美さん、海外やってんな、海外のそのバスの中で、ちょっと長距離バスの中、暇やからってことで、西村まさ彦さんは、トランプしたかってんけど、いや、もうトランプいいからとか、あんときの古畑任三郎って、結構、なんて言ったらええの、ジェントルマンで、ちょっと女好きみたいなのを見せるのよ、見せるとこで、鈴木保美さんの横行って、座って、一緒に時間潰しましょうとかって言って、私、刑事やってますよとか言って、鈴木雅さんが、じゃあ、私、事件、ちょっと。,success,どっちかっていうと、事件が起きるというよりかは、バスの中でたまたま古畑と西村さんが出会って、鈴木保美さん、海外やってんな、海外のそのバスの中で、ちょっと長距離バスの中、暇やからってことで、西村まさ彦さんは、トランプしたかってんけど、いや、もうトランプいいからとか、で、あんときの古畑任三郎って、結構、なんて言ったらええの、ジェントルマンで、ちょっと女好きみたいなのを見せるのよ、見せるとこで、鈴木保美さんの横行って、座って、一緒に時間潰しましょうとかって言って、私、刑事やってますよとかって、鈴木雅さんが、じゃあ、私、事件、ちょっと。,False,266,267,1
,007_obc_13593053_20260713230000_seg_00616,007_obc_13593053_20260713230000,SPEAKER_00,4037.68,4046.32,8.64,success,友達の事件があったので、ちょっとしゃべりますんで、どうなったか、解決してくれます?みたいな感じでは、トークだけでいくねん。,success,友達の事件があったので、ちょっとしゃべりますんで、どうなったか解決してくれます?みたいな感じの、トークだけでいくねん。,False,61,59,-2
,007_obc_13593053_20260713230000_seg_00617,007_obc_13593053_20260713230000,SPEAKER_00,4046.88,4057.36,10.48,success,その会話、質問と、それだけで、うーん、じゃあ、こうこうこうじゃないですかっていう、鈴木保奈美さんが、たぶん、恐らく。,success,その会話、質問と、それだけで、うーん、じゃあ、こうこうこうじゃないですかっていう、鈴木保奈美さんが、まあ、たぶん、恐らく。,False,58,61,3
,007_obc_13593053_20260713230000_seg_00618,007_obc_13593053_20260713230000,SPEAKER_00,4057.76,4068.4,10.64,success,旦那さんを殺害してんねんけど、それ、私がやったって言わへんねんけど、それの弁護士を務めたのが、明石家さんま師匠っていう、つながってるっていう。,success,旦那さんを殺害してんねんけど、それ、私がやったって言わへんねんけど、それの弁護士を務めたのが、明石家さんま師匠っていう、つながってるっていう。,True,71,71,0
,007_obc_13593053_20260713230000_seg_00619,007_obc_13593053_20260713230000,SPEAKER_00,4068.96,4071.36,2.4,success,俺教えてもらってめっちゃ大きい声出した。,success,もう俺教えてもらってめっちゃ大きい声出した。,False,20,22,2
,007_obc_13593053_20260713230000_seg_00620,007_obc_13593053_20260713230000,SPEAKER_00,4072.08,4073.44,1.36,success,えって。,success,え!?って。,False,4,6,2
,007_obc_13593053_20260713230000_seg_00621,007_obc_13593053_20260713230000,SPEAKER_00,4074.0,4077.28,3.28,success,えっ、あっ、そこつながるんすかって言って。,success,えっあっそこつながるんすかって言って。,False,21,19,-2
,007_obc_13593053_20260713230000_seg_00622,007_obc_13593053_20260713230000,SPEAKER_00,4077.76,4088.64,10.88,success,で、弁護士の方がすごい優秀でして、みたいな、確か、なんかそんなんあって、で、弁護士いわく、こうこうこういうふうに言ったら、無罪になったみたいな。,success,で弁護士の方がすごい優秀でしてみたいな確かに何かそんなんあってで弁護士いわくこうこうこういうふうに言ったら無罪になったみたいな。,False,72,64,-8
,007_obc_13593053_20260713230000_seg_00623,007_obc_13593053_20260713230000,SPEAKER_00,4089.12,4100.24,11.12,success,無罪になったの、友達は無罪になったの?って、友達って自分のことやねんけど、そういうふうにずっと古田さんにしゃべんねんけど、その弁護士がさんま氏、ここつなげんねやと思って。,success,無罪になったの、友達は無罪になったの?って、友達って自分のことやねんけど、そういうふうにずっと古田にしゃべんねんけど、その弁護士がさんま、ここつなげんねやと思って。,False,85,82,-3
,007_obc_13593053_20260713230000_seg_00624,007_obc_13593053_20260713230000,SPEAKER_00,4100.88,4102.24,1.36,success,うわって興奮したわ。,success,うわって興奮したわ。,True,10,10,0
,007_obc_13593053_20260713230000_seg_00625,007_obc_13593053_20260713230000,SPEAKER_00,4103.04,4106.32,3.28,success,さんま師匠、かっこええよなあのときのな、水差しね。,success,さんま師匠かっこええよなあん時のな水差しね。,False,25,22,-3
,007_obc_13593053_20260713230000_seg_00626,007_obc_13593053_20260713230000,SPEAKER_00,4106.8,4113.52,6.72,success,水差しね、めっちゃ、古畑、まじ見たほうがええで、今の人たち、まじでめっちゃおもろいから、あれ。,success,水差しね、めっちゃ、古畑、まじ見たほうがええで、今の人たち、まじでめっちゃおもろいから、あれ。,True,47,47,0
,007_obc_13593053_20260713230000_seg_00627,007_obc_13593053_20260713230000,SPEAKER_00,4114.08,4120.08,6.0,success,古畑任三郎ね、キムタクのな、俺はまだな、まだ、えっ、でも、あれないよね?,success,古畑任三郎ね、キムタクのな、俺はまだな、あっ、まだ、えっ、でも、あれないよね?,False,36,39,3
,007_obc_13593053_20260713230000_seg_00628,007_obc_13593053_20260713230000,SPEAKER_00,4120.96,4124.88,3.92,success,配信ないよね、ないと思います、ないですよね、配信ないと思います。,success,配信ないよね、ないと思います、ないですよね、配信ないと思います。,True,32,32,0
,007_obc_13593053_20260713230000_seg_00629,007_obc_13593053_20260713230000,SPEAKER_00,4125.6,4128.32,2.72,success,やっぱり見たいよな。,success,それはやっぱり遊びたいよな。,False,10,14,4
,007_obc_13593053_20260713230000_seg_00630,007_obc_13593053_20260713230000,SPEAKER_00,4129.52,4130.56,1.04,success,痛いよな。,success,痛いよな。,True,5,5,0
,007_obc_13593053_20260713230000_seg_00631,007_obc_13593053_20260713230000,SPEAKER_00,4131.04,4132.64,1.6,success,でえっと。,success,でえっと。,True,5,5,0
,007_obc_13593053_20260713230000_seg_00632,007_obc_13593053_20260713230000,SPEAKER_00,4133.04,4136.72,3.68,success,smapの回があったんですよ。,success,smapの回があったんですよ。,True,15,15,0
,007_obc_13593053_20260713230000_seg_00633,007_obc_13593053_20260713230000,SPEAKER_00,4137.36,4140.56,3.2,success,古畑任三郎、本編でね、ほんで終わって。,success,で古畑任三郎本編でねほんで終わって。,False,19,18,-1
,007_obc_13593053_20260713230000_seg_00634,007_obc_13593053_20260713230000,SPEAKER_00,4141.44,4142.64,1.2,success,全員捕まった。,success,全員捕まった。,True,7,7,0
,007_obc_13593053_20260713230000_seg_00635,007_obc_13593053_20260713230000,SPEAKER_00,4142.88,4157.36,14.48,success,何か捕まったんやろね、なんかそんなんやって、確かそうっすよね、で、全員でしたっけ、ちゃ、えっ、全員捕まって、smapが、で、当時、スマスマやってたやん、フジテレビで。,success,何か捕まったんやろね、なんかそんなんやって、確かそうっすよね、で、全員でしたっけ、ちゃ、えっ、全員捕まって、smapが、で、当時、スマスマやってたやん、フジテレビで。,True,83,83,0
,007_obc_13593053_20260713230000_seg_00636,007_obc_13593053_20260713230000,SPEAKER_00,4157.68,4158.72,1.04,success,俺それも。,success,おっそれも!,False,5,6,1
,007_obc_13593053_20260713230000_seg_00637,007_obc_13593053_20260713230000,SPEAKER_00,4159.2,4167.44,8.24,success,藤本さんから聞いたんかな、大悟さんかどっちか忘れたけど、スマスマで、牢獄から抜け出すっていうコントやっててんて。,success,藤本さんから聞いたんかな大悟さんがどっちか忘れたけどスマスマでその牢獄から抜け出すっていうコントやっててんて。,False,56,55,-1
,007_obc_13593053_20260713230000_seg_00638,007_obc_13593053_20260713230000,SPEAKER_00,4168.4,4170.64,2.24,success,その延長戦みたいな感じで。,success,その延長戦みたいな感じで。,True,13,13,0
,007_obc_13593053_20260713230000_seg_00639,007_obc_13593053_20260713230000,SPEAKER_00,4171.76,4177.6,5.84,success,興奮する、今、見たいねんけど、俺、あれ、もうそれないねんな、見たいわ。,success,候補生、今見たいねんけど、俺、あれ、もうそれないねんな、見たいわ。,False,35,33,-2
,007_obc_13593053_20260713230000_seg_00640,007_obc_13593053_20260713230000,SPEAKER_00,4178.32,4182.72,4.4,success,そんなんもやるぐらい、古畑、おもろかったわ。,success,そんなんもやるぐらい古畑おもろかったわ。,False,22,20,-2
,007_obc_13593053_20260713230000_seg_00641,007_obc_13593053_20260713230000,SPEAKER_00,4183.04,4196.72,13.68,success,鶴瓶師匠のやつとかも好きっていう人いるよね、鶴瓶師匠、あと、あと、堺正章さん好きっていう人もいるよね、堺正章さんの落語家、落語家じゃない?,success,あの鶴瓶師匠のやつとかも好きっていう人いるよね鶴瓶師匠あとあと堺正章さん好きっていう人もいるよね堺正章さんの落語家落語家ちゃう?,False,69,64,-5
,007_obc_13593053_20260713230000_seg_00642,007_obc_13593053_20260713230000,SPEAKER_00,4197.52,4207.84,10.32,success,歌舞伎か、歌舞伎や、歌舞伎役者で、エレベーター使って上げて、なんかなんかすんねんけど、それで。,success,歌舞伎か、歌舞伎や、歌舞伎役者で、エレベーター使って上げて、なんかなんかすんねんけど、それで。,True,47,47,0
,007_obc_13593053_20260713230000_seg_00643,007_obc_13593053_20260713230000,SPEAKER_01,4207.92,4208.48,0.56,success,せり上がる。,success,せり上がる。,True,6,6,0
,007_obc_13593053_20260713230000_seg_00644,007_obc_13593053_20260713230000,SPEAKER_00,4208.48,4210.08,1.6,success,そう、せり上がりの、それで。,success,そうせり上がりのそれで。,False,14,12,-2
,007_obc_13593053_20260713230000_seg_00645,007_obc_13593053_20260713230000,SPEAKER_00,4210.96,4211.52,0.56,success,酒井。,success,酒井。,True,3,3,0
,007_obc_13593053_20260713230000_seg_00646,007_obc_13593053_20260713230000,SPEAKER_00,4212.16,4212.88,0.72,success,さんが。,success,さんが。,True,4,4,0
,007_obc_13593053_20260713230000_seg_00647,007_obc_13593053_20260713230000,SPEAKER_00,4213.84,4216.16,2.32,success,最後にお茶漬けだけ食べるんよね。,success,最後にお茶漬けだけ食べるんよね。,True,16,16,0
,007_obc_13593053_20260713230000_seg_00648,007_obc_13593053_20260713230000,SPEAKER_00,4216.88,4227.68,10.8,success,お茶漬け食べたから、食べる時間があったから、ちょっと捕まっちゃったみたいなんがあんねん、最後になんかひと言言ってみたいな、そのひと言をちょっとごめんなさい、めっちゃ大事なとこやけど、俺、忘れたわ。,success,そのお茶漬け食べたから、食べる時間があったから、ちょっと捕まっちゃったみたいなんがあんねん、最後になんかひと言言ってみたいな、そのひと言をちょっとごめんなさい、めっちゃ大事なとこやけど、俺、忘れたわ。,False,98,100,2
,007_obc_13593053_20260713230000_seg_00649,007_obc_13593053_20260713230000,SPEAKER_00,4231.44,4240.8,9.36,success,そう、あれで酒井さんのこと好きって、好きになったっていう人、めっちゃおるよな、その世代、うわー、古畑の話もしたいわ。,success,そう、あれで酒井さんのこと好きって、好きになったっていう人、めっちゃおるよな、その世代、うわー、古畑の話もしたいわ。,True,58,58,0
,007_obc_13593053_20260713230000_seg_00650,007_obc_13593053_20260713230000,SPEAKER_00,4241.84,4245.92,4.08,success,あなたのしい古畑、ラジオネーム、牛乳ボーイ。,success,あなたの手古旗ラジオネーム牛乳ボーイ。,False,22,19,-3
,007_obc_13593053_20260713230000_seg_00651,007_obc_13593053_20260713230000,SPEAKER_00,4246.72,4255.6,8.88,success,vivantで阿部寛さんの一味として登場してスマホの音声だけでしゃべってたのがアントニーさんですかアントニー地面師。,success,vivantで阿部寛さんの一味として登場してスマホの音声だけでしゃべってたのがアントニーさんですかアントニー地面師。,True,58,58,0
,007_obc_13593053_20260713230000_seg_00652,007_obc_13593053_20260713230000,SPEAKER_00,4256.64,4260.8,4.16,success,アントニー、アントニーは地面師、あれ、ドラム。,success,アントニーアントニーは地面師あれドラム。,False,23,20,-3
,007_obc_13593053_20260713230000_seg_00653,007_obc_13593053_20260713230000,SPEAKER_00,4262.0,4263.04,1.04,success,全然ちゃいます。,success,全然ちゃいます!,False,8,8,0
,007_obc_13593053_20260713230000_seg_00654,007_obc_13593053_20260713230000,SPEAKER_00,4264.0,4268.24,4.24,success,アントニーは地面師でえ。,success,アントニーは地面師でえ。,True,12,12,0
,007_obc_13593053_20260713230000_seg_00655,007_obc_13593053_20260713230000,SPEAKER_00,4268.8,4276.8,8.0,success,地面師にしてくださいって言って、裏切ろうとしてやられたやつ。,success,はぁ、地面師にしてくださいって言って、裏切ろうとしてやられたやつ。,False,30,33,3
,007_obc_13593053_20260713230000_seg_00656,007_obc_13593053_20260713230000,SPEAKER_00,4278.96,4284.96,6.0,success,でもアントニー、あれ、かっこよかったよな、あの役ないいよな、今、ポーカー。,success,でもアントニー、あれ、かっこよかったよな、あの役ない、いいよな、今のポーカー。,False,37,39,2
,007_obc_13593053_20260713230000_seg_00657,007_obc_13593053_20260713230000,SPEAKER_00,4287.36,4293.28,5.92,success,今、ポーカーでなんかすごいらしいね、めっちゃすごいよな、本当にって。,success,今、ポーカーでなんかすごいらしいね、めっちゃすごいよな、本当にって。,True,34,34,0
,007_obc_13593053_20260713230000_seg_00658,007_obc_13593053_20260713230000,SPEAKER_00,4294.24,4302.8,8.56,success,なんかな、みんないろいろやってるよな、自分の生きる道を探すというかね、俺もなんかもっといろいろやらなあかんな。,success,なんかな、みんないろいろやってるよな、自分の生きる道を探すというかね、俺もなんかもっといろいろやらなあかんな。,True,55,55,0
,007_obc_13593053_20260713230000_seg_00659,007_obc_13593053_20260713230000,SPEAKER_00,4303.68,4304.72,1.04,success,ラジオネームシグ。,success,ラジオネームシグ。,True,9,9,0
,007_obc_13593053_20260713230000_seg_00660,007_obc_13593053_20260713230000,SPEAKER_00,4305.84,4326.72,20.88,success,もしかしてサッカーワールドカップの参加資格、芸歴15年以下の国のみになったりしますか、芸歴ってないで、一番新しい国は2011年に新しく出来たアフリカの国、南スーダン共和国、ことしがラストイヤーです、ワールドカップはユニット国ばっかりの参加になります。,success,もしかしてサッカーワールドカップの参加資格、芸歴15年以下の国のみになったりしますか、芸歴ってないで、一番新しい国は2011年に新しくできたアフリカの国、南スーダン共和国、ことしがラストイヤーです、ワールドカップはユニット国ばっかりの参加になります。,False,125,125,0
,007_obc_13593053_20260713230000_seg_00661,007_obc_13593053_20260713230000,SPEAKER_00,4328.56,4330.24,1.68,success,ラストイヤーってなんやねん。,success,ラストイヤーって何やねん。,False,14,13,-1
,007_obc_13593053_20260713230000_seg_00662,007_obc_13593053_20260713230000,SPEAKER_00,4330.8,4346.16,15.36,success,そんなんないやろ、でもmー1要素入れ過ぎやろ、これ、ラストイヤーとかさ、でも感動すんねやろな、そうなってくると、敗者復活とかやらなあかんくなってくんで、1回負けたけど、もう一回やるってこと、許されへんやろ、そんなん。,success,そんなんないやろ、でもm−1要素入れ過ぎやろ、これ、ラストイヤーとかさ、でも感動すんねやろな、そうなってくると、敗者復活とかやらなあかんくなってくるで、1回負けたけど、もう一回やるってこと、許されへんやろ、そんなん。,False,108,108,0
,007_obc_13593053_20260713230000_seg_00663,007_obc_13593053_20260713230000,SPEAKER_00,4347.44,4349.6,2.16,success,予選負けたくせに出てきやがってってなるって。,success,予選負けたくせに出てきやがってってなるって。,True,22,22,0
,007_obc_13593053_20260713230000_seg_00664,007_obc_13593053_20260713230000,SPEAKER_00,4350.64,4353.12,2.48,success,そんなんやりだすとそれこそ。,success,けどそんなんやりだすとそれこそ。,False,14,16,2
,007_obc_13593053_20260713230000_seg_00665,007_obc_13593053_20260713230000,SPEAKER_00,4354.72,4357.12,2.4,success,トランプさん、大暴れする可能性ない?,success,トランプさん、大暴れする可能性ない?,True,18,18,0
,007_obc_13593053_20260713230000_seg_00666,007_obc_13593053_20260713230000,SPEAKER_00,4360.0,4361.04,1.04,success,なしどころちゃうで。,success,なっしどころちゃうで。,False,10,11,1
,007_obc_13593053_20260713230000_seg_00667,007_obc_13593053_20260713230000,SPEAKER_01,4361.76,4364.48,2.72,success,家族に新ルール決定やるんだ。,success,家族に新ルールっていつあるんですか?,False,14,18,4
,007_obc_13593053_20260713230000_seg_00668,007_obc_13593053_20260713230000,SPEAKER_00,4364.56,4384.8,20.24,success,ワールドカップに新ルールね、付け加えるなら、なんやろうな、国数増やして、今回ね、23分で給水とかっていうのも出てきたし、varが本当に正しいのか、正しくないのかっていう問題も今また出てきているけども、新ルールね。,success,ワールドカップに新ルールね、付け加えるなら、なんやろうな、国数増やして、今回ね、23分で給水とかっていうのも出てきたし、varが本当に正しいのか、正しくないのかっていう問題も今また出てきているけども、新ルールね。,True,106,106,0
,007_obc_13593053_20260713230000_seg_00669,007_obc_13593053_20260713230000,SPEAKER_00,4385.6,4388.24,2.64,success,新ルール、なんやろうな。,success,新ルールなんやろうな?,False,12,11,-1
,007_obc_13593053_20260713230000_seg_00670,007_obc_13593053_20260713230000,SPEAKER_00,4388.72,4392.0,3.28,success,オフサイド、うん、なんか!,success,オフサイド、うん、なんか!,True,13,13,0
,007_obc_13593053_20260713230000_seg_00671,007_obc_13593053_20260713230000,SPEAKER_00,4392.4,4393.68,1.28,success,こりゃどうも。,success,俺はあの。,False,7,5,-2
,007_obc_13593053_20260713230000_seg_00672,007_obc_13593053_20260713230000,SPEAKER_00,4396.08,4396.8,0.72,success,何かね。,success,何かね。,True,4,4,0
,007_obc_13593053_20260713230000_seg_00673,007_obc_13593053_20260713230000,SPEAKER_00,4398.16,4399.2,1.04,success,野球のさ。,success,野球のさ。,True,5,5,0
,007_obc_13593053_20260713230000_seg_00674,007_obc_13593053_20260713230000,SPEAKER_00,4400.8,4402.0,1.2,success,あのあれ。,success,あのあれ。,True,5,5,0
,007_obc_13593053_20260713230000_seg_00675,007_obc_13593053_20260713230000,SPEAKER_00,4403.92,4408.4,4.48,success,これ、見てみたいなやつあるやん、あれって何階かまでしか使えないみたいなのなかった?,success,これ見てみたいなやつあるやんあれって何階かまでしか使えないみたいなのなかった?,False,41,39,-2
,007_obc_13593053_20260713230000_seg_00676,007_obc_13593053_20260713230000,SPEAKER_00,4409.84,4410.64,0.8,success,チャレンジか!,success,チャレンジか!,True,7,7,0
,007_obc_13593053_20260713230000_seg_00677,007_obc_13593053_20260713230000,SPEAKER_00,4411.76,4415.52,3.76,success,チャレンジは2回までって、俺もな、俺、野球あんま詳しくないけど。,success,チャレンジは2回までって俺もな俺野球あんま詳しくないけど。,False,32,29,-3
,007_obc_13593053_20260713230000_seg_00678,007_obc_13593053_20260713230000,SPEAKER_00,4416.0,4423.84,7.84,success,野球って、例えば、これがセーフ、盗塁して、セーフだった、アウトだったっていって、アウトってなって、えっと。,success,野球って例えばこれがセーフ、盗塁してセーフだった、アウトだったといってアウトとなってえっと。,False,53,46,-7
,007_obc_13593053_20260713230000_seg_00679,007_obc_13593053_20260713230000,SPEAKER_00,4424.4,4434.48,10.08,success,いや、でも絶対セーフやと思うって、自信ある人は、自信あるチームは、監督が、はい、チャレンジしてくださいって言って、それで2回までできるらしいねん。,success,いやでも絶対セーフやと思うって自信ある人は自信あるチームは監督がはいチャレンジしてくださいって言ってそれで2回までできるらしいねん。,False,73,66,-7
,007_obc_13593053_20260713230000_seg_00680,007_obc_13593053_20260713230000,SPEAKER_00,4435.04,4449.84,14.8,success,それ2回失敗したらもう使えないんですよね。と一緒で俺ワールドカップのさオフサイド系とかさ今回のノルウェーのあれもそうやったやんとかアルゼンチンのあれとかもさあまりにもさ。,success,で、それ2回失敗したら、もう使えないんですよね。と一緒で、俺、ワールドカップのさ、オフサイド系とかさ、今回のノルウェーのあれもそうやったやんとか、アルゼンチンのあれとかもさ、あまりにもさ。,False,85,94,9
,007_obc_13593053_20260713230000_seg_00681,007_obc_13593053_20260713230000,SPEAKER_00,4450.72,4460.48,9.76,success,あれ、どこやったっけ、アルゼンチンが追い込まれた国、エジプトや、エジプト、サラの、あれのカウンターとかもさ、見事やったやん。,success,あれどこやったっけ、アルゼンチンが追い込まれた国、エジプトやん、エジプト、サラの、あれのカウンターとかもさ、見事やったやん。,False,62,62,0
,007_obc_13593053_20260713230000_seg_00682,007_obc_13593053_20260713230000,SPEAKER_00,4461.6,4464.08,2.48,success,とかも何かさちょっとさ。,success,とかもなんかさちょっとさ。,False,12,13,1
,007_obc_13593053_20260713230000_seg_00683,007_obc_13593053_20260713230000,SPEAKER_00,4465.28,4467.12,1.84,success,チャレンジ1回までとかさ。,success,チャレンジ1回までとかさ。,True,13,13,0
,007_obc_13593053_20260713230000_seg_00684,007_obc_13593053_20260713230000,SPEAKER_00,4467.36,4470.32,2.96,success,失敗したらもう使いませんみたいな2回はちょっと多いかな。,success,で失敗したらもう使いませんみたいな2回はちょっと多いかな。,False,28,29,1
,007_obc_13593053_20260713230000_seg_00685,007_obc_13593053_20260713230000,SPEAKER_01,4470.56,4472.16,1.6,success,成功したら何回でもいける。,success,成功したら何回でもいける。,True,13,13,0
,007_obc_13593053_20260713230000_seg_00686,007_obc_13593053_20260713230000,SPEAKER_00,4472.24,4480.08,7.84,success,そうそうそうそう、それは野球も、やけど、あまりにも全部見てくれ、全部見てくれ、全部見てくれ、俺、なんかな。,success,そうそうそうそう、それを野球も、やけど、あまりにも全部見てくれ、全部見てくれ、全部見てくれ、俺、なんかな。,False,53,53,0
,007_obc_13593053_20260713230000_seg_00687,007_obc_13593053_20260713230000,SPEAKER_00,4480.88,4482.32,1.44,success,いやな気ぃしてんねんけど。,success,嫌な気ぃしてんねんけど。,False,13,12,-1
,007_obc_13593053_20260713230000_seg_00688,007_obc_13593053_20260713230000,SPEAKER_00,4483.44,4484.32,0.88,success,どうやろな?,success,どうやろな。,False,6,6,0
,007_obc_13593053_20260713230000_seg_00689,007_obc_13593053_20260713230000,SPEAKER_00,4484.64,4485.84,1.2,success,なんか誰かも言うとったけど。,success,なんか誰かも言うとったけど。,True,14,14,0
,007_obc_13593053_20260713230000_seg_00690,007_obc_13593053_20260713230000,SPEAKER_00,4487.04,4488.08,1.04,success,果たしてその。,success,果たしてその。,True,7,7,0
,007_obc_13593053_20260713230000_seg_00691,007_obc_13593053_20260713230000,SPEAKER_00,4489.12,4490.08,0.96,success,varが。,success,varが。,True,5,5,0
,007_obc_13593053_20260713230000_seg_00692,007_obc_13593053_20260713230000,SPEAKER_00,4491.12,4494.08,2.96,success,ちょっと細かすぎていいのかっていうな。,success,ちょっと細かすぎていいのかっていうな。,True,19,19,0
,007_obc_13593053_20260713230000_seg_00693,007_obc_13593053_20260713230000,SPEAKER_00,4495.76,4496.32,0.56,success,まあな。,success,まあな。,True,4,4,0
,007_obc_13593053_20260713230000_seg_00694,007_obc_13593053_20260713230000,SPEAKER_00,4497.2,4501.36,4.16,success,なんかな、それでちょっとなんか人生変わるもんあんねんけど、なかなかな、俺は。,success,なんかなそれでちょっと人生変わるもんあんねんけどなかなかな俺は。,False,38,32,-6
,007_obc_13593053_20260713230000_seg_00695,007_obc_13593053_20260713230000,SPEAKER_00,4502.32,4507.6,5.28,success,ちょっと嫌な世代でございます、もうこれはもう、世代。,success,ちょっと嫌な世代でございます、もうこれはもう、世代。,True,26,26,0
,007_obc_13593053_20260713230000_seg_00696,007_obc_13593053_20260713230000,SPEAKER_00,4508.72,4512.16,3.44,success,あとは今から5分、手使ってok!とか。,success,あとは今から5分、手使ってok!とか。,True,19,19,0
,007_obc_13593053_20260713230000_seg_00697,007_obc_13593053_20260713230000,SPEAKER_00,4516.24,4517.28,1.04,success,ボーナスタイム!,success,ボーナスタイム!,True,8,8,0
,007_obc_13593053_20260713230000_seg_00698,007_obc_13593053_20260713230000,SPEAKER_00,4520.48,4525.04,4.56,success,今から3分間だけ4対4とか。,success,今から3分間だけ4対4とか。,True,14,14,0
,007_obc_13593053_20260713230000_seg_00699,007_obc_13593053_20260713230000,SPEAKER_00,4528.16,4528.8,0.64,success,プかな?,success,とかな?,False,4,4,0
,007_obc_13593053_20260713230000_seg_00700,007_obc_13593053_20260713230000,SPEAKER_00,4530.08,4532.96,2.88,success,あとなんやろうな、あと。,success,あと何やろなあと。,False,12,9,-3
,007_obc_13593053_20260713230000_seg_00701,007_obc_13593053_20260713230000,SPEAKER_00,4533.44,4534.24,0.8,success,やったあれ?,success,やっぱあれ?,False,6,6,0
,007_obc_13593053_20260713230000_seg_00702,007_obc_13593053_20260713230000,SPEAKER_00,4535.6,4537.36,1.76,success,ゴール決めたあと。,success,ゴール決めたあと。,True,9,9,0
,007_obc_13593053_20260713230000_seg_00703,007_obc_13593053_20260713230000,SPEAKER_00,4537.68,4540.96,3.28,success,ゴール決めたあとパフォーマンスはえっと。,success,ゴール決めたあとパフォーマンスはえっと。,True,20,20,0
,007_obc_13593053_20260713230000_seg_00704,007_obc_13593053_20260713230000,SPEAKER_00,4541.76,4543.52,1.76,success,30秒まで!とか。,success,30秒待て!とか何か。,False,9,11,2
,007_obc_13593053_20260713230000_seg_00705,007_obc_13593053_20260713230000,SPEAKER_00,4543.92,4546.64,2.72,success,やり過ぎとか、やり過ぎは絶対あるし。,success,やりすぎとかやりすぎは絶対あるし。,False,18,17,-1
,007_obc_13593053_20260713230000_seg_00706,007_obc_13593053_20260713230000,SPEAKER_00,4547.92,4551.68,3.76,success,それはちょっとあっていいかもな、ほんまに、長すぎるときあるからな。,success,それはちょっとあっていいかもなほんまに長すぎる時あるからな。,False,33,30,-3
,007_obc_13593053_20260713230000_seg_00707,007_obc_13593053_20260713230000,SPEAKER_00,4552.64,4553.76,1.12,success,むかつくしな、あれ。,success,ムカつくしなあれ。,False,10,9,-1
,007_obc_13593053_20260713230000_seg_00708,007_obc_13593053_20260713230000,SPEAKER_00,4554.88,4556.72,1.84,success,サポーターと交代!とか。,success,サポーターと交代!とか。,True,12,12,0
,007_obc_13593053_20260713230000_seg_00709,007_obc_13593053_20260713230000,SPEAKER_00,4557.2,4557.84,0.64,success,元気だ。,success,元気だ。,True,4,4,0
,007_obc_13593053_20260713230000_seg_00710,007_obc_13593053_20260713230000,SPEAKER_01,4558.08,4558.88,0.8,success,戻ってきて。,success,引っ込んできて。,False,6,8,2
,007_obc_13593053_20260713230000_seg_00711,007_obc_13593053_20260713230000,SPEAKER_00,4560.16,4561.44,1.28,success,それぞれの。,success,それぞれの?,False,6,6,0
,007_obc_13593053_20260713230000_seg_00712,007_obc_13593053_20260713230000,SPEAKER_00,4561.68,4564.88,3.2,success,確かにおもろいな、サポーターでめっちゃうまいやつおるやんっていうね。,success,確かにおもろいのはサポーターでめっちゃうまいやつおるやんっていうね。,False,34,34,0
,007_obc_13593053_20260713230000_seg_00713,007_obc_13593053_20260713230000,SPEAKER_01,4564.96,4566.64,1.68,success,こんなにやじ飛ばすならやってみろ。,success,こんなにヤジ飛ばせたらやってみろ。,False,17,17,0
,007_obc_13593053_20260713230000_seg_00714,007_obc_13593053_20260713230000,SPEAKER_00,4566.64,4569.2,2.56,success,やってみろや、出てみろや、やればええじゃん。,success,やってみろや出てみろややれよ。,False,22,15,-7
,007_obc_13593053_20260713230000_seg_00715,007_obc_13593053_20260713230000,SPEAKER_00,4569.6,4571.92,2.32,success,すみません、ごめんなさい、プロすごいっす。,success,すいませんごめんなさいプロすごいっす。,False,21,19,-2
,007_obc_13593053_20260713230000_seg_00716,007_obc_13593053_20260713230000,SPEAKER_00,4574.4,4575.12,0.72,success,やあ。,success,や。,False,3,2,-1
,007_obc_13593053_20260713230000_seg_00717,007_obc_13593053_20260713230000,SPEAKER_00,4576.4,4580.8,4.4,success,なんかそういうだからバラエティー作家もおもろいな何かそういうな。,success,でも何かそういうだからバラエティー作家もおもろいな何かそういうな。,False,32,33,1
,007_obc_13593053_20260713230000_seg_00718,007_obc_13593053_20260713230000,SPEAKER_00,4581.36,4584.96,3.6,success,アメリカのバラエティー野球はあるよね?,success,アメリカのバラエティー野球はあるよね。,False,19,19,0
,007_obc_13593053_20260713230000_seg_00719,007_obc_13593053_20260713230000,SPEAKER_00,4585.68,4589.84,4.16,success,あれおもろいよね、なんか、竹馬乗りながらボール投げるとか。,success,あれおもろいよねなんか竹馬乗りながらボール投げるとか。,False,29,27,-2
,007_obc_13593053_20260713230000_seg_00720,007_obc_13593053_20260713230000,SPEAKER_00,4590.4,4592.72,2.32,success,知ってる?あれおもろいな。,success,知ってる?あれおもろいな。,True,13,13,0
,007_obc_13593053_20260713230000_seg_00721,007_obc_13593053_20260713230000,SPEAKER_00,4593.92,4600.8,6.88,success,なんかめっちゃはやってるらしいで、人気あるみたいですね、そんなんもなんか、サッカーでやっていただきたいというのはありますね。,success,めっちゃはやってるらしいで、人気あるみたいですね、そんなんもなんかサッカーでやっていただきたいというのはありますね。,False,62,58,-4
,007_obc_13593053_20260713230000_seg_00722,007_obc_13593053_20260713230000,SPEAKER_00,4603.92,4616.16,12.24,success,えーっと、ラジオネーム、くちばし課長、テーマのバイトのやつですね、friね、とんだ話ね、くちばし課長、はい。,success,えーっと、ラジオネーム、くちばし課長、テーマのバイトのやつですね、friね、とんだ話ね、くちばし課長。,False,54,51,-3
,007_obc_13593053_20260713230000_seg_00723,007_obc_13593053_20260713230000,SPEAKER_00,4616.56,4622.72,6.16,success,私は過去一度だけバイトを飛びました、高校生のころ。,success,私は過去一度だけバイトを飛びました、高校生のころ。,True,25,25,0
,007_obc_13593053_20260713230000_seg_00724,007_obc_13593053_20260713230000,SPEAKER_00,4625.2,4628.24,3.04,success,相席料理屋でバイトしていた。,success,相席料理屋でバイトをしていた。,False,14,15,1
,007_obc_13593053_20260713230000_seg_00725,007_obc_13593053_20260713230000,SPEAKER_00,4628.48,4634.88,6.4,success,私はその日、法事で30から40、懐石?,success,私はその日、法事で30から40、懐石?,True,19,19,0
,007_obc_13593053_20260713230000_seg_00726,007_obc_13593053_20260713230000,SPEAKER_00,4637.68,4639.2,1.52,success,相席って呼びました、ごめんなさい。,success,相席って読みましたごめんなさい。,False,17,16,-1
,007_obc_13593053_20260713230000_seg_00727,007_obc_13593053_20260713230000,SPEAKER_00,4640.32,4643.04,2.72,success,相席居酒屋と思ってました、懐石って何?,success,相席居酒屋と思ってました懐石って何?,False,19,18,-1
,007_obc_13593053_20260713230000_seg_00728,007_obc_13593053_20260713230000,SPEAKER_01,4643.12,4644.96,1.84,success,相席酒屋で法事があった話?,success,相席酒屋で法事があった話?,True,13,13,0
,007_obc_13593053_20260713230000_seg_00729,007_obc_13593053_20260713230000,SPEAKER_00,4648.48,4649.44,0.96,success,解析?,success,解析!,False,3,3,0
,007_obc_13593053_20260713230000_seg_00730,007_obc_13593053_20260713230000,SPEAKER_00,4650.08,4652.72,2.64,success,これ、かいせきって読むの、かいせきってなんだ?,success,これかいせきって読むのかきって何なん?,False,23,19,-4
,007_obc_13593053_20260713230000_seg_00731,007_obc_13593053_20260713230000,SPEAKER_00,4653.68,4656.16,2.48,success,懐石って、高い居酒屋さん?,success,懐石って高い居酒屋さん。,False,13,12,-1
,007_obc_13593053_20260713230000_seg_00732,007_obc_13593053_20260713230000,SPEAKER_01,4656.32,4657.76,1.44,success,懐石料理みたいな感じや。,success,遠石病院みたいなじゃあ。,False,12,12,0
,007_obc_13593053_20260713230000_seg_00733,007_obc_13593053_20260713230000,SPEAKER_00,4658.32,4663.36,5.04,success,懐石料理、懐石料理屋っていう、結構高めの料理屋さん。,success,懐石料理懐石料理屋っていう結構高めの料理屋さん。,False,26,24,-2
,007_obc_13593053_20260713230000_seg_00734,007_obc_13593053_20260713230000,SPEAKER_01,4663.92,4664.96,1.04,success,ちょっと待って。,success,多分ついか。,False,8,6,-2
,007_obc_13593053_20260713230000_seg_00735,007_obc_13593053_20260713230000,SPEAKER_01,4665.52,4666.32,0.8,success,海水浴はカリ。,success,懐石魚。,False,7,4,-3
,007_obc_13593053_20260713230000_seg_00736,007_obc_13593053_20260713230000,SPEAKER_00,4666.48,4672.48,6.0,success,席か、ごめん、ごめん、くちばし課長、ごめんな、飛んだ話ごめんな、俺が漢字むずいから。,success,せきか、ごめん、ごめん、くちばし課長、ごめんな、飛んだ話ごめんな、俺が漢字むずいから。,False,42,43,1
,007_obc_13593053_20260713230000_seg_00737,007_obc_13593053_20260713230000,SPEAKER_00,4673.68,4705.6,31.92,success,懐石料理でバイトしていた私はその日、法事で30から40人程度の予約が入っていて予約時間を迎えたあとは料理を2階まで運びうわっしんどっ飲み物の注文など対応に追われていましたすると茶わん蒸しが10個ほど足りないことが発覚おおおおおおおおバイトの先輩に足りないことをあとおかみさんに伝えてきてと頼まれたのですがそのおかみさんがすごく怖くてえ。,success,懐石料理バイトしていた私はその日、法事で30から40人程度の予約が入っていて予約時間を迎えたあとは料理を2階まで運びうわっ、しんどっ、飲み物の注文など対応に追われていましたすると茶わん蒸しが10個ほど足りないことが発覚おおおおおおおおバイトの先輩に足りないことをおかみさんに伝えてきてと頼まれたのですがそのおかみさんがすごく怖くてえ。,False,168,167,-1
,007_obc_13593053_20260713230000_seg_00738,007_obc_13593053_20260713230000,SPEAKER_00,4706.16,4714.24,8.08,success,すごく怖くて、苦手だった私は、はい、伝えてきますと、その場を離れて、そのまま家に帰りました。,success,すごく怖くて苦手だった私ははい伝えてきますとその場を離れてそのまま家に帰りました。,False,46,41,-5
,007_obc_13593053_20260713230000_seg_00739,007_obc_13593053_20260713230000,SPEAKER_00,4717.2,4719.04,1.84,success,ちょっと、めっちゃ想像以上やろ。,success,ちょっと待ってめっちゃ想像以上やろ?,False,16,18,2
,007_obc_13593053_20260713230000_seg_00740,007_obc_13593053_20260713230000,SPEAKER_00,4722.24,4722.96,0.72,success,え!,success,え!,True,2,2,0
,007_obc_13593053_20260713230000_seg_00741,007_obc_13593053_20260713230000,SPEAKER_00,4723.92,4728.16,4.24,success,苦手だった私は、はい、伝えてきます、はい、伝えてきますって言ってんねんで。,success,苦手だった私は、はい、伝えてきます、はい、伝えてきますって言ってんねんで。,True,37,37,0
,007_obc_13593053_20260713230000_seg_00742,007_obc_13593053_20260713230000,SPEAKER_00,4729.12,4732.08,2.96,success,その場を離れ、そのまま家に帰る、うわっ、やばっ!,success,その場を離れ、そのまま家に帰る、うわっ、やばっ!,True,24,24,0
,007_obc_13593053_20260713230000_seg_00743,007_obc_13593053_20260713230000,SPEAKER_00,4734.08,4746.0,11.92,success,もちろん、鬼電かかりまくりでしたが、知らんぷり、そこの懐石料理屋は現在も営業されており、地元へ帰るたびに、ごめんなさいの気持ち、うわっ、すごーっ!,success,もちろん、鬼電かかりまくりでしたが、知らんぷり、そこの懐石料理屋は現在も営業されており、地元へ帰るたびに、ごめんなさいの気持ち、うわっ、すごっ!,False,73,72,-1
,007_obc_13593053_20260713230000_seg_00744,007_obc_13593053_20260713230000,SPEAKER_00,4747.28,4749.84,2.56,success,想像以上に飛び方やばかった。,success,想像以上に飛び方やばかった。,True,14,14,0
,007_obc_13593053_20260713230000_seg_00745,007_obc_13593053_20260713230000,SPEAKER_00,4750.72,4751.6,0.88,success,何か!,success,えっ何か!,False,3,5,2
,007_obc_13593053_20260713230000_seg_00746,007_obc_13593053_20260713230000,SPEAKER_00,4753.44,4758.16,4.72,success,さっきの西から来ため、めっちゃかわいいな。,success,さっきの西から来ため、めっちゃかわいいな。,True,21,21,0
,007_obc_13593053_20260713230000_seg_00747,007_obc_13593053_20260713230000,SPEAKER_00,4759.2,4764.08,4.88,success,1日いったん働いたわけやん、ベトナムの先輩に。,success,一日いったん働いたわけやん、ベトナムの先輩に。,False,23,23,0
,007_obc_13593053_20260713230000_seg_00748,007_obc_13593053_20260713230000,SPEAKER_00,4765.28,4766.08,0.8,success,どなられて。,success,どなられて。,True,6,6,0
,007_obc_13593053_20260713230000_seg_00749,007_obc_13593053_20260713230000,SPEAKER_00,4767.12,4771.6,4.48,success,は、まあ、ちょっと分からんでもない、しかも。,success,は、まあ、ちょっと分からんでもない、しかも。,True,22,22,0
,007_obc_13593053_20260713230000_seg_00750,007_obc_13593053_20260713230000,SPEAKER_00,4772.96,4774.32,1.36,success,分からん言葉で。,success,分からん言葉で。,True,8,8,0
,007_obc_13593053_20260713230000_seg_00751,007_obc_13593053_20260713230000,SPEAKER_00,4776.0,4776.56,0.56,success,これ。,success,これ。,True,3,3,0
,007_obc_13593053_20260713230000_seg_00752,007_obc_13593053_20260713230000,SPEAKER_00,4777.68,4778.8,1.12,success,これすごない?,success,これすごない?,True,7,7,0
,007_obc_13593053_20260713230000_seg_00753,007_obc_13593053_20260713230000,SPEAKER_00,4779.52,4780.48,0.96,success,勝つ。,success,すばらしかった。,False,3,8,5
,007_obc_13593053_20260713230000_seg_00754,007_obc_13593053_20260713230000,SPEAKER_00,4782.8,4786.88,4.08,success,茶わん蒸し10個足りない、うわーって、ぶわーって、うわー、もう無理!ってなったんやろな。,success,茶わん蒸し10個足りない、わーって、ぶわーって、うわー、もう無理!ってなったんやろな。,False,44,43,-1
,007_obc_13593053_20260713230000_seg_00755,007_obc_13593053_20260713230000,SPEAKER_00,4788.48,4796.8,8.32,success,ウーマンラッシュアワーさんのネタみたいな感じになって、ああ、もう無理!ってなって、おかみさん、怖かったから、はい、伝えてきますって。,success,ウーマンラッシュアワーさんのネタみたいな感じになって、ああ、もう無理!ってなって、おかみさん、怖かったから、はい、伝えてきますって。,True,66,66,0
,007_obc_13593053_20260713230000_seg_00756,007_obc_13593053_20260713230000,SPEAKER_00,4797.92,4799.28,1.36,success,一回さ。,success,一回さ。,True,4,4,0
,007_obc_13593053_20260713230000_seg_00757,007_obc_13593053_20260713230000,SPEAKER_00,4799.76,4801.36,1.6,success,楽屋戻ってるよなこれ。,success,楽屋戻ってるよなこれ。,True,11,11,0
,007_obc_13593053_20260713230000_seg_00758,007_obc_13593053_20260713230000,SPEAKER_00,4801.84,4802.64,0.8,success,着替えてるから。,success,着替えてるから。,True,8,8,0
,007_obc_13593053_20260713230000_seg_00759,007_obc_13593053_20260713230000,SPEAKER_00,4803.52,4808.72,5.2,success,着替えて、誰にも、だって、そんなんありえへんやん、私服で。,success,ねっ、着替えて、誰にも、だって、そんなんありえへんやん、私服で。,False,29,32,3
,007_obc_13593053_20260713230000_seg_00760,007_obc_13593053_20260713230000,SPEAKER_00,4810.64,4811.84,1.2,success,荷物だけ持って。,success,荷物だけ持って。,True,8,8,0
,007_obc_13593053_20260713230000_seg_00761,007_obc_13593053_20260713230000,SPEAKER_00,4812.96,4813.76,0.8,success,こわっ!,success,怖っ!,False,4,3,-1
,007_obc_13593053_20260713230000_seg_00762,007_obc_13593053_20260713230000,SPEAKER_00,4814.96,4825.36,10.4,success,だから、はい、伝えてきますで、楽屋を着替えずに、その衣装だけで、私の自分のかばんだけ持って、すーって出ていったということ、めっちゃ怖いやん、こいつ。,success,だから、はい、伝えてきますって、楽屋を着替えずに、その衣装だけで、私の自分のかばんだけ持って、すーって出ていったということ、めっちゃ怖いやん、こいつ。,False,74,75,1
,007_obc_13593053_20260713230000_seg_00763,007_obc_13593053_20260713230000,SPEAKER_00,4827.12,4828.0,0.88,success,フフフ!,success,フフフ!,True,4,4,0
,007_obc_13593053_20260713230000_seg_00764,007_obc_13593053_20260713230000,SPEAKER_00,4829.92,4831.12,1.2,success,思ってる以上やわ。,success,思ってる以上やわ。,True,9,9,0
,007_obc_13593053_20260713230000_seg_00765,007_obc_13593053_20260713230000,SPEAKER_00,4832.96,4836.08,3.12,success,やばいね、俺、その飛び方、俺、想像できへんねんけど、めっちゃ。,success,やばいね俺その飛び方俺想像できへんねんけどめっちゃ。,False,31,26,-5
,007_obc_13593053_20260713230000_seg_00766,007_obc_13593053_20260713230000,SPEAKER_00,4836.88,4839.92,3.04,success,鬼電かかりまくりでしたが、知らんぷり。,success,鬼電かかりまくりでしたが知らんぷり。,False,19,18,-1
,007_obc_13593053_20260713230000_seg_00767,007_obc_13593053_20260713230000,SPEAKER_00,4840.56,4846.08,5.52,success,まだ店やってるけども、地元へ帰るたびにごめんなさいの気持ちですと、謝りに行けよ。,success,でまだ店やってるけども地元へ帰るたびにごめんなさいの気持ちですと謝りに行けよ。,False,40,39,-1
,007_obc_13593053_20260713230000_seg_00768,007_obc_13593053_20260713230000,SPEAKER_00,4850.48,4851.92,1.44,success,あの反省してたら。,success,あの反省してたら。,True,9,9,0
,007_obc_13593053_20260713230000_seg_00769,007_obc_13593053_20260713230000,SPEAKER_00,4853.6,4854.64,1.04,success,あやまりに行ったら?,success,あやまりに行ったら?,True,10,10,0
,007_obc_13593053_20260713230000_seg_00770,007_obc_13593053_20260713230000,SPEAKER_00,4856.8,4858.56,1.76,success,一緒に行ってあげたいな、これ、俺。,success,一緒に行ってあげたいなこれ俺。,False,17,15,-2
,007_obc_13593053_20260713230000_seg_00771,007_obc_13593053_20260713230000,SPEAKER_00,4860.56,4861.6,1.04,success,これさ。,success,これさ。,True,4,4,0
,007_obc_13593053_20260713230000_seg_00772,007_obc_13593053_20260713230000,SPEAKER_00,4862.16,4865.92,3.76,success,まあこれラジオやその何か番組でさ。,success,まあこれラジオやその何か番組でさ。,True,17,17,0
,007_obc_13593053_20260713230000_seg_00773,007_obc_13593053_20260713230000,SPEAKER_00,4867.12,4868.16,1.04,success,何かなあ?,success,何かなあ。,False,5,5,0
,007_obc_13593053_20260713230000_seg_00774,007_obc_13593053_20260713230000,SPEAKER_00,4868.88,4869.92,1.04,success,できへんかな?,success,できへんかなぁ。,False,7,8,1
,007_obc_13593053_20260713230000_seg_00775,007_obc_13593053_20260713230000,SPEAKER_00,4871.2,4877.36,6.16,success,こういうメール、ラジオで届いて、これ、どうしても謝りに行かせたいんですって、これ、おもろない、テレビでやったら。,success,こういうメール、ラジオで届いて、これ、どうしても謝りに行かせたいんですって、これ、おもろない、テレビでやったら。,True,56,56,0
,007_obc_13593053_20260713230000_seg_00776,007_obc_13593053_20260713230000,SPEAKER_00,4879.28,4881.28,2.0,success,い、行きたいわ、俺。,success,い行きたいわ俺。,False,10,8,-2
,007_obc_13593053_20260713230000_seg_00777,007_obc_13593053_20260713230000,SPEAKER_00,4882.08,4883.36,1.28,success,一緒についていってあげたい。,success,一緒についていってあげたい。,True,14,14,0
,007_obc_13593053_20260713230000_seg_00778,007_obc_13593053_20260713230000,SPEAKER_01,4885.12,4887.2,2.08,success,ナイトスクープと言ってほしくてしかたない。,success,ナイトスクープと言ってほしくてしかたない。,True,21,21,0
,007_obc_13593053_20260713230000_seg_00779,007_obc_13593053_20260713230000,SPEAKER_00,4887.52,4888.56,1.04,success,パンテネットスクープね。,success,探偵ネットスクープね。,False,12,11,-1
,007_obc_13593053_20260713230000_seg_00780,007_obc_13593053_20260713230000,SPEAKER_00,4889.44,4890.32,0.88,success,探偵になりたいから。,success,探偵になりたいから。,True,10,10,0
,007_obc_13593053_20260713230000_seg_00781,007_obc_13593053_20260713230000,SPEAKER_00,4891.68,4892.48,0.8,success,探偵になりたい。,success,探偵なりたい。,False,8,7,-1
,007_obc_13593053_20260713230000_seg_00782,007_obc_13593053_20260713230000,SPEAKER_00,4894.96,4895.92,0.96,success,判定になろうかな。,success,探偵になろうかな。,False,9,9,0
,007_obc_13593053_20260713230000_seg_00783,007_obc_13593053_20260713230000,SPEAKER_00,4899.04,4899.6,0.56,success,先輩。,success,先輩。,True,3,3,0
,007_obc_13593053_20260713230000_seg_00784,007_obc_13593053_20260713230000,SPEAKER_01,4901.28,4903.12,1.84,success,番組の動画を編集した。,success,番組の動画編集したとき。,False,11,12,1
,007_obc_13593053_20260713230000_seg_00785,007_obc_13593053_20260713230000,SPEAKER_00,4907.28,4909.84,2.56,success,なりたいわ、俺、あれ探偵。,success,なりたいわ俺あれ探偵。,False,13,11,-2
,007_obc_13593053_20260713230000_seg_00786,007_obc_13593053_20260713230000,SPEAKER_00,4910.64,4912.08,1.44,success,めっちゃなりたいわ。,success,めっちゃなりたいわ。,True,10,10,0
,007_obc_13593053_20260713230000_seg_00787,007_obc_13593053_20260713230000,SPEAKER_00,4913.04,4916.72,3.68,success,やろう、行こう、俺、探偵になったら、絶対俺、くちばし課長とやるから。,success,やろう、行こう、俺、探偵になったら絶対俺、口走課長とやるから。,False,34,31,-3
,007_obc_13593053_20260713230000_seg_00788,007_obc_13593053_20260713230000,SPEAKER_01,4916.88,4917.6,0.72,success,プライベート関係。,success,アイベート関係?,False,9,8,-1
,007_obc_13593053_20260713230000_seg_00789,007_obc_13593053_20260713230000,SPEAKER_00,4918.16,4920.0,1.84,success,プライベートだっていや誰か回してよ。,success,プライベートだっていや誰か回してや。,False,18,18,0
,007_obc_13593053_20260713230000_seg_00790,007_obc_13593053_20260713230000,SPEAKER_01,4920.8,4922.0,1.2,success,オーディションじゃん。,success,オーディションじゃん。,True,11,11,0
,007_obc_13593053_20260713230000_seg_00791,007_obc_13593053_20260713230000,SPEAKER_01,4922.96,4923.68,0.72,success,こんな。,success,こんな。,True,4,4,0
,007_obc_13593053_20260713230000_seg_00792,007_obc_13593053_20260713230000,SPEAKER_01,4924.08,4925.44,1.36,success,探偵営業できますよ。,success,探偵営業できますよ。,True,10,10,0
,007_obc_13593053_20260713230000_seg_00793,007_obc_13593053_20260713230000,SPEAKER_00,4927.04,4929.92,2.88,success,映像持って、映像撮って。,success,映像を持って、映像撮って。,False,12,13,1
,007_obc_13593053_20260713230000_seg_00794,007_obc_13593053_20260713230000,SPEAKER_01,4931.44,4932.16,0.72,success,トークにした。,success,トークにして。,False,7,7,0
,007_obc_13593053_20260713230000_seg_00795,007_obc_13593053_20260713230000,SPEAKER_01,4932.72,4933.44,0.72,success,あっそんな。,success,あっそんな。,True,6,6,0
,007_obc_13593053_20260713230000_seg_00796,007_obc_13593053_20260713230000,SPEAKER_01,4935.92,4936.96,1.04,success,動いてくるの、わらじを。,success,動いてくるのわらじを。,False,12,11,-1
,007_obc_13593053_20260713230000_seg_00797,007_obc_13593053_20260713230000,SPEAKER_00,4938.48,4940.16,1.68,success,ああなるほどね確かにな。,success,ああなるほどね確かにな。,True,12,12,0
,007_obc_13593053_20260713230000_seg_00798,007_obc_13593053_20260713230000,SPEAKER_01,4940.4,4941.2,0.8,success,来週までに。,success,来週までに。,True,6,6,0
,007_obc_13593053_20260713230000_seg_00799,007_obc_13593053_20260713230000,SPEAKER_01,4942.32,4942.96,0.64,success,踊って。,success,アポ取って。,False,4,6,2
,007_obc_13593053_20260713230000_seg_00800,007_obc_13593053_20260713230000,SPEAKER_00,4942.96,4947.2,4.24,success,くじば師匠、地下長と、いや、行かんよ。,success,久慈橋課長といや行かんよ。,False,19,13,-6
,007_obc_13593053_20260713230000_seg_00801,007_obc_13593053_20260713230000,SPEAKER_00,4948.64,4952.24,3.6,success,いや行かん藤橋会長1人で行け謝りに行け。,success,いやいや行かん藤橋会長一人で行け謝りに行け。,False,20,22,2
,007_obc_13593053_20260713230000_seg_00802,007_obc_13593053_20260713230000,SPEAKER_00,4953.44,4955.6,2.16,success,あのテレビだよドリカ。,success,あのテレビだよドリカ。,True,11,11,0
,007_obc_13593053_20260713230000_seg_00803,007_obc_13593053_20260713230000,SPEAKER_00,4956.32,4959.68,3.36,success,こんなん、行くわけないやん、こんなん、なんで俺行かなあかんねん、こんなん。,success,こんなん行くわけないやんこんなんなんで俺行かなあかんねんこんなん。,False,37,33,-4
,007_obc_13593053_20260713230000_seg_00804,007_obc_13593053_20260713230000,SPEAKER_00,4962.0,4963.52,1.52,success,ガチが一番嫌やわ、俺。,success,ガチが一番嫌やわ俺。,False,11,10,-1
,007_obc_13593053_20260713230000_seg_00805,007_obc_13593053_20260713230000,SPEAKER_00,4964.24,4968.24,4.0,success,行くわけないやん、こんなくちばし課長と、行かんわ、俺、ガチで。,success,行くわけないやん、こんなくちばし課長と、行かんわ、俺、ガチで。,True,31,31,0
,007_obc_13593053_20260713230000_seg_00806,007_obc_13593053_20260713230000,SPEAKER_00,4968.72,4969.76,1.04,success,なんで行かしたいねん。,success,何で行かしたいねん!,False,11,10,-1
,007_obc_13593053_20260713230000_seg_00807,007_obc_13593053_20260713230000,SPEAKER_01,4971.28,4971.92,0.64,success,合いそうです。,success,かわいそうだ。,False,7,7,0
,007_obc_13593053_20260713230000_seg_00808,007_obc_13593053_20260713230000,SPEAKER_00,4972.0,4976.0,4.0,success,かわいそうなわけない、こいつが悪いねんから、なんで俺がこいつの肩持たなあかん。,success,かわいそうなわけない、こいつが悪いねんから、なんで俺がこいつの肩持たなあかん。,True,39,39,0
,007_obc_13593053_20260713230000_seg_00809,007_obc_13593053_20260713230000,SPEAKER_00,4976.64,4977.6,0.96,success,あのさっきの。,success,あのさっきですね。,False,7,9,2
,007_obc_13593053_20260713230000_seg_00810,007_obc_13593053_20260713230000,SPEAKER_01,4977.84,4978.88,1.04,success,1分、2分前。,success,1分2分前。,False,7,6,-1
,007_obc_13593053_20260713230000_seg_00811,007_obc_13593053_20260713230000,SPEAKER_00,4980.8,4984.8,4.0,success,テレビなら楽しそうな企画やなと思って、おもろそうで、いや、,success,テレビなら楽しそうな企画やなと思って、おもろそうで、いや。,False,29,29,0
,007_obc_13593053_20260713230000_seg_00812,007_obc_13593053_20260713230000,SPEAKER_00,4985.92,4987.76,1.84,success,テレビえっ?,success,テレビえっ?,True,6,6,0
,007_obc_13593053_20260713230000_seg_00813,007_obc_13593053_20260713230000,SPEAKER_01,4988.0,4990.0,2.0,success,じゃあ、なんで今、これやってるんですか?,success,じゃあ何で今これやってるんですか?,False,20,17,-3
,007_obc_13593053_20260713230000_seg_00814,007_obc_13593053_20260713230000,SPEAKER_00,4990.08,4990.72,0.64,success,ラリアラ。,success,ラリアラ。,True,5,5,0
,007_obc_13593053_20260713230000_seg_00815,007_obc_13593053_20260713230000,SPEAKER_00,4991.76,5000.32,8.56,success,いや、テレビ、ラジオしてて、ラジオは大好きです、もう大好きです、もう、本当に、だけども、これはなんか、映像あったほうがおもろいやん。,success,いや、テレビ、ラジオしてて、ラジオは大好きです、もう大好きです、もう、本当に、だけども、これはなんか、映像あったほうがおもろいやん。,True,66,66,0
,007_obc_13593053_20260713230000_seg_00816,007_obc_13593053_20260713230000,SPEAKER_01,5002.0,5002.88,0.88,success,だしをでしょ。,success,ラジオでしょ?,False,7,7,0
,007_obc_13593053_20260713230000_seg_00817,007_obc_13593053_20260713230000,SPEAKER_01,5003.12,5003.76,0.64,success,あした。,success,よいしょ。,False,4,5,1
,007_obc_13593053_20260713230000_seg_00818,007_obc_13593053_20260713230000,SPEAKER_00,5004.88,5005.6,0.72,success,そううん。,success,そううん。,True,5,5,0
,007_obc_13593053_20260713230000_seg_00819,007_obc_13593053_20260713230000,SPEAKER_01,5005.68,5008.56,2.88,success,テレビに持つのは現実的に難しく。,success,テレビに戻すのは現実的に難しく?,False,16,16,0
,007_obc_13593053_20260713230000_seg_00820,007_obc_13593053_20260713230000,SPEAKER_00,5009.84,5014.16,4.32,success,いや、いけるやろ、絶対、こんなん一番おもろい、こんなん、こんなんありましたって。,success,いや、いけるやろ、絶対、こんなん一番おもろい、こんなん、こんなんありましたって。,True,40,40,0
,007_obc_13593053_20260713230000_seg_00821,007_obc_13593053_20260713230000,SPEAKER_00,5015.92,5021.2,5.28,success,一番いいのは、断然とスクベエレ、もちろんな、こんなおもろそうやしな。,success,まあ一番いいのは断然ツクベでもちろんなこんなおもろそうやしな。,False,34,31,-3
,007_obc_13593053_20260713230000_seg_00822,007_obc_13593053_20260713230000,SPEAKER_01,5021.28,5022.8,1.52,success,関係ないでしょ、この番組のファンってなんて。,success,関係ないでしょこの番組のファンってなんて。,False,22,21,-1
,007_obc_13593053_20260713230000_seg_00823,007_obc_13593053_20260713230000,SPEAKER_01,5025.44,5026.96,1.52,success,変じゃないですか、なんか。,success,変じゃないですかなんか。,False,13,12,-1
,007_obc_13593053_20260713230000_seg_00824,007_obc_13593053_20260713230000,SPEAKER_00,5027.92,5030.96,3.04,success,なんかちっちゃいわ、細かいわ。,success,なんかちっちゃいわ細かいわ。,False,15,14,-1
,007_obc_13593053_20260713230000_seg_00825,007_obc_13593053_20260713230000,SPEAKER_01,5030.96,5034.16,3.2,success,だったらその番組に還元してくださいよって話を。,success,だったらこの番組に還元して下さいよって話を。,False,23,22,-1
,007_obc_13593053_20260713230000_seg_00826,007_obc_13593053_20260713230000,SPEAKER_01,5034.72,5036.96,2.24,success,ただその話をずっとしてるだけ。,success,ただその話をずっとしてるだけ。,True,15,15,0
,007_obc_13593053_20260713230000_seg_00827,007_obc_13593053_20260713230000,SPEAKER_00,5037.52,5042.56,5.04,success,えっ、いやいや、ちょっと、それはそれは、いったん、ちょっと映像でやらせてよ、これ。,success,えっいやいやちょっとそれはそれはいったんちょっと映像でやらしてよこれ。,False,41,35,-6
,007_obc_13593053_20260713230000_seg_00828,007_obc_13593053_20260713230000,SPEAKER_01,5042.8,5043.76,0.96,success,ぽんって言いだして。,success,とんと言いだして。,False,10,9,-1
,007_obc_13593053_20260713230000_seg_00829,007_obc_13593053_20260713230000,SPEAKER_00,5043.84,5046.16,2.32,success,aと自分で映像でやりたいねん、俺。,success,aと自分で映像でやりたいねん俺。,False,17,16,-1
,007_obc_13593053_20260713230000_seg_00830,007_obc_13593053_20260713230000,SPEAKER_01,5046.72,5048.16,1.44,success,いいよ、映像、撮ってきていいけど。,success,いいよ映像撮ってきていいけど。,False,17,15,-2
,007_obc_13593053_20260713230000_seg_00831,007_obc_13593053_20260713230000,SPEAKER_01,5049.2,5052.64,3.44,success,それをじゃあこのカメラにこうやって見せながら自分のトークで写真。,success,それをじゃあこのカメラにこうやって見せながら自分のトーク写真。,False,32,31,-1
,007_obc_13593053_20260713230000_seg_00832,007_obc_13593053_20260713230000,SPEAKER_00,5052.64,5058.4,5.76,success,なんでやねん、なんで俺がこんな手持ちカメラでこうやって見せなあかんねん、俺。,success,なんでやねん、なんで俺がこんな手持ちカメラでこうやって見せなあかんねん、俺。,True,38,38,0
,007_obc_13593053_20260713230000_seg_00833,007_obc_13593053_20260713230000,SPEAKER_01,5058.48,5059.52,1.04,success,いつも無音で。,success,熱は無音で。,False,7,6,-1
,007_obc_13593053_20260713230000_seg_00834,007_obc_13593053_20260713230000,SPEAKER_01,5060.48,5061.28,0.8,success,こういう映像。,success,こういう。,False,7,5,-2
,007_obc_13593053_20260713230000_seg_00835,007_obc_13593053_20260713230000,SPEAKER_00,5061.6,5064.4,2.8,success,こういう映像でした、くちばし課長と。,success,こういう映像でした、くちばし課長と。,True,18,18,0
,007_obc_13593053_20260713230000_seg_00836,007_obc_13593053_20260713230000,SPEAKER_00,5065.6,5067.76,2.16,success,なんで口橋課長とそのトークせなあかんねん、俺。,success,なんで口橋課長とそんなトークせなあかんねん俺。,False,23,23,0
,007_obc_13593053_20260713230000_seg_00837,007_obc_13593053_20260713230000,SPEAKER_00,5069.68,5073.76,4.08,success,いや、謝りに行くっていう、行こかっていう、なんかさ。,success,いや謝りに行くっていう行こかっていうこうなんかさ。,False,26,25,-1
,007_obc_13593053_20260713230000_seg_00838,007_obc_13593053_20260713230000,SPEAKER_01,5073.76,5075.44,1.68,success,その前後って、やっぱりそれがもう。,success,その前後やったんすよどう思う?,False,17,15,-2
,007_obc_13593053_20260713230000_seg_00839,007_obc_13593053_20260713230000,SPEAKER_00,5076.8,5077.68,0.88,success,その前後?,success,その前後?,True,5,5,0
,007_obc_13593053_20260713230000_seg_00840,007_obc_13593053_20260713230000,SPEAKER_00,5078.56,5085.6,7.04,success,こういうのがあったっていう、ラジオでこういうメールが来まして、これで歓迎やと思うけどな、俺。,success,こういうのがあったっていうラジオでこういうメールが来ましてこれで歓迎やと思うけどな俺。,False,46,43,-3
,007_obc_13593053_20260713230000_seg_00841,007_obc_13593053_20260713230000,SPEAKER_01,5085.6,5086.72,1.12,success,それをトークにしたろ。,success,それをトークにしたろ?,False,11,11,0
,007_obc_13593053_20260713230000_seg_00842,007_obc_13593053_20260713230000,SPEAKER_00,5087.84,5095.28,7.44,success,まあ、あの、ちゃう、だから、ラジオのこのメール来ました、テレビに持っていった、もう一回持ってきて話すっていうのが一番よくない?,success,まああのだからラジオのこのメール来ましたテレビに持っていったもう一回持ってきて話すっていうのが一番よくない?,False,63,54,-9
,007_obc_13593053_20260713230000_seg_00843,007_obc_13593053_20260713230000,SPEAKER_01,5095.36,5097.44,2.08,success,テレビで放送されてるじゃん、一番おいしいのは。,success,テレビで放送されてるじゃん一番おいしいとこは?,False,23,23,0
,007_obc_13593053_20260713230000_seg_00844,007_obc_13593053_20260713230000,SPEAKER_00,5097.76,5099.6,1.84,success,一番おいしいのはテレビが持っていきます。,success,一番おいしいのはテレビが持っていきます。,True,20,20,0
,007_obc_13593053_20260713230000_seg_00845,007_obc_13593053_20260713230000,SPEAKER_00,5102.16,5106.32,4.16,success,それは、それは映像やから、しゃあないもん。,success,それはそれは映像やからしゃあないもん。,False,21,19,-2
,007_obc_13593053_20260713230000_seg_00846,007_obc_13593053_20260713230000,SPEAKER_01,5107.2,5108.64,1.44,success,ここに送ってくる、ここで。,success,ここに送ってここで。,False,13,10,-3
,007_obc_13593053_20260713230000_seg_00847,007_obc_13593053_20260713230000,SPEAKER_01,5109.28,5109.92,0.64,success,なんとかしてください。,success,どうしていくぞ。,False,11,8,-3
,007_obc_13593053_20260713230000_seg_00848,007_obc_13593053_20260713230000,SPEAKER_00,5110.0,5113.04,3.04,success,なんでこんな、いや、こんなん。,success,こいつ何でこんなんいやこんな。,False,15,15,0
,007_obc_13593053_20260713230000_seg_00849,007_obc_13593053_20260713230000,SPEAKER_01,5113.2,5115.44,2.24,success,行くっていうまではこの話は終わらないですけど。,success,行くって言うまでは話終わらないですけど。,False,23,20,-3
,007_obc_13593053_20260713230000_seg_00850,007_obc_13593053_20260713230000,SPEAKER_00,5115.44,5116.96,1.52,success,いや終われはよ。,success,いや終われ!早う。,False,8,9,1
,007_obc_13593053_20260713230000_seg_00851,007_obc_13593053_20260713230000,SPEAKER_00,5118.4,5122.16,3.76,success,行かへん、俺、これ、行くか、こんなやつと、こんな飛ぶやつと。,success,行かへん、俺、これ、行くか、こんなやつと、こんな飛ぶやつと。,True,30,30,0
,007_obc_13593053_20260713230000_seg_00852,007_obc_13593053_20260713230000,SPEAKER_00,5123.52,5126.72,3.2,success,なんで飛ぶねん、こんなやつ、人間性がもうあかんねんから。,success,なんで飛ぶねんこんなやつ人間性がもうあかんねんから。,False,28,26,-2
,007_obc_13593053_20260713230000_seg_00853,007_obc_13593053_20260713230000,SPEAKER_01,5126.8,5128.96,2.16,success,行くって店員さんが言っても、本当に分かる。,success,行くって店員さんが言っても途中から。,False,21,18,-3
,007_obc_13593053_20260713230000_seg_00854,007_obc_13593053_20260713230000,SPEAKER_00,5129.04,5143.12,14.08,success,飛ぶやろ、これ、来うへんやろ、何時何分に謝りに行きますんで、ここどこどこに来てください、これ、飛ぶやろ、こいつ、やっぱ、めんどくさいなというか、なんかこう、えー、なんかこう、改めて行くんしんどいなとかっていう感じやな、っていう、飛ぶやろ、こんなやつ。,success,飛ぶやろ、これ、来おへんやろ、何時何分に謝りに行きますんで、ここどこどこに来てください、これ、飛ぶやろ、こいつ、やっぱめんどくさいなというか、なんか、えー、なんかこう、改めて行くんしんどいなとかっていう感じやな、飛ぶやろ、こんなやつ。,False,125,117,-8
,007_obc_13593053_20260713230000_seg_00855,007_obc_13593053_20260713230000,SPEAKER_00,5144.96,5151.28,6.32,success,腹立つわ、この、こんなやつ、俺、俺、バイトリーダーやってたから、めっちゃむかつくねん、俺、これ、飛ぶやつ。,success,腹立つわ、この、こんなやつ、俺、俺、バイトリーダーやってたから、めっちゃむかつくねん、俺、これ、飛ぶやつ。,True,53,53,0
,007_obc_13593053_20260713230000_seg_00856,007_obc_13593053_20260713230000,SPEAKER_01,5151.36,5152.4,1.04,success,かみさんの。,success,かみさんの。,True,6,6,0
,007_obc_13593053_20260713230000_seg_00857,007_obc_13593053_20260713230000,SPEAKER_01,5152.88,5154.24,1.36,success,気持ちが分かるね、その。,success,気持ちが分かるね、その。,True,12,12,0
,007_obc_13593053_20260713230000_seg_00858,007_obc_13593053_20260713230000,SPEAKER_00,5154.72,5156.08,1.36,success,俺女将さんの気持ち分かるタイプ?,success,俺はおかみさんの気持ち分かるタイプ?,False,16,18,2
,007_obc_13593053_20260713230000_seg_00859,007_obc_13593053_20260713230000,SPEAKER_00,5157.2,5157.92,0.72,success,めっちゃ。,success,めっちゃ。,True,5,5,0
,007_obc_13593053_20260713230000_seg_00860,007_obc_13593053_20260713230000,SPEAKER_00,5159.76,5160.64,0.88,success,何かさ。,success,何かさ。,True,4,4,0
,007_obc_13593053_20260713230000_seg_00861,007_obc_13593053_20260713230000,SPEAKER_00,5161.36,5167.44,6.08,success,まあな、当分、あんなな、時代とかって言ってさ、ほんまにさ、誇り、すぐさ、時代。,success,まあなあんなな時代とかって言ってさほんまにさ誇りゆうしすぐさ時代。,False,39,33,-6
,007_obc_13593053_20260713230000_seg_00862,007_obc_13593053_20260713230000,SPEAKER_01,5167.52,5170.8,3.28,success,一回時代度外視して言いたいこと言う。,success,一回一回度外視して言いたいこと言う。,False,18,18,0
,007_obc_13593053_20260713230000_seg_00863,007_obc_13593053_20260713230000,SPEAKER_00,5170.96,5194.24,23.28,success,言いたいこと言っていい、街って、先輩、上司が偉いし、お前はここでお金もらってんねんから、働け、汗かいて働け、お金もらうって、汗水たらして、我慢、我慢、我慢して稼ぐことが働くやから、お前ら、この若手のやつらって、そう、社会なめんな、ぼけと思ってるやん。,success,言いたいこと言っていい、街って、先輩、上司が偉いし、お前はここでお金もらってんねんから、働け、汗かいて働け、お金もらうって汗水たらして、我慢、我慢、我慢して稼ぐことが働くやから、お前ら、この若手のやつらって、そう、社会なめんな、ぼけと思ってるやん。,False,125,124,-1
,007_obc_13593053_20260713230000_seg_00864,007_obc_13593053_20260713230000,SPEAKER_00,5195.6,5203.36,7.76,success,アホちゃう、今のさ、もう腹立つねん、俺さ、若手芸人とかがさ、先輩にかみ、まじで変やから。,success,あほちゃう、今のさ、もう腹立つねん、俺さ、若手芸人とかがさ、先輩にかみ、まじで変やから。,False,44,44,0
,007_obc_13593053_20260713230000_seg_00865,007_obc_13593053_20260713230000,SPEAKER_00,5204.4,5207.28,2.88,success,アホばっかりやわ、先輩が偉いです。,success,アホばっかりやわ、先輩が偉いです。,True,17,17,0
,007_obc_13593053_20260713230000_seg_00866,007_obc_13593053_20260713230000,SPEAKER_00,5211.04,5218.56,7.52,success,はい、先輩が偉い、後輩はこき使われてください、本当に、口答えすんな、ほんで緊張しろ。,success,はい、先輩が偉い、後輩はこき使われてください、本当に、口答えすんな、ほんで緊張しろ。,True,42,42,0
,007_obc_13593053_20260713230000_seg_00867,007_obc_13593053_20260713230000,SPEAKER_00,5219.36,5242.88,23.52,success,絶対に、それを耐えて耐えて、耐えての芸能界に戻したいし、社会に戻したい、それが今、なんかすぐ動画撮ったりさ、これ言われましたとかさ、画像持ってたりさ、いや、パワハラされました、何が我慢せえや、ほんま、言うなや、おもんないなと思って、絶対、そんなやつ、伸びひんと思う、これ。,success,絶対に、それを耐えて耐えて、耐えての芸能界に戻したいし、社会に戻したい、それが今、なんかすぐ動画撮ったりさ、これ言われましたとかさ、画像持ってたりさ、いや、パワハラされました、何が我慢せえや、ほんま、言うなや、おもんないなと思って、絶対、そんなやつ、伸びひんと思う、これ。,True,136,136,0
,007_obc_13593053_20260713230000_seg_00868,007_obc_13593053_20260713230000,SPEAKER_00,5243.76,5246.08,2.32,success,我慢強い人間、忍耐力です。,success,我慢強い人間、忍耐力です。,True,13,13,0
,007_obc_13593053_20260713230000_seg_00869,007_obc_13593053_20260713230000,SPEAKER_00,5247.04,5250.4,3.36,success,嫌やわ、もう若者も全員だめ。,success,嫌やわ、もう若者も全員だめ。,True,14,14,0
,007_obc_13593053_20260713230000_seg_00870,007_obc_13593053_20260713230000,SPEAKER_00,5251.84,5252.48,0.64,success,終わってる!,success,終わってる!,True,6,6,0
,007_obc_13593053_20260713230000_seg_00871,007_obc_13593053_20260713230000,SPEAKER_00,5254.64,5259.6,4.96,success,あのね、ほんまにね、言わしてもらうけど、この際やけど。,success,あのねほんまにね言わしてもらうけどこの際やけど。,False,27,24,-3
,007_obc_13593053_20260713230000_seg_00872,007_obc_13593053_20260713230000,SPEAKER_00,5260.4,5263.92,3.52,success,理不尽なことなんて、社会出たらあるよ。,success,理不尽なことなんて社会に出たらあるよ。,False,19,19,0
,007_obc_13593053_20260713230000_seg_00873,007_obc_13593053_20260713230000,SPEAKER_00,5264.96,5270.72,5.76,success,それをさ、お前のさ、わがままだけ全部聞いてさ、通るわけないやん。,success,それをさ、お前のさ、わがままだけ全部聞いてさ、通るわけないやん。,True,32,32,0
,007_obc_13593053_20260713230000_seg_00874,007_obc_13593053_20260713230000,SPEAKER_00,5271.68,5273.84,2.16,success,そのおんのよ!,success,そのおんのよ!,True,7,7,0
,007_obc_13593053_20260713230000_seg_00875,007_obc_13593053_20260713230000,SPEAKER_00,5274.96,5288.08,13.12,success,これやりたくない、あれやりたくない、いや、もうね、やりたくないことをやることがお金稼ぐことなんで、やりたいことだけ、だからユーチューブがあかんしくしたよな。,success,これやりたくない、あれやりたくない、いや、もうね、やりたくないことをやることがお金稼ぐことなんで、やりたいことだけ、だからユーチューブがあかんしくしたよな。,True,78,78,0
,007_obc_13593053_20260713230000_seg_00876,007_obc_13593053_20260713230000,SPEAKER_00,5289.76,5298.08,8.32,success,俺、何年か前のユーチューブのcm、いまだに覚えてるわ、地下鉄で貼ってあったやつ、好きなことで稼ごう、はあ?と思ってるよ、今。,success,俺、何年か前のユーチューブのcm、いまだに覚えてるわ、地下鉄で貼ってあったやつ、好きなことで稼ごう、はあ?と思ってるよ、今。,True,62,62,0
,007_obc_13593053_20260713230000_seg_00877,007_obc_13593053_20260713230000,SPEAKER_00,5299.28,5309.84,10.56,success,我慢、嫌いなこともせえよと思って、お金もらうって、それをなんかね、好きなことで稼げたやつがいっぱい出てきちゃったから、あかんくて。,success,我慢、嫌いなこともせえよと思って、お金もらうって、それをなんかね、好きなことで稼げたやつがいっぱい出てきちゃったから、あかんくて。,True,65,65,0
,007_obc_13593053_20260713230000_seg_00878,007_obc_13593053_20260713230000,SPEAKER_00,5310.64,5321.52,10.88,success,嫌、嫌やわーって、もう頭こう、白髪作りながら、もう腰痛くなりながらやるのが、働くっていう労働。,success,嫌、嫌やわーって、もう頭、こう、白髪作りながら、もう腰痛くなりながらやるのが、働くっていう労働。,False,47,48,1
,007_obc_13593053_20260713230000_seg_00879,007_obc_13593053_20260713230000,SPEAKER_00,5322.24,5322.8,0.56,success,なんで。,success,なんで。,True,4,4,0
,007_obc_13593053_20260713230000_seg_00880,007_obc_13593053_20260713230000,SPEAKER_00,5323.68,5326.0,2.32,success,こういうね、まじね、飛ぶやつ。,success,こういうねマジね飛ぶやつ。,False,15,13,-2
,007_obc_13593053_20260713230000_seg_00881,007_obc_13593053_20260713230000,SPEAKER_00,5327.36,5328.96,1.6,success,もう殴ったらあかんのかな?,success,もう殴ったらあかんのかな?,True,13,13,0
,007_obc_13593053_20260713230000_seg_00882,007_obc_13593053_20260713230000,SPEAKER_00,5332.88,5335.2,2.32,success,なんで手出したらあかん時代になったんや。,success,なんで手出したらあかん時代になったんや。,True,20,20,0
,007_obc_13593053_20260713230000_seg_00883,007_obc_13593053_20260713230000,SPEAKER_00,5337.92,5338.96,1.04,success,令和にカムバック。,success,令和にカムバック。,True,9,9,0
,007_obc_13593053_20260713230000_seg_00884,007_obc_13593053_20260713230000,SPEAKER_00,5341.68,5343.52,1.84,success,むかつくねんな、俺。,success,むかつくねんな俺。,False,10,9,-1
,007_obc_13593053_20260713230000_seg_00885,007_obc_13593053_20260713230000,SPEAKER_00,5345.12,5346.8,1.68,success,平和に頑張ろう、いいと思う。,success,平和に頑張ってうんいいと思う。,False,14,15,1
,007_obc_13593053_20260713230000_seg_00886,007_obc_13593053_20260713230000,SPEAKER_00,5347.44,5348.08,0.64,success,いいと思うよ。,success,いいと思うよ。,True,7,7,0
,007_obc_13593053_20260713230000_seg_00887,007_obc_13593053_20260713230000,SPEAKER_00,5349.36,5361.04,11.68,success,令和やからね、いいと思います、令和やからいいと思います、くちばし課長、いいんちゃいますか、うん、それでいいと思います、あなた、つらいことがあったら飛ぶ、こういう選択もありです。,success,令和やからね、いいと思います、令和やからいいと思います、くちばし課長、いいんちゃいますか、うん、それでいいと思います、あなた、つらいことがあったら飛ぶ、こういう選択もありです。,True,88,88,0
,007_obc_13593053_20260713230000_seg_00888,007_obc_13593053_20260713230000,SPEAKER_00,5361.76,5363.2,1.44,success,あり、ありやと。,success,ありありやと。,False,8,7,-1
,007_obc_13593053_20260713230000_seg_00889,007_obc_13593053_20260713230000,SPEAKER_01,5363.2,5364.72,1.52,success,メールテーマで募集してるから。,success,メールテーマで募集してるか。,False,15,14,-1
,007_obc_13593053_20260713230000_seg_00890,007_obc_13593053_20260713230000,SPEAKER_01,5366.4,5366.96,0.56,success,多分。,success,それだったの。,False,3,7,4
,007_obc_13593053_20260713230000_seg_00891,007_obc_13593053_20260713230000,SPEAKER_00,5367.04,5369.52,2.48,success,まあな確かにな熱くなっちゃいましたごめんなさい。,success,まあな確かにな熱くなっちゃいましたごめんなさい。,True,24,24,0
,007_obc_13593053_20260713230000_seg_00892,007_obc_13593053_20260713230000,SPEAKER_00,5370.16,5374.88,4.72,success,送ってください、ごめんなさい、送ってください、また引き続き送って、フライ。,success,送ってください、ごめんなさい、送ってください、また引き続き送って、フライ。,True,37,37,0
,007_obc_13593053_20260713230000_seg_00893,007_obc_13593053_20260713230000,SPEAKER_00,5375.68,5380.16,4.48,success,飛んだって、バイト飛びましたとか、仕事取りましたとかっていうのあったら、ぜひ教えてください。,success,飛んだって、バイト飛びましたとか、仕事飛びましたとかっていうのあったら、ぜひ教えてください。,False,46,46,0
,007_obc_13593053_20260713230000_seg_00894,007_obc_13593053_20260713230000,SPEAKER_00,5381.68,5382.96,1.28,success,あのちょっとあの。,success,あのちょっとあの。,True,9,9,0
,007_obc_13593053_20260713230000_seg_00895,007_obc_13593053_20260713230000,SPEAKER_00,5384.0,5387.6,3.6,success,僕、ちょっとスーパーで買い物を。,success,僕あのちょっとスーパーで買い物を。,False,16,17,1
,007_obc_13593053_20260713230000_seg_00896,007_obc_13593053_20260713230000,SPEAKER_00,5388.96,5390.16,1.2,success,ちょっと健康的な。,success,ちょっと健康的な。,True,9,9,0
,007_obc_13593053_20260713230000_seg_00897,007_obc_13593053_20260713230000,SPEAKER_00,5391.04,5395.84,4.8,success,ものいっぱいどんどん食べていこうと思って、自炊しようと思って、最近、スーパー行くんですよ、めっちゃ。,success,ものいっぱいどんどん食べていこうと思って自炊しようと思っても最近スーパー行くんですよめっちゃ。,False,50,47,-3
,007_obc_13593053_20260713230000_seg_00898,007_obc_13593053_20260713230000,SPEAKER_00,5396.16,5398.32,2.16,success,でスーパー。,success,でスーパー。,True,6,6,0
,007_obc_13593053_20260713230000_seg_00899,007_obc_13593053_20260713230000,SPEAKER_00,5398.56,5399.52,0.96,success,にいったら。,success,見入ったら。,False,6,6,0
,007_obc_13593053_20260713230000_seg_00900,007_obc_13593053_20260713230000,SPEAKER_00,5400.48,5402.4,1.92,success,ちょっと右手に恐ろしい。,success,ちょっと右手に恐ろしい。,True,12,12,0
,007_obc_13593053_20260713230000_seg_00901,007_obc_13593053_20260713230000,SPEAKER_00,5403.28,5409.28,6.0,success,おもちゃ、おもちゃなのかな、右手持って、持った女の子を見かけたんです。,success,おもちゃ、おもちゃなのかな、右手を持った女の子を見かけたんです。,False,35,32,-3
,007_obc_13593053_20260713230000_seg_00902,007_obc_13593053_20260713230000,SPEAKER_00,5409.76,5428.4,18.64,success,おもちゃ、おもちゃなのかな、お母さんと来ていて、小学校2年生ぐらいのショートカットの女の子やってんけども、そのおもちゃっていうのが、有吉の壁で、有吉さんが使ってる○×のあの、ピンポーン、ブー、ピンポン、ブーのあの。,success,おもちゃ、おもちゃなのかな、お母さんと来ていて、小学校2年生ぐらいのショートカットの女の子やってんけども、そのおもちゃっていうのが、有吉の壁で、有吉さんが使ってる○×のあの、ピンポーン、ブー、ピンポン、ブーのあの。,True,107,107,0
,007_obc_13593053_20260713230000_seg_00903,007_obc_13593053_20260713230000,SPEAKER_00,5428.72,5439.92,11.2,success,持ちながら、ずっと審査できるやつね、合格か不合格かみたいなのとかも全部、バラエティーグッズというか、今、ドンキホーテのところでも売ってるやん。,success,持ちながら、ずっと審査できるやつね、合格か不合格かみたいなのとかも全部、バラエティーグッズというか、今、ドンキホーテのところでも売ってるやん。,True,71,71,0
,007_obc_13593053_20260713230000_seg_00904,007_obc_13593053_20260713230000,SPEAKER_00,5440.24,5449.12,8.88,success,お笑いの劇場の小道具としても、もう大体モノボケとかでも置いてあるようなやつね、あれを女の子が持ってたのよ。,success,お笑いの劇場の小道具としても、もう大体モノボケとかでも置いてあるようなやつね、あれを女の子が持ってたのよ。,True,53,53,0
,007_obc_13593053_20260713230000_seg_00905,007_obc_13593053_20260713230000,SPEAKER_00,5449.92,5454.32,4.4,success,ほんまにスーパーでね、お母さんと来てて、2人で。,success,ほんまにスーパーでねお母さんと来てて2人で。,False,24,22,-2
,007_obc_13593053_20260713230000_seg_00906,007_obc_13593053_20260713230000,SPEAKER_00,5455.76,5473.12,17.36,success,ポケモンカードとか、それこそ何、今でもまだリカちゃんとかはやってるやんか、世代超えて、リカちゃんとかをずっと持ってるとかっていう子どもは分かるやん、人形持ってるとか、カード持ってる、あとプラモデルとか、車持ってるとか、なんでもええねんけども。,success,ポケモンカードとか、それこそ何、今でもまだリカちゃんとかはやってるやんか、世代超えて、リカちゃんとかをずっと持ってるとかっていう子どもは分かるやん、人形持ってるとか、カード持ってる、あとプラモデルとか、車持ってるとか、なんでもええねんけども。,True,121,121,0
,007_obc_13593053_20260713230000_seg_00907,007_obc_13593053_20260713230000,SPEAKER_00,5473.76,5481.52,7.76,success,俺、この有吉さんが持ってる、その○×のやつ持ってる子が、うわーと思って。,success,俺この有吉さんが持ってるその○×のやつ持ってる子がうおと思って。,False,36,32,-4
,007_obc_13593053_20260713230000_seg_00908,007_obc_13593053_20260713230000,SPEAKER_00,5482.0,5484.16,2.16,success,なんか変なもん持ってると思ったのよ。,success,なんか変なもん持ってると思ったのよ。,True,18,18,0
,007_obc_13593053_20260713230000_seg_00909,007_obc_13593053_20260713230000,SPEAKER_00,5484.56,5488.0,3.44,success,で、それ、持ってるだけでなんか、まあ。,success,でそれまあ持ってるだけでなんかまあ。,False,19,18,-1
,007_obc_13593053_20260713230000_seg_00910,007_obc_13593053_20260713230000,SPEAKER_00,5488.8,5496.48,7.68,success,なんかちょっと僕なんてぴりっとしちゃうんですけどね、なんか怖いなみたいな、ただ、すごいユーモアな子で。,success,ちょっと僕なんてぴりっとしちゃうんですけどね、なんか怖いなみたいな、ただ、すごいユーモアな子で。,False,51,48,-3
,007_obc_13593053_20260713230000_seg_00911,007_obc_13593053_20260713230000,SPEAKER_00,5497.2,5499.28,2.08,success,ちょっと聞いてたら何かね。,success,ちょっと聞いてたらなんかね。,False,13,14,1
,007_obc_13593053_20260713230000_seg_00912,007_obc_13593053_20260713230000,SPEAKER_00,5500.4,5501.44,1.04,success,お母さんにね。,success,そのお母さんにね。,False,7,9,2
,007_obc_13593053_20260713230000_seg_00913,007_obc_13593053_20260713230000,SPEAKER_00,5502.48,5503.44,0.96,success,そこから。,success,あそこから。,False,5,6,1
,007_obc_13593053_20260713230000_seg_00914,007_obc_13593053_20260713230000,SPEAKER_00,5504.0,5508.72,4.72,success,パンサー出てくる?とかね、安村は?とか。,success,パンサー出てくる?とかね、安村は?とか。,True,20,20,0
,007_obc_13593053_20260713230000_seg_00915,007_obc_13593053_20260713230000,SPEAKER_00,5509.28,5555.04,45.76,success,チョコプラ出てきてほしいとかって言ってんねん、その有吉の壁がたぶん、めっちゃ好きな女の子で、めっちゃかわいくない、それ、だから、有吉の壁でスーパーをきょうは貸し切ってやりましたとかさ、どっかの遊園地を貸し切ってやりましたとか、商店街でやってくださいとかっていう、街をコントの舞台にして、ボケていくっていうのがもう好きすぎて、そう、有吉の壁ごっこをやりたくて、たぶん、有吉さんをやってんねん、その女の子は、だから、このピーポンブー、ピーポンブーやってんねんで、で、だから、パンサー出てきてほしいとかね、チョコプラは?とか、安村好きとか、なんかめっちゃかわいいやん、女の子が。,success,チョコプラ出てきてほしいとかって言ってんねん、その有吉の壁がたぶん、めっちゃ好きな女の子で、めっちゃかわいくない、それ、だから、有吉の壁でスーパーをきょうは貸し切ってやりましたとかさ、どっかの遊園地を貸し切ってやりましたとか、商店街でやってくださいとかっていう、街をコントの舞台にして、ボケていくっていうのがもう好きすぎて、そう、有吉の壁ごっこをやりたくて、たぶん、有吉さんをやってんねん、その女の子は、だから、このピーポーブー、ピーポンブーやってんねんで、で、だから、パンサー出てきてほしいとかね、チョコプラは?とか、安村好きとか、なんかめっちゃかわいいやん、女の子が。,False,286,286,0
,007_obc_13593053_20260713230000_seg_00916,007_obc_13593053_20260713230000,SPEAKER_00,5555.6,5561.28,5.68,success,それでうわー、うわー、なんかキュンキュンするというか、なんかどきどきするな、このなんか。,success,それでうわー、うわー、なんかキュンキュンするというか、なんかどきどきするな、このなんか。,True,44,44,0
,007_obc_13593053_20260713230000_seg_00917,007_obc_13593053_20260713230000,SPEAKER_00,5561.68,5564.72,3.04,success,めっちゃいいなっていうのが出てくるねん。,success,めっちゃいいなっていうのが出てくるねん。,True,20,20,0
,007_obc_13593053_20260713230000_seg_00918,007_obc_13593053_20260713230000,SPEAKER_00,5564.96,5569.52,4.56,success,令和のね、ガキが調子に乗んなよと思って。,success,令和のね、ガキが調子に乗んなよと思って。,True,20,20,0
,007_obc_13593053_20260713230000_seg_00919,007_obc_13593053_20260713230000,SPEAKER_00,5572.4,5574.88,2.48,success,絵なんかでっけえ調子乗んなよと思ったけどな。,success,えらい時から調子乗んなよと思ったけどな。,False,22,20,-2
,007_obc_13593053_20260713230000_seg_00920,007_obc_13593053_20260713230000,SPEAKER_00,5575.84,5579.6,3.76,success,なに有吉さんできるわけないやんとも思ったよどっかで。,success,何有吉さんできるわけないやんとも思ったよどっかで。,False,26,25,-1
,007_obc_13593053_20260713230000_seg_00921,007_obc_13593053_20260713230000,SPEAKER_00,5580.4,5581.28,0.88,success,何してんねんと思って。,success,何してんねんと思って。,True,11,11,0
,007_obc_13593053_20260713230000_seg_00922,007_obc_13593053_20260713230000,SPEAKER_00,5582.08,5582.64,0.56,success,おもちゃ。,success,おもちゃ。,True,5,5,0
,007_obc_13593053_20260713230000_seg_00923,007_obc_13593053_20260713230000,SPEAKER_00,5583.52,5585.04,1.52,success,令和ごめんなさいごめんなさいごめんなさい。,success,あっ令和かごめんなさいごめんなさいごめんなさい。,False,21,24,3
,007_obc_13593053_20260713230000_seg_00924,007_obc_13593053_20260713230000,SPEAKER_00,5586.4,5597.6,11.2,success,親も、おったのよ、おった、ごめんなさいね、怖くなっちゃって、ごめんよ、かわいい女の子が、有吉の壁ごっこで、有吉さんをやってんのよね。,success,親も、おったのよ、おった、ごめんなさいね、怖くなっちゃって、ごめんよ、かわいい女の子が、有吉の壁ごっこで、有吉さんをやってんのよね。,True,66,66,0
,007_obc_13593053_20260713230000_seg_00925,007_obc_13593053_20260713230000,SPEAKER_00,5598.32,5609.12,10.8,success,ほんでお母さんも、それ優しいから、そんなん出てこないよ、何々ちゃんとかってやってるのも、なんか、お母さんが優しく答えてるのもよかってん。,success,で、ほんでお母さんも、それ優しいから、そんなん出てこないよ、なになにちゃんとかってやってんのも、なんか、お母さんが優しく答えてるのもよかってん。,False,68,72,4
,007_obc_13593053_20260713230000_seg_00926,007_obc_13593053_20260713230000,SPEAKER_00,5609.6,5626.08,16.48,success,で、そう、佐藤栞里役、佐藤、佐藤栞里役さんが、お母さんがやってたから、佐藤栞里さん役、有吉さんとかって、やってるのよね、出てきませんよみたいな、きょうは出てきませんよみたいなことをやってて、で、それで。,success,でそう佐藤栞里役佐藤佐藤栞里役さんがお母さんがやってたから佐藤栞里さん役有吉さんとかってやってるのよね出てきませんよみたいな今日は出てきませんよみたいなことをやっててでえっとそれで。,False,101,91,-10
,007_obc_13593053_20260713230000_seg_00927,007_obc_13593053_20260713230000,SPEAKER_00,5626.88,5628.08,1.2,success,何かあの。,success,何かあの。,True,5,5,0
,007_obc_13593053_20260713230000_seg_00928,007_obc_13593053_20260713230000,SPEAKER_00,5628.56,5637.36,8.8,success,なんかこう、しゅんとなるわけでもなく、やっぱその女の子、すっごいユーモアというか、もう将来楽しみやなと思ったのが。,success,なんかこう、しゅんとなるわけでもなく、やっぱその女の子、すっごいユーモアというか、もう将来楽しみやなと思ったのが。,True,57,57,0
,007_obc_13593053_20260713230000_seg_00929,007_obc_13593053_20260713230000,SPEAKER_00,5638.48,5646.24,7.76,success,なんかお母さんが籠に入れるもの、食べ物に対して、○×をつけだしたのよ。,success,なんかお母さんが、籠に入れるもの、食べ物に対して、○×をつけだしたのよ。,False,35,36,1
,007_obc_13593053_20260713230000_seg_00930,007_obc_13593053_20260713230000,SPEAKER_00,5647.44,5649.6,2.16,success,なんか、じゃがいも。,success,なんかじゃがいも。,False,10,9,-1
,007_obc_13593053_20260713230000_seg_00931,007_obc_13593053_20260713230000,SPEAKER_00,5650.08,5652.08,2.0,success,入れたりしたらピンポーンとかね。,success,入れたりしたらピンポーンとかね。,True,16,16,0
,007_obc_13593053_20260713230000_seg_00932,007_obc_13593053_20260713230000,SPEAKER_00,5652.56,5669.84,17.28,success,なんか、ほんで、なんか、なすび好きなんかな、なすび入れたら、ピンポーンとかって、やっぱりちゃんとピーマン嫌いな年代やから、ピーマンみたいなの入れだすと、なんか、ぶーみたいなね、これがね。,success,なんか、ほんで、なんか、なすび好きなんかな、なすび入れたら、ピンポーンとかって、やっぱりちゃんとピーマン嫌いな年代やから、ピーマンみたいなの入れだすと、なんか、ぶーみたいなね、これがね。,True,93,93,0
,007_obc_13593053_20260713230000_seg_00933,007_obc_13593053_20260713230000,SPEAKER_00,5670.08,5694.88,24.8,success,分かりやすい子どもっていうのも含めて、かわいいのよ、ピーマンはたぶん、尾形さんやったんやろな、ぶーとか、あと、追い込まれたときの安村さんな、ぶーと、あと、長尺でやりまくったときのタイムマシーン3とかも、ぶーみたいな感じで、ピーマン、ピーマン役もあんのよ。,success,分かりやすい子どもっていうのも含めて、かわいいのよ、ピーマンはたぶん、尾形さんやったんやろな、ぶーとか、あと、追い込まれたときの安村さんな、ぶーぶー、あと、あと、長尺でやりまくったときのタイムマシーン3とかも、ぶーみたいな感じで、ピーマン、ピーマン役もあんのよ。,False,127,131,4
,007_obc_13593053_20260713230000_seg_00934,007_obc_13593053_20260713230000,SPEAKER_00,5695.68,5714.08,18.4,success,それが、うわー、かわいいな、有吉の壁ごっこやってんなと思って、こんなん、そんなん首ったけでちらちら見ちゃうやんで、で、俺は俺で買い物があるから、自分の、ずっと追いかけて見るのちゃうしと思って。,success,それが、うわー、かわいいな、有吉の壁ごっこやってんなと思って、こんなん、そんなん首ったけでちらちら見ちゃうやんで、で、俺は俺で買い物があるから、自分の、ずっと追いかけて見るのちゃうしと思って。,True,96,96,0
,007_obc_13593053_20260713230000_seg_00935,007_obc_13593053_20260713230000,SPEAKER_00,5714.88,5717.28,2.4,success,なんかわーって買い物するやん、ほんで。,success,なんかわーって買い物するやん。,False,19,15,-4
,007_obc_13593053_20260713230000_seg_00936,007_obc_13593053_20260713230000,SPEAKER_00,5718.08,5727.84,9.76,success,ちょっとなんていうか、島が変わるやん、お菓子コーナー、お菓子コーナーの辺りから、もうすんごい丸聞こえるのよ、ピンポーン、ピンポーン。,success,ちょっとなんていうか、島が変わるやん、お菓子コーナー、お菓子コーナーの辺りから、もうすんごい丸聞こえるのよ、ピンポーン、ピンポーン。,True,66,66,0
,007_obc_13593053_20260713230000_seg_00937,007_obc_13593053_20260713230000,SPEAKER_00,5730.16,5760.72,30.56,success,たぶん、あの子が今、お菓子コーナーで、たぶん、めちゃくちゃ丸出してるってことは、これはえっ、なんだ、cowcowさんか、誰やとか、すごい、有吉さんにはまりまくってんのよ、これ、さらばさんかな、チョコプラさんや、チョコプラさんやみたいな感じで、丸やな、丸がめっちゃ連発してて、ああ、かわいいなって、俺もずっと買い物、ちょっと鍋を作る具材をいろいろ買ったりしててね、ほんなら。,success,たぶん、あの子が今、お菓子コーナーで、たぶん、めちゃくちゃ丸出してるってことは、これは、えっ、なんだ、cowcowさんか、誰やとか、すごい、有吉さんにはまりまくってんのよ、これ、さらばさんかな、チョコプラさんや、チョコプラさんやみたいな感じで、丸やな、丸がめっちゃ連発してて、ああ、かわいいなって、俺もずっと買い物、ちょっと鍋を作る具材をいろいろ買ったりしててね、ほんなら。,False,186,187,1
,007_obc_13593053_20260713230000_seg_00938,007_obc_13593053_20260713230000,SPEAKER_00,5761.28,5780.32,19.04,success,こう、いろいろ、あれどこやろ、これとこやろ、ポン酢はどこやろってやってると、やっぱ、なんかちょっとぱーんってバッティングというか、すれ違いみたいなのあるやんか、そこでぱっと会ったときに、俺もマスクとか帽子せずに、俺、普通にこの格好で俺、買い物してるから、その女の子と目合ったのよ、目合って、こうなんか。,success,こういろいろ、あれとこやろ、これとこやろ、ポン酢はどこやろってやってると、やっぱなんか、ちょっとぱーんってバッティングというか、すれ違いみたいなのあるやんか、そこでぱっと会ったときに、俺もマスクとか帽子せずに、俺、普通にこの格好で俺、買い物してるから、その女の子と目合ったのよ、目合って、こう、なんか。,False,151,151,0
,007_obc_13593053_20260713230000_seg_00939,007_obc_13593053_20260713230000,SPEAKER_00,5780.56,5784.4,3.84,success,止まる感じ、子どもの、えっ?みたいな。,success,止まる感じ、子どもの、えっ?みたいな。,True,19,19,0
,007_obc_13593053_20260713230000_seg_00940,007_obc_13593053_20260713230000,SPEAKER_00,5785.2,5796.72,11.52,success,でも、なんか目はそらさんけど、ん?知ってるかもみたいな感じで、で、とことことこってお母さんの所行くのよ、なんか一回、時止まった感じで。,success,でも、なんか目はそらさんけど、ん?知ってるかもみたいな感じで、で、とことことこってお母さんのところ行くのよ、なんか一回、時止まった感じで。,False,67,69,2
,007_obc_13593053_20260713230000_seg_00941,007_obc_13593053_20260713230000,SPEAKER_00,5797.36,5832.16,34.8,success,あれ?なんか気付かれたかな、気付かれてないかなみたいな感じで、終わって、で、その有吉の壁ごっこしているお母さんとやってる、もう先にたぶんレジ行ったんやろうな、そのピンポーンという音も聞こえなくなって、店の中のね、スーパーで、で、行って、俺は自分の買い物まだあったから、牛乳買ったりとか、なんやろなとかってして、セルフレジ行きました、セルフレジでぴっぴぴっぴ、ぴっぴやって、会計終わって、出口出たら、その子どもが出待ちしてたのよ。,success,あれって、なんか気付かれたかな、気付かれてないかなみたいな感じで終わって、で、その有吉の壁ごっこしているお母さんとやってる、もう先にたぶんレジ行ったんやろうな、そのピンポーンという音も聞こえなくなって、店の中のね、スーパーで、で、行って、俺は自分の買い物まだあったから、牛乳買ったりとか、なんやなとかして、セルフレジ行きました、セルフレジでぴっぴぴっぴ、ぴっぴやって、会計終わって、出口出たら、その子どもが出待ちしてたのよ。,False,214,212,-2
,007_obc_13593053_20260713230000_seg_00942,007_obc_13593053_20260713230000,SPEAKER_00,5832.88,5847.44,14.56,success,出て、扉出てすぐ右にいるっていうよりかは、出てちょっと何メーターか離れた所で、たぶん、お母さんと確認する感じでおるというか、俺を、お見送り芸人しんいちかな、どうか。,success,出て、扉出てすぐ右にいるっていうよりかは、出てちょっと何メーターか離れた所で、たぶん、お母さんと確認する感じでおるというか、俺を、お見送り芸人しんいちかな、どうか。,True,82,82,0
,007_obc_13593053_20260713230000_seg_00943,007_obc_13593053_20260713230000,SPEAKER_00,5847.84,5861.2,13.36,success,有吉の壁とかこんな好きな子やから、ほんで、俺、有吉の壁、なんやかんや出させてもらってたから、ちょこちょこ出させていただいてたから、それで気付いたのかなって感じで、で、ミニ有吉さんが。,success,有吉の壁でもこんな好きな子やからほんで俺有吉の壁なんやかんや出させてもらってたからちょこちょこ出させていただいてたからそれで気付いたのかなって感じででミニ有吉さんが。,False,91,83,-8
,007_obc_13593053_20260713230000_seg_00944,007_obc_13593053_20260713230000,SPEAKER_00,5862.08,5880.48,18.4,success,宮根さんがいたのよ、出たら、俺、スーパーの袋持った俺が、で、いて、数メートル先に、たぶん、お母さんに言ったのかな、見たことある芸人さんがいるかもみたいな方も言ったのかもしれないけど、お母さんもちょっと待ってもらってる状態で。,success,宮根さんがいたのよ、出たら、俺、スーパーの袋持った俺が、で、いて、数メートル先に、たぶん、お母さんに言ったのかな、見たことある芸人さんがいるかもみたいなことも言ったのかもしれないけど、お母さんもちょっと待ってもらってる状態で。,False,112,113,1
,007_obc_13593053_20260713230000_seg_00945,007_obc_13593053_20260713230000,SPEAKER_00,5881.44,5887.52,6.08,success,確認したくてちょっと距離取ってて、そこで俺が発見したから、この何メートルつか先の横で。,success,確認したくてちょっと距離取ってて、そこで俺が発見したから、この何メートルつか先の横で。,True,43,43,0
,007_obc_13593053_20260713230000_seg_00946,007_obc_13593053_20260713230000,SPEAKER_00,5888.48,5891.92,3.44,success,なんとなくやけど、気付いてくれてるかなということで、ちょっと会釈気味で。,success,なんとなくやけど気付いてくれてるかなということでちょっと会釈気味で。,False,36,34,-2
,007_obc_13593053_20260713230000_seg_00947,007_obc_13593053_20260713230000,SPEAKER_00,5892.88,5902.24,9.36,success,こんにちはじゃないけど、会釈だけね、口に、こんにちはとは言わへんけど、ああみたいな感じで、ほんだら、やっぱそうだみたいな目で。,success,こんにちはじゃないけど、会釈だけね、口に、こんにちはとは言わへんけど、ああみたいな感じで、ほんだら、やっぱそうだみたいな目で。,True,63,63,0
,007_obc_13593053_20260713230000_seg_00948,007_obc_13593053_20260713230000,SPEAKER_00,5903.28,5915.36,12.08,success,きゅっと目大きくなったのよ、その女の子、大きくなった、ミニ有吉さんが、ミニ有吉さんが、お母さんと手握ってたのをぱって離して、俺のとこ来て、ゆっくり、どきどきするやん!,success,ぎゅっと目大きくなったのよ、その女の子、大きくなった、ミニ有吉さんが、ミニ有吉さんが、お母さんと手握ってたのをぱって離して、俺のとこ来て、ゆっくり、どきどきするやん!,False,83,83,0
,007_obc_13593053_20260713230000_seg_00949,007_obc_13593053_20260713230000,SPEAKER_00,5915.76,5917.28,1.52,success,俺のとこ来てバーッて来て。,success,俺のとこ来てバーッて来て。,True,13,13,0
,007_obc_13593053_20260713230000_seg_00950,007_obc_13593053_20260713230000,SPEAKER_00,5919.04,5920.32,1.28,success,ブーってなって。,success,ブーってなってる。,False,8,9,1
,007_obc_13593053_20260713230000_seg_00951,007_obc_13593053_20260713230000,SPEAKER_00,5920.8,5921.68,0.88,success,ってはては。,success,ってなって。,False,6,6,0
,007_obc_13593053_20260713230000_seg_00952,007_obc_13593053_20260713230000,SPEAKER_00,5922.88,5924.24,1.36,success,ぶーってやったの。,success,ブーッてやったの。,False,9,9,0
,007_obc_13593053_20260713230000_seg_00953,007_obc_13593053_20260713230000,SPEAKER_00,5925.52,5943.04,17.52,success,大きな声ではツッコまへんけど、なんで?なんで?って、あと、俺のネタ、あんま好きちゃうかったんかな、有吉の壁での俺のネタが、あんまり嫌だったのか、1回だけぶーってやって。,success,大きな声ではツッコまへんけどなんで?ってなんで?って俺のネタあんま好きちゃうかったんかな有吉の壁での俺のネタがあんまり嫌だったのか1回だけブーってやって。,False,84,77,-7
,007_obc_13593053_20260713230000_seg_00954,007_obc_13593053_20260713230000,SPEAKER_00,5943.52,5950.24,6.72,success,で、いや、頑張るねって言って、頑張るわって言って、めっちゃピーマンやって。,success,でいや頑張るねって言って頑張るわって言ってめっちゃピーマンやって。,False,37,33,-4
,007_obc_13593053_20260713230000_seg_00955,007_obc_13593053_20260713230000,SPEAKER_00,5950.72,5952.88,2.16,success,めっちゃピーマン側やはった!,success,めっちゃピーマン側やった!,False,14,13,-1
,007_obc_13593053_20260713230000_seg_00956,007_obc_13593053_20260713230000,SPEAKER_00,5954.96,5956.96,2.0,success,でもかわいかったで!,success,でもかわいかったで!,True,10,10,0
,007_obc_13593053_20260713230000_seg_00957,007_obc_13593053_20260713230000,SPEAKER_00,5957.84,5962.48,4.64,success,もう小学校2年生ぐらいの女の子に、ミニ有吉さんに。,success,もう小学校2年生ぐらいの女の子にミニ有吉さんに。,False,25,24,-1
,007_obc_13593053_20260713230000_seg_00958,007_obc_13593053_20260713230000,SPEAKER_00,5963.6,5964.72,1.12,success,いやうれしいよ!,success,いやうれしいよ!,True,8,8,0
,007_obc_13593053_20260713230000_seg_00959,007_obc_13593053_20260713230000,SPEAKER_00,5965.76,5968.08,2.32,success,有吉さん厳しい!,success,有吉さん厳しい!,True,8,8,0
,007_obc_13593053_20260713230000_seg_00960,007_obc_13593053_20260713230000,SPEAKER_03,6075.28,6076.459814,1.18,success,ではお聴きいただけます。,success,でもお聴きいただけます。,False,12,12,0
,007_obc_13593053_20260713230000_seg_00961,007_obc_13593053_20260713230000,SPEAKER_01,6079.6,6084.619971,5.02,success,土曜の午後1時からはサンドウィッチマンザラジオショースター。,success,土曜の午後1時からはサンドウィッチマンザラジオショースター。,True,30,30,0
,007_obc_13593053_20260713230000_seg_00962,007_obc_13593053_20260713230000,SPEAKER_01,6086.32,6089.899756,3.58,success,お便りもどんどん紹介しますので皆さんご注目ください。,success,にぎやかにお送りしておりますお便りもどんどん紹介しますので皆さんご注目ください。,False,26,40,14
,007_obc_13593053_20260713230000_seg_00963,007_obc_13593053_20260713230000,SPEAKER_02,6146.32,6147.2,0.88,success,はいオミクロン製品です。,success,はいおめぐり政治です。,False,12,11,-1
,007_obc_13593053_20260713230000_seg_00964,007_obc_13593053_20260713230000,SPEAKER_00,6147.2,6151.2,4.0,success,この時間もウィムフリー新庄桜橋919をお送りしています。,success,この時間もウィムクリーン新潮桜橋919をお送りしています。,False,28,29,1
,007_obc_13593053_20260713230000_seg_00965,007_obc_13593053_20260713230000,SPEAKER_00,6151.92,6152.72,0.8,success,ラジオネーム。,success,ラジオネーム。,True,7,7,0
,007_obc_13593053_20260713230000_seg_00966,007_obc_13593053_20260713230000,SPEAKER_00,6156.48,6157.04,0.56,success,チャレンジ?,success,チャレンジ?,True,6,6,0
,007_obc_13593053_20260713230000_seg_00967,007_obc_13593053_20260713230000,SPEAKER_00,6158.0,6158.88,0.88,success,リクエストだろ。,success,リクエストだろ?,False,8,8,0
,007_obc_13593053_20260713230000_seg_00968,007_obc_13593053_20260713230000,SPEAKER_00,6159.52,6161.84,2.32,success,まさかえっ地理のやつか?,success,マスクえっ地理のやつか?,False,12,12,0
,007_obc_13593053_20260713230000_seg_00969,007_obc_13593053_20260713230000,SPEAKER_00,6163.36,6165.52,2.16,success,これはまたやったかな。,success,これはまたやったかな?,False,11,11,0
,007_obc_13593053_20260713230000_seg_00970,007_obc_13593053_20260713230000,SPEAKER_00,6165.92,6170.8,4.88,success,おい、またやってくれたんや、俺、野球知らんって言ったやんな、俺、野球ほんまに知らんから。,success,おい、またやってくれたんや、俺、野球知らんって言ったやんな、俺、野球ほんまに知らんから。,True,44,44,0
,007_obc_13593053_20260713230000_seg_00971,007_obc_13593053_20260713230000,SPEAKER_00,6171.68,6177.68,6.0,success,これ、なんでしたっけって、これ、ブースの、このラジオブースの外を見ました、助けてくださいと。,success,これなんでしたっけって、これ、ブースの、このラジオブースの外を見ました、助けてくださいと。,False,46,45,-1
,007_obc_13593053_20260713230000_seg_00972,007_obc_13593053_20260713230000,SPEAKER_00,6178.4,6186.08,7.68,success,3人います、4人います、ラジオブースの外に、干したら、えーっと。,success,3人います4人いますラジオブースの外に干したらえと。,False,32,26,-6
,007_obc_13593053_20260713230000_seg_00973,007_obc_13593053_20260713230000,SPEAKER_00,6186.48,6188.32,1.84,success,いや、チャレンジって聞こえたんです。,success,いやチャレンジって聞こえたんです。,False,18,17,-1
,007_obc_13593053_20260713230000_seg_00974,007_obc_13593053_20260713230000,SPEAKER_00,6189.36,6192.96,3.6,success,チャレンジです、しんいちさん。,success,チャレンジです、伸一さん。,False,15,13,-2
,007_obc_13593053_20260713230000_seg_00975,007_obc_13593053_20260713230000,SPEAKER_00,6193.2,6198.16,4.96,success,セーフかアウトかっていう、見るのはチャレンジですって、これ、完全にこれ、耳つながってるんです、これ。,success,セーフかアウトかっていう見るのはチャレンジですってこれ完全に耳つながってるんです。,False,50,41,-9
,007_obc_13593053_20260713230000_seg_00976,007_obc_13593053_20260713230000,SPEAKER_00,6198.88,6210.72,11.84,success,つながって外から聞こえました、ほんなら、で、俺はそれで、あっ、チャレンジねって言って、俺、野球知らんから、ほんまにって言ったら、ほんならこういうメール来まして、いや、答えリクエストなんですって、リクエスト。,success,つながって外から聞こえました、ほんなら、俺はそれで、あっ、チャレンジねって言って、俺、野球知らんから、ほんまにって言ったら、ほんならこういうメール来まして、いや、答えリクエストなんですって、リクエスト。,False,103,101,-2
,007_obc_13593053_20260713230000_seg_00977,007_obc_13593053_20260713230000,SPEAKER_00,6211.04,6214.72,3.68,success,リクエストをお願いしますって、これ、もう一回見てください、リクエストっていうの。,success,リクエストをお願いしますって、これ、もう一回見てください、リクエストって言うの。,False,40,40,0
,007_obc_13593053_20260713230000_seg_00978,007_obc_13593053_20260713230000,SPEAKER_00,6215.28,6215.84,0.56,success,そう。,success,そう。,True,3,3,0
,007_obc_13593053_20260713230000_seg_00979,007_obc_13593053_20260713230000,SPEAKER_00,6216.16,6219.84,3.68,success,そう、恥をかかされました、私は。,success,そうねっ恥をかかされました私は。,False,16,16,0
,007_obc_13593053_20260713230000_seg_00980,007_obc_13593053_20260713230000,SPEAKER_00,6221.04,6222.24,1.2,success,これまたさ。,success,これまたさ。,True,6,6,0
,007_obc_13593053_20260713230000_seg_00981,007_obc_13593053_20260713230000,SPEAKER_00,6223.2,6224.8,1.6,success,またチリのやつです。,success,またチリのやつです。,True,10,10,0
,007_obc_13593053_20260713230000_seg_00982,007_obc_13593053_20260713230000,SPEAKER_00,6225.36,6225.92,0.56,success,どっち?,success,どっち?,True,4,4,0
,007_obc_13593053_20260713230000_seg_00983,007_obc_13593053_20260713230000,SPEAKER_00,6227.44,6229.44,2.0,success,犯人、今回は誰?,success,犯人今回は誰?,False,8,7,-1
,007_obc_13593053_20260713230000_seg_00984,007_obc_13593053_20260713230000,SPEAKER_00,6230.72,6244.96,14.24,success,ほんまの、チリ、チラベルトは誰、チラベルトはどこの国でしたかと、2、3週間前かな、チラベルトどこの国でしたか、ちょっと教えてくださいって言って、えーっと、チリです、チリ。,success,ほんまの、チラベルトは誰、チラベルトはどこの国でしたかと、2、3週間前かな、チラベルトどこの国でしたか、ちょっと教えてくださいって言って、チリです、チリ。,False,85,77,-8
,007_obc_13593053_20260713230000_seg_00985,007_obc_13593053_20260713230000,SPEAKER_00,6246.4,6259.2,12.8,success,チラベルトからチリから始まってるから、チリって言って、安易に、安直に、チリって言って、あっ、そやそしたらチリね、チリのゴールキーパー、チラベルトねって俺は言った、で、調べたら、パラグアイでした。,success,チラベルトからチリから始まってるからチリって言って安易に安直にチリって言ってああそやそしたらチリねチリのゴールキーパーチラベルトねって俺は言ったで調べたらパラグアイでした。,False,97,86,-11
,007_obc_13593053_20260713230000_seg_00986,007_obc_13593053_20260713230000,SPEAKER_00,6260.8,6269.2,8.4,success,今回は、野球のもう一回見てもらうこと何?で、チャレンジです。,success,今回は、野球のもう一回見てもらうこと何?で、チャレンジです。,True,30,30,0
,007_obc_13593053_20260713230000_seg_00987,007_obc_13593053_20260713230000,SPEAKER_00,6270.96,6273.6,2.64,success,リクエスト、答えはリクエスト。,success,リクエスト答えはリクエスト。,False,15,14,-1
,007_obc_13593053_20260713230000_seg_00988,007_obc_13593053_20260713230000,SPEAKER_00,6274.0,6278.88,4.88,success,これ、やってくれって言ったね、チャレンジリクエスト、これはひどいよ。,success,やってくれたねチャレンジリクエストこれはひどいよ。,False,34,25,-9
,007_obc_13593053_20260713230000_seg_00989,007_obc_13593053_20260713230000,SPEAKER_00,6279.84,6283.84,4.0,success,恥ばっか書かされて、俺、もうつらいわ、俺。,success,恥ばっかかかされて、俺、もうつらいわ、俺。,False,21,21,0
,007_obc_13593053_20260713230000_seg_00990,007_obc_13593053_20260713230000,SPEAKER_00,6284.56,6287.04,2.48,success,誰が物知りなのこれ。,success,誰が物知りなんこれ。,False,10,10,0
,007_obc_13593053_20260713230000_seg_00991,007_obc_13593053_20260713230000,SPEAKER_00,6291.76,6305.92,14.16,success,誰がちゃんと試合やれんの、俺、俺、ほんま分からへんかったから、ごめんね、俺も分からへんかったら、私も悪いんですけど、野球詳しくないっていうのもあるんですけど、まさかさ、みんなポンコツで。,success,誰がちゃんと試合やれんの、俺、ほんま分からへんかったから、ごめんね、俺も分からへんかったら、私も悪いんですけど、野球詳しくないっていうのもあるんですけど、まさかさ、みんなポンコツで。,False,93,91,-2
,007_obc_13593053_20260713230000_seg_00992,007_obc_13593053_20260713230000,SPEAKER_00,6307.76,6309.68,1.92,success,俺以外みんなポンコツ。,success,俺以外みんなポンコツ。,True,11,11,0
,007_obc_13593053_20260713230000_seg_00993,007_obc_13593053_20260713230000,SPEAKER_00,6313.52,6324.32,10.8,success,つらかったな、今、また俺、恥ずかしいやん、俺、で、こういうメールが来ると、ラジオネーム、すみちゃんがね、送ってくる、これ、鷲見も、ほんでまた見つけたみたいな感じでさ、ん?って。,success,つらかったな、今、また俺、恥ずかしいやん、俺、で、こういうメールが来ると、ラジオネーム、すみちゃんがね、送ってくる、これ、角も、ほんでまた見つけたみたいな感じでさ、ん?って。,False,88,87,-1
,007_obc_13593053_20260713230000_seg_00994,007_obc_13593053_20260713230000,SPEAKER_00,6325.76,6330.0,4.24,success,お前、なんのなんもできへんやん、お前ら、街って。,success,お前何の何もできへんやんお前ら街って。,False,24,19,-5
,007_obc_13593053_20260713230000_seg_00995,007_obc_13593053_20260713230000,SPEAKER_00,6331.6,6336.88,5.28,success,手、隅の、ん?みたいな、このんがめっちゃきついわ、俺、ぐさー刺さる、これ。,success,見て、隅の、ん?みたいな、このんがめっちゃきついわ、俺、ぐさー刺さる、これ。,False,37,38,1
,007_obc_13593053_20260713230000_seg_00996,007_obc_13593053_20260713230000,SPEAKER_00,6337.44,6338.0,0.56,success,んって。,success,うん?って!,False,4,6,2
,007_obc_13593053_20260713230000_seg_00997,007_obc_13593053_20260713230000,SPEAKER_00,6340.8,6342.32,1.52,success,めっちゃばかにされてるやん。,success,もうめっちゃばかにされてるやん。,False,14,16,2
,007_obc_13593053_20260713230000_seg_00998,007_obc_13593053_20260713230000,SPEAKER_00,6342.96,6344.72,1.76,success,わかったうえでいじられてんこれ俺。,success,分かったうえでいじられてんこれ俺。,False,17,17,0
,007_obc_13593053_20260713230000_seg_00999,007_obc_13593053_20260713230000,SPEAKER_00,6345.68,6351.68,6.0,success,恥ずかしかった、今の俺、パワハラとかどうでもいいから、もう俺、キレるわ、俺、もう。,success,恥ずかしかった、今の俺、パワハラとかどうでもいいから、もう俺、キレるわ、俺、もう。,True,41,41,0
,007_obc_13593053_20260713230000_seg_01000,007_obc_13593053_20260713230000,SPEAKER_00,6354.16,6356.4,2.24,success,頼むから、ちゃんとした情報をください。,success,頼むから、ちゃんとした情報をください。,True,19,19,0
,007_obc_13593053_20260713230000_seg_01001,007_obc_13593053_20260713230000,SPEAKER_00,6358.24,6359.2,0.96,success,パラグアイ。,success,パラグアイ。,True,6,6,0
,007_obc_13593053_20260713230000_seg_01002,007_obc_13593053_20260713230000,SPEAKER_00,6359.92,6362.48,2.56,success,まじでこれもう、説教やで、これ。,success,まじでこれもう説教やでこれ。,False,16,14,-2
,007_obc_13593053_20260713230000_seg_01003,007_obc_13593053_20260713230000,SPEAKER_00,6363.36,6367.76,4.4,success,これは説教、これ、終わりで、だってさ、野球はさ。,success,これは説教、これ、終わりで、だってさ、野球はさ。,True,24,24,0
,007_obc_13593053_20260713230000_seg_01004,007_obc_13593053_20260713230000,SPEAKER_00,6369.04,6372.4,3.36,success,野球のリクエストとチャレンジ、チャレンジ、どこから出てきたん?,success,野球のリクエストとチャレンジチャレンジどっから出てきたん?,False,31,29,-2
,007_obc_13593053_20260713230000_seg_01005,007_obc_13593053_20260713230000,SPEAKER_00,6373.92,6375.68,1.76,success,チャレンジってマジどっからできたんやろ?,success,チャレンジってマジどっから出てきたんやろ?,False,20,21,1
,007_obc_13593053_20260713230000_seg_01006,007_obc_13593053_20260713230000,SPEAKER_00,6378.56,6399.04,20.48,success,ラグビーがチャレンジという、今、耳に入ってきました、これもほんまかどうか今、分かりませんから、私は今、いったん信用せずに言うてます、言い訳、ラグビーがチャレンジなんですって、ラグビーで、ラグビーはそういうシーンがあるのかな、俺、ラグビーもあんまり分からへんから、どのシーンで使うの、ラグビーはチャレンジって。,success,ラグビーがチャレンジという、今、耳に入ってきました、これもほんまかどうか今、分かりませんから、私は今、いったん信用せずに言うてます、言い訳、ラグビーがチャレンジなんですって、ラグビーで、ラグビーはそういうシーンがあるのかな、俺、ラグビーもあんまり分からへんから、どのシーンで使うの、ラグビーはチャレンジって。,True,154,154,0
,007_obc_13593053_20260713230000_seg_01007,007_obc_13593053_20260713230000,SPEAKER_00,6399.68,6408.48,8.8,success,分からん、ルールもあんま分からへんけど、野球の話やから、まず、なんで野球にさ、ラグビーを持ち込んできたん意味分からへんやん、こんなん。,success,分からん、ルールもあんま分からへんけど、野球の話やから、まず、なんで野球にさ、ラグビーを持ち込んできたん意味分からへんやん、こんなん。,True,67,67,0
,007_obc_13593053_20260713230000_seg_01008,007_obc_13593053_20260713230000,SPEAKER_00,6409.92,6413.04,3.12,success,よくないですよ、だって野球の話したいねんもん、俺。,success,よくないですよだって野球の話したいねんもん俺。,False,25,23,-2
,007_obc_13593053_20260713230000_seg_01009,007_obc_13593053_20260713230000,SPEAKER_00,6413.36,6419.52,6.16,success,野球を、じゃあ、野球の話というか、野球を教えてくださいってことなんです、それをラグビーを教えてきたんです。,success,野球を、じゃあ、野球の話というか、野球を教えてくださいってことなんです、それをラグビーを教えてきたんです。,True,53,53,0
,007_obc_13593053_20260713230000_seg_01010,007_obc_13593053_20260713230000,SPEAKER_00,6421.44,6423.04,1.6,success,そうやねん、そういうことやねん。,success,そうやねんそういうことやで。,False,16,14,-2
,007_obc_13593053_20260713230000_seg_01011,007_obc_13593053_20260713230000,SPEAKER_00,6424.4,6427.2,2.8,success,いやいやいや向こうのブースの外の?,success,いやいやいや向こうのブースの外の?,True,17,17,0
,007_obc_13593053_20260713230000_seg_01012,007_obc_13593053_20260713230000,SPEAKER_00,6427.6,6429.36,1.76,success,パラグアイが、チリが。,success,パラグアイがチリが。,False,11,10,-1
,007_obc_13593053_20260713230000_seg_01013,007_obc_13593053_20260713230000,SPEAKER_00,6431.6,6432.48,0.88,success,いやそうやで。,success,いやそうやで。,True,7,7,0
,007_obc_13593053_20260713230000_seg_01014,007_obc_13593053_20260713230000,SPEAKER_00,6433.44,6437.36,3.92,success,専攻した授業と全然違う授業やるったら腹立つやろ?,success,専攻した授業と全然違う授業やるたら腹立つやろ。,False,24,23,-1
,007_obc_13593053_20260713230000_seg_01015,007_obc_13593053_20260713230000,SPEAKER_01,6441.36,6442.24,0.88,success,焦るようなことしたか?,success,焦るようなことしたか。,False,11,11,0
,007_obc_13593053_20260713230000_seg_01016,007_obc_13593053_20260713230000,SPEAKER_00,6442.48,6453.6,11.12,success,怒らせるようなこと、俺、そんなん、いっつも俺、入ってさ、よろしくお願いします、おはようございます、おはようございますって、入ってさ、入って、俺、こんな、いや、じゃあ、じゃあ、教えてくださいも教えてくれへんってこと?,success,怒らせるようなこと俺そんなんいっつも俺入ってさよろしくお願いしますおはようございますおはようございますって入ってさ入って俺こんないやじゃあ教えてくださいも教えてくれへんってこと?,False,107,89,-18
,007_obc_13593053_20260713230000_seg_01017,007_obc_13593053_20260713230000,SPEAKER_01,6454.8,6456.48,1.68,success,恥かかせたいと思わせるような。,success,恥かかせたいと思わせるような。,True,15,15,0
,007_obc_13593053_20260713230000_seg_01018,007_obc_13593053_20260713230000,SPEAKER_00,6456.72,6459.76,3.04,success,奴隷?,success,ようなことを俺がしたってこと、奴隷。,False,3,18,15
,007_obc_13593053_20260713230000_seg_01019,007_obc_13593053_20260713230000,SPEAKER_00,6462.16,6463.36,1.2,success,ごはんもおごったのに。,success,ごはんもおごったのに。,True,11,11,0
,007_obc_13593053_20260713230000_seg_01020,007_obc_13593053_20260713230000,SPEAKER_00,6464.08,6469.92,5.84,success,俺、ミート矢澤おごったのに、ミート矢澤食うてない人1人おる、それや。,success,俺あのミート矢澤おごったのにミート矢澤食うてない人1人おるそれや。,False,34,33,-1
,007_obc_13593053_20260713230000_seg_01021,007_obc_13593053_20260713230000,SPEAKER_00,6470.72,6471.28,0.56,success,それじゃあ。,success,それじゃあ。,True,6,6,0
,007_obc_13593053_20260713230000_seg_01022,007_obc_13593053_20260713230000,SPEAKER_00,6472.48,6475.44,2.96,success,ミート矢澤、ミート矢澤、だって全員いた、食べたかな?,success,ミート矢澤みーちゃんだって全員いた?食べたかな?,False,26,24,-2
,007_obc_13593053_20260713230000_seg_01023,007_obc_13593053_20260713230000,SPEAKER_00,6476.96,6487.44,10.48,success,食べたか、全員食べたか、じゃあ、その次、その前の日休んでたってことか、なんか熱出たかなんか、じゃあ、違う番組見てたんだ、そや、違う番組見てたんや、そこで俺がなんか悪口言ったからや。,success,食べたか、全員食べたか、じゃあ、その次、その前の日休んでたってことか、なんか熱出たかなんか、じゃあ、違う番組見てたんだ、そや、違う番組見てたんや、そこで俺がなんか悪口言ったからや。,True,90,90,0
,007_obc_13593053_20260713230000_seg_01024,007_obc_13593053_20260713230000,SPEAKER_00,6488.0,6488.64,0.64,success,それ裏で。,success,それ恨んでる?,False,5,7,2
,007_obc_13593053_20260713230000_seg_01025,007_obc_13593053_20260713230000,SPEAKER_00,6490.72,6494.72,4.0,success,それ恨んで、野球教えてください、ラグビーで来たってこと?,success,それ恨んで野球教えて下さいラグビーで来たってこと?,False,28,25,-3
,007_obc_13593053_20260713230000_seg_01026,007_obc_13593053_20260713230000,SPEAKER_00,6495.84,6499.6,3.76,success,誰が、ちょっと待って、でもね、4人おんのよ、ブースの外に。,success,誰が、ちょっと待って、4人おんのよ、ブースの外に。,False,29,25,-4
,007_obc_13593053_20260713230000_seg_01027,007_obc_13593053_20260713230000,SPEAKER_00,6500.16,6501.84,1.68,success,まじで誰が人狼か分からへんねん。,success,マジで誰が人狼か分からへんねん。,False,16,16,0
,007_obc_13593053_20260713230000_seg_01028,007_obc_13593053_20260713230000,SPEAKER_00,6505.44,6510.72,5.28,success,世界今、はめてくんねやと、つらいわ、俺、恥ずかしかったわ、今。,success,手が今、はめてくんねやと、もうつらいわ、俺、恥ずかしかったわ、今。,False,31,33,2
,007_obc_13593053_20260713230000_seg_01029,007_obc_13593053_20260713230000,SPEAKER_00,6511.36,6513.04,1.68,success,チャレンジリクエストだろ。,success,チャレンジリクエストだろ。,True,13,13,0
,007_obc_13593053_20260713230000_seg_01030,007_obc_13593053_20260713230000,SPEAKER_00,6515.44,6522.64,7.2,success,これ、すごいよ、メールでさ、まさかチリのやつかってさ、ラジオネーム、角に言われてるで、チリのやつに言われてるやん。,success,これ、すごいよ、メールでさ、まさかチリのやつかってさ、ラジオネーム、角に言われてるで、チリのやつに言われてるやん。,True,57,57,0
,007_obc_13593053_20260713230000_seg_01031,007_obc_13593053_20260713230000,SPEAKER_00,6523.52,6524.8,1.28,success,チリのやつって言われてるで。,success,チリのやつって言われてるで。,True,14,14,0
,007_obc_13593053_20260713230000_seg_01032,007_obc_13593053_20260713230000,SPEAKER_01,6524.96,6525.84,0.88,success,かわいそうだよね。,success,かわいそうだよな。,False,9,9,0
,007_obc_13593053_20260713230000_seg_01033,007_obc_13593053_20260713230000,SPEAKER_00,6525.84,6527.04,1.2,success,かわいそうじゃない、かわいそうじゃない。,success,かわいそうじゃないかわいそうじゃない。,False,20,19,-1
,007_obc_13593053_20260713230000_seg_01034,007_obc_13593053_20260713230000,SPEAKER_00,6527.92,6532.48,4.56,success,かわいそうじゃない、それなくても、もうそんなん、ミスなく終わりたいラジオで。,success,かわいそうじゃない、それなくても、もうそんなん、ミスなく終わりたいラジオで。,True,38,38,0
,007_obc_13593053_20260713230000_seg_01035,007_obc_13593053_20260713230000,SPEAKER_01,6532.88,6534.32,1.44,success,ミスはしょうがない。,success,ミスはしょうがない。,True,10,10,0
,007_obc_13593053_20260713230000_seg_01036,007_obc_13593053_20260713230000,SPEAKER_00,6534.4,6540.88,6.48,success,ミスはあっていいけど、ミスをできるだけ少なくしましょうっていうことを言ってるんですけども、そのミスの内容が一緒だったんで。,success,ミスはあっていいけどミスをできるだけ少なくしましょうっていうことを言ってるんですけどもそのミスの内容が一緒だったんで。,False,61,59,-2
,007_obc_13593053_20260713230000_seg_01037,007_obc_13593053_20260713230000,SPEAKER_00,6543.2,6544.56,1.36,success,ミスはいいんです。,success,ミスはいいんです。,True,9,9,0
,007_obc_13593053_20260713230000_seg_01038,007_obc_13593053_20260713230000,SPEAKER_00,6544.96,6545.76,0.8,success,ミスはいいです。,success,ミスはいいです。,True,8,8,0
,007_obc_13593053_20260713230000_seg_01039,007_obc_13593053_20260713230000,SPEAKER_00,6546.64,6547.52,0.88,success,うそつかないじゃん。,success,うそつかないじゃん。,True,10,10,0
,007_obc_13593053_20260713230000_seg_01040,007_obc_13593053_20260713230000,SPEAKER_00,6547.92,6550.08,2.16,success,パワハラはこの番組にはあります。,success,パワハラはこの番組にはあります。,True,16,16,0
,007_obc_13593053_20260713230000_seg_01041,007_obc_13593053_20260713230000,SPEAKER_00,6552.08,6554.16,2.08,success,月曜日にはパワハラが存在します。,success,月曜日にはパワハラが存在します。,True,16,16,0
,007_obc_13593053_20260713230000_seg_01042,007_obc_13593053_20260713230000,SPEAKER_00,6562.8,6563.68,0.88,success,ありますはい。,success,ありますはい。,True,7,7,0
,007_obc_13593053_20260713230000_seg_01043,007_obc_13593053_20260713230000,SPEAKER_00,6565.28,6567.12,1.84,success,もう嫌やわ、俺。,success,もう嫌やわ俺。,False,8,7,-1
,007_obc_13593053_20260713230000_seg_01044,007_obc_13593053_20260713230000,SPEAKER_00,6568.48,6572.8,4.32,success,そんな恥ずかしいことばっかさせられてんねんな、俺、いっつも。,success,そんな恥ずかしいことばっかさせられてんねんな、俺、いっつも。,True,30,30,0
,007_obc_13593053_20260713230000_seg_01045,007_obc_13593053_20260713230000,SPEAKER_00,6573.52,6581.04,7.52,success,それだけでも俺、もう勉強もでけへんしさ、もうもっとさ、上に上に行きたい思うてんのにさ。,success,それなくても俺もう勉強もでけへんしさもうもっとさ上に上に行きたい思うてんのにさ。,False,43,40,-3
,007_obc_13593053_20260713230000_seg_01046,007_obc_13593053_20260713230000,SPEAKER_00,6583.12,6584.48,1.36,success,しんどい思いして。,success,しんどい思いして。,True,9,9,0
,007_obc_13593053_20260713230000_seg_01047,007_obc_13593053_20260713230000,SPEAKER_00,6585.2,6586.96,1.76,success,ほんとに汗かいてさ。,success,ほんとに汗かいてさ。,True,10,10,0
,007_obc_13593053_20260713230000_seg_01048,007_obc_13593053_20260713230000,SPEAKER_00,6587.52,6590.56,3.04,success,文句言わ、はっしー、はっぴーに電話、朝起こされて。,success,文句言わはっしーはっぺーに電話朝起こされて。,False,25,22,-3
,007_obc_13593053_20260713230000_seg_01049,007_obc_13593053_20260713230000,SPEAKER_00,6591.12,6592.32,1.2,success,いやなことばっかり。,success,嫌なことばっかり。,False,10,9,-1
,007_obc_13593053_20260713230000_seg_01050,007_obc_13593053_20260713230000,SPEAKER_00,6593.2,6596.48,3.28,success,フジモンさんと一緒におるんが一番楽しいな、本当に。,success,フジモンさんと一緒におるんが一番楽しいなほんとに。,False,25,25,0
,007_obc_13593053_20260713230000_seg_01051,007_obc_13593053_20260713230000,SPEAKER_00,6597.6,6598.48,0.88,success,古畑来た!,success,古畑来た!,True,5,5,0
,007_obc_13593053_20260713230000_seg_01052,007_obc_13593053_20260713230000,SPEAKER_00,6598.96,6604.08,5.12,success,古畑、めっちゃテンション上がる、もう古畑楽しい、古畑が好きすぎて。,success,古畑、めっちゃテンション上がる、もう古畑楽しい、古畑が好きすぎて。,True,33,33,0
,007_obc_13593053_20260713230000_seg_01053,007_obc_13593053_20260713230000,SPEAKER_00,6609.12,6610.48,1.36,success,大丈夫全部乾杯大将。,success,ラジオネーム乾発大将。,False,10,11,1
,007_obc_13593053_20260713230000_seg_01054,007_obc_13593053_20260713230000,SPEAKER_00,6611.84,6616.72,4.88,success,僕のベスト古畑は山口智子さんが犯人のフラワーアレンジメントの回です。,success,僕のベスト古畑は山口智子さんが犯人のフラワーアレンジメントの回です。,True,34,34,0
,007_obc_13593053_20260713230000_seg_01055,007_obc_13593053_20260713230000,SPEAKER_00,6617.36,6633.28,15.92,success,山口智子さんが古畑とフラメンコを踊る姿はすごく情熱的かつ妖艶な姿で気付けば心を奪われているのと同時にこの女性には事件には利用されてもいいなと感じてしまいました。,success,山口智子さんが古畑とフラメンコを踊る姿はすごく情熱的かつ妖艶な姿で気付けば心奪われているのと同時にこの女性には事件には利用されてもいいなと感じてしまいました。,False,80,79,-1
,007_obc_13593053_20260713230000_seg_01056,007_obc_13593053_20260713230000,SPEAKER_00,6634.0,6634.8,0.8,success,なるほどな。,success,なるほどな。,True,6,6,0
,007_obc_13593053_20260713230000_seg_01057,007_obc_13593053_20260713230000,SPEAKER_00,6635.44,6640.16,4.72,success,確かにな、あのときの山口智子さん、今もおきれいやけども。,success,確かにな、あのときの山口智子さん、今もおきれいやけども。,True,28,28,0
,007_obc_13593053_20260713230000_seg_01058,007_obc_13593053_20260713230000,SPEAKER_00,6642.32,6643.6,1.28,success,ドキドキするよなぁ。,success,ドキドキするよなぁ。,True,10,10,0
,007_obc_13593053_20260713230000_seg_01059,007_obc_13593053_20260713230000,SPEAKER_00,6644.64,6646.56,1.92,success,第1話あの人誰でしたっけ?,success,第1話あの人誰でしたっけ?,True,13,13,0
,007_obc_13593053_20260713230000_seg_01060,007_obc_13593053_20260713230000,SPEAKER_00,6647.76,6648.96,1.2,success,えっと。,success,えっと。,True,4,4,0
,007_obc_13593053_20260713230000_seg_01061,007_obc_13593053_20260713230000,SPEAKER_00,6650.96,6652.08,1.12,success,中森明菜さんね。,success,中森明菜さんね。,True,8,8,0
,007_obc_13593053_20260713230000_seg_01062,007_obc_13593053_20260713230000,SPEAKER_00,6652.72,6654.4,1.68,success,中森明菜さん、第1話。,success,中森明菜第1話。,False,11,8,-3
,007_obc_13593053_20260713230000_seg_01063,007_obc_13593053_20260713230000,SPEAKER_00,6655.36,6659.04,3.68,success,中森明菜さんもめっちゃきれいやで。,success,中森明菜さんもめっちゃきれいやで。,True,17,17,0
,007_obc_13593053_20260713230000_seg_01064,007_obc_13593053_20260713230000,SPEAKER_01,6660.32,6661.6,1.28,success,すっごい勇気出しただろうね。,success,すっごい勇気出しただろうね。,True,14,14,0
,007_obc_13593053_20260713230000_seg_01065,007_obc_13593053_20260713230000,SPEAKER_00,6661.84,6665.04,3.2,success,今ね、今、耳に、また誰でしたっけ?って聞いたときに、耳から。,success,今ね今耳にまた誰でしたっけ?って聞いた時に耳から。,False,30,25,-5
,007_obc_13593053_20260713230000_seg_01066,007_obc_13593053_20260713230000,SPEAKER_00,6665.68,6667.52,1.84,success,な、な、な、な、中森明菜。,success,な、な、な、な、な、中森明菜。,False,13,15,2
,007_obc_13593053_20260713230000_seg_01067,007_obc_13593053_20260713230000,SPEAKER_00,6670.64,6671.6,0.96,success,ハハハ。,success,フフフフ。,False,4,5,1
,007_obc_13593053_20260713230000_seg_01068,007_obc_13593053_20260713230000,SPEAKER_00,6671.92,6675.52,3.6,success,な、な、中森明菜。,success,なななななな中森明菜。,False,9,11,2
,007_obc_13593053_20260713230000_seg_01069,007_obc_13593053_20260713230000,SPEAKER_00,6682.4,6685.12,2.72,success,西村まさ彦って言ったら。,success,に西村まさ彦!って言ったら。,False,12,14,2
,007_obc_13593053_20260713230000_seg_01070,007_obc_13593053_20260713230000,SPEAKER_00,6689.36,6693.2,3.84,success,中森明菜さんもきれいかったな、あれ。,success,中森明菜さんもきれいかったな、あれ。,True,18,18,0
,007_obc_13593053_20260713230000_seg_01071,007_obc_13593053_20260713230000,SPEAKER_00,6695.28,6699.04,3.76,success,鈴木保奈美さんもきれいやったな、さっきも言ったけど、俺、ねぇ。,success,鈴木保奈美さんもきれいやったなさっきも言ったけど俺ね。,False,31,27,-4
,007_obc_13593053_20260713230000_seg_01072,007_obc_13593053_20260713230000,SPEAKER_00,6699.84,6701.12,1.28,success,あれいいよな。,success,あれいいよな。,True,7,7,0
,007_obc_13593053_20260713230000_seg_01073,007_obc_13593053_20260713230000,SPEAKER_01,6702.64,6704.0,1.36,success,幸也さんが第1番。,success,余計なのが第1番。,False,9,9,0
,007_obc_13593053_20260713230000_seg_01074,007_obc_13593053_20260713230000,SPEAKER_00,6704.48,6706.16,1.68,success,第1位中森明菜さんちゃいます?,success,第1位中森明菜さんちゃいます?,True,15,15,0
,007_obc_13593053_20260713230000_seg_01075,007_obc_13593053_20260713230000,SPEAKER_01,6706.4,6707.04,0.64,success,オランダの代表。,success,前の代表。,False,8,5,-3
,007_obc_13593053_20260713230000_seg_01076,007_obc_13593053_20260713230000,SPEAKER_00,6707.04,6708.88,1.84,success,うん中森明菜さんが。,success,うん中森明菜さんが。,True,10,10,0
,007_obc_13593053_20260713230000_seg_01077,007_obc_13593053_20260713230000,SPEAKER_00,6709.92,6724.0,14.08,success,えーっと、倉庫かなんかで、なんか、本棚かなんかのやつで、ばーんってやるのよね、それもきれいな人やな、もうきれいな人、ばり出てくるからね、古畑任三郎。,success,えっと、倉庫かなんかで、なんか、本棚かなんかのやつで、ばーんってやんのよね、それもきれいな人やな、もうきれいな人、ばり出てくるからね、古畑任三郎。,False,74,73,-1
,007_obc_13593053_20260713230000_seg_01078,007_obc_13593053_20260713230000,SPEAKER_00,6725.76,6726.48,0.72,success,ビタニー。,success,ビタニ。,False,5,4,-1
,007_obc_13593053_20260713230000_seg_01079,007_obc_13593053_20260713230000,SPEAKER_00,6726.88,6742.72,15.84,success,さんか、これね、三谷さんが最初にさ、始まるときにさ、なんか、ああ、なんとか何とかとか、なんとかはなんとかでどうでしょうみたいな、全然始まっていくやんか、最初に、そこで古畑が。,success,参加、これね、三谷さんが最初にさ、始まるときにさ、なんか、ああ、何とか何とかとか、何とかは何とかでどうでしょうみたいな、全然始まっていくやんか、最初に、そこで古畑があの。,False,87,85,-2
,007_obc_13593053_20260713230000_seg_01080,007_obc_13593053_20260713230000,SPEAKER_00,6744.0,6745.52,1.52,success,なんかハガキ読むときあんねん。,success,何かハガキ読む時あんねん。,False,15,13,-2
,007_obc_13593053_20260713230000_seg_01081,007_obc_13593053_20260713230000,SPEAKER_00,6746.16,6755.92,9.76,success,それは当時、あれなかったから、はがきで、なんかね、アンチが来てんて、そのアンチのはがきを読み上げるとこあって、それ。,success,それは当時あれなかったからはがきでなんかねアンチが来てんってそのアンチのはがきを読み上げるとこあってそれ。,False,58,53,-5
,007_obc_13593053_20260713230000_seg_01082,007_obc_13593053_20260713230000,SPEAKER_00,6756.56,6757.36,0.8,success,すっごい。,success,すっごい!,False,5,5,0
,007_obc_13593053_20260713230000_seg_01083,007_obc_13593053_20260713230000,SPEAKER_01,6757.76,6759.84,2.08,success,何に対する?,success,何に対する?,True,6,6,0
,007_obc_13593053_20260713230000_seg_01084,007_obc_13593053_20260713230000,SPEAKER_00,6760.0,6766.96,6.96,success,最初って、なんか、別になんか、まあ言うたら、どうでもいい話みたいな、ここ、小話みたいなの、最初するの覚えてない?,success,最初って、なんか、別になんか、まあ、言うたら、どうでもいい話みたいな、ここ、小話みたいなの最初するの覚えてない?,False,56,56,0
,007_obc_13593053_20260713230000_seg_01085,007_obc_13593053_20260713230000,SPEAKER_01,6767.2,6769.84,2.64,success,でも本編につながるじゃないですかその最初の。,success,でも本編につながるじゃないですかその最初の。,True,22,22,0
,007_obc_13593053_20260713230000_seg_01086,007_obc_13593053_20260713230000,SPEAKER_00,6769.92,6772.72,2.8,success,いや、それはつながらへん、それはただ単に。,success,いやそれはつながらへんそれはただ単に。,False,21,19,-2
,007_obc_13593053_20260713230000_seg_01087,007_obc_13593053_20260713230000,SPEAKER_01,6772.72,6775.52,2.8,success,よくある、てっててって。,success,よくあるテッテッテテッテッて。,False,12,15,3
,007_obc_13593053_20260713230000_seg_01088,007_obc_13593053_20260713230000,SPEAKER_00,6775.6,6781.04,5.44,success,最初、最初ね、スタートね、なんか、うん、それで、つながらんやつ話とかも結構あんのよ。,success,最初、最初ね、スタートね、なんかうん、それで、つながらんやつ話とかも結構あんのよ。,False,42,41,-1
,007_obc_13593053_20260713230000_seg_01089,007_obc_13593053_20260713230000,SPEAKER_01,6781.12,6782.08,0.96,success,はがきは。,success,はがきはね。,False,5,6,1
,007_obc_13593053_20260713230000_seg_01090,007_obc_13593053_20260713230000,SPEAKER_01,6782.64,6783.52,0.88,success,に対してと。,success,に対してと。,True,6,6,0
,007_obc_13593053_20260713230000_seg_01091,007_obc_13593053_20260713230000,SPEAKER_00,6784.08,6790.4,6.32,success,普通に俺、聞いたのは、三谷さんがほんまに腹立ってんて、だから読んでんて。,success,普通に俺、聞いたのは、三谷さんがほんまに腹立ってんて、だから読んでんて。,True,36,36,0
,007_obc_13593053_20260713230000_seg_01092,007_obc_13593053_20260713230000,SPEAKER_01,6790.8,6791.36,0.56,success,それは。,success,それは。,True,4,4,0
,007_obc_13593053_20260713230000_seg_01093,007_obc_13593053_20260713230000,SPEAKER_01,6793.12,6794.56,1.44,success,田村正和としてはどういうこと?,success,だから正和としてはということ。,False,15,15,0
,007_obc_13593053_20260713230000_seg_01094,007_obc_13593053_20260713230000,SPEAKER_00,6794.8,6802.56,7.76,success,そう、だから、オープニング、こんな感じでいきたいです、たぶん言ったんやろうな、ほんで、古畑さん、田村さんにこれを。,success,そう、だから、オープニング、こんな感じでいきたいです、たぶん言ったんやろうな、ほんで、古畑さん、田村さんにこれを。,True,57,57,0
,007_obc_13593053_20260713230000_seg_01095,007_obc_13593053_20260713230000,SPEAKER_00,6802.96,6807.04,4.08,success,もうたぶんむかついたろうな、三谷さん的には。,success,もう多分むかついたろうな三谷さん的には。,False,22,20,-2
,007_obc_13593053_20260713230000_seg_01096,007_obc_13593053_20260713230000,SPEAKER_00,6807.76,6808.72,0.96,success,何やったっけな?,success,何やったっけな。,False,8,8,0
,007_obc_13593053_20260713230000_seg_01097,007_obc_13593053_20260713230000,SPEAKER_00,6809.44,6810.16,0.72,success,えっとね。,success,えっとね。,True,5,5,0
,007_obc_13593053_20260713230000_seg_01098,007_obc_13593053_20260713230000,SPEAKER_00,6810.4,6826.16,15.76,success,事件のこの真相というか、からくりとかっていうのが、いや、これはこうこうこうやから、ありえないみたいなクレームが来てんて、クレームというか、アンチをな、そんなん気付かへんわけないみたいな感じの、それを。,success,えっとね、事件のこの真相というか、からくりとかっていうのが、いや、これはこうこうこうやから、ありえないみたいなクレームが来てんて、クレームというか、アンチをな、そんなん気付かへんわけないみたいな感じのこと、それを。,False,100,107,7
,007_obc_13593053_20260713230000_seg_01099,007_obc_13593053_20260713230000,SPEAKER_00,6826.64,6835.12,8.48,success,こいつ、ほんま、腹立つな、たぶんなったらしいねん、それを読むわ、じゃあ、これって言って、ありえへんやん、ほな、はがき、読み上げて。,success,こいつ、ほんま、腹立つな、たぶんなったらしいねん、それを読むわ、じゃあ、これって言って、ありえへんやん、こんなはがき、読み上げて。,False,65,65,0
,007_obc_13593053_20260713230000_seg_01100,007_obc_13593053_20260713230000,SPEAKER_00,6836.08,6839.04,2.96,success,おもろない、だからめっちゃ気強いよな。,success,おもろない、だからめっちゃ気ぃ強いよな。,False,19,20,1
,007_obc_13593053_20260713230000_seg_01101,007_obc_13593053_20260713230000,SPEAKER_00,6839.76,6859.52,19.76,success,それがもう、めっちゃすごいなっていう、三谷さんやなっていう、普通にだから、こういう、今でいうxとかがないから、xのコメントとかも、今もやってんのか、xやってるのか知らんけど、めっちゃむかつくんやろな、自分の作品に、じゃあ、見んなやとかって思っちゃうんやろ。,success,それがもうめっちゃすごいなっていう三谷さんやなっていう普通にだからこういう今で言うxとかがないからxのコメントとかも今もやってんのかxやってるのか知らんけどめっちゃむかつくんやろな自分の作品にじゃあ見んなやとかって思っちゃうんやろな。,False,128,117,-11
,007_obc_13593053_20260713230000_seg_01102,007_obc_13593053_20260713230000,SPEAKER_00,6860.8,6864.96,4.16,success,それがね、いいんですよ、古畑はもう、イチローのやつ見た。,success,それがねいいんですよ古畑はもうイチローのやつ見た。,False,28,25,-3
,007_obc_13593053_20260713230000_seg_01103,007_obc_13593053_20260713230000,SPEAKER_00,6865.68,6870.379736,4.7,success,千代のやつはもうまあ、有名よな、一応ね、ほんでな、俺、この間。,success,一郎のやつはもうまあ有名よな一応ね。,False,31,18,-13
,007_obc_13593053_20260713230000_seg_01104,007_obc_13593053_20260713230000,SPEAKER_00,6872.64,6874.219824,1.58,success,フロアの話まだしたい。,success,フロアの話まだしたい。,True,11,11,0
,007_obc_13593053_20260713230000_seg_01105,007_obc_13593053_20260713230000,SPEAKER_01,6880.72,6881.6,0.88,success,ピンクのうそから出た。,success,ピンクのうそから出た。,True,11,11,0
,007_obc_13593053_20260713230000_seg_01106,007_obc_13593053_20260713230000,SPEAKER_00,6886.88,6890.059912,3.18,success,さあ生むんだキラキラと輝く金言!,success,さあ生むんだキラキラと輝く金言!,True,16,16,0
,007_obc_13593053_20260713230000_seg_01107,007_obc_13593053_20260713230000,SPEAKER_03,6903.28,6904.939795,1.66,success,思い出の夏の歌のリクエストを。,success,思い出の夏の歌のリクエストを。,True,15,15,0
,007_obc_13593053_20260713230000_seg_01108,007_obc_13593053_20260713230000,SPEAKER_03,6910.96,6911.66001,0.7,success,トススペシャルは。,success,スペシャルは。,False,9,7,-2
,007_obc_13593053_20260713230000_seg_01109,007_obc_13593053_20260713230000,SPEAKER_03,6915.28,6916.4,1.12,success,ってきいてください。,success,きいてください。,False,10,8,-2
,007_obc_13593053_20260713230000_seg_01110,007_obc_13593053_20260713230000,SPEAKER_02,6926.8,6927.499854,0.7,success,960円。,success,960年。,False,5,5,0
,007_obc_13593053_20260713230000_seg_01111,007_obc_13593053_20260713230000,SPEAKER_02,6933.04,6934.219824,1.18,success,このような軽やかなメロディー。,success,このような軽やかなメロディー。,True,15,15,0
,007_obc_13593053_20260713230000_seg_01112,007_obc_13593053_20260713230000,SPEAKER_02,6967.6,6968.299658,0.7,success,おたかがあります。,success,おたかがあります。,True,9,9,0
,007_obc_13593053_20260713230000_seg_01113,007_obc_13593053_20260713230000,SPEAKER_00,6992.56,6997.099951,4.54,success,サクラバシ919そろそろお別れのお時間です。,success,サクラバシ919そろそろお別れのお時間です。,True,22,22,0
,007_obc_13593053_20260713230000_seg_01114,007_obc_13593053_20260713230000,SPEAKER_00,6999.36,7008.619971,9.26,success,そして今週の放送は放送終了後から1週間アーカイブ配信で見ることができますそして明日火曜日は相席スタート山添カンの桜橋休日。,success,そして今週の放送は放送終了後から1週間アーカイブ配信で見ることができますそして明日火曜日は相席スタート山添カンの桜橋休一。,False,61,61,0
,007_obc_13593053_20260713230000_seg_01115,007_obc_13593053_20260713230000,SPEAKER_02,7023.76,7024.459814,0.7,success,でようきゅう。,success,でようひ。,False,7,5,-2
,007_obc_13593053_20260713230000_seg_01116,007_obc_13593053_20260713230000,SPEAKER_02,7025.68,7027.36,1.68,success,ビデオ確認をする。,success,ビデオ確認をする。,True,9,9,0
,007_obc_13593053_20260713230000_seg_01117,007_obc_13593053_20260713230000,SPEAKER_02,7030.0,7030.700049,0.7,success,だけあり。,success,だけあり。,True,5,5,0
,007_obc_13593053_20260713230000_seg_01118,007_obc_13593053_20260713230000,SPEAKER_02,7037.36,7038.859717,1.5,success,ええやんいやええわ僕ええわ。,success,ええやんいやええわ僕ええわ。,True,14,14,0
,007_obc_13593053_20260713230000_seg_01119,007_obc_13593053_20260713230000,SPEAKER_00,7068.88,7069.44,0.56,success,あの。,success,あの。,True,3,3,0
,007_obc_13593053_20260713230000_seg_01120,007_obc_13593053_20260713230000,SPEAKER_00,7077.52,7079.180029,1.66,success,ルビーにチャレンジせよ。,success,ルビーにチャレンジせよ。,True,12,12,0
,007_obc_13593053_20260713230000_seg_01121,007_obc_13593053_20260713230000,SPEAKER_00,7090.0,7092.13999,2.14,success,俺も意味分からん、ラグビーのルールも分からん。,success,俺も意味分からんラグビーのルールも分からん。,False,23,22,-1
,007_obc_13593053_20260713230000_seg_01122,007_obc_13593053_20260713230000,SPEAKER_00,7093.84,7094.539893,0.7,success,エキューにボーイ。,success,牛乳ボーイ。,False,9,6,-3
,007_obc_13593053_20260713230000_seg_01123,007_obc_13593053_20260713230000,SPEAKER_00,7095.76,7102.56,6.8,success,メジャーリーグではチャレンジと言うみたいです、スタッフさんを間違いとは否定できません。,success,メジャーリーグではチャレンジというみたいです、スタッフさんを間違いとは否定できません、ごめん、合ってたんかい!,False,43,55,12
,007_obc_13593053_20260713230000_seg_01124,007_obc_13593053_20260713230000,SPEAKER_00,7114.0,7116.619971,2.62,success,はい、ここまではじゃあ、おみくじシューシュでした、ありがとうございました。,success,はいここまではじゃあおみくじ失礼したありがとうございました。,False,37,30,-7
,007_obc_13593053_20260713230000_seg_01125,007_obc_13593053_20260713230000,SPEAKER_02,7145.76,7146.859717,1.1,success,朝9時からよいスタート。,success,朝9時から4時。,False,12,8,-4
,007_obc_13593053_20260713230000_seg_01126,007_obc_13593053_20260713230000,SPEAKER_02,7150.0,7150.700049,0.7,success,僕68。,success,僕68。,True,4,4,0
,007_obc_13593053_20260713230000_seg_01127,007_obc_13593053_20260713230000,SPEAKER_02,7155.76,7156.459814,0.7,success,私。,success,私。,True,2,2,0
,007_obc_13593053_20260713230000_seg_01128,007_obc_13593053_20260713230000,SPEAKER_02,7158.099756,7158.859717,0.76,success,ラジオ大阪でやる。,success,ラジオ大阪でやる!,False,9,9,0
,007_obc_13593053_20260713230000_seg_01129,007_obc_13593053_20260713230000,SPEAKER_02,7160.019678,7160.779639,0.76,success,土曜日。,success,曜日。,False,4,3,-1
,007_obc_13593053_20260713230000_seg_01130,007_obc_13593053_20260713230000,SPEAKER_02,7168.24,7169.419775,1.18,success,大阪も!,success,大阪も!,True,4,4,0
,007_obc_13593053_20260713230000_seg_01131,007_obc_13593053_20260713230000,SPEAKER_03,7184.32,7197.6,13.28,success,隣の客はよく書きクイックラジオ大阪はfmクイックこのくぎは引き抜きにクイックラジオ大阪はfmクイックラジオ大阪はfmクイック91てん9メガヘルツでもクリアにお聴きいただけます。,success,隣の客はよく書きクイックラジオ大阪はfmクイックこのくぎは引き抜きにクイックラジオ大阪はfmクイックラジオ大阪はfmクイック91てん9メガヘルツでもクリアにお聴きいただけます。,True,88,88,0
,007_obc_13593053_20260713230000_seg_01132,007_obc_13593053_20260713230000,SPEAKER_03,7197.84,7198.88,1.04,success,1時です。,success,1時です。,True,5,5,0
