segment_index,segment_id,target_id,speaker,start_sec,end_sec,duration_sec,parakeet_exact_status,parakeet_exact_text,parakeet_silence2_status,parakeet_silence2_text,texts_match,exact_chars,silence2_chars,char_diff
,008_kbs_13584331_20260711150000_seg_00000,008_kbs_13584331_20260711150000,SPEAKER_00,9.459999,10.219999,0.76,success,元から!,success,元カレ!,False,4,4,0
,008_kbs_13584331_20260711150000_seg_00001,008_kbs_13584331_20260711150000,SPEAKER_00,16.179999,20.3,4.12,success,活時にお届けする元から龍馬落語家の桂龍馬です。,success,夏時にお届けする元から龍馬落語家の桂龍馬です。,False,23,23,0
,008_kbs_13584331_20260711150000_seg_00002,008_kbs_13584331_20260711150000,SPEAKER_01,25.36,26.059999,0.7,success,隔週だよ。,success,学習で言うと。,False,5,7,2
,008_kbs_13584331_20260711150000_seg_00003,008_kbs_13584331_20260711150000,SPEAKER_01,28.179999,30.859999,2.68,success,そのメッセージも紹介しながら進めていく番組。,success,そのメッセージも紹介しながら進めていく番組。,True,22,22,0
,008_kbs_13584331_20260711150000_seg_00004,008_kbs_13584331_20260711150000,SPEAKER_00,44.02,45.259999,1.24,success,今まで持ってらっしゃらなかった。,success,今まで持ってらっしゃらなかったものを。,False,16,19,3
,008_kbs_13584331_20260711150000_seg_00005,008_kbs_13584331_20260711150000,SPEAKER_01,51.219997,51.76,0.54,success,プル。,success,プル。,True,3,3,0
,008_kbs_13584331_20260711150000_seg_00006,008_kbs_13584331_20260711150000,SPEAKER_01,61.36,62.059998,0.7,success,あるいは。,success,である家。,False,5,5,0
,008_kbs_13584331_20260711150000_seg_00007,008_kbs_13584331_20260711150000,SPEAKER_00,75.76,77.76,2.0,success,サックス自体はそんなによくない。,success,はいはいサックス自体はそんなによくない。,False,16,20,4
,008_kbs_13584331_20260711150000_seg_00008,008_kbs_13584331_20260711150000,SPEAKER_01,80.08,81.260001,1.18,success,だから箱が結構だから。,success,だから箱が結構だから。,True,11,11,0
,008_kbs_13584331_20260711150000_seg_00009,008_kbs_13584331_20260711150000,SPEAKER_01,84.56,87.020003,2.46,success,で、重いなと、帰りにちょっと。,success,で重いなとで帰りにちょっと。,False,15,14,-1
,008_kbs_13584331_20260711150000_seg_00010,008_kbs_13584331_20260711150000,SPEAKER_01,89.68,90.56,0.88,success,買って帰るとか。,success,買って帰るとか。,True,8,8,0
,008_kbs_13584331_20260711150000_seg_00011,008_kbs_13584331_20260711150000,SPEAKER_01,90.96,92.300002,1.34,success,もうちょっとしんどいって。,success,もうちょっとしんどいって。,True,13,13,0
,008_kbs_13584331_20260711150000_seg_00012,008_kbs_13584331_20260711150000,SPEAKER_01,100.72,101.44,0.72,success,関しまして。,success,関しまして。,True,6,6,0
,008_kbs_13584331_20260711150000_seg_00013,008_kbs_13584331_20260711150000,SPEAKER_01,101.84,102.72,0.88,success,買いました。,success,買いました。,True,6,6,0
,008_kbs_13584331_20260711150000_seg_00014,008_kbs_13584331_20260711150000,SPEAKER_00,102.72,103.68,0.96,success,ああ。,success,ああ!,False,3,3,0
,008_kbs_13584331_20260711150000_seg_00015,008_kbs_13584331_20260711150000,SPEAKER_01,103.76,106.08,2.32,success,体感2キロぐらい軽くなった。,success,体感2キロぐらい軽くなったんですよ。,False,14,18,4
,008_kbs_13584331_20260711150000_seg_00016,008_kbs_13584331_20260711150000,SPEAKER_01,108.4,110.48,2.08,success,よかったけばよかったと思って。,success,買っとけばよかったと思って。,False,15,14,-1
,008_kbs_13584331_20260711150000_seg_00017,008_kbs_13584331_20260711150000,SPEAKER_00,110.72,112.32,1.6,success,これは楽器屋さんで買ったんですか?,success,これは楽器屋さんで買ったんですか?,True,17,17,0
,008_kbs_13584331_20260711150000_seg_00018,008_kbs_13584331_20260711150000,SPEAKER_01,112.32,113.9,1.58,success,いえ、ネットで買ったんですけど。,success,いええっとネットで買ったんですけど。,False,16,18,2
,008_kbs_13584331_20260711150000_seg_00019,008_kbs_13584331_20260711150000,SPEAKER_01,135.76,136.45999,0.7,success,まだ価格で買って。,success,ほな価格で買って。,False,9,9,0
,008_kbs_13584331_20260711150000_seg_00020,008_kbs_13584331_20260711150000,SPEAKER_00,140.08,140.88,0.8,success,そうですよね。,success,そうですよね。,True,7,7,0
,008_kbs_13584331_20260711150000_seg_00021,008_kbs_13584331_20260711150000,SPEAKER_00,141.2,142.32,1.12,success,地下にはい。,success,いかにはい。,False,6,6,0
,008_kbs_13584331_20260711150000_seg_00022,008_kbs_13584331_20260711150000,SPEAKER_01,142.72,144.619994,1.9,success,私が今買ったものは額。,success,私が今買ったものは額。,True,11,11,0
,008_kbs_13584331_20260711150000_seg_00023,008_kbs_13584331_20260711150000,SPEAKER_01,148.72,149.419997,0.7,success,2人は知らない。,success,2人も知らん。,False,8,7,-1
,008_kbs_13584331_20260711150000_seg_00024,008_kbs_13584331_20260711150000,SPEAKER_00,150.64,151.76,1.12,success,オールインワン。,success,オールインワン。,True,8,8,0
,008_kbs_13584331_20260711150000_seg_00025,008_kbs_13584331_20260711150000,SPEAKER_01,155.44,156.16,0.72,success,思いつつ。,success,思いつつ。,True,5,5,0
,008_kbs_13584331_20260711150000_seg_00026,008_kbs_13584331_20260711150000,SPEAKER_01,156.56,157.76,1.2,success,よかったなって。,success,よかったなって。,True,8,8,0
,008_kbs_13584331_20260711150000_seg_00027,008_kbs_13584331_20260711150000,SPEAKER_01,158.48,160.72,2.24,success,出るので、ちょっとあとでまた龍馬さんに。,success,出るのでちょっとあとでまた龍馬さんに。,False,20,19,-1
,008_kbs_13584331_20260711150000_seg_00028,008_kbs_13584331_20260711150000,SPEAKER_01,161.04,165.28,4.24,success,これ買ってよかったなって思ってるものとか、ちょっと聞いてみたいなと思って。,success,これ買ってよかったなって思ってるものとかちょっと聞いてみたいなと思って。,False,37,36,-1
,008_kbs_13584331_20260711150000_seg_00029,008_kbs_13584331_20260711150000,SPEAKER_00,166.16,167.44,1.28,success,これ買ってよかった。,success,ああこれ買ってよかった。,False,10,12,2
,008_kbs_13584331_20260711150000_seg_00030,008_kbs_13584331_20260711150000,SPEAKER_00,167.84,168.72,0.88,success,あっちょっと。,success,あっちょっと。,True,7,7,0
,008_kbs_13584331_20260711150000_seg_00031,008_kbs_13584331_20260711150000,SPEAKER_00,171.44,172.939993,1.5,success,いろいろあります、大木君も。,success,はいいろいろありますよ僕も。,False,14,14,0
,008_kbs_13584331_20260711150000_seg_00032,008_kbs_13584331_20260711150000,SPEAKER_00,174.099992,176.299994,2.2,success,さあこれは2人でお届けするのも。,success,これは2人でお届けするマッチョ!,False,16,16,0
,008_kbs_13584331_20260711150000_seg_00033,008_kbs_13584331_20260711150000,SPEAKER_00,178.419992,179.179991,0.76,success,お楽しみくださいませ。,success,お楽しみくださいませ。,True,11,11,0
,008_kbs_13584331_20260711150000_seg_00034,008_kbs_13584331_20260711150000,SPEAKER_00,180.819994,181.36,0.54,success,パパと。,success,パパと。,True,4,4,0
,008_kbs_13584331_20260711150000_seg_00035,008_kbs_13584331_20260711150000,SPEAKER_01,181.36,182.56,1.2,success,向井亜紀でもモモ。,success,向井亜でも。,False,9,6,-3
,008_kbs_13584331_20260711150000_seg_00036,008_kbs_13584331_20260711150000,SPEAKER_00,185.68,187.339995,1.66,success,アキ先生でお届けします。,success,阿木先生にお届けします。,False,12,12,0
,008_kbs_13584331_20260711150000_seg_00037,008_kbs_13584331_20260711150000,SPEAKER_01,194.32,197.419997,3.1,success,不安しかありませんが、そこはしっかりお話を。,success,ちょっと不安しかありませんがそこはしっかりお話を。,False,22,25,3
,008_kbs_13584331_20260711150000_seg_00038,008_kbs_13584331_20260711150000,SPEAKER_00,198.64,201.259993,2.62,success,サーリスナーの皆様もお楽しみに!,success,さあリスナーの皆様もお楽しみに!,False,16,16,0
,008_kbs_13584331_20260711150000_seg_00039,008_kbs_13584331_20260711150000,SPEAKER_02,217.6,219.499991,1.9,success,今日が守られ続いていくように。,success,過去が守られ続いていくように。,False,15,15,0
,008_kbs_13584331_20260711150000_seg_00040,008_kbs_13584331_20260711150000,SPEAKER_02,223.12,224.08,0.96,success,ました。,success,いました。,False,4,5,1
,008_kbs_13584331_20260711150000_seg_00041,008_kbs_13584331_20260711150000,SPEAKER_02,225.04,226.219992,1.18,success,tbs京都は。,success,kbs京都は。,False,7,7,0
,008_kbs_13584331_20260711150000_seg_00042,008_kbs_13584331_20260711150000,SPEAKER_02,229.36,231.12,1.76,success,ムーブメントをクローズアップ。,success,ムーブメントをクローズアップ。,True,15,15,0
,008_kbs_13584331_20260711150000_seg_00043,008_kbs_13584331_20260711150000,SPEAKER_02,234.64,238.219992,3.58,success,今日からあなたもsdgsを始めませんか?,success,今日からあなたもsdgsを始めませんか?,True,20,20,0
,008_kbs_13584331_20260711150000_seg_00044,008_kbs_13584331_20260711150000,SPEAKER_02,245.2,245.899992,0.7,success,しています。,success,しています。,True,6,6,0
,008_kbs_13584331_20260711150000_seg_00045,008_kbs_13584331_20260711150000,SPEAKER_00,275.04,277.099997,2.06,success,その楽器のケースで思い出したんですけど。,success,その楽器のケースで思い出したんですけど。,True,20,20,0
,008_kbs_13584331_20260711150000_seg_00046,008_kbs_13584331_20260711150000,SPEAKER_00,281.2,291.44,10.24,success,楽器のケースを、ギターケースとか、ベースのケースだとか、ドラムやったら、そのドラムセット全部は持ち運べないので、例えば。,success,楽器のケースをまあギターケースとかベースのケースだとかドラムやったらそのドラムセット全部は持ち運べないので例えば。,False,60,57,-3
,008_kbs_13584331_20260711150000_seg_00047,008_kbs_13584331_20260711150000,SPEAKER_00,291.92,296.96,5.04,success,ペダル、バスドラムを踏むためのペダルケースとか、スネアケース。,success,ペダルバスドラムを踏むためのペダルケースとかスネアケースを。,False,31,30,-1
,008_kbs_13584331_20260711150000_seg_00048,008_kbs_13584331_20260711150000,SPEAKER_00,297.36,305.84,8.48,success,買うわけですよね、ギターケースも初め、ついてくるソフトケースいうて、付属やから、ちょっとちゃちというか。,success,買うわけですよねでギターケースも初めついてくるソフトケースいうてまあ付属やからちょっとちゃちというか。,False,52,51,-1
,008_kbs_13584331_20260711150000_seg_00049,008_kbs_13584331_20260711150000,SPEAKER_00,307.04,308.0,0.96,success,あるけど。,success,あるけど。,True,5,5,0
,008_kbs_13584331_20260711150000_seg_00050,008_kbs_13584331_20260711150000,SPEAKER_00,308.4,312.64,4.24,success,やっぱりそうやってねちゃんとしたギターケースを買ったりだとかして。,success,やっぱりそうやってねちゃんとしたギターケースを買ったりだとかして。,True,33,33,0
,008_kbs_13584331_20260711150000_seg_00051,008_kbs_13584331_20260711150000,SPEAKER_00,313.2,317.44,4.24,success,ライブとか出るじゃないですかそしたらライブ行ったら。,success,えライブとか出るじゃないですかそしたらライブ行ったら。,False,26,27,1
,008_kbs_13584331_20260711150000_seg_00052,008_kbs_13584331_20260711150000,SPEAKER_00,317.84,320.96,3.12,success,いわゆる楽屋に入るようなパスみたいなんをもらえるんですよね。,success,いわゆるこう楽屋に入る用のパスみたいなんをもらえるんですよね。,False,30,31,1
,008_kbs_13584331_20260711150000_seg_00053,008_kbs_13584331_20260711150000,SPEAKER_00,321.2,330.56,9.36,success,ステッカーみたいなやつですね、それをですね、ケースに貼るのが、ステータスというか、俺もバンドマンの一歩を踏み出したなってなって。,success,ステッカーみたいなやつですねそれをですねケースに貼るのがステータスというか俺もバンドマンの一歩を踏み出したなってなる。,False,64,59,-5
,008_kbs_13584331_20260711150000_seg_00054,008_kbs_13584331_20260711150000,SPEAKER_01,331.12,332.08,0.96,success,コロナ。,success,コロナ。,True,4,4,0
,008_kbs_13584331_20260711150000_seg_00055,008_kbs_13584331_20260711150000,SPEAKER_00,332.56,335.28,2.72,success,スケーツのパスが。,success,スケーツのそのパスが。,False,9,11,2
,008_kbs_13584331_20260711150000_seg_00056,008_kbs_13584331_20260711150000,SPEAKER_00,336.0,337.28,1.28,success,だんだん増えていくわけです。,success,だんだん増えていくわけです。,True,14,14,0
,008_kbs_13584331_20260711150000_seg_00057,008_kbs_13584331_20260711150000,SPEAKER_01,337.6,338.16,0.56,success,うん。,success,うん。,True,3,3,0
,008_kbs_13584331_20260711150000_seg_00058,008_kbs_13584331_20260711150000,SPEAKER_00,338.48,343.12,4.64,success,それで何かこうねもうこれもついにライブバンドかみたいな。,success,それで何かこうねもうこれもついにライブバンドかみたいな。,True,28,28,0
,008_kbs_13584331_20260711150000_seg_00059,008_kbs_13584331_20260711150000,SPEAKER_00,343.84,344.96,1.12,success,な気になるわけです。,success,泣きになるわけです。,False,10,10,0
,008_kbs_13584331_20260711150000_seg_00060,008_kbs_13584331_20260711150000,SPEAKER_01,345.2,345.84,0.64,success,ええ。,success,うん。,False,3,3,0
,008_kbs_13584331_20260711150000_seg_00061,008_kbs_13584331_20260711150000,SPEAKER_00,346.32,347.76,1.44,success,カスタマイズはするんですか?,success,カスタマイズはするんですか?,True,14,14,0
,008_kbs_13584331_20260711150000_seg_00062,008_kbs_13584331_20260711150000,SPEAKER_01,348.96,352.96,4.0,success,それはね、特に考えてないんですが、ハードケースじゃないんですよ、私が持ってるの。,success,特に考えてないんですがハードケースじゃないんですよ私が持ってるの。,False,40,33,-7
,008_kbs_13584331_20260711150000_seg_00063,008_kbs_13584331_20260711150000,SPEAKER_01,353.84,354.96,1.12,success,何だろうキルティングみたいな。,success,何だろうキルティングみたいな。,True,15,15,0
,008_kbs_13584331_20260711150000_seg_00064,008_kbs_13584331_20260711150000,SPEAKER_01,355.76,358.8,3.04,success,なので、ちょっとステッカー貼ったりとかは難しいかな。,success,なのでちょっとステッカー貼ったりとかは難しいかな。,False,26,25,-1
,008_kbs_13584331_20260711150000_seg_00065,008_kbs_13584331_20260711150000,SPEAKER_00,359.84,361.28,1.44,success,あのそういう。,success,あのそういう。,True,7,7,0
,008_kbs_13584331_20260711150000_seg_00066,008_kbs_13584331_20260711150000,SPEAKER_00,362.24,365.84,3.6,success,自分の持ち物に自分なりのカスタマイズする人。,success,自分の持ち物に自分なりのカスタマイズする人。,True,22,22,0
,008_kbs_13584331_20260711150000_seg_00067,008_kbs_13584331_20260711150000,SPEAKER_01,366.08,368.72,2.64,success,いや私はしない方だと思います。,success,いや私はしない方だと思う。,False,15,13,-2
,008_kbs_13584331_20260711150000_seg_00068,008_kbs_13584331_20260711150000,SPEAKER_01,370.32,372.72,2.4,success,遼河さんされるほうですよね?,success,明賀さんされる方ですよね?,False,14,13,-1
,008_kbs_13584331_20260711150000_seg_00069,008_kbs_13584331_20260711150000,SPEAKER_00,372.8,374.08,1.28,success,いや僕基本的にしないです。,success,いや僕基本的にしないです。,True,13,13,0
,008_kbs_13584331_20260711150000_seg_00070,008_kbs_13584331_20260711150000,SPEAKER_01,374.48,378.0,3.52,success,ですか、なんかあのanaのね、キーホルダーいっぱいついてたりとか。,success,なんかあのanaのねキーホルダーいっぱいついてたりとか。,False,33,28,-5
,008_kbs_13584331_20260711150000_seg_00071,008_kbs_13584331_20260711150000,SPEAKER_01,380.0,382.0,2.0,success,そこからそうかなって思ったんですけど。,success,そこからそうかなって思ったんですけど。,True,19,19,0
,008_kbs_13584331_20260711150000_seg_00072,008_kbs_13584331_20260711150000,SPEAKER_00,382.08,386.64,4.56,success,昔はしてたな、そら、昔してましたわ、昔はしてました、もうそんなこと。,success,昔はしてたなそら昔してましたわ昔はしてましたもん。,False,34,25,-9
,008_kbs_13584331_20260711150000_seg_00073,008_kbs_13584331_20260711150000,SPEAKER_00,387.36,392.72,5.36,success,もうねそれこそ買ってよかったもんじゃないですけども最近は。,success,もうねそれこそ買ってよかったもんじゃないですけども最近はもう。,False,29,31,2
,008_kbs_13584331_20260711150000_seg_00074,008_kbs_13584331_20260711150000,SPEAKER_00,393.28,397.580008,4.3,success,そういうカスタマイズと真逆の方向に行ってる。,success,そういうカスタマイズと真逆の方向に行ってる。,True,22,22,0
,008_kbs_13584331_20260711150000_seg_00075,008_kbs_13584331_20260711150000,SPEAKER_00,399.12,402.8,3.68,success,もう靴下も、もう黒の靴下でええわみたいなね。,success,もう靴下も黒の靴下でええわみたいなね。,False,22,19,-3
,008_kbs_13584331_20260711150000_seg_00076,008_kbs_13584331_20260711150000,SPEAKER_01,402.8,403.52,0.72,success,うんうん。,success,はあはあはあ。,False,5,7,2
,008_kbs_13584331_20260711150000_seg_00077,008_kbs_13584331_20260711150000,SPEAKER_00,403.92,406.64,2.72,success,10足買ってそれも使い回し。,success,10足買ってそれも使い回し。,True,14,14,0
,008_kbs_13584331_20260711150000_seg_00078,008_kbs_13584331_20260711150000,SPEAKER_00,407.12,410.8,3.68,success,そっちミニマムなほうに持っていく感じですかね。,success,あっそっちはミニマムな方に持っていく感じですかね。,False,23,25,2
,008_kbs_13584331_20260711150000_seg_00079,008_kbs_13584331_20260711150000,SPEAKER_01,410.8,413.36,2.56,success,もうそこに時間をかけたくないっていうか。,success,もうそこに時間をかけたくないっていうか。,True,20,20,0
,008_kbs_13584331_20260711150000_seg_00080,008_kbs_13584331_20260711150000,SPEAKER_00,414.08,416.16,2.08,success,何色でもええしみたいな。,success,ねっ何色でもええし。,False,12,10,-2
,008_kbs_13584331_20260711150000_seg_00081,008_kbs_13584331_20260711150000,SPEAKER_00,416.4,417.52,1.12,success,なうん。,success,なうん。,True,4,4,0
,008_kbs_13584331_20260711150000_seg_00082,008_kbs_13584331_20260711150000,SPEAKER_00,418.64,422.32,3.68,success,それこそ昔が思う料理の。,success,それこそ昔が思う料理の。,True,12,12,0
,008_kbs_13584331_20260711150000_seg_00083,008_kbs_13584331_20260711150000,SPEAKER_00,422.56,424.48,1.92,success,感覚、これとこれ、何が違うの?みたいな。,success,これとこれ何が違うの?みたいな。,False,20,16,-4
,008_kbs_13584331_20260711150000_seg_00084,008_kbs_13584331_20260711150000,SPEAKER_00,425.28,427.6,2.32,success,なんでも、はければええやぐらいの。,success,で何でもはければええやぐらいの。,False,17,16,-1
,008_kbs_13584331_20260711150000_seg_00085,008_kbs_13584331_20260711150000,SPEAKER_00,428.24,433.12,4.88,success,靴下あれしたりだとかしますけどもねあっ最近ね買っていいと思った。,success,靴下あれしたりだとかしますけどもねあっ最近ね買っていいと思った。,True,32,32,0
,008_kbs_13584331_20260711150000_seg_00086,008_kbs_13584331_20260711150000,SPEAKER_00,433.92,440.8,6.88,success,料理系なんですけども煮干しの粉。,success,あの料理系なんですけども煮干しの粉。,False,16,18,2
,008_kbs_13584331_20260711150000_seg_00087,008_kbs_13584331_20260711150000,SPEAKER_00,441.04,445.6,4.56,success,魚粉っていうんですかね粉状になったものがあるんですけどそれはね。,success,魚粉っていうんですかね粉状になったものがあるんですけどそれはね。,True,32,32,0
,008_kbs_13584331_20260711150000_seg_00088,008_kbs_13584331_20260711150000,SPEAKER_00,446.08,447.12,1.04,success,すごくいいです。,success,すごくいいです。,True,8,8,0
,008_kbs_13584331_20260711150000_seg_00089,008_kbs_13584331_20260711150000,SPEAKER_00,448.8,466.16,17.36,success,言うたらかつお節の粉バージョンの煮干しバージョンですわ煮干しの粉になってるやつを何でもふりかけてみそ汁にちょっとふりかけてもおいしいし一番おいしいのは焼きそばにふりかけるとめっちゃおいしいですね。,success,まあ言うたらかつお節の粉バージョンの煮干しバージョンですわ煮干しの粉になってるやつを何でもふりかけてみそ汁にちょっとふりかけてもおいしいし一番おいしいのは焼きそばにふりかけるとめっちゃおいしいですね。,False,98,100,2
,008_kbs_13584331_20260711150000_seg_00090,008_kbs_13584331_20260711150000,SPEAKER_01,466.24,468.0,1.76,success,かつお節とはまた全然。,success,かつおぶしとはまたぜんぜんちがう。,False,11,17,6
,008_kbs_13584331_20260711150000_seg_00091,008_kbs_13584331_20260711150000,SPEAKER_00,469.68,470.56,0.88,success,なんですよ。,success,なんですよ。,True,6,6,0
,008_kbs_13584331_20260711150000_seg_00092,008_kbs_13584331_20260711150000,SPEAKER_00,471.04,472.8,1.76,success,これは勝ってよかったなと思いました。,success,これは勝ってよかったなと思いました。,True,18,18,0
,008_kbs_13584331_20260711150000_seg_00093,008_kbs_13584331_20260711150000,SPEAKER_01,473.12,474.32,1.2,success,これはライフにも売ってるんですか?,success,これはライフにも売ってるんですか?,True,17,17,0
,008_kbs_13584331_20260711150000_seg_00094,008_kbs_13584331_20260711150000,SPEAKER_00,475.92,478.56,2.64,success,われわれ、基本、ガライフですね。,success,はい我々基本ガライフですね。,False,16,14,-2
,008_kbs_13584331_20260711150000_seg_00095,008_kbs_13584331_20260711150000,SPEAKER_00,479.76,480.32,0.56,success,キュンがね。,success,キュンがね。,True,6,6,0
,008_kbs_13584331_20260711150000_seg_00096,008_kbs_13584331_20260711150000,SPEAKER_01,480.56,483.92,3.36,success,なんかこう、だしをとるっていうようなイメージがあって。,success,なんかこうだしをとるっていうようなイメージがあって。,False,27,26,-1
,008_kbs_13584331_20260711150000_seg_00097,008_kbs_13584331_20260711150000,SPEAKER_01,484.48,486.48,2.0,success,チキーってあったんですけどじゃなくて実際。,success,式ってあったんですけどじゃなくて自分の。,False,21,20,-1
,008_kbs_13584331_20260711150000_seg_00098,008_kbs_13584331_20260711150000,SPEAKER_01,487.28,488.56,1.28,success,かけてもいいんですね?,success,かけてもいいんですね?,True,11,11,0
,008_kbs_13584331_20260711150000_seg_00099,008_kbs_13584331_20260711150000,SPEAKER_00,489.84,490.88,1.04,success,あの。,success,あの。,True,3,3,0
,008_kbs_13584331_20260711150000_seg_00100,008_kbs_13584331_20260711150000,SPEAKER_00,491.52,492.8,1.28,success,つけ麺ってあるじゃないですか。,success,つけ麺ってあるじゃないですか。,True,15,15,0
,008_kbs_13584331_20260711150000_seg_00101,008_kbs_13584331_20260711150000,SPEAKER_00,493.2,494.16,0.96,success,とか食べに行く。,success,とか食べに行き。,False,8,8,0
,008_kbs_13584331_20260711150000_seg_00102,008_kbs_13584331_20260711150000,SPEAKER_00,495.68,501.12,5.44,success,つけ麺のなんか一応スタンダードといわれてるのが豚骨魚介。,success,つけ麺のなんか一応スタンダードといわれてるのが豚骨魚介。,True,28,28,0
,008_kbs_13584331_20260711150000_seg_00103,008_kbs_13584331_20260711150000,SPEAKER_00,502.96,512.48,9.52,success,でそれこそ魚粉みたいなんが上にのっててあとから足して味変して楽しんで下さいみたいなんがあるのでまあ言うたらだしの融合というかね。,success,でそれこそ魚粉みたいなんが上にのっててあとから足して味変して楽しんで下さいみたいなんがあるのでまあ言うたらだしの融合というかね。,True,64,64,0
,008_kbs_13584331_20260711150000_seg_00104,008_kbs_13584331_20260711150000,SPEAKER_00,513.2,516.32,3.12,success,だから別にそうそう。,success,だから別にそうそう。,True,10,10,0
,008_kbs_13584331_20260711150000_seg_00105,008_kbs_13584331_20260711150000,SPEAKER_00,516.72,519.2,2.48,success,僕はね、この間、みそ汁理論の話をちょっと。,success,僕はねこの間みそ汁理論の話をちょっと。,False,21,19,-2
,008_kbs_13584331_20260711150000_seg_00106,008_kbs_13584331_20260711150000,SPEAKER_00,519.6,520.64,1.04,success,させていただいて。,success,させていただいて。,True,9,9,0
,008_kbs_13584331_20260711150000_seg_00107,008_kbs_13584331_20260711150000,SPEAKER_00,521.44,530.96,9.52,success,キーボーさんみそ汁理論なるほどでしたクッキーはカロリー高いですよねって書いて。,success,脳でも頂いておりますキー坊さんみそ汁理論なるほどでしたクッキーはカロリー高いですよねって書いてそうです。,False,39,52,13
,008_kbs_13584331_20260711150000_seg_00108,008_kbs_13584331_20260711150000,SPEAKER_00,533.52,536.96,3.44,success,僕ちょっとxに載せたんですけどもね。,success,のやつがね僕ちょっとxに載せたんですけどもね。,False,18,23,5
,008_kbs_13584331_20260711150000_seg_00109,008_kbs_13584331_20260711150000,SPEAKER_00,537.36,539.12,1.76,success,実家帰ったんですよ。,success,実家帰ったんですよ。,True,10,10,0
,008_kbs_13584331_20260711150000_seg_00110,008_kbs_13584331_20260711150000,SPEAKER_00,540.16,552.16,12.0,success,ちょっとねいろいろ見てたらそれこそ僕はクッキーを作って砂糖とバターの量の多さにびびった僕が人生で初めて買った料理本のお菓子なんか怖くないと。,success,ちょっとねいろいろ見てたらそれこそ僕はクッキーを作って砂糖とバターの量の多さにびびった僕が人生で初めて買った料理本のお菓子なんか怖くないと。,True,70,70,0
,008_kbs_13584331_20260711150000_seg_00111,008_kbs_13584331_20260711150000,SPEAKER_00,552.48,553.12,0.64,success,あっえっと。,success,あっえっと。,True,6,6,0
,008_kbs_13584331_20260711150000_seg_00112,008_kbs_13584331_20260711150000,SPEAKER_00,555.6,556.8,1.2,success,あとの写真撮っときます。,success,あと写真撮っときます。,False,12,11,-1
,008_kbs_13584331_20260711150000_seg_00113,008_kbs_13584331_20260711150000,SPEAKER_01,556.88,559.2,2.32,success,ほんとや、お菓子なんかこわくない。,success,本当やお菓子なんか怖くない。,False,17,14,-3
,008_kbs_13584331_20260711150000_seg_00114,008_kbs_13584331_20260711150000,SPEAKER_01,559.44,560.8,1.36,success,じゃあピンクのおじで。,success,じゃあピンクのおじで。,True,11,11,0
,008_kbs_13584331_20260711150000_seg_00115,008_kbs_13584331_20260711150000,SPEAKER_00,560.8,563.68,2.88,success,書いて下においしそうなショートケーキ。,success,絵描いて下においしそうなあのショートケーキ。,False,19,22,3
,008_kbs_13584331_20260711150000_seg_00116,008_kbs_13584331_20260711150000,SPEAKER_01,565.36,567.52,2.16,success,これが初めて買った本なんですね。,success,これが初めて買った本なんですね。,True,16,16,0
,008_kbs_13584331_20260711150000_seg_00117,008_kbs_13584331_20260711150000,SPEAKER_00,568.16,573.52,5.36,success,だからこんなデコレーションしたケーキ作ろうかなって思ったんやろうね。,success,はいだからこんなデコレーションしたケーキ作ろうかなって思ったんやろうね。,False,34,36,2
,008_kbs_13584331_20260711150000_seg_00118,008_kbs_13584331_20260711150000,SPEAKER_00,576.4,582.16,5.76,success,どんだけのねえ砂糖バター小麦粉卵牛乳。,success,どんだけのねえ砂糖バター小麦粉卵牛乳。,True,19,19,0
,008_kbs_13584331_20260711150000_seg_00119,008_kbs_13584331_20260711150000,SPEAKER_01,583.04,595.2,12.16,success,ですね、じゃあ、でも、ご自身で作ってみて、こんなに砂糖が入ってるのかってなったところから、お菓子とかを買うことも、あまり多くならない?,success,ですねじゃあでもご自身で作ってみてこんなに砂糖が入ってるのかってなったところからお菓子とかを買うこともあまり多くならない?,False,67,61,-6
,008_kbs_13584331_20260711150000_seg_00120,008_kbs_13584331_20260711150000,SPEAKER_00,596.32,598.8,2.48,success,えっとねいや買いますよそら。,success,えっとねいや買いますよそら。,True,14,14,0
,008_kbs_13584331_20260711150000_seg_00121,008_kbs_13584331_20260711150000,SPEAKER_00,599.2,600.48,1.28,success,買いますけども。,success,買いますけども。,True,8,8,0
,008_kbs_13584331_20260711150000_seg_00122,008_kbs_13584331_20260711150000,SPEAKER_00,601.36,603.6,2.24,success,クッキーはそれこそそんなに食べてないな。,success,クッキーはそれこそそんなに食べてないな。,True,20,20,0
,008_kbs_13584331_20260711150000_seg_00123,008_kbs_13584331_20260711150000,SPEAKER_01,604.88,606.16,1.28,success,と思って体感する。,success,そう思って体感する。,False,9,10,1
,008_kbs_13584331_20260711150000_seg_00124,008_kbs_13584331_20260711150000,SPEAKER_00,606.8,611.68,4.88,success,だから知らなくてよかったんですよ他の他の作ってショートケーキとか作って。,success,だから知らなくてよかったんですよ他の他の作ってショートケーキとか作って。,True,36,36,0
,008_kbs_13584331_20260711150000_seg_00125,008_kbs_13584331_20260711150000,SPEAKER_00,612.0,613.68,1.68,success,これ知ってしまったらえらいことになります。,success,これ知ってしまったらえらいことになります。,True,21,21,0
,008_kbs_13584331_20260711150000_seg_00126,008_kbs_13584331_20260711150000,SPEAKER_01,614.48,616.88,2.4,success,なんかいろいろ狭まってしまうのも悲しいですもん。,success,なんかいろいろ狭まってしまうのも悲しいですもん。,True,24,24,0
,008_kbs_13584331_20260711150000_seg_00127,008_kbs_13584331_20260711150000,SPEAKER_00,617.44,618.8,1.36,success,ですよあの。,success,ですよ。,False,6,4,-2
,008_kbs_13584331_20260711150000_seg_00128,008_kbs_13584331_20260711150000,SPEAKER_00,620.56,621.6,1.04,success,寝違えたって言うてた。,success,寝違えたって言うてた。,True,11,11,0
,008_kbs_13584331_20260711150000_seg_00129,008_kbs_13584331_20260711150000,SPEAKER_01,621.84,622.8,0.96,success,寝違えました。,success,寝違えました。,True,7,7,0
,008_kbs_13584331_20260711150000_seg_00130,008_kbs_13584331_20260711150000,SPEAKER_01,623.12,623.68,0.56,success,デッサン。,success,sさん。,False,5,4,-1
,008_kbs_13584331_20260711150000_seg_00131,008_kbs_13584331_20260711150000,SPEAKER_00,623.84,624.88,1.04,success,絶賛。,success,絶賛。,True,3,3,0
,008_kbs_13584331_20260711150000_seg_00132,008_kbs_13584331_20260711150000,SPEAKER_00,626.08,629.6,3.52,success,寝違え中ですけども、そのときちょっとしゃべってて。,success,寝違え中ですけどもその時ちょっとしゃべってて。,False,25,23,-2
,008_kbs_13584331_20260711150000_seg_00133,008_kbs_13584331_20260711150000,SPEAKER_00,629.84,633.2,3.36,success,マッサージとか行かないの?って言うたら、行かないと。,success,マッサージとか行かないの?って言うたら行かないと。,False,26,25,-1
,008_kbs_13584331_20260711150000_seg_00134,008_kbs_13584331_20260711150000,SPEAKER_00,633.68,635.92,2.24,success,その凝ってるって感覚はあんまり分からない。,success,その凝ってるって感覚はあんまり分からない。,True,21,21,0
,008_kbs_13584331_20260711150000_seg_00135,008_kbs_13584331_20260711150000,SPEAKER_00,636.88,637.44,0.56,success,言うてたやん。,success,言ってたやん。,False,7,7,0
,008_kbs_13584331_20260711150000_seg_00136,008_kbs_13584331_20260711150000,SPEAKER_00,637.76,641.04,3.28,success,そうそうで僕も僕はめちゃめちゃ行くんですけど。,success,そうそうで僕も僕はめちゃめちゃ行くんですけど。,True,23,23,0
,008_kbs_13584331_20260711150000_seg_00137,008_kbs_13584331_20260711150000,SPEAKER_00,642.24,650.24,8.0,success,行ったら行ったで、うまい先生とかやったら、あっ、ここも凝ってますよねとかって言われて、知らなくてよかった凝りのとこまで知ってしまう。,success,行ったら行ったでうまい先生とかやったらあここもこってますよねとかって言われて知らなくてよかったコリのとこまで知ってしまう。,False,66,61,-5
,008_kbs_13584331_20260711150000_seg_00138,008_kbs_13584331_20260711150000,SPEAKER_00,651.44,655.2,3.76,success,ここ凝ってるんやって知ってしまったら、もう元には戻れないんですよ。,success,ここ凝ってるんやって知ってしまったらもう元には戻れないんですよ。,False,33,32,-1
,008_kbs_13584331_20260711150000_seg_00139,008_kbs_13584331_20260711150000,SPEAKER_01,655.2,657.68,2.48,success,ここも直してほしいっていう気持ち。,success,ここも直してほしいっていう気持ち。,True,17,17,0
,008_kbs_13584331_20260711150000_seg_00140,008_kbs_13584331_20260711150000,SPEAKER_01,658.8,659.44,0.64,success,ねっ。,success,あれ?,False,3,3,0
,008_kbs_13584331_20260711150000_seg_00141,008_kbs_13584331_20260711150000,SPEAKER_00,659.6,661.6,2.0,success,これ不思議でね。,success,これ不思議でねえ。,False,8,9,1
,008_kbs_13584331_20260711150000_seg_00142,008_kbs_13584331_20260711150000,SPEAKER_01,661.6,663.52,1.92,success,さじ加減が難しいですね。,success,さじ加減が難しいですね。,True,12,12,0
,008_kbs_13584331_20260711150000_seg_00143,008_kbs_13584331_20260711150000,SPEAKER_00,664.0,664.8,0.8,success,ですよ。,success,ですよ。,True,4,4,0
,008_kbs_13584331_20260711150000_seg_00144,008_kbs_13584331_20260711150000,SPEAKER_00,665.2,666.0,0.8,success,これね。,success,これね。,True,4,4,0
,008_kbs_13584331_20260711150000_seg_00145,008_kbs_13584331_20260711150000,SPEAKER_00,666.88,669.76,2.88,success,僕は別のとこで針もちょっと打ってもらってる。,success,僕は別のとこで針もちょっと打ってもらって。,False,22,21,-1
,008_kbs_13584331_20260711150000_seg_00146,008_kbs_13584331_20260711150000,SPEAKER_00,670.56,671.36,0.8,success,ですけども。,success,ですけども。,True,6,6,0
,008_kbs_13584331_20260711150000_seg_00147,008_kbs_13584331_20260711150000,SPEAKER_00,671.92,672.72,0.8,success,そこの。,success,そこの。,True,4,4,0
,008_kbs_13584331_20260711150000_seg_00148,008_kbs_13584331_20260711150000,SPEAKER_00,673.36,679.68,6.32,success,ロビーに貼ってあったんですけどもね、そこの先生がなんか書いてはったんかな、書いてはってか。,success,ロビーにこう貼ってあったんですけどもねそこの先生が何か書いてはったんかな書いてはってか。,False,45,44,-1
,008_kbs_13584331_20260711150000_seg_00149,008_kbs_13584331_20260711150000,SPEAKER_00,680.32,686.88,6.56,success,なんかインタビューされてた記事、その方のやつだと思うんですけども、はりとかやるじゃないですか、マッサージとかやるじゃないですか。,success,インタビューされてた記事その方のやつだと思うんですけどもはりとかやるじゃないですかマッサージとかやるじゃないですか。,False,64,58,-6
,008_kbs_13584331_20260711150000_seg_00150,008_kbs_13584331_20260711150000,SPEAKER_00,687.2,687.84,0.64,success,で。,success,で。,True,2,2,0
,008_kbs_13584331_20260711150000_seg_00151,008_kbs_13584331_20260711150000,SPEAKER_00,688.56,697.04,8.48,success,完璧にもうこりがね取れてて取れてますよ言うても患者さんの中ではいやまだこってるっていう人もいてると。,success,完璧にもうこりがね取れてて取れてますよ言うても患者さんの中ではいやまだこってるっていう人もいてると。,True,50,50,0
,008_kbs_13584331_20260711150000_seg_00152,008_kbs_13584331_20260711150000,SPEAKER_01,697.84,700.4,2.56,success,先生がそうおっしゃっても。,success,へえ先生がそうおっしゃっても。,False,13,15,2
,008_kbs_13584331_20260711150000_seg_00153,008_kbs_13584331_20260711150000,SPEAKER_00,700.4,715.52,15.12,success,だからその何ていうんですかねそれは肉体的にはもう凝りは取れてるけども頭の中でいやまだって思い込んじゃっててその患者さんが。まだですって言うけどもうこれ以上ほぐしようがないみたいな。,success,そうだからその何ですかねそれは肉体的にはもう凝りは取れてるけども頭の中でいやまだって思い込んじゃっててその患者さんが。まだですって言うけどもうこれ以上ほぐしようがないみたいな。,False,90,88,-2
,008_kbs_13584331_20260711150000_seg_00154,008_kbs_13584331_20260711150000,SPEAKER_01,716.4,720.48,4.08,success,それはじゃあ、もう次、どの先生に診てもらったらいいんですかね。,success,それはじゃあもう次どの先生に診てもらったらいいんですかね?,False,31,29,-2
,008_kbs_13584331_20260711150000_seg_00155,008_kbs_13584331_20260711150000,SPEAKER_00,720.48,723.04,2.56,success,だからそこも含めての治療みたいなね。,success,だからそこも含めての治療みたいなね。,True,18,18,0
,008_kbs_13584331_20260711150000_seg_00156,008_kbs_13584331_20260711150000,SPEAKER_00,723.6,725.04,1.44,success,あの安心させる。,success,あの安心させる。,True,8,8,0
,008_kbs_13584331_20260711150000_seg_00157,008_kbs_13584331_20260711150000,SPEAKER_01,726.16,729.6,3.44,success,大人、大変やな、先生も。,success,大人大変やな先生も。,False,12,10,-2
,008_kbs_13584331_20260711150000_seg_00158,008_kbs_13584331_20260711150000,SPEAKER_01,730.64,734.4,3.76,success,精神的なケアと肉体的なケアとみたいなことですよね。,success,精神的なケアと肉体的なケアとみたいなことですよね。,True,25,25,0
,008_kbs_13584331_20260711150000_seg_00159,008_kbs_13584331_20260711150000,SPEAKER_00,734.48,738.0,3.52,success,地下にね、だから、これも信頼関係ですからね。,success,地下にねだからこれも信頼関係ですからね。,False,22,20,-2
,008_kbs_13584331_20260711150000_seg_00160,008_kbs_13584331_20260711150000,SPEAKER_01,738.24,742.4,4.16,success,この先生に言われたらもうそうかなっていう。,success,この先生に言われたらもうそうかなっていう。,True,21,21,0
,008_kbs_13584331_20260711150000_seg_00161,008_kbs_13584331_20260711150000,SPEAKER_00,742.88,744.64,1.76,success,よくあるじゃないですか。,success,よくあるじゃないですかあの。,False,12,14,2
,008_kbs_13584331_20260711150000_seg_00162,008_kbs_13584331_20260711150000,SPEAKER_00,745.12,750.24,5.12,success,なんかちょっと、あれ、ちょっと体調悪いな思うて、なんか行きつけの先生の所行く途中に、なんかもう、元気になってて。,success,何かちょっとあれちょっと体調悪いなあ思て行きつけの先生のとこ行く途中になんかもう元気になってて。,False,56,48,-8
,008_kbs_13584331_20260711150000_seg_00163,008_kbs_13584331_20260711150000,SPEAKER_00,751.52,753.68,2.16,success,あのときしんどかったんなんやろうとかっていう。,success,あん時しんどかったん何やろう?とかっていう。,False,23,22,-1
,008_kbs_13584331_20260711150000_seg_00164,008_kbs_13584331_20260711150000,SPEAKER_02,753.68,754.24,0.56,success,地下に。,success,地下に。,True,4,4,0
,008_kbs_13584331_20260711150000_seg_00165,008_kbs_13584331_20260711150000,SPEAKER_00,754.48,762.48,8.0,success,実際に体がダメージ受けてる部分もあるとは思うんですけどもでも頭で考えてる部分も大きいというかね。,success,実際に体がダメージ受けてる部分もあるとは思うんですけどもでも頭で考えてる部分も大きいというかね。,True,48,48,0
,008_kbs_13584331_20260711150000_seg_00166,008_kbs_13584331_20260711150000,SPEAKER_00,762.96,765.36,2.4,success,やっぱテンション上がったらね。,success,やっぱテンション上がったらね。,True,15,15,0
,008_kbs_13584331_20260711150000_seg_00167,008_kbs_13584331_20260711150000,SPEAKER_00,766.88,768.32,1.44,success,ある程度のことは。,success,ある程度のことは。,True,9,9,0
,008_kbs_13584331_20260711150000_seg_00168,008_kbs_13584331_20260711150000,SPEAKER_00,768.64,770.08,1.44,success,クリアできるというか。,success,クリアできるというか。,True,11,11,0
,008_kbs_13584331_20260711150000_seg_00169,008_kbs_13584331_20260711150000,SPEAKER_00,771.44,790.96,19.52,success,今は僕はしゃべる商売をしてますから喉とかね声が出なくなったらもう致命的ですけどもドラムやってた時は本当に多少体調が悪かったりだとかまあぶっちゃけ熱があったりとかしても昔なんかはねまだコロナ前ですからドラムたたいてたら全然。,success,まあ今は僕はしゃべる商売をしてますから喉とかね声が出なくなったらもう致命的ですけどもドラムやってた時は本当に多少体調が悪かったりだとかまあぶっちゃけ熱があったりとかしても昔なんかはねまだコロナ前ですからドラムたたいてたら全然。,False,111,113,2
,008_kbs_13584331_20260711150000_seg_00170,008_kbs_13584331_20260711150000,SPEAKER_00,791.36,792.16,0.8,success,大丈夫という。,success,大丈夫という。,True,7,7,0
,008_kbs_13584331_20260711150000_seg_00171,008_kbs_13584331_20260711150000,SPEAKER_00,793.04,793.92,0.88,success,忘れちゃってる。,success,忘れちゃってる。,True,8,8,0
,008_kbs_13584331_20260711150000_seg_00172,008_kbs_13584331_20260711150000,SPEAKER_01,794.48,798.32,3.84,success,キーもね、そちら、ドラムのほうに集中してるから。,success,気もねそちらドラムの方に集中してるから。,False,24,20,-4
,008_kbs_13584331_20260711150000_seg_00173,008_kbs_13584331_20260711150000,SPEAKER_00,798.32,804.48,6.16,success,ありますからね、だからある程度、頭で病気になってる部分もあんねんなとか。,success,ありますからねだからある程度頭で病気になってる部分もあんねんなとか。,False,36,34,-2
,008_kbs_13584331_20260711150000_seg_00174,008_kbs_13584331_20260711150000,SPEAKER_01,804.8,807.44,2.64,success,病は気からってよう言うたもんですね。,success,病は気からってよう言うたもんですね。,True,18,18,0
,008_kbs_13584331_20260711150000_seg_00175,008_kbs_13584331_20260711150000,SPEAKER_00,807.76,808.8,1.04,success,これはほんまですよ。,success,これはほんまですよ。,True,10,10,0
,008_kbs_13584331_20260711150000_seg_00176,008_kbs_13584331_20260711150000,SPEAKER_01,808.88,809.68,0.8,success,本当に。,success,本当に。,True,4,4,0
,008_kbs_13584331_20260711150000_seg_00177,008_kbs_13584331_20260711150000,SPEAKER_00,809.84,812.48,2.64,success,わしの頭も信じんからですよ。,success,わしの頭も信じんからですよ。,True,14,14,0
,008_kbs_13584331_20260711150000_seg_00178,008_kbs_13584331_20260711150000,SPEAKER_01,813.36,815.28,1.92,success,血の頭も新人から。,success,血の頭も新人から。,True,9,9,0
,008_kbs_13584331_20260711150000_seg_00179,008_kbs_13584331_20260711150000,SPEAKER_00,815.52,825.76,10.24,success,信心から、いわしの頭もこれ、イワシの頭食べたら効くよみたいな、言うたら、信じる心で、信心から。,success,信心から ?? の頭もこれイワシの頭食べたら効くよみたいな言うたらねっ信じる心で信心から。,False,47,45,-2
,008_kbs_13584331_20260711150000_seg_00180,008_kbs_13584331_20260711150000,SPEAKER_00,826.08,826.64,0.56,success,で。,success,そうで。,False,2,4,2
,008_kbs_13584331_20260711150000_seg_00181,008_kbs_13584331_20260711150000,SPEAKER_01,826.88,828.72,1.84,success,はあそういう意味ですか。,success,はあそういう意味ですか。,True,12,12,0
,008_kbs_13584331_20260711150000_seg_00182,008_kbs_13584331_20260711150000,SPEAKER_00,829.12,832.88,3.76,success,出し棒効果ですね、催眠効果。,success,出し棒効果ですね催眠効果。,False,14,13,-1
,008_kbs_13584331_20260711150000_seg_00183,008_kbs_13584331_20260711150000,SPEAKER_01,833.6,835.36,1.76,success,すみません、いっぱい説明させてしまって。,success,すいませんいっぱい説明させてしまって。,False,20,19,-1
,008_kbs_13584331_20260711150000_seg_00184,008_kbs_13584331_20260711150000,SPEAKER_01,836.64,837.92,1.28,success,きょとんとした顔をして。,success,きょとんとした顔をして。,True,12,12,0
,008_kbs_13584331_20260711150000_seg_00185,008_kbs_13584331_20260711150000,SPEAKER_01,839.2,840.08,0.88,success,ありがとうございます。,success,ありがとうございます。,True,11,11,0
,008_kbs_13584331_20260711150000_seg_00186,008_kbs_13584331_20260711150000,SPEAKER_00,842.16,846.8,4.64,success,でもねやっぱり思い込みって面白いですからね思い込んで。,success,でもねやっぱり思い込みって面白いですからね思い込んで。,True,27,27,0
,008_kbs_13584331_20260711150000_seg_00187,008_kbs_13584331_20260711150000,SPEAKER_00,848.0,853.2,5.2,success,だからやっぱり、人間ってやっぱり思い込むほうが安心するんですよね。,success,だからやっぱり人間ってやっぱ思い込む方が安心するんですよね。,False,33,30,-3
,008_kbs_13584331_20260711150000_seg_00188,008_kbs_13584331_20260711150000,SPEAKER_00,853.52,854.4,0.88,success,だから。,success,だから。,True,4,4,0
,008_kbs_13584331_20260711150000_seg_00189,008_kbs_13584331_20260711150000,SPEAKER_00,855.44,859.6,4.16,success,言うたら今なんか詐欺とかも結構ねあるじゃないですか特殊詐欺とか。,success,まあ言うたら今何か詐欺とかも結構ねあるじゃないですかその特殊詐欺とか。,False,32,35,3
,008_kbs_13584331_20260711150000_seg_00190,008_kbs_13584331_20260711150000,SPEAKER_00,860.4,867.12,6.72,success,自分がそう思い込んじゃうと疑うことって意外にねできないことなんですよね。,success,自分がそう思い込んじゃうと疑うことって意外にねできないことなんですよね。,True,36,36,0
,008_kbs_13584331_20260711150000_seg_00191,008_kbs_13584331_20260711150000,SPEAKER_01,867.28,869.04,1.76,success,本当にそうですよね。,success,本当にそうですよね。,True,10,10,0
,008_kbs_13584331_20260711150000_seg_00192,008_kbs_13584331_20260711150000,SPEAKER_01,869.68,873.44,3.76,success,思い込んだら、もうまっすぐ突き進んでしまうタイプなんで。,success,思い込んだらもうまっすぐ突き進んでしまうタイプなんで。,False,28,27,-1
,008_kbs_13584331_20260711150000_seg_00193,008_kbs_13584331_20260711150000,SPEAKER_01,874.08,880.08,6.0,success,一回ね、ほんまにそうかって思う心を得たいなって思いますもん。,success,一回ねほんまにそうか?って思う心を得たいなって思いますもん。,False,30,30,0
,008_kbs_13584331_20260711150000_seg_00194,008_kbs_13584331_20260711150000,SPEAKER_00,880.08,881.2,1.12,success,そうですよね。,success,そうですよね。,True,7,7,0
,008_kbs_13584331_20260711150000_seg_00195,008_kbs_13584331_20260711150000,SPEAKER_01,881.44,885.6,4.16,success,これはちょっとやそっとじゃなかなか手に入らない気がします。,success,でもこれはちょっとやそっとじゃなかなか手に入らない気がします。,False,29,31,2
,008_kbs_13584331_20260711150000_seg_00196,008_kbs_13584331_20260711150000,SPEAKER_00,885.92,888.0,2.08,success,まあねあの。,success,まあねあの。,True,6,6,0
,008_kbs_13584331_20260711150000_seg_00197,008_kbs_13584331_20260711150000,SPEAKER_00,888.24,888.8,0.56,success,殿。,success,殿。,True,2,2,0
,008_kbs_13584331_20260711150000_seg_00198,008_kbs_13584331_20260711150000,SPEAKER_00,889.44,897.6,8.16,success,最近ね思ってたんと違うみたいなことって世の中にはよくあるんですけども最近ちょっと一番ぐっときたのがですね。,success,最近ね思ってたんと違うみたいなことって世の中にはよくあるんですけども最近ちょっと一番グッときたのがですね。,False,53,53,0
,008_kbs_13584331_20260711150000_seg_00199,008_kbs_13584331_20260711150000,SPEAKER_00,899.2,911.04,11.84,success,あるゲームで僕遊んでるんですけどもトライアルライジングっていうバイクのレースゲームというか野外でレースするゲームなんですけども。,success,あるゲームで僕遊んでるんですけどもトライアルライジングっていうバイクのレースゲームというか野外でレースするゲームなんですけども。,True,64,64,0
,008_kbs_13584331_20260711150000_seg_00200,008_kbs_13584331_20260711150000,SPEAKER_00,911.52,926.8,15.28,success,これね、僕ら世代の方は分かってくださると思うんですけど、エキサイトバイクっていう、昔、ファミコンでゲームがあったんですけども、それぐらいシンプルな操作で、すごい奥深いゲームなんです。いうたら、バイクのレースゲームです。,success,これね僕ら世代の方は分かって下さると思うんですけどエキサイトバイクっていう昔ファミコンでゲームがあったんですけどもそれぐらいシンプルな操作ですごい奥深いゲームなんです。言うたらバイクのレースゲームです。,False,109,101,-8
,008_kbs_13584331_20260711150000_seg_00201,008_kbs_13584331_20260711150000,SPEAKER_00,927.12,930.96,3.84,success,アクションゲームレースゲームなんですけどもこれがですね。,success,アクションゲームレースゲームなんですけどもこれがですね。,True,28,28,0
,008_kbs_13584331_20260711150000_seg_00202,008_kbs_13584331_20260711150000,SPEAKER_00,931.76,939.04,7.28,success,2013年に出たトライアルズっていうバージョンでですね、景色はきれいなわけですよ、今の。,success,2013年に出たトライアルズっていうそのバージョンでですねまあ景色はきれいなわけですよ今の。,False,44,46,2
,008_kbs_13584331_20260711150000_seg_00203,008_kbs_13584331_20260711150000,SPEAKER_00,939.36,947.2,7.84,success,パソコンとかの画面ですからほんまもんと見間違うぐらいきれいなんですけどもコースがいっぱいあるんですけども走ってたら。,success,パソコンとかの画面ですからもうほんまもんと見間違うぐらいきれいなんですけどもコースがいっぱいあるんですけども走ってたら。,False,58,60,2
,008_kbs_13584331_20260711150000_seg_00204,008_kbs_13584331_20260711150000,SPEAKER_00,947.76,958.0,10.24,success,なんかどっかの看板に、なんか暗号っぽい、なんかこう、アルファベットの、なんか無意味なアルファベット書かれてたりとか、変な図形書いてあったりとか。,success,なんかどっかの看板に、なんか暗号っぽい、なんかこう、アルファベットの、なんか無意味なアルファベット書かれてたりとか、変な図形書いてあったりとか。,True,72,72,0
,008_kbs_13584331_20260711150000_seg_00205,008_kbs_13584331_20260711150000,SPEAKER_00,958.4,961.52,3.12,success,そんなんがね、ちりばめられてるんですよ、コースのいろんなところに。,success,そんなんがねちりばめられてるんですよコースのいろんなところに。,False,33,31,-2
,008_kbs_13584331_20260711150000_seg_00206,008_kbs_13584331_20260711150000,SPEAKER_00,961.92,968.96,7.04,success,僕なんかは全然気付かなかったんですけどももうこれ世界中でやられてるゲームなんであるプレーヤーが。,success,僕なんかは全然気付かなかったんですけどももうこれ世界中でやられてるゲームなんであるプレイヤーが。,False,48,48,0
,008_kbs_13584331_20260711150000_seg_00207,008_kbs_13584331_20260711150000,SPEAKER_00,969.68,984.8,15.12,success,これって何か意味あるんちゃうん?って言いだしてほんで今はもうネットでコミュニティーが出来上がってますからねコミュニティーであの看板の意味って何なん?言うたらいやほかのとこにも似たような暗号の看板あったでとかってなって情報がばーっと。,success,これって何か意味あるんちゃうん?って言いだしてほんで今はもうネットでコミュニティーが出来上がってますからねコミュニティーであの看板の意味って何なん?言うたらいや他のとこにも似たような暗号の看板あったでとかってなって情報がバーッて。,False,116,115,-1
,008_kbs_13584331_20260711150000_seg_00208,008_kbs_13584331_20260711150000,SPEAKER_00,985.2,989.52,4.32,success,来て、その看板をつなげたら、一つの暗号になってるんですよ。,success,来てその看板をつなげたら一つの暗号になってるんですよ。,False,29,27,-2
,008_kbs_13584331_20260711150000_seg_00209,008_kbs_13584331_20260711150000,SPEAKER_01,989.6,990.4,0.8,success,へえ。,success,へえ。,True,3,3,0
,008_kbs_13584331_20260711150000_seg_00210,008_kbs_13584331_20260711150000,SPEAKER_00,992.72,1005.04,12.32,success,その暗号を解いていったら、解読せなあかんのですよ、だから暗号を解読するってすごい大変なんですけど、もう世界中のプレーヤーが、バイクゲームやのに、もうそれそっちのけで、暗号を解読するんですよ。,success,その暗号を解いていったら解読せなあかんのですよ。だから暗号を解読するってすごい大変なんですけどもう世界中のそのプレイヤーがバイクゲームやのにもうそれそっちのけで暗号を解読するんですよ。,False,95,92,-3
,008_kbs_13584331_20260711150000_seg_00211,008_kbs_13584331_20260711150000,SPEAKER_00,1005.36,1007.92,2.56,success,そしたら出てきた言葉がえ。,success,そしたら出てきた言葉がえ。,True,13,13,0
,008_kbs_13584331_20260711150000_seg_00212,008_kbs_13584331_20260711150000,SPEAKER_00,1008.56,1015.52,6.96,success,このバイクゲームのあるコースのある部分で、止まって、何秒か待てみたいな、具体的な指示が出てきたんです。,success,このバイクゲームのあるコースのある部分で止まって何秒間待てみたいな具体的な指示が出てきたんです。,False,51,48,-3
,008_kbs_13584331_20260711150000_seg_00213,008_kbs_13584331_20260711150000,SPEAKER_01,1015.52,1016.24,0.72,success,えはい。,success,えはい。,True,4,4,0
,008_kbs_13584331_20260711150000_seg_00214,008_kbs_13584331_20260711150000,SPEAKER_00,1016.32,1019.36,3.04,success,それをやったんですよ、そのバイクゲームで、止まったら。,success,それをやったんですよそのバイクゲームでね。で止まったら。,False,27,28,1
,008_kbs_13584331_20260711150000_seg_00215,008_kbs_13584331_20260711150000,SPEAKER_00,1020.16,1021.04,0.88,success,いきなり。,success,いきなり。,True,5,5,0
,008_kbs_13584331_20260711150000_seg_00216,008_kbs_13584331_20260711150000,SPEAKER_00,1021.52,1022.4,0.88,success,すごい!,success,すごい!,True,4,4,0
,008_kbs_13584331_20260711150000_seg_00217,008_kbs_13584331_20260711150000,SPEAKER_00,1023.04,1024.88,1.84,success,壮大な曲が流れて。,success,壮大な曲が流れて。,True,9,9,0
,008_kbs_13584331_20260711150000_seg_00218,008_kbs_13584331_20260711150000,SPEAKER_00,1025.2,1037.2,12.0,success,バイクゲームやけどいきなりカメラが空へこう浮かんでいくような壮大な曲と壮大な画面になるんですよねでその曲も壮大な曲なんですけども。,success,でバイクゲームやけどいきなりカメラが空へこう浮かんでいくような壮大な曲と壮大な画面になるんですよねでその曲も壮大な曲なんですけども。,False,65,66,1
,008_kbs_13584331_20260711150000_seg_00219,008_kbs_13584331_20260711150000,SPEAKER_00,1038.0,1041.52,3.52,success,何歌ってるか分からんというか、英語なんです、英語かなんかやったと思うんですけど。,success,何歌ってるか分からんというか英語か何かやったと思うんですけども。,False,40,32,-8
,008_kbs_13584331_20260711150000_seg_00220,008_kbs_13584331_20260711150000,SPEAKER_00,1041.92,1048.96,7.04,success,その歌詞の中にこの意味が知りたければ耳じゃなくって目で感じろみたいなことを。,success,でその歌詞の中にこの意味が知りたければ耳じゃなくって目で感じろみたいなことを。,False,38,39,1
,008_kbs_13584331_20260711150000_seg_00221,008_kbs_13584331_20260711150000,SPEAKER_00,1049.36,1050.16,0.8,success,歌ってる。,success,を歌ってる。,False,5,6,1
,008_kbs_13584331_20260711150000_seg_00222,008_kbs_13584331_20260711150000,SPEAKER_00,1051.12,1058.64,7.52,success,なんやろ、これはって思って、ほんなら、あるプレーヤーが、じゃあ、この曲を音楽分析ソフトにかけてみようみたいな。,success,何やろこれはって思ってほなあるプレイヤーがじゃあこの曲を音楽分析ソフトにかけてみようみたいな。,False,55,47,-8
,008_kbs_13584331_20260711150000_seg_00223,008_kbs_13584331_20260711150000,SPEAKER_00,1059.28,1061.2,1.92,success,ほな音の強弱とか出るじゃないですか。,success,ほな音の強弱とか出るじゃないですか。,True,18,18,0
,008_kbs_13584331_20260711150000_seg_00224,008_kbs_13584331_20260711150000,SPEAKER_00,1061.6,1070.0,8.4,success,そしたらそこから音の強弱で抽出していったらモールス信号が出てきたんですよ。,success,そしたらそこから音の強弱で抽出していったらモールス信号が出てきたんですよ。,True,37,37,0
,008_kbs_13584331_20260711150000_seg_00225,008_kbs_13584331_20260711150000,SPEAKER_00,1071.92,1074.24,2.32,success,モールス信号、これ、モールス信号なっとるがなみたいな。,success,モールス信号これモールス信号になっとるがなみたいな。,False,27,26,-1
,008_kbs_13584331_20260711150000_seg_00226,008_kbs_13584331_20260711150000,SPEAKER_00,1074.64,1076.16,1.52,success,ほんでほかの。,success,ほんで他の。,False,7,6,-1
,008_kbs_13584331_20260711150000_seg_00227,008_kbs_13584331_20260711150000,SPEAKER_00,1076.72,1084.4,7.68,success,曲、ゲームで使われてる曲も、それかけてみよう言うたら、モールスシュンがいっぱい出てきて、それを解読したら、とある。,success,曲ゲームで使われてる曲もそれかけてみよう言うたらモールス集がいっぱい出てきてそれを解読したらとある。,False,57,50,-7
,008_kbs_13584331_20260711150000_seg_00228,008_kbs_13584331_20260711150000,SPEAKER_00,1085.6,1089.6,4.0,success,インターネットの一サイトのアドレスやったんですよ。,success,インターネットの一サイトのアドレスやったんですよ。,True,25,25,0
,008_kbs_13584331_20260711150000_seg_00229,008_kbs_13584331_20260711150000,SPEAKER_01,1089.92,1090.48,0.56,success,えっはい。,success,えっはい。,True,5,5,0
,008_kbs_13584331_20260711150000_seg_00230,008_kbs_13584331_20260711150000,SPEAKER_00,1090.64,1092.72,2.08,success,1対1のアドレス行ったんです。,success,で1対1のアドレス行ったんです。,False,15,16,1
,008_kbs_13584331_20260711150000_seg_00231,008_kbs_13584331_20260711150000,SPEAKER_00,1092.96,1101.52,8.56,success,それはもうゲーム会社が仕組んでるんですよ、もちろんね、仕組んでるんですけど、そのアドレス行ったら、特に意味がなかったけども、しばらくしたら、なんか、また。,success,それはもうゲーム会社が仕組んでるんですよもちろんね仕組んでるんですけどそのアドレス行ったら特に意味がなかったけどもしばらくしたら何かまた。,False,77,69,-8
,008_kbs_13584331_20260711150000_seg_00232,008_kbs_13584331_20260711150000,SPEAKER_00,1104.4,1110.8,6.4,success,昔の哲学者とか科学者とかの写真とかが出てきてまた意味深なんか出てきたんですよ。,success,昔の哲学者とか科学者とかの写真とかが出てきてまた意味深なんか出てきたんですよ。,True,39,39,0
,008_kbs_13584331_20260711150000_seg_00233,008_kbs_13584331_20260711150000,SPEAKER_00,1111.36,1115.76,4.4,success,そしてそれもまたみんなで解読したらついには。,success,そしてそれもまたみんなで解読したらついには。,True,22,22,0
,008_kbs_13584331_20260711150000_seg_00234,008_kbs_13584331_20260711150000,SPEAKER_00,1116.08,1124.56,8.48,success,具体的なことが書いてあって世界の5つの場所に5つの場所に小箱を隠したから見つけてこいっていうのが出てくるんですよ。,success,具体的なことが書いてあって世界の5つの場所に5つの場所に小箱を隠したから見つけてこいっていうのが出てくるんですよ。,True,57,57,0
,008_kbs_13584331_20260711150000_seg_00235,008_kbs_13584331_20260711150000,SPEAKER_00,1124.96,1126.56,1.6,success,それってあの現実の世界?,success,それってあの現実の世界?,True,12,12,0
,008_kbs_13584331_20260711150000_seg_00236,008_kbs_13584331_20260711150000,SPEAKER_01,1126.64,1127.52,0.88,success,え!,success,え!,True,2,2,0
,008_kbs_13584331_20260711150000_seg_00237,008_kbs_13584331_20260711150000,SPEAKER_00,1128.48,1138.8,10.32,success,現実の世界えっとねヘルシンキとかイギリスとかあと何か所か忘れましたけどもヨーロッパを中心にそれみんな見つけに行くんですよ。,success,現実の世界えとねヘルシンキとかイギリスとかあと何か所か忘れましたけどもヨーロッパを中心にそれみんな見つけに行くんですよ。,False,61,60,-1
,008_kbs_13584331_20260711150000_seg_00238,008_kbs_13584331_20260711150000,SPEAKER_01,1139.04,1140.08,1.04,success,実際にってことですよね。,success,実際にっていうことですよね。,False,12,14,2
,008_kbs_13584331_20260711150000_seg_00239,008_kbs_13584331_20260711150000,SPEAKER_00,1141.28,1142.24,0.96,success,見つかったんすよ。,success,見つかったんすよ。,True,9,9,0
,008_kbs_13584331_20260711150000_seg_00240,008_kbs_13584331_20260711150000,SPEAKER_01,1143.04,1145.52,2.48,success,そんなことあるんですか?,success,えそんなことあるんですか?,False,12,13,1
,008_kbs_13584331_20260711150000_seg_00241,008_kbs_13584331_20260711150000,SPEAKER_00,1147.76,1150.4,2.64,success,世界から現実に飛び出して。,success,世界から現実に飛び出して。,True,13,13,0
,008_kbs_13584331_20260711150000_seg_00242,008_kbs_13584331_20260711150000,SPEAKER_00,1150.88,1152.56,1.68,success,ほんで鼓箱見つかったみたいな感じ。,success,ほんで小箱見つかった!みたいな感じ。,False,17,18,1
,008_kbs_13584331_20260711150000_seg_00243,008_kbs_13584331_20260711150000,SPEAKER_00,1153.04,1158.4,5.36,success,ほんでその中には何か古めかしい鍵とあとあの。,success,ほんでその中にはなんか古めかしい鍵とあとあの。,False,22,23,1
,008_kbs_13584331_20260711150000_seg_00244,008_kbs_13584331_20260711150000,SPEAKER_00,1158.64,1159.2,0.56,success,その。,success,その。,True,3,3,0
,008_kbs_13584331_20260711150000_seg_00245,008_kbs_13584331_20260711150000,SPEAKER_00,1159.92,1167.44,7.52,success,いわゆる鉄鉄板に文字が刻まれてるとそれを全部5つのやつを集めたら。,success,いわゆる鉄鉄板に文字がこう刻まれてるとそれを全部5つのやつを集めたら。,False,33,35,2
,008_kbs_13584331_20260711150000_seg_00246,008_kbs_13584331_20260711150000,SPEAKER_00,1168.88,1181.44,12.56,success,出てきたのが、2113年、つまり今から100年後に、エッフェル塔の下に、この5つの鍵を使って開ける箱を設置しますと。,success,出てきたのが2113年つまり今から100年後にエッフェル塔の下にこの5つの鍵を使って開ける箱を設置しますと。,False,58,54,-4
,008_kbs_13584331_20260711150000_seg_00247,008_kbs_13584331_20260711150000,SPEAKER_00,1183.44,1187.04,3.6,success,それをみんなで見ましょうみたいな説明なんですよ。,success,それをみんなで見ましょうみたいな説明なんですよ。,True,24,24,0
,008_kbs_13584331_20260711150000_seg_00248,008_kbs_13584331_20260711150000,SPEAKER_01,1188.48,1191.44,2.96,success,それはじゃあもう後世に託すしかないみたいな。,success,それはじゃあもう後世に託すしかないみたいな。,True,22,22,0
,008_kbs_13584331_20260711150000_seg_00249,008_kbs_13584331_20260711150000,SPEAKER_01,1195.76,1196.4,0.64,success,ああ。,success,ああ。,True,3,3,0
,008_kbs_13584331_20260711150000_seg_00250,008_kbs_13584331_20260711150000,SPEAKER_01,1196.64,1197.68,1.04,success,ゲーム会社はい。,success,ゲーム会社はい。,True,8,8,0
,008_kbs_13584331_20260711150000_seg_00251,008_kbs_13584331_20260711150000,SPEAKER_00,1197.84,1203.44,5.6,success,たった一つのバイクゲームを作ったゲーム会社が、ここまでの裏ゲーム作ってるんですよ。,success,たった一つのバイクゲームを作ったゲーム会社がここまでの裏ゲーム作ってるんですよ。,False,41,40,-1
,008_kbs_13584331_20260711150000_seg_00252,008_kbs_13584331_20260711150000,SPEAKER_01,1203.76,1207.36,3.6,success,それをしかも解読してくれる人が出てくるの?,success,それをしかも解読してくれる人が出てくるの?,True,21,21,0
,008_kbs_13584331_20260711150000_seg_00253,008_kbs_13584331_20260711150000,SPEAKER_01,1209.36,1210.64,1.28,success,すごっ!,success,すごっ!,True,4,4,0
,008_kbs_13584331_20260711150000_seg_00254,008_kbs_13584331_20260711150000,SPEAKER_00,1210.72,1211.76,1.04,success,ちょっとかいつまんでいいわ。,success,ちょっとかいつまんでいいわ。,True,14,14,0
,008_kbs_13584331_20260711150000_seg_00255,008_kbs_13584331_20260711150000,SPEAKER_00,1212.08,1219.2,7.12,success,けどもまあもうちょいもうちょいいろんなことあったんですけどもつまりはゲームの世界から。,success,けどもまあもうちょいもうちょいいろんなことあったんですけどもつまりはゲームの世界から。,True,43,43,0
,008_kbs_13584331_20260711150000_seg_00256,008_kbs_13584331_20260711150000,SPEAKER_00,1219.68,1240.64,20.96,success,ちょっとあれおかしいあれ暗号みたいやないうのを集めたらとある暗号になってそこから現実世界に飛び出してまずインターネットの1サイトに飛ばされてそこから現実世界の5つの場所行け言われてみんな探しに行ってそしたら最終的には100年後にエッフェル塔の下にその鍵で開くものを埋めるっていう。,success,何ですかねちょっとあれおかしいあれ暗号みたいやないうのを集めたらとある暗号になってそっから現実世界に飛び出してまずインターネットの1サイトに飛ばされてそこから現実世界の5つの場所行け言われてみんな探しに行ってそしたら最終的には100年後にエッフェル塔の下にその鍵で開くものを埋めるっていう。,False,140,145,5
,008_kbs_13584331_20260711150000_seg_00257,008_kbs_13584331_20260711150000,SPEAKER_00,1243.68,1248.48,4.8,success,海外の配達会社ってそういう予約ができるらしいんですね。,success,海外の配達会社ってそういう予約ができるらしいんですね。,True,27,27,0
,008_kbs_13584331_20260711150000_seg_00258,008_kbs_13584331_20260711150000,SPEAKER_01,1248.64,1249.52,0.88,success,いついつ?,success,いついつも。,False,5,6,1
,008_kbs_13584331_20260711150000_seg_00259,008_kbs_13584331_20260711150000,SPEAKER_00,1250.96,1258.64,7.68,success,暮らしてくるから、もうそのゲーム会社の人も、それ発見したりとか、解析したみんなも、まあ、生きてはない。,success,クラッシュからもうそのねゲーム会社の人もそれ発見したりとか解析したみんなもまあ生きてはない。,False,51,46,-5
,008_kbs_13584331_20260711150000_seg_00260,008_kbs_13584331_20260711150000,SPEAKER_01,1259.6,1260.24,0.64,success,ですね。,success,ですね。,True,4,4,0
,008_kbs_13584331_20260711150000_seg_00261,008_kbs_13584331_20260711150000,SPEAKER_00,1260.4,1261.36,0.96,success,でもその。,success,でもその。,True,5,5,0
,008_kbs_13584331_20260711150000_seg_00262,008_kbs_13584331_20260711150000,SPEAKER_00,1261.68,1265.28,3.6,success,その未来に託すっていうこの粋な演出。,success,その未来に託すっていうこの粋な演出。,True,18,18,0
,008_kbs_13584331_20260711150000_seg_00263,008_kbs_13584331_20260711150000,SPEAKER_01,1266.16,1270.0,3.84,success,夢がありますよね、そこまでずっとそのゲームがっていう。,success,夢がありますよね、そこまでずっとそのゲームがっていう。,True,27,27,0
,008_kbs_13584331_20260711150000_seg_00264,008_kbs_13584331_20260711150000,SPEAKER_00,1271.28,1273.12,1.84,success,最近これ知ってね。,success,最近これ知ってね。,True,9,9,0
,008_kbs_13584331_20260711150000_seg_00265,008_kbs_13584331_20260711150000,SPEAKER_01,1273.28,1275.68,2.4,success,えー、夜も寝られなく。,success,え夜も寝られなく。,False,11,9,-2
,008_kbs_13584331_20260711150000_seg_00266,008_kbs_13584331_20260711150000,SPEAKER_01,1276.0,1276.56,0.56,success,あっ!,success,あっ!,True,3,3,0
,008_kbs_13584331_20260711150000_seg_00267,008_kbs_13584331_20260711150000,SPEAKER_00,1277.52,1279.6,2.08,success,ほんまに思ってたんと違う。,success,ほんまに思ってたんと違う。,True,13,13,0
,008_kbs_13584331_20260711150000_seg_00268,008_kbs_13584331_20260711150000,SPEAKER_01,1279.84,1283.52,3.68,success,なるほど、そうか、なんの話でしたっけ?ってなったら、そうですね。,success,なるほどそうか何の話でしたっけ?ってなったらそうですね。,False,32,28,-4
,008_kbs_13584331_20260711150000_seg_00269,008_kbs_13584331_20260711150000,SPEAKER_00,1283.76,1284.32,0.56,success,タンデマイバイバイバイバイバイバイバイバイバイバイバイバイバイバイバイバイバイバイ,success,ダンドゥバイ!,False,41,7,-34
,008_kbs_13584331_20260711150000_seg_00270,008_kbs_13584331_20260711150000,SPEAKER_00,1284.8,1290.8,6.0,success,ゲームで1秒でも速く走れるようにってやってたゲームが、まさかそんな裏があったとは。,success,ゲームで1秒でも速く走れるようにってやってたゲームがまさかそんな裏があったとは。,False,41,40,-1
,008_kbs_13584331_20260711150000_seg_00271,008_kbs_13584331_20260711150000,SPEAKER_01,1290.96,1293.04,2.08,success,ちょっと思ってたんと違いすぎます。,success,ちょっと思ってたんと違いすぎます。,True,17,17,0
,008_kbs_13584331_20260711150000_seg_00272,008_kbs_13584331_20260711150000,SPEAKER_00,1293.76,1294.32,0.56,success,でしょ?,success,でしょ?,True,4,4,0
,008_kbs_13584331_20260711150000_seg_00273,008_kbs_13584331_20260711150000,SPEAKER_00,1294.96,1301.04,6.08,success,こんなんいやだから世の中には面白いこと考える人いてはんねんなあ思いながら。,success,いやこんなんいやだから世の中には面白いこと考える人いてはんねんなぁ思いながら。,False,37,39,2
,008_kbs_13584331_20260711150000_seg_00274,008_kbs_13584331_20260711150000,SPEAKER_01,1301.2,1305.36,4.16,success,本当ですね、そんな境地の人がいるのか。,success,本当ですね、そんな境地の人がいるのか。,True,19,19,0
,008_kbs_13584331_20260711150000_seg_00275,008_kbs_13584331_20260711150000,SPEAKER_01,1305.92,1309.92,4.0,success,そのゲームが楽しいって思う人の思考というか。,success,そのゲームが楽しいって思う人の思考というか。,True,22,22,0
,008_kbs_13584331_20260711150000_seg_00276,008_kbs_13584331_20260711150000,SPEAKER_01,1310.96,1311.68,0.72,success,でしょうね。,success,でしょうね。,True,6,6,0
,008_kbs_13584331_20260711150000_seg_00277,008_kbs_13584331_20260711150000,SPEAKER_01,1313.68,1314.96,1.28,success,そんな気がします。,success,そんな気がします。,True,9,9,0
,008_kbs_13584331_20260711150000_seg_00278,008_kbs_13584331_20260711150000,SPEAKER_00,1314.96,1316.64,1.68,success,うん何か本当にこう。,success,うん何かほんとにこう。,False,10,11,1
,008_kbs_13584331_20260711150000_seg_00279,008_kbs_13584331_20260711150000,SPEAKER_00,1317.52,1321.04,3.52,success,何か楽しい裏切りというかこういうのってすごくいいですよね。,success,なんか楽しいこう裏切りというかこういうのってすごくいいですよね。,False,29,32,3
,008_kbs_13584331_20260711150000_seg_00280,008_kbs_13584331_20260711150000,SPEAKER_00,1321.92,1336.16,14.24,success,そうなんですよ、だからもう、最近、それがね、すごい、ちょっと僕は、僕はすごいぐっときた話なんですけど、メールも頂いております、こちらはラジオネーム、仁さんより、龍馬さん、向井さん、スタッフの皆さん、こんにちは。,success,そうなんですよ、だからもう、最近、それがね、すごい、ちょっと僕は、僕はすごいぐっときた話なんですけど、メールも頂いております、こちらはラジオネーム、仁さんより、龍馬さん、向井さん、スタッフの皆さん、こんにちは。,True,105,105,0
,008_kbs_13584331_20260711150000_seg_00281,008_kbs_13584331_20260711150000,SPEAKER_00,1336.64,1348.56,11.92,success,楽しく聴いています、向井さん、サックスを始めて発表会に出られることになったんですねと、私も7年9か月前に、大人のピアノを習い始めました。,success,楽しく聴いています向井さんサックスを始めて発表会に出られることになったんですねと私も7年9か月前に大人のピアノを習い始めました。,False,68,64,-4
,008_kbs_13584331_20260711150000_seg_00282,008_kbs_13584331_20260711150000,SPEAKER_00,1349.2,1352.72,3.52,success,そして1年後の12月に発表会に初めて出ました。,success,そして1年後の12月に発表会に初めて出ました。,True,23,23,0
,008_kbs_13584331_20260711150000_seg_00283,008_kbs_13584331_20260711150000,SPEAKER_01,1352.8,1353.76,0.96,success,えすごい!,success,えすごい!,True,5,5,0
,008_kbs_13584331_20260711150000_seg_00284,008_kbs_13584331_20260711150000,SPEAKER_00,1353.84,1363.68,9.84,success,結果は緊張でうまく弾けませんでしたが周りの人からはよかった頑張ったと言ってもらえました初めての楽器は特に緊張するでしょうけど頑張ってくださいねと。,success,結果は緊張でうまく弾けませんでしたが周りの人からはよかった頑張ったと言ってもらえました初めての楽器は特に緊張するでしょうけど頑張ってくださいねと。,True,73,73,0
,008_kbs_13584331_20260711150000_seg_00285,008_kbs_13584331_20260711150000,SPEAKER_01,1363.84,1365.52,1.68,success,あうれしい。,success,あうれしい。,True,6,6,0
,008_kbs_13584331_20260711150000_seg_00286,008_kbs_13584331_20260711150000,SPEAKER_01,1366.4,1367.92,1.52,success,おはようございます。,success,おはようございます。,True,10,10,0
,008_kbs_13584331_20260711150000_seg_00287,008_kbs_13584331_20260711150000,SPEAKER_01,1368.24,1372.08,3.84,success,ピアノもね、緊張したら、もう指が震えちゃうから。,success,ピアノもね緊張したらもう指が震えちゃうから。,False,24,22,-2
,008_kbs_13584331_20260711150000_seg_00288,008_kbs_13584331_20260711150000,SPEAKER_00,1372.16,1373.36,1.2,success,まあ確かにねやる。,success,またしかにねやる。,False,9,9,0
,008_kbs_13584331_20260711150000_seg_00289,008_kbs_13584331_20260711150000,SPEAKER_00,1373.76,1375.28,1.52,success,全部そう。,success,全部そう。,True,5,5,0
,008_kbs_13584331_20260711150000_seg_00290,008_kbs_13584331_20260711150000,SPEAKER_01,1375.76,1376.32,0.56,success,ですよね。,success,ですよね。,True,5,5,0
,008_kbs_13584331_20260711150000_seg_00291,008_kbs_13584331_20260711150000,SPEAKER_00,1376.32,1377.36,1.04,success,ムカチンは。,success,ムカチンは。,True,6,6,0
,008_kbs_13584331_20260711150000_seg_00292,008_kbs_13584331_20260711150000,SPEAKER_00,1377.68,1379.36,1.68,success,だから初めの頃。,success,だから初めの頃。,True,8,8,0
,008_kbs_13584331_20260711150000_seg_00293,008_kbs_13584331_20260711150000,SPEAKER_00,1379.76,1382.0,2.24,success,仕事やる時声が震えることとかなかった?,success,声の仕事やる時声が震えることとかなかった?,False,19,21,2
,008_kbs_13584331_20260711150000_seg_00294,008_kbs_13584331_20260711150000,SPEAKER_01,1383.28,1392.56,9.28,success,ありました、ありました、でももう、直らないというか、意識すればするほど、ねぇ、より加速してしまうみたいな感じで、もう。,success,ありました、ありました、でももう、治らないというか、意識すればするほど、ねぇ、より加速してしまうみたいな感じで、もう。,False,59,59,0
,008_kbs_13584331_20260711150000_seg_00295,008_kbs_13584331_20260711150000,SPEAKER_01,1394.64,1397.04,2.4,success,そうなんですよでもありましたね。,success,そうなんですよでもありましたね。,True,16,16,0
,008_kbs_13584331_20260711150000_seg_00296,008_kbs_13584331_20260711150000,SPEAKER_01,1397.52,1406.48,8.96,success,やっぱり影アナウンスみたいなお仕事の時に何だろうもうその声だけに集中してもらうわけじゃないですか。,success,やっぱり影アナウンスみたいなお仕事の時に何だろうもうその声だけに集中してもらうわけじゃないですか。,True,49,49,0
,008_kbs_13584331_20260711150000_seg_00297,008_kbs_13584331_20260711150000,SPEAKER_01,1406.72,1413.6,6.88,success,ってなったら、なんかまた違うmcとか、立ってお話しするのと、また違う緊張感があったりして。,success,ってなったら何かまた違うmcとか立ってお話しするのとまた違う緊張感があったりして。,False,45,41,-4
,008_kbs_13584331_20260711150000_seg_00298,008_kbs_13584331_20260711150000,SPEAKER_01,1415.36,1417.04,1.68,success,それもありましたね。,success,それもありましたね。,True,10,10,0
,008_kbs_13584331_20260711150000_seg_00299,008_kbs_13584331_20260711150000,SPEAKER_00,1417.44,1418.8,1.36,success,ちょっと苦手意識があって。,success,ちょっと苦手意識があって。,True,13,13,0
,008_kbs_13584331_20260711150000_seg_00300,008_kbs_13584331_20260711150000,SPEAKER_01,1419.36,1420.24,0.88,success,ありましたね。,success,ありましたね。,True,7,7,0
,008_kbs_13584331_20260711150000_seg_00301,008_kbs_13584331_20260711150000,SPEAKER_00,1422.64,1425.2,2.56,success,鍵穴の声震えてたら。,success,ですよね鍵穴の声震えてたら。,False,10,14,4
,008_kbs_13584331_20260711150000_seg_00302,008_kbs_13584331_20260711150000,SPEAKER_01,1426.72,1428.16,1.44,success,おちおちきいてられへん。,success,おちおち聞いてられへん!,False,12,12,0
,008_kbs_13584331_20260711150000_seg_00303,008_kbs_13584331_20260711150000,SPEAKER_00,1429.36,1431.84,2.48,success,誰かに脅されながらしゃべってるのかなとか。,success,誰かに脅されながらしゃべってんのかなとか。,False,21,21,0
,008_kbs_13584331_20260711150000_seg_00304,008_kbs_13584331_20260711150000,SPEAKER_01,1431.92,1435.92,4.0,success,本当、そのときのお客さんに謝りたいです、この場を借りて。,success,いや本当そのときのお客さんに謝りたいです。,False,28,21,-7
,008_kbs_13584331_20260711150000_seg_00305,008_kbs_13584331_20260711150000,SPEAKER_00,1437.44,1438.48,1.04,success,まだ立派にしゃべれること。,success,まだ立派にしゃべれる子。,False,13,12,-1
,008_kbs_13584331_20260711150000_seg_00306,008_kbs_13584331_20260711150000,SPEAKER_00,1440.8,1441.76,0.96,success,と抗議まで。,success,と抗議まで。,True,6,6,0
,008_kbs_13584331_20260711150000_seg_00307,008_kbs_13584331_20260711150000,SPEAKER_00,1443.2,1446.64,3.44,success,はいつぎはおたのしみ教えて阿木先生のコーナーです。,success,はい次はお楽しみ教えて秋先生のコーナーです。,False,25,22,-3
,008_kbs_13584331_20260711150000_seg_00308,008_kbs_13584331_20260711150000,SPEAKER_02,1459.76,1471.339941,11.58,success,祭り囃子流れる鉾町にkbsラジオがやって来る7月15日16日綾笠鉾前特設会場にkbs京都祇園祭パークがオープン。,success,祭り囃子流れる鉾町にkbsラジオがやって来る7月15日16日綾笠鉾前特設会場にkbs京都祇園祭パークがオープン。,True,56,56,0
,008_kbs_13584331_20260711150000_seg_00309,008_kbs_13584331_20260711150000,SPEAKER_01,1504.24,1505.899939,1.66,success,暑い子どもたちあつさを。,success,暑い子どもたち暑さ。,False,12,10,-2
,008_kbs_13584331_20260711150000_seg_00310,008_kbs_13584331_20260711150000,SPEAKER_00,1521.68,1523.659949,1.98,success,教えてアーキセン!,success,教えて!,False,9,4,-5
,008_kbs_13584331_20260711150000_seg_00311,008_kbs_13584331_20260711150000,SPEAKER_00,1525.36,1526.059912,0.7,success,うん!,success,うん!,True,3,3,0
,008_kbs_13584331_20260711150000_seg_00312,008_kbs_13584331_20260711150000,SPEAKER_00,1530.57998,1535.179907,4.6,success,このコーナーではお休みをしている本香先生に代わってあき先生。,success,このコーナーではお休みをしている本香先生に代わって阿木先生が登場。,False,30,33,3
,008_kbs_13584331_20260711150000_seg_00313,008_kbs_13584331_20260711150000,SPEAKER_00,1537.779932,1549.579932,11.8,success,いろんな側面からお話を伺いますなおここでお話しされる内容はあき先生の分かる範囲で阿木先生の解釈をもとにしたものでございますのであらかじめご容赦くださいませ。,success,いろんな側面からお話を伺いますなおここでお話しされる内容は阿木先生の分かる範囲で阿木先生の解釈をもとにしたものでございますのであらかじめご容赦くださいませ。,False,78,78,0
,008_kbs_13584331_20260711150000_seg_00314,008_kbs_13584331_20260711150000,SPEAKER_01,1550.8,1552.24,1.44,success,2回目です。,success,2回目です。,True,6,6,0
,008_kbs_13584331_20260711150000_seg_00315,008_kbs_13584331_20260711150000,SPEAKER_01,1552.8,1553.92,1.12,success,よろしくお願いいたします。,success,よろしくお願いいたします。,True,13,13,0
,008_kbs_13584331_20260711150000_seg_00316,008_kbs_13584331_20260711150000,SPEAKER_01,1555.04,1557.36,2.32,success,ではね1回目吹奏楽のお話を。,success,1回目吹奏楽のお話を。,False,14,11,-3
,008_kbs_13584331_20260711150000_seg_00317,008_kbs_13584331_20260711150000,SPEAKER_01,1558.56,1561.2,2.64,success,メッセージもたくさん、皆さん、ありがとうございました。,success,メッセージもたくさん皆さんありがとうございました。,False,27,25,-2
,008_kbs_13584331_20260711150000_seg_00318,008_kbs_13584331_20260711150000,SPEAKER_01,1562.24,1566.37998,4.14,success,いただいておりました、私がちょっと間違ってしまったというか。,success,泣いておりました私がちょっと間違ってしまったというか。,False,30,27,-3
,008_kbs_13584331_20260711150000_seg_00319,008_kbs_13584331_20260711150000,SPEAKER_01,1568.56,1570.48,1.92,success,ボンボン入ってなかったよとか。,success,ボンボン入ってなかったよとか。,True,15,15,0
,008_kbs_13584331_20260711150000_seg_00320,008_kbs_13584331_20260711150000,SPEAKER_01,1571.2,1572.96,1.76,success,ご指摘も頂いたり。,success,ご指摘も頂いたり。,True,9,9,0
,008_kbs_13584331_20260711150000_seg_00321,008_kbs_13584331_20260711150000,SPEAKER_01,1573.28,1575.84,2.56,success,しっかり聞いてくださってるんだなっていうのが。,success,しっかり聞いてくださってるんだなっていうのが。,True,23,23,0
,008_kbs_13584331_20260711150000_seg_00322,008_kbs_13584331_20260711150000,SPEAKER_01,1576.56,1580.32,3.76,success,ピッコロも忘れてない?みたいなご意見があったり。,success,ピッコロも忘れてない?みたいなご意見があったり。,True,24,24,0
,008_kbs_13584331_20260711150000_seg_00323,008_kbs_13584331_20260711150000,SPEAKER_01,1580.96,1582.0,1.04,success,失礼いたしました。,success,失礼いたしました。,True,9,9,0
,008_kbs_13584331_20260711150000_seg_00324,008_kbs_13584331_20260711150000,SPEAKER_00,1582.16,1582.699927,0.54,success,いえいえ。,success,いえいえ。,True,5,5,0
,008_kbs_13584331_20260711150000_seg_00325,008_kbs_13584331_20260711150000,SPEAKER_00,1583.859949,1610.16,26.3,success,ラジオネームスケさんより吹奏楽とてもよかったです説明がとても分かりやすくて知らない知識をたくさん得ることができました私中学生の時半年だけ楽譜も読めないのにブラスバンド部に入ってました動機はクラリネットが吹きたかったから辞めた理由は文化祭のステージで好きな人の前でクラリネット吹く顔を見られたくなかったから。,success,頂いておりますよラジオネームスケさんより吹奏楽とてもよかったです説明がとても分かりやすくて知らない知識をたくさん得ることができました私中学生の時半年だけ楽譜も読めないのにブラスバンド部に入ってました動機はクラリネットが吹きたかったから辞めた理由は文化祭のステージで好きな人の前でクラリネット吹く顔を見られたくなかったから。,False,153,161,8
,008_kbs_13584331_20260711150000_seg_00326,008_kbs_13584331_20260711150000,SPEAKER_01,1612.88,1615.6,2.72,success,クラリネットって一番前に座りますしね。,success,クラリネットって一番前に座りますしね。,True,19,19,0
,008_kbs_13584331_20260711150000_seg_00327,008_kbs_13584331_20260711150000,SPEAKER_01,1616.8,1617.84,1.04,success,きれいになると。,success,きれいになると。,True,8,8,0
,008_kbs_13584331_20260711150000_seg_00328,008_kbs_13584331_20260711150000,SPEAKER_00,1617.84,1624.939917,7.1,success,なるほど、最初にクラリネットの口を渡され、音が出るまで練習してきてと言われたことも。,success,なるほど最初にクラリネットの口を渡され音が出るまで練習してきてと言われたことも。,False,42,40,-2
,008_kbs_13584331_20260711150000_seg_00329,008_kbs_13584331_20260711150000,SPEAKER_00,1626.099939,1630.219946,4.12,success,乾燥しないように水につけろと言われたのもいちいち新鮮でした。,success,乾燥しないように水につけろと言われたのもいちいち新鮮でした。,True,30,30,0
,008_kbs_13584331_20260711150000_seg_00330,008_kbs_13584331_20260711150000,SPEAKER_01,1636.24,1641.259985,5.02,success,この前の1回目の時はいろいろ吹奏楽の。,success,ねこの前の1回目の時はいろいろ吹奏楽の。,False,19,20,1
,008_kbs_13584331_20260711150000_seg_00331,008_kbs_13584331_20260711150000,SPEAKER_01,1642.96,1654.219946,11.26,success,オーケストラの違いとか使われている楽器のこと楽器のこととかお話をしていったんですが最後にもうこれだけは聴いてもらいたいといろんな吹奏楽部などを。,success,オーケストラの違いとか使われている楽器のこと楽器のこととかお話をしていったんですが最後にもうこれだけは聴いてもらいたいといろんな吹奏楽部など。,False,72,71,-1
,008_kbs_13584331_20260711150000_seg_00332,008_kbs_13584331_20260711150000,SPEAKER_01,1655.379907,1663.12,7.74,success,取材させてもらったりしながら、好きなバンドがあるんです、ここなんですっていうところで終わってしまったので、そこからいきたいと思います。,success,取材させてもらったりしながら、好きなバンドがあるんです、こうなんですっていうところで終わってしまったので、そこからいきたいと思います。,False,67,67,0
,008_kbs_13584331_20260711150000_seg_00333,008_kbs_13584331_20260711150000,SPEAKER_01,1664.0,1670.059912,6.06,success,そうなんです、私、大好きなバンド、大阪府の?? 面自由学園高等学校。,success,はいそうなんです私大好きなバンド大阪府の?? 面自由学園高等学校。,False,34,33,-1
,008_kbs_13584331_20260711150000_seg_00334,008_kbs_13584331_20260711150000,SPEAKER_01,1672.24,1672.8,0.56,success,ずっ。,success,ずっ!,False,3,3,0
,008_kbs_13584331_20260711150000_seg_00335,008_kbs_13584331_20260711150000,SPEAKER_01,1678.48,1679.659949,1.18,success,です、本当に。,success,です、本当に。,True,7,7,0
,008_kbs_13584331_20260711150000_seg_00336,008_kbs_13584331_20260711150000,SPEAKER_01,1684.24,1691.179907,6.94,success,こんなにも楽しそうに演奏する、楽しく音楽を届けてくれるバンドがあるんだっていうのが。,success,こんなにも楽しそうに演奏する楽しく音楽を届けてくれるバンドがあるんだっていうのが。,False,42,41,-1
,008_kbs_13584331_20260711150000_seg_00337,008_kbs_13584331_20260711150000,SPEAKER_01,1692.819971,1722.56,29.74,success,でこうもう心から元気をもらえる見るといつもっていうバンドなんですね。ででもまあ初めて聴く方もいらっしゃるかなと思うのでざっくりと実力もある学校なのでご紹介するとマーチングに特に力を入れている学校でもありましてマーチングの大会って一番大きな大会が全日本マーチングコンテストという大会が11月に大阪城ホールであるんですよ。,success,不思議に思った感じでしてでこうもう心から元気をもらえる見るといつもっていうバンドなんですねででもまあ初めて聴く方もいらっしゃるかなと思うのでざっくりと実力もある学校なのでご紹介するとマーチングに特に力を入れている学校でもありましてマーチングの大会って一番大きな大会が全日本マーチングコンテストという大会が11月に大阪城ホールであるんです。,False,159,169,10
,008_kbs_13584331_20260711150000_seg_00338,008_kbs_13584331_20260711150000,SPEAKER_00,1723.04,1723.84,0.8,success,ジョーホールで。,success,ジョーホールデー。,False,8,9,1
,008_kbs_13584331_20260711150000_seg_00339,008_kbs_13584331_20260711150000,SPEAKER_01,1724.0,1724.64,0.64,success,そうなんですよ。,success,そうなんですよ。,True,8,8,0
,008_kbs_13584331_20260711150000_seg_00340,008_kbs_13584331_20260711150000,SPEAKER_01,1725.04,1731.12,6.08,success,ここに4年連続出場し、さらには金賞を取るような。,success,ここに4年連続出場し更には金賞を取るような。,False,24,22,-2
,008_kbs_13584331_20260711150000_seg_00341,008_kbs_13584331_20260711150000,SPEAKER_01,1731.36,1732.0,0.64,success,バンドで。,success,バンドで。,True,5,5,0
,008_kbs_13584331_20260711150000_seg_00342,008_kbs_13584331_20260711150000,SPEAKER_00,1732.64,1733.2,0.56,success,りょうは。,success,玉葉。,False,5,3,-2
,008_kbs_13584331_20260711150000_seg_00343,008_kbs_13584331_20260711150000,SPEAKER_01,1733.52,1742.56,9.04,success,実力派です、でこれもね、メッセージも下さってたんですけど、美濃自由学園高等学校吹奏楽部、長いから、みのじって、通称呼ばれて。,success,実力派です、でこれもね、メッセージも下さってたんですけど、 ?? 面自由学園高等学校吹奏楽部、長いから、みのじって、通称呼ばれて。,False,62,65,3
,008_kbs_13584331_20260711150000_seg_00344,008_kbs_13584331_20260711150000,SPEAKER_00,1742.64,1743.36,0.72,success,みのじ。,success,みのじ。,True,4,4,0
,008_kbs_13584331_20260711150000_seg_00345,008_kbs_13584331_20260711150000,SPEAKER_01,1743.44,1757.76,14.32,success,でゴールデンベアーズというそういう名称もありますのでそれで呼ばれてるんですが今年の1月1日お正月にアメリカのねローズパレードっていうものに出場されてるんです。,success,猪路でゴールデンベアーズというそういう名称もありますのでそれで呼ばれてるんですが今年の1月1日お正月にアメリカのねローズパレードっていうものに出場されてるんです。,False,79,81,2
,008_kbs_13584331_20260711150000_seg_00346,008_kbs_13584331_20260711150000,SPEAKER_01,1758.16,1771.84,13.68,success,世界的にも規模の大きなパレードでそこに日本代表で出場するというような学校で更にはマーチングバンドだけじゃなくってチアもとても。,success,でも世界的にも規模の大きなパレードでそこに日本代表で出場するというような学校で更にはマーチングバンドだけじゃなくってチアもとても。,False,63,65,2
,008_kbs_13584331_20260711150000_seg_00347,008_kbs_13584331_20260711150000,SPEAKER_01,1773.52,1779.04,5.52,success,強豪校なので一緒に行ってローズパレードに出場されたんですね。,success,あの強豪校なので一緒に行ってローズパレードに出場されたんですね。,False,30,32,2
,008_kbs_13584331_20260711150000_seg_00348,008_kbs_13584331_20260711150000,SPEAKER_00,1779.92,1794.64,14.72,success,ラジオネーム、ひろりさんよりも頂いてますよ、2026年1月1日、カリフォルニア州パサディナで開催されたローズパレードに出演していますって、世界中に生中継されてました、これはすごいことですと。,success,ラジオネーム、ひろりさんよりも頂いてますよ、2026年1月1日、カリフォルニア州パサディナで開催されたローズパレードに出演していますって、世界中に生中継されてました、これはすごいことですと。,True,95,95,0
,008_kbs_13584331_20260711150000_seg_00349,008_kbs_13584331_20260711150000,SPEAKER_01,1794.72,1803.04,8.32,success,ちなみになんですが昨年は京都の京都たちばながこのローズパレードに出場されている。,success,そうそうそうそうなんですよでちなみになんですが昨年は京都の京都橘がこのローズパレードに出場されている。,False,40,51,11
,008_kbs_13584331_20260711150000_seg_00350,008_kbs_13584331_20260711150000,SPEAKER_00,1803.2,1803.84,0.64,success,あなるほど。,success,アノロ。,False,6,4,-2
,008_kbs_13584331_20260711150000_seg_00351,008_kbs_13584331_20260711150000,SPEAKER_01,1804.08,1823.92,19.84,success,でまあまあそんなバンドででも私がここでお話しするにあたって何でこうほかのバンドもちろんほかのバンドもすばらしいバンドいっぱいある中でこんなに心をつかまれるんだろうって考えた時にちょっと2つ頭の中に思ったのがまず1つはこのマーチングがすばらしいっていう中で1つ。,success,そうなんですでまあまあそんなバンドででも私がここでお話しするにあたって何でこう他のバンドもちろん他のバンドもすばらしいバンドいっぱいある中でこんなに心をつかまれるんだろうって考えた時にちょっと2つ頭の中に思ったのがまず一つはこのマーチングがすばらしいっていう中で一つ。,False,130,134,4
,008_kbs_13584331_20260711150000_seg_00352,008_kbs_13584331_20260711150000,SPEAKER_01,1824.16,1827.36,3.2,success,ドラムラインって、涼婆さん、ご存じですか?,success,ドラムラインって涼婆さんご存じですか?,False,21,19,-2
,008_kbs_13584331_20260711150000_seg_00353,008_kbs_13584331_20260711150000,SPEAKER_00,1829.04,1829.92,0.88,success,映画とかない?,success,映画にとかない?,False,7,8,1
,008_kbs_13584331_20260711150000_seg_00354,008_kbs_13584331_20260711150000,SPEAKER_01,1830.4,1840.64,10.24,success,そうです、アメリカの映画で、2002年だったかな、になったものなんですけど、ドラムラインって、マーチングバンドの打楽器の総称で。,success,そうですアメリカの映画で2002年だったかなになったものなんですけどドラムラインってマーチングバンドの打楽器の総称で。,False,64,59,-5
,008_kbs_13584331_20260711150000_seg_00355,008_kbs_13584331_20260711150000,SPEAKER_00,1840.8,1841.44,0.64,success,おはよう。,success,うんほら。,False,5,5,0
,008_kbs_13584331_20260711150000_seg_00356,008_kbs_13584331_20260711150000,SPEAKER_01,1841.68,1846.0,4.32,success,そこにもとっても力を入れてるんですね、ミノン。,success,そのそこにもとっても力を入れてるんですね美濃さん。,False,23,25,2
,008_kbs_13584331_20260711150000_seg_00357,008_kbs_13584331_20260711150000,SPEAKER_01,1846.96,1848.16,1.2,success,あの。,success,あの。,True,3,3,0
,008_kbs_13584331_20260711150000_seg_00358,008_kbs_13584331_20260711150000,SPEAKER_01,1848.64,1855.92,7.28,success,年に1回の定期演奏会とかでも演奏されるんですけど大体20人ぐらい総勢。,success,年に1回の定期演奏会とかでも演奏されるんですけど大体20人ぐらい総勢。,True,35,35,0
,008_kbs_13584331_20260711150000_seg_00359,008_kbs_13584331_20260711150000,SPEAKER_01,1856.4,1857.84,1.44,success,スネアドラム。,success,スネアドラム。,True,7,7,0
,008_kbs_13584331_20260711150000_seg_00360,008_kbs_13584331_20260711150000,SPEAKER_01,1858.24,1867.2,8.96,success,ベースドラム、マルチドラム、テナードラムか、テナードラム、あっ、みのじはごめんなさい、テナードラムはないです。,success,ベースドラムマルチドラムテナードラムかテナードラムあっみの字はごめんなさいテナードラムはないです。,False,55,49,-6
,008_kbs_13584331_20260711150000_seg_00361,008_kbs_13584331_20260711150000,SPEAKER_01,1868.24,1891.12,22.88,success,チンバルが皆さんで演技するのがまじで本当に一糸乱れぬ動きといいますか超絶技巧とかもありつつもう何だろう関西で私が知っている範囲であそこまで完成度の高いドラムラインをされる学校はほかには私は見たことないなって思うんですねまずそれにもう魅了されたと。,success,チンバルが皆さんで演技するのがまじで本当に一糸乱れぬ動きといいますか超絶技巧とかもありつつもう何だろう関西で私が知っている範囲であそこまで完成度の高いドラムラインをされる学校はほかには私は見たことないなって思うんですね。,False,123,110,-13
,008_kbs_13584331_20260711150000_seg_00362,008_kbs_13584331_20260711150000,SPEAKER_00,1892.48,1895.44,2.96,success,スネアドラムの人っていっぱいいてはるんですか?,success,あのスネアドラムの人っていっぱいいてはるんですか?,False,23,25,2
,008_kbs_13584331_20260711150000_seg_00363,008_kbs_13584331_20260711150000,SPEAKER_01,1897.6,1901.44,3.84,success,ドラムでも10人近くはいると思います。,success,ドラムでも10人近くはいると思います。,True,19,19,0
,008_kbs_13584331_20260711150000_seg_00364,008_kbs_13584331_20260711150000,SPEAKER_00,1901.44,1902.96,1.52,success,バラバラになるんじゃないですか?,success,バラバラになるんじゃないですか。,False,16,16,0
,008_kbs_13584331_20260711150000_seg_00365,008_kbs_13584331_20260711150000,SPEAKER_01,1903.12,1905.28,2.16,success,バラバラにならないんです、それが。,success,バラバラにならないんですそれが。,False,17,16,-1
,008_kbs_13584331_20260711150000_seg_00366,008_kbs_13584331_20260711150000,SPEAKER_00,1905.28,1906.4,1.12,success,なんでですか?,success,なんでですか?,True,7,7,0
,008_kbs_13584331_20260711150000_seg_00367,008_kbs_13584331_20260711150000,SPEAKER_01,1906.4,1909.36,2.96,success,もう不思議ですよね、私も不思議です。,success,いやもう不思議ですよね私も不思議です。,False,18,19,1
,008_kbs_13584331_20260711150000_seg_00368,008_kbs_13584331_20260711150000,SPEAKER_00,1909.6,1910.48,0.88,success,先生不思議な。,success,全然不思議な。,False,7,7,0
,008_kbs_13584331_20260711150000_seg_00369,008_kbs_13584331_20260711150000,SPEAKER_01,1910.72,1934.24,23.52,success,これだけだからもう、練習量がある、もちろんあると思いますし、たぶん、10人ぐらいいる中で、一番技術的にも高い方がセンターに立つと思うんですよ、その方に合わせていく、その横の人、センターの横はセンターに合わせる、その横の人はまたその隣に合わせるっていう感じで、たぶん練習を。,success,これだけだからもう、練習量がある、もちろんあると思いますし、たぶん、10人ぐらいいる中で、一番技術的にも高い方がセンターに立つと思うんですよ、その方に合わせていく、その横の人、センターの横はセンターに合わせる、その横の人はまたその隣に合わせるっていう感じで、たぶん練習を。,True,136,136,0
,008_kbs_13584331_20260711150000_seg_00370,008_kbs_13584331_20260711150000,SPEAKER_00,1934.24,1935.36,1.12,success,なるほど。,success,なるほど。,True,5,5,0
,008_kbs_13584331_20260711150000_seg_00371,008_kbs_13584331_20260711150000,SPEAKER_01,1935.44,1936.8,1.36,success,いるのかなっていう。,success,似ているのかなっていう。,False,10,12,2
,008_kbs_13584331_20260711150000_seg_00372,008_kbs_13584331_20260711150000,SPEAKER_01,1937.44,1938.64,1.2,success,党も含まれますけど。,success,銅も含まれますけど。,False,10,10,0
,008_kbs_13584331_20260711150000_seg_00373,008_kbs_13584331_20260711150000,SPEAKER_01,1938.96,1942.8,3.84,success,とにかくもう、一糸乱れぬ動きと華やかさで。,success,とにかくもう一糸乱れぬ動きと華やかさで。,False,21,20,-1
,008_kbs_13584331_20260711150000_seg_00374,008_kbs_13584331_20260711150000,SPEAKER_01,1943.04,1944.72,1.68,success,圧倒されます、これが1つです。,success,圧倒されますこれが一つです。,False,15,14,-1
,008_kbs_13584331_20260711150000_seg_00375,008_kbs_13584331_20260711150000,SPEAKER_01,1944.96,1952.64,7.68,success,でもう一つはねお客様に音楽を届ける時の距離感がめちゃくちゃ近いんです。,success,でもう一つはねお客様に音楽を届ける時の距離感がめちゃくちゃ近いんです。,True,35,35,0
,008_kbs_13584331_20260711150000_seg_00376,008_kbs_13584331_20260711150000,SPEAKER_00,1953.52,1954.96,1.44,success,どどういうことですか?,success,どどういうことですか?,True,11,11,0
,008_kbs_13584331_20260711150000_seg_00377,008_kbs_13584331_20260711150000,SPEAKER_01,1955.04,1959.2,4.16,success,目の前で手を取って歌ってくれるんですよ。,success,もう目の前で手を取って歌ってくれるんですよ。,False,20,22,2
,008_kbs_13584331_20260711150000_seg_00378,008_kbs_13584331_20260711150000,SPEAKER_00,1959.2,1960.32,1.12,success,あっ物理的な。,success,あっ物理的な?,False,7,7,0
,008_kbs_13584331_20260711150000_seg_00379,008_kbs_13584331_20260711150000,SPEAKER_01,1961.36,1972.24,10.88,success,物理的にこれはちょっとある意味ネタバレにもなるかもしれないんですけど十八番の曲美の字の十八番の曲がミュージカルアニーのトゥモロー。,success,物理的にこれはちょっとある意味ネタバレにもなるかもしれないんですけど十八番の曲美の字の十八番の曲がミュージカルアニーのトゥモロー。,True,65,65,0
,008_kbs_13584331_20260711150000_seg_00380,008_kbs_13584331_20260711150000,SPEAKER_01,1972.88,1974.56,1.68,success,トゥモロートゥモロー。,success,トゥモロートゥモロー。,True,11,11,0
,008_kbs_13584331_20260711150000_seg_00381,008_kbs_13584331_20260711150000,SPEAKER_01,1974.88,1987.36,12.48,success,あの曲あるじゃないですか、あの曲をいつも最後に演奏されるんですけどね、ステージとかからお客さんの席まで、客席まで下りてきてくれて、最後、手を取って、目を見て歌ってくれる。,success,あの曲あるじゃないですかあの曲をいつも最後に演奏されるんですけどねステージとかからお客さんの席まで客席まで下りてきてくれて最後こう手を取って目を見て歌ってくれる。,False,85,81,-4
,008_kbs_13584331_20260711150000_seg_00382,008_kbs_13584331_20260711150000,SPEAKER_00,1987.52,1988.16,0.64,success,おお!,success,坊!,False,3,2,-1
,008_kbs_13584331_20260711150000_seg_00383,008_kbs_13584331_20260711150000,SPEAKER_00,1988.96,1990.24,1.28,success,プロじゃないですか、もう。,success,プロじゃないですかもう。,False,13,12,-1
,008_kbs_13584331_20260711150000_seg_00384,008_kbs_13584331_20260711150000,SPEAKER_01,1990.4,1996.48,6.08,success,ちょっとでも初めてそれ私してもらった時に恥ずかしさが勝ってしまって。,success,ちょっとでも初めてそれ私してもらった時に恥ずかしさが勝ってしまって。,True,34,34,0
,008_kbs_13584331_20260711150000_seg_00385,008_kbs_13584331_20260711150000,SPEAKER_01,1996.96,2004.32,7.36,success,どこ見ていいんやろうというかそんなんもう高校生に手握ってもらって歌ってもらうなんか非日常じゃないですか。,success,どこ見ていいんやろというかそんなんもう高校生に手握ってもらって歌ってもらうなんか非日常じゃないですか。,False,52,51,-1
,008_kbs_13584331_20260711150000_seg_00386,008_kbs_13584331_20260711150000,SPEAKER_00,2005.36,2006.08,0.72,success,ないですね。,success,はいないですね。,False,6,8,2
,008_kbs_13584331_20260711150000_seg_00387,008_kbs_13584331_20260711150000,SPEAKER_01,2008.32,2010.88,2.56,success,でも、なんていうか、こう。,success,でも何ていうかこう。,False,13,10,-3
,008_kbs_13584331_20260711150000_seg_00388,008_kbs_13584331_20260711150000,SPEAKER_01,2011.44,2015.2,3.76,success,皆さんの生徒さんの目をそらさない力というか。,success,皆さんの生徒さんの目をそらさない力というか。,True,22,22,0
,008_kbs_13584331_20260711150000_seg_00389,008_kbs_13584331_20260711150000,SPEAKER_00,2015.52,2016.8,1.28,success,ピュアな。,success,ピュアな。,True,5,5,0
,008_kbs_13584331_20260711150000_seg_00390,008_kbs_13584331_20260711150000,SPEAKER_01,2016.88,2022.8,5.92,success,そうなんですよ、なんかそこにも私はすごい引かれまして、もう毎回泣いちゃうんですよね。,success,そうなんですよ、なんかそこにも私はすごい引かれまして、もう毎回泣いちゃうんですよね。,True,42,42,0
,008_kbs_13584331_20260711150000_seg_00391,008_kbs_13584331_20260711150000,SPEAKER_00,2022.8,2024.88,2.08,success,ハハハもうどハマりじゃないですかそれ。,success,ハハハどハマりじゃないですかそれ。,False,19,17,-2
,008_kbs_13584331_20260711150000_seg_00392,008_kbs_13584331_20260711150000,SPEAKER_01,2025.28,2031.52,6.24,success,分かってるんですよ、もう最後はtemoro歌ってくれるって、ちょっとなんか、分かってるって言ったら、言い方がね、よくないかもしれない。,success,分かってるんですよ、もう最後はtemoro歌ってくれるって、ちょっとなんか、分かってるって言ったら、言い方がね、よくないかも分からない。,False,67,68,1
,008_kbs_13584331_20260711150000_seg_00393,008_kbs_13584331_20260711150000,SPEAKER_01,2033.68,2049.44,15.76,success,くくってくれるんやろなって分かってるんだけどほろりと来てしまうっていう方はでも私だけじゃなくってその場にいらっしゃるお客様だったりスタッフの人とかも含めて何かこう心をつかまれるっていう瞬間かなって。,success,締めくくってくれるんやろなって分かってるんだけどほろりときてしまうっていう方はでも私だけじゃなくってその場にいらっしゃるお客様だったりスタッフの人とかも含めて何かこう心をつかまれるっていう瞬間かなって。,False,99,101,2
,008_kbs_13584331_20260711150000_seg_00394,008_kbs_13584331_20260711150000,SPEAKER_00,2050.08,2050.64,0.56,success,おっ。,success,うん。,False,3,3,0
,008_kbs_13584331_20260711150000_seg_00395,008_kbs_13584331_20260711150000,SPEAKER_01,2050.8,2051.36,0.56,success,出ます。,success,出ます。,True,4,4,0
,008_kbs_13584331_20260711150000_seg_00396,008_kbs_13584331_20260711150000,SPEAKER_01,2052.8,2056.24,3.44,success,っていう感じで、とにかくこれは生で見ていただきたいですね。,success,っていう感じで、とにかくこれは生で見ていただきたいですね。,True,29,29,0
,008_kbs_13584331_20260711150000_seg_00397,008_kbs_13584331_20260711150000,SPEAKER_01,2056.64,2069.44,12.8,success,ぜひ皆さんに見てもらいたいなと思うので定期演奏会が毎年2月に行われておりましてことしはちょっと時期がずれるというお話もありますがぜひちょっとゴールデンベアーズ。,success,ぜひ皆さんに見てもらいたいなと思うので定期演奏会が毎年2月に行われておりまして今年はちょっと時期がずれるっていうお話もありますがぜひちょっとゴールデンベアーズと。,False,80,81,1
,008_kbs_13584331_20260711150000_seg_00398,008_kbs_13584331_20260711150000,SPEAKER_00,2070.08,2070.64,0.56,success,みのじ。,success,みのじ。,True,4,4,0
,008_kbs_13584331_20260711150000_seg_00399,008_kbs_13584331_20260711150000,SPEAKER_01,2070.72,2078.96,8.24,success,美濃字のsnsをね、頻繁に先生方も更新されているので、ぜひ情報をチェックいただけたらなと思います。,success,美濃字のsnsをね頻繁に先生方も更新されているのでぜひ情報をチェック頂けたらなと思います。,False,49,45,-4
,008_kbs_13584331_20260711150000_seg_00400,008_kbs_13584331_20260711150000,SPEAKER_01,2079.68,2086.8,7.12,success,でねやっぱり今お話しした中でももう生で見てもらいたいっていう思いがすごく強くって。,success,でねまあやっぱり今お話しした中でももう生で見てもらいたいっていう思いがすごく強くって。,False,41,43,2
,008_kbs_13584331_20260711150000_seg_00401,008_kbs_13584331_20260711150000,SPEAKER_01,2087.04,2094.4,7.36,success,皆さんに近々行っていただけそうなコンサートをちょっといくつかご紹介できたらなと。,success,皆さんに近々行っていただけそうなコンサートをちょっといくつかご紹介できたらなと。,True,40,40,0
,008_kbs_13584331_20260711150000_seg_00402,008_kbs_13584331_20260711150000,SPEAKER_01,2095.2,2096.0,0.8,success,ぜひひろおばが。,success,末広は頑張って。,False,8,8,0
,008_kbs_13584331_20260711150000_seg_00403,008_kbs_13584331_20260711150000,SPEAKER_01,2097.6,2099.12,1.52,success,えっとまず1つ目。,success,えっとまず1つ目。,True,9,9,0
,008_kbs_13584331_20260711150000_seg_00404,008_kbs_13584331_20260711150000,SPEAKER_00,2099.2,2102.64,3.44,success,先生の講義聞いてると思ったら、なんか青汁買わされるような鼻に。,success,先生の講義聞いてると思ったら何か青汁買わされるような話に。,False,31,29,-2
,008_kbs_13584331_20260711150000_seg_00405,008_kbs_13584331_20260711150000,SPEAKER_00,2103.52,2105.2,1.68,success,なってますけども、はい。,success,なってますけどもはい。,False,12,11,-1
,008_kbs_13584331_20260711150000_seg_00406,008_kbs_13584331_20260711150000,SPEAKER_01,2105.68,2106.96,1.28,success,ちょっと手を。,success,じゃあちょっと手を。,False,7,10,3
,008_kbs_13584331_20260711150000_seg_00407,008_kbs_13584331_20260711150000,SPEAKER_01,2107.52,2109.04,1.52,success,マスカネ、ごめんなさい。,success,いますかねごめんなさい。,False,12,12,0
,008_kbs_13584331_20260711150000_seg_00408,008_kbs_13584331_20260711150000,SPEAKER_01,2109.92,2121.52,11.6,success,1つ目がちょっと遠くて大阪で申し訳ないんですがたそがれコンサート2026というコンサートが大阪城音楽堂で。,success,1つ目がちょっと遠くて大阪で申し訳ないんですが黄 ?? コンサート2026というコンサートが大阪城音楽堂で。,False,53,54,1
,008_kbs_13584331_20260711150000_seg_00409,008_kbs_13584331_20260711150000,SPEAKER_00,2121.6,2122.88,1.28,success,お野外音楽院。,success,お野外音楽院。,True,7,7,0
,008_kbs_13584331_20260711150000_seg_00410,008_kbs_13584331_20260711150000,SPEAKER_01,2123.2,2123.84,0.64,success,音楽堂。,success,軽音楽堂。,False,4,5,1
,008_kbs_13584331_20260711150000_seg_00411,008_kbs_13584331_20260711150000,SPEAKER_01,2124.24,2155.44,31.2,success,これはね昭和25年から始まっている歴史が深いコンサートで何といっても夏の夕べのひとときにというかたそがれ時に吹奏楽をっていうテーマなので開始時刻が18時30分からなんです。でもう始まってて7月8日の水曜日から8月19日の水曜日約1か月にわたって毎週水曜日にその場所で演奏会が行われるんですね。,success,これはね昭和25年から始まっているもう歴史が深いコンサートで何といっても夏の夕べのひとときにというかたそがれ時に吹奏楽をっていうテーマなので開始時刻が18時30分からなんです。でもう始まってて7月8日の水曜日から8月19日の水曜日約1か月にわたって毎週水曜日にその場所で演奏会が行われるんですね。,False,146,148,2
,008_kbs_13584331_20260711150000_seg_00412,008_kbs_13584331_20260711150000,SPEAKER_01,2155.84,2167.04,11.2,success,大阪市教育委員会が主催をしていてなので市内の中学校の吹奏楽部とか高校の吹奏楽部航空陸上自衛隊音楽隊。,success,でこれ大阪市教育委員会が主催をしていてなので市内の中学校の吹奏楽部とか高校の吹奏楽部航空陸上自衛隊音楽隊。,False,50,53,3
,008_kbs_13584331_20260711150000_seg_00413,008_kbs_13584331_20260711150000,SPEAKER_01,2168.72,2180.4,11.68,success,ラストのステージ8月19日の水曜日を飾るのはプロのオオサカシオンウインドオーケストラ昔は大阪市音楽団といわれていたんですが。,success,最後ラストのステージ8月19日の水曜日を飾るのはプロのオオサカシオンウインドオーケストラ昔は大阪市音楽団といわれていたんですが。,False,62,64,2
,008_kbs_13584331_20260711150000_seg_00414,008_kbs_13584331_20260711150000,SPEAKER_01,2180.72,2184.32,3.6,success,このプロの吹奏楽団がラストを飾るという。,success,このプロの吹奏楽団がラストを飾るという。,True,20,20,0
,008_kbs_13584331_20260711150000_seg_00415,008_kbs_13584331_20260711150000,SPEAKER_01,2184.8,2185.68,0.88,success,イベント?,success,イベント?,True,5,5,0
,008_kbs_13584331_20260711150000_seg_00416,008_kbs_13584331_20260711150000,SPEAKER_01,2185.92,2193.12,7.2,success,私も何回か行ってるんですけどもう何かねこう日が落ちてくるあの日。,success,なんですね。で私も何回か行ってるんですけどもう何かねこう日が落ちてくるあの日。,False,32,39,7
,008_kbs_13584331_20260711150000_seg_00417,008_kbs_13584331_20260711150000,SPEAKER_01,2193.36,2208.08,14.72,success,夕焼け空とともに聞こえてくる吹奏楽の音色っていうのがすばらしいで暑い時期はやっぱりこうチューバのね前言ってましたけどあちちってなるぐらいの暑さのタイミングから始まるので何かその。,success,夕焼け空とともに聞こえてくる吹奏楽の音色っていうのがすばらしいです。で暑い時期はやっぱりこうチューバのね前言ってましたけどあちちってなるぐらいの暑さのタイミングから始まるので何かその。,False,89,92,3
,008_kbs_13584331_20260711150000_seg_00418,008_kbs_13584331_20260711150000,SPEAKER_00,2208.16,2208.72,0.56,success,点ですね。,success,点ですね。,True,5,5,0
,008_kbs_13584331_20260711150000_seg_00419,008_kbs_13584331_20260711150000,SPEAKER_01,2208.8,2213.44,4.64,success,気候の変化も一緒に気温の変化とか感じながら。,success,気候の変化も一緒に気温の変化とか感じながら。,True,22,22,0
,008_kbs_13584331_20260711150000_seg_00420,008_kbs_13584331_20260711150000,SPEAKER_00,2213.6,2215.44,1.84,success,葉っぱがだんだん触りやすくなってくる。,success,葉っぱがだんだん触りやすくなってくる。,True,19,19,0
,008_kbs_13584331_20260711150000_seg_00421,008_kbs_13584331_20260711150000,SPEAKER_01,2216.8,2219.04,2.24,success,そういうイベントがまず一つある。,success,そういうイベントがまず一つある。,True,16,16,0
,008_kbs_13584331_20260711150000_seg_00422,008_kbs_13584331_20260711150000,SPEAKER_01,2219.84,2220.48,0.64,success,で。,success,でこっち。,False,2,5,3
,008_kbs_13584331_20260711150000_seg_00423,008_kbs_13584331_20260711150000,SPEAKER_01,2222.88,2229.28,6.4,success,このイベントね、チラシを見てると、私の推し曜日というか、推している日にちがあります。,success,このイベントでチラシを見てると私の推し曜日というか推している日にちがあります。,False,42,39,-3
,008_kbs_13584331_20260711150000_seg_00424,008_kbs_13584331_20260711150000,SPEAKER_01,2229.68,2235.12,5.44,success,1か月あるんですけど、私はね、7月22日水曜日。,success,1か月あるんですけど私はね7月22日水曜日。,False,24,22,-2
,008_kbs_13584331_20260711150000_seg_00425,008_kbs_13584331_20260711150000,SPEAKER_00,2235.12,2236.48,1.36,success,もうすぐじゃないですか。,success,もうすぐじゃないですか。,True,12,12,0
,008_kbs_13584331_20260711150000_seg_00426,008_kbs_13584331_20260711150000,SPEAKER_01,2236.48,2241.6,5.12,success,2位、大阪市立梅加中学校吹奏楽部が出るんですね。,success,2位、大阪市立梅加中学校吹奏楽部が出るんですね。,True,24,24,0
,008_kbs_13584331_20260711150000_seg_00427,008_kbs_13584331_20260711150000,SPEAKER_01,2242.16,2250.8,8.64,success,ここの吹奏楽部、私も3度ほど伺って、めちゃくちゃ当時は、すごい人数も少なかったんですよ。,success,でここの吹奏楽部私も3度ほど伺ってめちゃくちゃ当時はすごい人数も少なかったんですよ。,False,44,42,-2
,008_kbs_13584331_20260711150000_seg_00428,008_kbs_13584331_20260711150000,SPEAKER_01,2251.12,2272.08,20.96,success,十何人とか20人に満たないぐらいで演奏されてたんですが今も多分そんなに人数は多くないですめきめきとさらに力をつけられて今年度か昨年度の全日本吹奏楽コンクールに初出場して初出場で金賞を取って帰ってきた学校なんです。,success,十何人とか20人に満たないぐらいで演奏されてたんですが今も多分そんなに人数は多くないですめきめきと更に力をつけられて今年度か昨年度の全日本吹奏楽コンクールに初出場して初出場で金賞を取って帰ってきた学校なんですよ。,False,106,106,0
,008_kbs_13584331_20260711150000_seg_00429,008_kbs_13584331_20260711150000,SPEAKER_01,2273.04,2282.8,9.76,success,先生もすごい人情味のある先生で選曲とかもめちゃくちゃいけいけなドラムがばんばん鳴ってるような曲を選曲される。,success,であの先生もすごい人情味のある先生で選曲とかもめちゃくちゃイケイケなドラムがバンバン鳴ってるような曲を選曲される。,False,54,57,3
,008_kbs_13584331_20260711150000_seg_00430,008_kbs_13584331_20260711150000,SPEAKER_01,2284.72,2290.16,5.44,success,ちょっとまたひと味違う吹奏楽の魅力を感じてもらえそうだなって思っています。,success,ちょっとまたひと味違う吹奏楽の魅力を感じてもらえそうだなって思っています。,True,37,37,0
,008_kbs_13584331_20260711150000_seg_00431,008_kbs_13584331_20260711150000,SPEAKER_01,2290.64,2299.04,8.4,success,でもう一つはやっぱりラストの大阪シオンウインドオーケストラのプロの吹奏楽団って全国で有名なところ3つ。,success,はいでもう一つはやっぱりラストの大阪シオンウインドオーケストラプロの吹奏楽団って全国で有名なところ3つ。,False,51,52,1
,008_kbs_13584331_20260711150000_seg_00432,008_kbs_13584331_20260711150000,SPEAKER_01,2300.08,2309.76,9.68,success,大阪が大阪シオンウインドオーケストラで東京構成ウインドオーケストラとシエナウインドオーケストラ。,success,大阪が大阪シオンウインドオーケストラで東京構成ウインドオーケストラとシエナウインドオーケストラ。,True,48,48,0
,008_kbs_13584331_20260711150000_seg_00433,008_kbs_13584331_20260711150000,SPEAKER_01,2310.48,2315.66001,5.18,success,その3つのうちの1つの楽団が最後。,success,で、合ってるかな、大丈夫だと思います、その3つのうちの1つの楽団が最後。,False,17,36,19
,008_kbs_13584331_20260711150000_seg_00434,008_kbs_13584331_20260711150000,SPEAKER_01,2317.12,2320.32,3.2,success,ぜひ、それが8月19日水曜日になります。,success,ぜひそれが8月19日水曜日になります。,False,20,19,-1
,008_kbs_13584331_20260711150000_seg_00435,008_kbs_13584331_20260711150000,SPEAKER_01,2322.32,2323.76,1.44,success,もう一つだけいいですか?,success,もう一つだけいいですか?,True,12,12,0
,008_kbs_13584331_20260711150000_seg_00436,008_kbs_13584331_20260711150000,SPEAKER_01,2324.48,2331.92,7.44,success,もう一つ、えっとね、ちょっとでも、本当はあと2つあったんですけど、もうちょっと1つにしておきます。,success,もう1つ、えーっとね、ちょっとでも、本当はあと2つあったんですけど、もうちょっと1つにしておきます。,False,49,50,1
,008_kbs_13584331_20260711150000_seg_00437,008_kbs_13584331_20260711150000,SPEAKER_01,2332.4,2337.36,4.96,success,京都です、これは一日限りの吹奏楽団inz。,success,京都です、これは一日限りの吹奏楽団inz。,True,21,21,0
,008_kbs_13584331_20260711150000_seg_00438,008_kbs_13584331_20260711150000,SPEAKER_00,2337.6,2338.56,0.96,success,大氏。,success,大氏。,True,3,3,0
,008_kbs_13584331_20260711150000_seg_00439,008_kbs_13584331_20260711150000,SPEAKER_01,2338.64,2357.2,18.56,success,というのが、私はこれは行ったことはないんですが、いろいろ調べてる中でおもしろそうだなと思ったコンサートで、何がすごいって、この日に180人の人が初めて会って、合奏するんです。,success,というのが8月29日土曜日にありますで私はこれは行ったことはないんですがいろいろ調べてる中で面白そうだなと思ったコンサートで何がすごいってこの日に180人の人が初めて会って合奏するんです。,False,87,94,7
,008_kbs_13584331_20260711150000_seg_00440,008_kbs_13584331_20260711150000,SPEAKER_00,2357.36,2358.96,1.6,success,うん。,success,え!,False,3,2,-1
,008_kbs_13584331_20260711150000_seg_00441,008_kbs_13584331_20260711150000,SPEAKER_01,2359.04,2364.4,5.36,success,であのまあ皆さん楽団に入ってる方ばっかりだったら自分の楽団で演奏したらいい。,success,であのまあ皆さん楽団に入ってる方ばっかりだったら自分の楽団で演奏したらいい。,True,38,38,0
,008_kbs_13584331_20260711150000_seg_00442,008_kbs_13584331_20260711150000,SPEAKER_01,2365.36,2369.68,4.32,success,楽団には入っていないけどやっぱり合奏を楽しみたい。,success,楽団には入っていないけどやっぱり合奏を楽しみたい。,True,25,25,0
,008_kbs_13584331_20260711150000_seg_00443,008_kbs_13584331_20260711150000,SPEAKER_01,2370.4,2371.12,0.72,success,拭きたいって。,success,で拭きたいって。,False,7,8,1
,008_kbs_13584331_20260711150000_seg_00444,008_kbs_13584331_20260711150000,SPEAKER_01,2371.52,2384.72,13.2,success,方たちが申し込んだり、まあまあ、それは中には楽団に入ってる方もいらっしゃるとは思うんですけど、その日に行って、みんなでリハーサルをして、その日に演奏会をして、お客さんにも入っていただく。,success,方たちが申し込んだりまあまあそら中には楽団に入ってる方もいらっしゃるとは思うんですけどその日に行ってみんなでリハーサルをしてその日に演奏会をしてお客さんにも入って頂く。,False,93,84,-9
,008_kbs_13584331_20260711150000_seg_00445,008_kbs_13584331_20260711150000,SPEAKER_01,2385.84,2395.04,9.2,success,というイベントでして、もうたぶんね、演奏するほうは締め切られてたと思うんですけど、お客さんは500円で、リハーサルから見に行くことができるそうです。,success,というイベントでしてもう多分ね演奏するほうは締め切られてたと思うんですけどお客さんは500円でリハーサルから見に行くことができるそうです。,False,74,69,-5
,008_kbs_13584331_20260711150000_seg_00446,008_kbs_13584331_20260711150000,SPEAKER_00,2397.04,2398.0,0.96,success,なるほどなるほど。,success,なるほどなるほど。,True,9,9,0
,008_kbs_13584331_20260711150000_seg_00447,008_kbs_13584331_20260711150000,SPEAKER_01,2398.0,2404.96,6.96,success,音楽が作っていかれるのかっていうところとかも見ていただけるっていうようなコンサートになります。,success,音楽が作っていかれるのかっていうところとかも見ていただけるっていうようなコンサートになります。,True,47,47,0
,008_kbs_13584331_20260711150000_seg_00448,008_kbs_13584331_20260711150000,SPEAKER_00,2405.2,2406.72,1.52,success,いろんなとこでやってるんすね。,success,いろんなとこでやってるんですね。,False,15,16,1
,008_kbs_13584331_20260711150000_seg_00449,008_kbs_13584331_20260711150000,SPEAKER_01,2406.72,2408.24,1.52,success,いろんなとこでやってます。,success,いろんなとこでやってます。,True,13,13,0
,008_kbs_13584331_20260711150000_seg_00450,008_kbs_13584331_20260711150000,SPEAKER_01,2409.36,2414.64,5.28,success,こういうみんなで合奏したいっていう方が行くイベントとかも結構あって。,success,こういうみんなで合奏したいっていう方が行くイベントとかも結構あって。,True,34,34,0
,008_kbs_13584331_20260711150000_seg_00451,008_kbs_13584331_20260711150000,SPEAKER_01,2415.2,2438.24,23.04,success,さっき言った大阪シオンウインドオーケストラさんが月1吹奏楽っていってみんなで月に1回演奏しましょうっていうのも開催されてますしヤマハさんとかみんなで集まってっていうのをいろんな全国でね開催されてたりもするのでもし今だから1人で演奏しててちょっと吹く場所がないなどっかで合奏したいなっていう方にはおすすめです。,success,さっき言ったオサカシオンウインドオーケストラさんが月1吹奏楽っていってみんなで月に1回演奏しましょうっていうのも開催されてますしヤマハさんとかみんなで集まってっていうのをいろんな全国でね開催されてたりもするのでもし今だから1人で演奏しててちょっと吹く場所がないなどっかで合奏したいなっていう方にはおすすめです。,False,154,155,1
,008_kbs_13584331_20260711150000_seg_00452,008_kbs_13584331_20260711150000,SPEAKER_00,2438.4,2439.84,1.44,success,なるほど。,success,なるほど。,True,5,5,0
,008_kbs_13584331_20260711150000_seg_00453,008_kbs_13584331_20260711150000,SPEAKER_01,2439.84,2440.4,0.56,success,はい。,success,はい。,True,3,3,0
,008_kbs_13584331_20260711150000_seg_00454,008_kbs_13584331_20260711150000,SPEAKER_00,2440.48,2445.68,5.2,success,そうですよねだから1人よりかは絶対たくさんの方がいいですもんね。,success,そうですよねだから1人よりかは絶対たくさんの方がいいですもんね。,True,32,32,0
,008_kbs_13584331_20260711150000_seg_00455,008_kbs_13584331_20260711150000,SPEAKER_01,2445.68,2446.56,0.88,success,うん。,success,うん。,True,3,3,0
,008_kbs_13584331_20260711150000_seg_00456,008_kbs_13584331_20260711150000,SPEAKER_01,2446.88,2452.16,5.28,success,やっぱり音と音が重なった時のあの何か高揚感みたいな。,success,やっぱり音と音が重なった時のあのなんか高揚感みたいな。,False,26,27,1
,008_kbs_13584331_20260711150000_seg_00457,008_kbs_13584331_20260711150000,SPEAKER_00,2455.68,2457.28,1.6,success,すごいその。,success,すごいその。,True,6,6,0
,008_kbs_13584331_20260711150000_seg_00458,008_kbs_13584331_20260711150000,SPEAKER_00,2458.24,2460.24,2.0,success,僕もバンド音楽やってますけども。,success,まあ僕もバンド音楽やってますけども。,False,16,18,2
,008_kbs_13584331_20260711150000_seg_00459,008_kbs_13584331_20260711150000,SPEAKER_00,2460.48,2463.04,2.56,success,われわれの界わいとは違う界わい。,success,我々の界わいとは違う界わい。,False,16,14,-2
,008_kbs_13584331_20260711150000_seg_00460,008_kbs_13584331_20260711150000,SPEAKER_00,2464.24,2465.2,0.96,success,ですよね。,success,ですよね。,True,5,5,0
,008_kbs_13584331_20260711150000_seg_00461,008_kbs_13584331_20260711150000,SPEAKER_01,2465.44,2467.12,1.68,success,そうきっとそうですよね。,success,そうきっとそうですよね。,True,12,12,0
,008_kbs_13584331_20260711150000_seg_00462,008_kbs_13584331_20260711150000,SPEAKER_00,2467.44,2470.64,3.2,success,面白いなその。,success,ねえ面白いなあその。,False,7,10,3
,008_kbs_13584331_20260711150000_seg_00463,008_kbs_13584331_20260711150000,SPEAKER_00,2471.12,2483.52,12.4,success,だから何でしょうねバンドもまあ一緒っちゃ一緒やけどもお客さんにね見せるのはあれですけども何かこう団体戦みたいな感じしますよねそっちの方が。,success,だから何でしょうねバンドもまあ一緒っちゃ一緒やけどもお客さんにね見せるのはあれですけども何かこう団体戦みたいな感じしますよねそっちの方が。,True,69,69,0
,008_kbs_13584331_20260711150000_seg_00464,008_kbs_13584331_20260711150000,SPEAKER_01,2483.52,2487.92,4.4,success,そうですね、やっぱり人数の違いもありますし。,success,そうですねやっぱり人数の違いもありますし。,False,22,21,-1
,008_kbs_13584331_20260711150000_seg_00465,008_kbs_13584331_20260711150000,SPEAKER_01,2488.32,2490.24,1.92,success,そこがでも一番大きいですかね。,success,まあそこがでも一番大きいですかね。,False,15,17,2
,008_kbs_13584331_20260711150000_seg_00466,008_kbs_13584331_20260711150000,SPEAKER_01,2490.48,2491.68,1.2,success,人数の違い。,success,地図の違い。,False,6,6,0
,008_kbs_13584331_20260711150000_seg_00467,008_kbs_13584331_20260711150000,SPEAKER_00,2492.0,2497.84,5.84,success,やっぱりそれってやっぱり先生教える人がやっぱりすごいんですか?,success,やっぱりそれって先生教える人がやっぱりすごいんですか?,False,31,27,-4
,008_kbs_13584331_20260711150000_seg_00468,008_kbs_13584331_20260711150000,SPEAKER_01,2499.44,2505.92,6.48,success,でも私もこの前吹奏楽のお話をしてみの字の話をした時に。,success,あでも私もこの前吹奏楽のお話をしてみの字の話をした時に。,False,27,28,1
,008_kbs_13584331_20260711150000_seg_00469,008_kbs_13584331_20260711150000,SPEAKER_01,2506.16,2508.8,2.64,success,メンバーが変わってるのに。,success,こうメンバーが変わってるのに。,False,13,15,2
,008_kbs_13584331_20260711150000_seg_00470,008_kbs_13584331_20260711150000,SPEAKER_01,2509.44,2514.08,4.64,success,この実力を保ち続けるってすごいよねって寮おばさんに言われて。,success,この実力を保ち続けるってすごいよねって寮おばさんに言われて。,True,30,30,0
,008_kbs_13584331_20260711150000_seg_00471,008_kbs_13584331_20260711150000,SPEAKER_01,2514.4,2517.28,2.88,success,なんかそういう視点であんまり考えたことがなかったので。,success,なんかそういう視点であんまり考えたことがなかったので。,True,27,27,0
,008_kbs_13584331_20260711150000_seg_00472,008_kbs_13584331_20260711150000,SPEAKER_01,2517.52,2520.24,2.72,success,それめちゃくちゃ本当にそうだなって思いました。,success,それめちゃくちゃ本当にそうだなって思いました。,True,23,23,0
,008_kbs_13584331_20260711150000_seg_00473,008_kbs_13584331_20260711150000,SPEAKER_00,2520.4,2522.8,2.4,success,あのこの間ワールドカップでね。,success,あのでこの間ワールドカップでね。,False,15,16,1
,008_kbs_13584331_20260711150000_seg_00474,008_kbs_13584331_20260711150000,SPEAKER_00,2523.12,2528.4,5.28,success,日本まあまあ決勝トーナメント初戦でブラジルとやってたんですけど。,success,日本まあまあ決勝トーナメント初戦でブラジルとやってたんですけど。,True,32,32,0
,008_kbs_13584331_20260711150000_seg_00475,008_kbs_13584331_20260711150000,SPEAKER_00,2528.8,2553.84,25.04,success,でもブラジルにあそこまで行くってすごいなとは思いましたけどもでも僕なんか98年のドーハの悲劇っちゅうやつから見てるっちゅうかね知ってますから今やもう普通に勝ってる日本代表みたいなでも人変わってるしね監督も代わってるけど何か強いのは続いてるじゃないですか。,success,でもブラジルにあそこまで行くってすごいなとは思いましたけどもでも僕なんかこう98年のドーハの悲劇っちゅうやつから見てるっちゅうかね知ってますから今やもう普通に普通に勝ってる日本代表みたいなでも人変わってるしね監督も代わってるけど何か強いのは続いてるじゃないですか。,False,127,132,5
,008_kbs_13584331_20260711150000_seg_00476,008_kbs_13584331_20260711150000,SPEAKER_01,2554.08,2554.72,0.64,success,うん。,success,うん。,True,3,3,0
,008_kbs_13584331_20260711150000_seg_00477,008_kbs_13584331_20260711150000,SPEAKER_00,2554.8,2557.6,2.8,success,それはだから吹奏楽もあるのかなと思って。,success,それはだから吹奏楽もあるのかなと思って。,True,20,20,0
,008_kbs_13584331_20260711150000_seg_00478,008_kbs_13584331_20260711150000,SPEAKER_01,2557.68,2562.32,4.64,success,そうですよね、なんか私、これ、小学校で勤めてたときにも思ったんですけど。,success,そうですよねなんか私これ小学校で勤めてた時にも思ったんですけど。,False,36,32,-4
,008_kbs_13584331_20260711150000_seg_00479,008_kbs_13584331_20260711150000,SPEAKER_01,2562.56,2570.32,7.76,success,やっぱり先生とか指導される方ってやる気にさせるのが上手なんだろうなと思って。,success,やっぱり先生とか指導される方ってやる気にさせるのが上手なんだろうなあと思うんですね。,False,38,42,4
,008_kbs_13584331_20260711150000_seg_00480,008_kbs_13584331_20260711150000,SPEAKER_01,2571.2,2572.56,1.36,success,ポーズなバンド?,success,坊主なバンド?,False,8,7,-1
,008_kbs_13584331_20260711150000_seg_00481,008_kbs_13584331_20260711150000,SPEAKER_00,2572.56,2573.2,0.64,success,ああはい。,success,ああはい。,True,5,5,0
,008_kbs_13584331_20260711150000_seg_00482,008_kbs_13584331_20260711150000,SPEAKER_00,2576.0,2579.44,3.44,success,いやいやそれを先生やってた先生が思った。,success,いやいやそれを先生やってた先生が思った。,True,20,20,0
,008_kbs_13584331_20260711150000_seg_00483,008_kbs_13584331_20260711150000,SPEAKER_01,2579.68,2585.6,5.92,success,なんかだから、それをどうやったら、あんまりこう、全部を言うとかではなくって。,success,なんかだからそれをどうやったらあんまりこう全部を言うとかではなくって。,False,38,35,-3
,008_kbs_13584331_20260711150000_seg_00484,008_kbs_13584331_20260711150000,SPEAKER_01,2586.72,2589.36,2.64,success,にもっとなんか自分で調べたいとか。,success,にもっとなんか自分で調べたいとか。,True,17,17,0
,008_kbs_13584331_20260711150000_seg_00485,008_kbs_13584331_20260711150000,SPEAKER_01,2589.68,2596.0,6.32,success,もっと、もうとにかくやりたいって思ってもらったら、もうこっちのもんやなとはちょっと思ってたんですよ。,success,もっともうとにかくやりたいって思ってもらったらもうこっちのもんやなとはちょっと思ってたんですよ。,False,50,48,-2
,008_kbs_13584331_20260711150000_seg_00486,008_kbs_13584331_20260711150000,SPEAKER_01,2596.32,2600.8,4.48,success,なんか、私は最後のほう、図画工作を教えていたこと。,success,なんか私は最後の方図画工作を教えていたこと。,False,25,22,-3
,008_kbs_13584331_20260711150000_seg_00487,008_kbs_13584331_20260711150000,SPEAKER_01,2601.28,2612.56,11.28,success,4年ぐらい担当させてもらってたんですけど見本とかね用意してああやりたいって思ってもらったらもうどんどん子どもたちが勝手にやってくれるから。,success,4年ぐらい担当させてもらってたんですけどこう見本とかね用意してあやりたいって思ってもらったらもうどんどん子どもたちが勝手にやってくれるから。,False,69,70,1
,008_kbs_13584331_20260711150000_seg_00488,008_kbs_13584331_20260711150000,SPEAKER_01,2613.52,2616.4,2.88,success,もう何かこうそこが。,success,もう何かこうそこが。,True,10,10,0
,008_kbs_13584331_20260711150000_seg_00489,008_kbs_13584331_20260711150000,SPEAKER_01,2616.8,2620.08,3.28,success,きっとその実力派のバンドであったりとか。,success,きっとその実力派のバンドであったりとか。,True,20,20,0
,008_kbs_13584331_20260711150000_seg_00490,008_kbs_13584331_20260711150000,SPEAKER_01,2620.48,2625.52,5.04,success,先生がもうもっとこう上を目指したいとかもっと上手になりたいみたいなのを。,success,先生がもうもっとこう上を目指したいとかもっと上手になりたいみたいなのを。,True,36,36,0
,008_kbs_13584331_20260711150000_seg_00491,008_kbs_13584331_20260711150000,SPEAKER_01,2626.64,2628.72,2.08,success,なんていうか、くすぐっていくというか。,success,何て言うかくすぐっていくというか。,False,19,17,-2
,008_kbs_13584331_20260711150000_seg_00492,008_kbs_13584331_20260711150000,SPEAKER_01,2629.04,2632.24,3.2,success,いるのかなって想像もありますけど。,success,いるのかなって想像もありますけど。,True,17,17,0
,008_kbs_13584331_20260711150000_seg_00493,008_kbs_13584331_20260711150000,SPEAKER_00,2632.64,2633.44,0.8,success,なるほどね。,success,なるほどね。,True,6,6,0
,008_kbs_13584331_20260711150000_seg_00494,008_kbs_13584331_20260711150000,SPEAKER_01,2633.52,2635.28,1.76,success,思いますね。,success,思いますね。,True,6,6,0
,008_kbs_13584331_20260711150000_seg_00495,008_kbs_13584331_20260711150000,SPEAKER_00,2635.44,2643.76,8.32,success,だってドラムカーって、スネアだけ10人いてるって、どういう状況なんやろう、僕はドラマーなんで、スネアは1つしかないんですけど。,success,だってドラム缶ってスネアだけ10人いてるってどういう状況なんやろ僕はドラマーなんでスネアは1つしかないんですけど。,False,63,57,-6
,008_kbs_13584331_20260711150000_seg_00496,008_kbs_13584331_20260711150000,SPEAKER_01,2644.08,2644.88,0.8,success,そうですよね。,success,そうですよね。,True,7,7,0
,008_kbs_13584331_20260711150000_seg_00497,008_kbs_13584331_20260711150000,SPEAKER_01,2645.92,2650.16,4.24,success,ちょっと別別の世界の音楽というかまた本当に違う。,success,ちょっと別別の世界の音楽というかまたほんとに違う。,False,24,25,1
,008_kbs_13584331_20260711150000_seg_00498,008_kbs_13584331_20260711150000,SPEAKER_00,2652.48,2656.32,3.84,success,面白いな全然知りませんでした。,success,面白いな全然知りませんでした。,True,15,15,0
,008_kbs_13584331_20260711150000_seg_00499,008_kbs_13584331_20260711150000,SPEAKER_01,2656.64,2657.2,0.56,success,本当ですか?,success,本当ですか?,True,6,6,0
,008_kbs_13584331_20260711150000_seg_00500,008_kbs_13584331_20260711150000,SPEAKER_00,2657.36,2658.64,1.28,success,理想学の世界は。,success,医相学の世界は。,False,8,8,0
,008_kbs_13584331_20260711150000_seg_00501,008_kbs_13584331_20260711150000,SPEAKER_01,2658.64,2659.2,0.56,success,ぜひあの。,success,ぜひあの。,True,5,5,0
,008_kbs_13584331_20260711150000_seg_00502,008_kbs_13584331_20260711150000,SPEAKER_01,2659.68,2663.28,3.6,success,リスナーの皆さんにもね、生で見てもらいたいなっていう。,success,リスナーの皆さんにもね生で見てもらいたいなっていう。,False,27,26,-1
,008_kbs_13584331_20260711150000_seg_00503,008_kbs_13584331_20260711150000,SPEAKER_01,2664.24,2665.28,1.04,success,強いので。,success,強いので。,True,5,5,0
,008_kbs_13584331_20260711150000_seg_00504,008_kbs_13584331_20260711150000,SPEAKER_00,2665.28,2679.92,14.64,success,だっていろいろだってメッセージも頂いてますもん何かえっこの人もあっこの人ローカルヒーローさんはなかなかあれですよ龍馬さんオーケストラの楽団なめたら駄目ですよってだめ出し来てましたけどもね。はあファゴット。,success,だっていろいろだってメッセージも頂いてますもん何かえっこの人もあっこの人ローカルヒーローさんはなかなかあれですよ龍馬さんオーケストラの楽団なめたら駄目ですよってダメ出し来てましたけどもね。はあファゴット。,False,102,102,0
,008_kbs_13584331_20260711150000_seg_00505,008_kbs_13584331_20260711150000,SPEAKER_01,2680.0,2681.36,1.36,success,ファゴットはい。,success,ファゴットはい。,True,8,8,0
,008_kbs_13584331_20260711150000_seg_00506,008_kbs_13584331_20260711150000,SPEAKER_00,2681.68,2690.64,8.96,success,形をもう少し長くした筒状の本体に、外国のポットのように、細く洗面台の下のパイプのように、s字状にカーブしているのを吹く楽器でした。,success,口をもう少し長くした筒状の本体に外国のポットのように細く洗面台の下のパイプのようにs字状にカーブしているのを吹く楽器でした。,False,65,62,-3
,008_kbs_13584331_20260711150000_seg_00507,008_kbs_13584331_20260711150000,SPEAKER_01,2690.64,2700.08,9.44,success,すばらしいです、そのその表現、まさにそうです、尺八を大きくして、吹くところがs字くいって曲がってるんです。,success,すばらしいですそのその表現まさにそうです尺八を大きくして吹くところがs字クイッて曲がってるんです。,False,53,49,-4
,008_kbs_13584331_20260711150000_seg_00508,008_kbs_13584331_20260711150000,SPEAKER_00,2700.16,2701.12,0.96,success,なるほどね。,success,なるほどね。,True,6,6,0
,008_kbs_13584331_20260711150000_seg_00509,008_kbs_13584331_20260711150000,SPEAKER_00,2701.84,2727.6,25.76,success,中学の時には音楽鑑賞会に行って京都市交響楽団の演奏を聴きに行ってきました一番みんなが盛り上がったのが当時放送されていた日テレのバラエティー番組ゲバゲバ90分のテーマ曲が聞こえてきた時でしたやんちゃしてた同級生もうわっゲバゲバやん!ってノリノリになってきましたあん時自分は京都市交響楽団恐るべしと記憶に焼き付いておりますと。,success,中学の時には音楽鑑賞会に行って京都市交響楽団の演奏を聴きに行ってきました一番みんなが盛り上がったのが当時放送されていた日テレのバラエティー番組ゲバゲバ90分のテーマ曲が聞こえてきた時でしたヤンチャしてた同級生もうわっゲバゲバゲバやん!ってノリノリになってきましたあん時自分は京都市交響楽団恐るべしと記憶に焼き付いておりますと。,False,161,163,2
,008_kbs_13584331_20260711150000_seg_00510,008_kbs_13584331_20260711150000,SPEAKER_01,2728.08,2730.0,1.92,success,ゲバゲバ90分ね。,success,ゲバゲバ90分ね。,True,9,9,0
,008_kbs_13584331_20260711150000_seg_00511,008_kbs_13584331_20260711150000,SPEAKER_01,2731.12,2736.48,5.36,success,いいですね、コンサートって、やっぱり子ども乳児とか。,success,いいですねコンサートってやっぱり子ども乳児とか。,False,26,24,-2
,008_kbs_13584331_20260711150000_seg_00512,008_kbs_13584331_20260711150000,SPEAKER_00,2736.56,2737.36,0.8,success,はいはいはい。,success,おいおいおい。,False,7,7,0
,008_kbs_13584331_20260711150000_seg_00513,008_kbs_13584331_20260711150000,SPEAKER_01,2737.36,2741.68,4.32,success,連れてなかなか行きづらいなって泣いちゃったらどうしようとかあると思うんですけど。,success,連れてなかなか行きづらいなって泣いちゃったらどうしようとかあると思うんですけど。,True,40,40,0
,008_kbs_13584331_20260711150000_seg_00514,008_kbs_13584331_20260711150000,SPEAKER_01,2742.0,2744.08,2.08,success,0歳からのコンサートとか。,success,0歳からのコンサートとか。,True,13,13,0
,008_kbs_13584331_20260711150000_seg_00515,008_kbs_13584331_20260711150000,SPEAKER_01,2745.36,2746.72,1.36,success,結構あって。,success,もう結構あって。,False,6,8,2
,008_kbs_13584331_20260711150000_seg_00516,008_kbs_13584331_20260711150000,SPEAKER_01,2747.12,2752.32,5.2,success,もう全然いくら泣いてもらっても大丈夫ですって最初に言ってもらえるので。,success,でもう全然いくら泣いてもらっても大丈夫ですって最初に言ってもらえるので。,False,35,36,1
,008_kbs_13584331_20260711150000_seg_00517,008_kbs_13584331_20260711150000,SPEAKER_01,2752.72,2754.8,2.08,success,ここでよくゲバゲバ90分。,success,ここでよくゲバゲバ90分。,True,13,13,0
,008_kbs_13584331_20260711150000_seg_00518,008_kbs_13584331_20260711150000,SPEAKER_01,2755.12,2756.32,1.2,success,押されたりとか。,success,押されたりとか。,True,8,8,0
,008_kbs_13584331_20260711150000_seg_00519,008_kbs_13584331_20260711150000,SPEAKER_01,2757.04,2760.619971,3.58,success,あ泣いちゃいましたが私も去年ね子ども連れて行って。,success,あ終わっちゃいましたが私も去年ね子ども連れて行って。,False,25,26,1
,008_kbs_13584331_20260711150000_seg_00520,008_kbs_13584331_20260711150000,SPEAKER_01,2761.84,2763.52,1.68,success,あの0歳から楽しめる。,success,あの0歳から楽しめること。,False,11,13,2
,008_kbs_13584331_20260711150000_seg_00521,008_kbs_13584331_20260711150000,SPEAKER_01,2763.92,2766.859961,2.94,success,手遊びのメドレーやってくれたりとか。,success,ほんとにで手遊びのメドレーやってくれたりとか。,False,18,23,5
,008_kbs_13584331_20260711150000_seg_00522,008_kbs_13584331_20260711150000,SPEAKER_01,2768.88,2769.739844,0.86,success,何かそういうのも。,success,何かそういうのも。,True,9,9,0
,008_kbs_13584331_20260711150000_seg_00523,008_kbs_13584331_20260711150000,SPEAKER_01,2771.86001,2772.48,0.62,success,いたしました。,success,いたしました。,True,7,7,0
,008_kbs_13584331_20260711150000_seg_00524,008_kbs_13584331_20260711150000,SPEAKER_00,2772.48,2776.0,3.52,success,アイルトンセナ知らなくてゲワゲワ90分知ってるとは。,success,アイルトンセナ知らなくてゲラゲラ90分知ってるとは。,False,26,26,0
,008_kbs_13584331_20260711150000_seg_00525,008_kbs_13584331_20260711150000,SPEAKER_00,2778.8,2779.52,0.72,success,びっくりしました。,success,びっくりしました。,True,9,9,0
,008_kbs_13584331_20260711150000_seg_00526,008_kbs_13584331_20260711150000,SPEAKER_02,2779.6,2780.16,0.56,success,ねすみ。,success,ねすむ。,False,4,4,0
,008_kbs_13584331_20260711150000_seg_00527,008_kbs_13584331_20260711150000,SPEAKER_00,2781.2,2783.04,1.84,success,あ先生。,success,あ先生。,True,4,4,0
,008_kbs_13584331_20260711150000_seg_00528,008_kbs_13584331_20260711150000,SPEAKER_00,2783.44,2784.13999,0.7,success,今日はもう何か。,success,今日はもう何か。,True,8,8,0
,008_kbs_13584331_20260711150000_seg_00529,008_kbs_13584331_20260711150000,SPEAKER_00,2786.739893,2787.84,1.1,success,急に来たんですか、何か。,success,急に来たんですか何か。,False,12,11,-1
,008_kbs_13584331_20260711150000_seg_00530,008_kbs_13584331_20260711150000,SPEAKER_02,2788.64,2790.16,1.52,success,振り付けには来てないんですけど。,success,振り付けには来てないんですけど。,True,16,16,0
,008_kbs_13584331_20260711150000_seg_00531,008_kbs_13584331_20260711150000,SPEAKER_00,2791.12,2792.0,0.88,success,木に来たら。,success,聞きに来たら。,False,6,7,1
,008_kbs_13584331_20260711150000_seg_00532,008_kbs_13584331_20260711150000,SPEAKER_01,2792.48,2794.219824,1.74,success,聞いてほしいという思いがね。,success,聞いてほしいという思いがね。,True,14,14,0
,008_kbs_13584331_20260711150000_seg_00533,008_kbs_13584331_20260711150000,SPEAKER_01,2795.44,2797.04,1.6,success,決まった感じになってしまいましたが。,success,決まった感じになってしまいましたが。,True,18,18,0
,008_kbs_13584331_20260711150000_seg_00534,008_kbs_13584331_20260711150000,SPEAKER_00,2797.2,2799.019873,1.82,success,なんでもやっぱりライブね、生がいい。,success,何でもやっぱりライブね生がいい。,False,18,16,-2
,008_kbs_13584331_20260711150000_seg_00535,008_kbs_13584331_20260711150000,SPEAKER_00,2800.659814,2801.36,0.7,success,ですよね。,success,ですよね。,True,5,5,0
,008_kbs_13584331_20260711150000_seg_00536,008_kbs_13584331_20260711150000,SPEAKER_01,2806.16,2808.13999,1.98,success,高校野球が始まるじゃないですか。,success,高校野球が始まるじゃないですか。,True,16,16,0
,008_kbs_13584331_20260711150000_seg_00537,008_kbs_13584331_20260711150000,SPEAKER_01,2813.52,2821.92,8.4,success,欠かせない一つではあるので、なんかこう、おもしろい選曲だったりとか、それを注目して聴かれる方もね、世の中には。,success,欠かせない一つではあるので何かこうおもしろい選曲だったりとかそれをこう注目して聴かれる方もね世の中には。,False,55,52,-3
,008_kbs_13584331_20260711150000_seg_00538,008_kbs_13584331_20260711150000,SPEAKER_01,2827.12,2828.0,0.88,success,だったらうれしいなとおもって。,success,あったらうれしいなと思って。,False,15,14,-1
,008_kbs_13584331_20260711150000_seg_00539,008_kbs_13584331_20260711150000,SPEAKER_00,2829.2,2830.32,1.12,success,そうか!,success,そうか!,True,4,4,0
,008_kbs_13584331_20260711150000_seg_00540,008_kbs_13584331_20260711150000,SPEAKER_00,2830.96,2835.84,4.88,success,応援はあれですよね、だから吹奏楽がなんで選ばれてるのかって思ったら。,success,応援はあれですよねだから吹奏楽が何で選ばれてんのかって思ったら。,False,34,32,-2
,008_kbs_13584331_20260711150000_seg_00541,008_kbs_13584331_20260711150000,SPEAKER_00,2842.48,2846.0,3.52,success,吹奏楽部は電気なくてもできるんですよね。,success,吹奏楽部は電気なくてもできるんですよね。,True,20,20,0
,008_kbs_13584331_20260711150000_seg_00542,008_kbs_13584331_20260711150000,SPEAKER_01,2846.16,2849.52,3.36,success,そうですね、本当やわ、コードいらないですね。,success,そうですね、本当やわ、コードいらないですね。,True,22,22,0
,008_kbs_13584331_20260711150000_seg_00543,008_kbs_13584331_20260711150000,SPEAKER_00,2849.84,2850.48,0.64,success,出ませんもんね。,success,出ませんもんね。,True,8,8,0
,008_kbs_13584331_20260711150000_seg_00544,008_kbs_13584331_20260711150000,SPEAKER_01,2850.72,2851.339941,0.62,success,ないです。,success,ないです。,True,5,5,0
,008_kbs_13584331_20260711150000_seg_00545,008_kbs_13584331_20260711150000,SPEAKER_00,2852.499902,2853.259863,0.76,success,コードいるか、きな粉。,success,ちょうど入川きなこ。,False,11,10,-1
,008_kbs_13584331_20260711150000_seg_00546,008_kbs_13584331_20260711150000,SPEAKER_01,2856.24,2858.88,2.64,success,曲演奏するときとかは使われたりしますけど。,success,ラップ演奏する時とかは使われたりしますけど。,False,21,22,1
,008_kbs_13584331_20260711150000_seg_00547,008_kbs_13584331_20260711150000,SPEAKER_00,2861.76,2862.88,1.12,success,あのでかいやつね。,success,あのでかいやつね。,True,9,9,0
,008_kbs_13584331_20260711150000_seg_00548,008_kbs_13584331_20260711150000,SPEAKER_01,2872.659814,2874.859961,2.2,success,そうですね、電子音がない。,success,そうですね電子音がない。,False,13,12,-1
,008_kbs_13584331_20260711150000_seg_00549,008_kbs_13584331_20260711150000,SPEAKER_00,2890.419824,2897.36,6.94,success,なんか発電機とかね、横に置きながらね、転がしてたら、発電機の音がやかましいですもんね、どう考えても。,success,何か発電機とかね横に置きながらね転がしてたら発電機の音がやかましいですもんねどう考えても。,False,50,45,-5
,008_kbs_13584331_20260711150000_seg_00550,008_kbs_13584331_20260711150000,SPEAKER_01,2902.0,2903.36,1.36,success,全く考えてないです。,success,全く考えてないです。,True,10,10,0
,008_kbs_13584331_20260711150000_seg_00551,008_kbs_13584331_20260711150000,SPEAKER_01,2904.56,2905.2,0.64,success,考えていません。,success,考えていません。,True,8,8,0
,008_kbs_13584331_20260711150000_seg_00552,008_kbs_13584331_20260711150000,SPEAKER_01,2905.68,2906.88,1.2,success,これからはい。,success,やっとこれからはい。,False,7,10,3
,008_kbs_13584331_20260711150000_seg_00553,008_kbs_13584331_20260711150000,SPEAKER_00,2907.84,2913.28,5.44,success,ではですね今回のお話の感想もまだまだたくさん頂いております。,success,えではですね今回のお話の感想もまだまだたくさん頂いております。,False,30,31,1
,008_kbs_13584331_20260711150000_seg_00554,008_kbs_13584331_20260711150000,SPEAKER_00,2914.24,2919.499854,5.26,success,また読みたいと思います、今回のお話に関する感想もお待ちしております。,success,また読みたいと思います今回のお話に関する感想もお待ちしております。,False,34,33,-1
,008_kbs_13584331_20260711150000_seg_00555,008_kbs_13584331_20260711150000,SPEAKER_00,2920.72,2928.64,7.92,success,アットマークkbskytoryokkbskytoです以上教えて秋先生でした。,success,両アットマークkbskytoryokkbskytoです以上教えて秋先生でした。,False,38,39,1
,008_kbs_13584331_20260711150000_seg_00556,008_kbs_13584331_20260711150000,SPEAKER_01,2928.64,2930.48,1.84,success,ご清聴ありがとうございました。,success,ご清聴ありがとうございました。,True,15,15,0
,008_kbs_13584331_20260711150000_seg_00557,008_kbs_13584331_20260711150000,SPEAKER_02,2942.64,2943.2,0.56,success,愛する。,success,アイセル!,False,4,5,1
,008_kbs_13584331_20260711150000_seg_00558,008_kbs_13584331_20260711150000,SPEAKER_02,2943.6,2947.2,3.6,success,眠っている着物がたくさんあるけどどうしようという方。,success,眠っている着物がたくさんあるけどどうしようという方。,True,26,26,0
,008_kbs_13584331_20260711150000_seg_00559,008_kbs_13584331_20260711150000,SPEAKER_02,2947.6,2951.6,4.0,success,出張買い取りのバイゼルに相談される方が増えているんですよ。,success,出張買い取りのバイセルに相談される方が増えているんですよ。,False,29,29,0
,008_kbs_13584331_20260711150000_seg_00560,008_kbs_13584331_20260711150000,SPEAKER_02,2952.08,2956.96,4.88,success,母から譲り受けた着物私はもう着ないからなんとかしたくて。,success,母から譲り受けた着物私はもう着ないからなんとかしたくて。,True,28,28,0
,008_kbs_13584331_20260711150000_seg_00561,008_kbs_13584331_20260711150000,SPEAKER_02,2957.2,2961.6,4.4,success,バイセルに相談したら自宅に来て無料で査定してくれたんです。,success,バイセルに相談したら自宅に来て無料で査定してくれたんです。,True,29,29,0
,008_kbs_13584331_20260711150000_seg_00562,008_kbs_13584331_20260711150000,SPEAKER_02,2962.08,2966.4,4.32,success,着物を高く買い取ってもらえて、納得して整理することができました。,success,着物を高く買い取ってもらえて納得して整理することができました。,False,32,31,-1
,008_kbs_13584331_20260711150000_seg_00563,008_kbs_13584331_20260711150000,SPEAKER_02,2966.96,2969.92,2.96,success,古い着物がたくさんあって困っていたんです。,success,古い着物がたくさんあって困っていたんです。,True,21,21,0
,008_kbs_13584331_20260711150000_seg_00564,008_kbs_13584331_20260711150000,SPEAKER_02,2970.4,2973.36,2.96,success,処分せずバイセルに高く売れてよかったです。,success,処分せずバイセルに高く売れてよかったです。,True,21,21,0
,008_kbs_13584331_20260711150000_seg_00565,008_kbs_13584331_20260711150000,SPEAKER_02,2973.68,2978.88,5.2,success,バイゼルではあなたの大切な着物をプロの査定士がしっかり査定します。,success,バイゼルではあなたの大切な着物をプロの査定士がしっかり査定します。,True,33,33,0
,008_kbs_13584331_20260711150000_seg_00566,008_kbs_13584331_20260711150000,SPEAKER_02,2979.28,2986.08,6.8,success,もちろんご納得頂けなければお断り頂いても大丈夫です。1点からでもお受けいたします。,success,もちろんご納得頂けなければお断り頂いても大丈夫です。1点からでもお受けいたします。,True,41,41,0
,008_kbs_13584331_20260711150000_seg_00567,008_kbs_13584331_20260711150000,SPEAKER_02,2986.4,2997.28,10.88,success,出張料も査定料もキャンセル料も全て無料ご予約はお電話1本0120−544−331。,success,出張料も査定料もキャンセル料も全て無料ご予約はお電話一本0120−544−331。,False,41,41,0
,008_kbs_13584331_20260711150000_seg_00568,008_kbs_13584331_20260711150000,SPEAKER_02,2997.6,3002.16,4.56,success,544−331出張買い取りのバイゼル。,success,544−331出張買い取りのバイゼル。,True,19,19,0
,008_kbs_13584331_20260711150000_seg_00569,008_kbs_13584331_20260711150000,SPEAKER_01,3007.12,3007.819922,0.7,success,コドアの。,success,ことはのう。,False,5,6,1
,008_kbs_13584331_20260711150000_seg_00570,008_kbs_13584331_20260711150000,SPEAKER_01,3009.04,3011.179907,2.14,success,旧農校野球の大会。,success,旧農隊高校野球の大会。,False,9,11,2
,008_kbs_13584331_20260711150000_seg_00571,008_kbs_13584331_20260711150000,SPEAKER_01,3013.36,3014.059912,0.7,success,プッていうかんじ。,success,うっていう感じ。,False,9,8,-1
,008_kbs_13584331_20260711150000_seg_00572,008_kbs_13584331_20260711150000,SPEAKER_01,3015.28,3017.12,1.84,success,なんですが、もう始まってますね、京都。,success,なんですが、もう始まってますね、京都。,True,19,19,0
,008_kbs_13584331_20260711150000_seg_00573,008_kbs_13584331_20260711150000,SPEAKER_01,3018.48,3019.819922,1.34,success,はい、失礼いたしました。,success,はい失礼いたしました。,False,12,11,-1
,008_kbs_13584331_20260711150000_seg_00574,008_kbs_13584331_20260711150000,SPEAKER_01,3021.939844,3022.48,0.54,success,じいもおしっこ。,success,いじもおこし。,False,8,7,-1
,008_kbs_13584331_20260711150000_seg_00575,008_kbs_13584331_20260711150000,SPEAKER_01,3022.96,3023.68,0.72,success,でいいですか?,success,でいいですか?,True,7,7,0
,008_kbs_13584331_20260711150000_seg_00576,008_kbs_13584331_20260711150000,SPEAKER_01,3023.92,3041.04,17.12,success,教えてあき先生のコーナー私も学生時代は吹奏楽部をやっていたので楽しく聴きました吹奏楽で使う金管楽器の紹介でトロンボーンが抜けていましたがマウスピースの大きさの話でしれっとトロンボーンを紛れ込ませていたので安心しましたと。,success,こちらはせんまつさんです教えてあき先生のコーナー私も学生時代は吹奏楽部をやっていたので楽しく聴きました吹奏楽で使う金管楽器の紹介でトロンボーンが抜けてましたがマウスピースの大きさの話でしれっとトロンボーンを紛れ込ませていたので安心しましたと。,False,110,121,11
,008_kbs_13584331_20260711150000_seg_00577,008_kbs_13584331_20260711150000,SPEAKER_01,3041.84,3083.68,41.84,success,私はギネス認定の超ムズ楽器ホルンをやってましたがクラシックが好きなので社会人になって吹奏楽からオーケストラに移りましたけど吹奏楽では地元警察署の依頼により白バイ船頭で春の交通安全運動のパレードなどオーケストラでは絶対に経験できないマーチングもあって楽しかったです。阿木先生は打楽器だとお聞きしましたが私は打楽器奏者に対してここ一発をバシッと決める度胸の据わった絶対失敗しない人というイメージがあり実際にそういう人が多いように思いますがどうでしょう阿木先生の打楽器あるある話聞いてみたいです。,success,私はギネス認定のチョームズ楽器ホルンをやってましたがクラシックが好きなので社会人になって吹奏楽からオーケストラに移りましたけど吹奏楽では地元警察署の依頼により白バイ先導で春の交通安全運動のパレードなどオーケストラでは絶対に経験できないマーチングもあって楽しかったです。阿木先生は打楽器だとお聞きしましたが私は打楽器奏者に対してここ一発をバシッと決める度胸の据わった絶対失敗しない人というイメージがあり実際にそういう人が多いように思いますがどうでしょう阿木先生の打楽器あるある話聞いてみたいです。,False,245,247,2
,008_kbs_13584331_20260711150000_seg_00578,008_kbs_13584331_20260711150000,SPEAKER_00,3083.92,3084.64,0.72,success,うん。,success,うん。,True,3,3,0
,008_kbs_13584331_20260711150000_seg_00579,008_kbs_13584331_20260711150000,SPEAKER_01,3085.12,3092.08,6.96,success,絶対に失敗しないとかでは全然ないんですがでも私は細かい音符をたたくのが苦手だったので。,success,この絶対に失敗しないとかでは全然ないんですがでも私は細かい音符をたたくのが苦手だったので。,False,43,45,2
,008_kbs_13584331_20260711150000_seg_00580,008_kbs_13584331_20260711150000,SPEAKER_01,3092.32,3095.36,3.04,success,ベースドラマで一発ドン!みたいな役は。,success,ベースドラマで一発ドン!みたいな役は。,True,19,19,0
,008_kbs_13584331_20260711150000_seg_00581,008_kbs_13584331_20260711150000,SPEAKER_01,3098.8,3099.84,1.04,success,だったと思います。,success,あったと思います。,False,9,9,0
,008_kbs_13584331_20260711150000_seg_00582,008_kbs_13584331_20260711150000,SPEAKER_00,3099.92,3101.28,1.36,success,あなるほどね。,success,ああなるほどね。,False,7,8,1
,008_kbs_13584331_20260711150000_seg_00583,008_kbs_13584331_20260711150000,SPEAKER_00,3102.48,3105.12,2.64,success,でも人によってはそういうのいろいろあるかもしれませんよね。,success,でも人によってはそういうのいろいろあるかもしれませんよね。,True,29,29,0
,008_kbs_13584331_20260711150000_seg_00584,008_kbs_13584331_20260711150000,SPEAKER_01,3105.12,3105.68,0.56,success,はい。,success,はい。,True,3,3,0
,008_kbs_13584331_20260711150000_seg_00585,008_kbs_13584331_20260711150000,SPEAKER_00,3105.84,3107.92,2.08,success,得手不得手がね。,success,あの得手不得手がね。,False,8,10,2
,008_kbs_13584331_20260711150000_seg_00586,008_kbs_13584331_20260711150000,SPEAKER_01,3108.16,3109.2,1.04,success,そうですね。,success,そうですね。,True,6,6,0
,008_kbs_13584331_20260711150000_seg_00587,008_kbs_13584331_20260711150000,SPEAKER_00,3109.36,3115.52,6.16,success,なるほどね、あっ、僕もどっちやろ、僕も速いの、あんまり、速いよりか、なんかここ一発のほうが好きかな。,success,なるほどねああ僕もどっちやろ僕も速いのあんまり速いよりか何かここ一発の方が好きかな。,False,50,42,-8
,008_kbs_13584331_20260711150000_seg_00588,008_kbs_13584331_20260711150000,SPEAKER_01,3115.68,3116.24,0.56,success,本当ですか?,success,本当ですか?,True,6,6,0
,008_kbs_13584331_20260711150000_seg_00589,008_kbs_13584331_20260711150000,SPEAKER_01,3116.56,3120.08,3.52,success,ドラムだったら、もうそうは言ってられないですよね。,success,ドラムだったらもうそうは言ってられないですよね。,False,25,24,-1
,008_kbs_13584331_20260711150000_seg_00590,008_kbs_13584331_20260711150000,SPEAKER_00,3120.24,3121.44,1.2,success,何か。,success,何か。,True,3,3,0
,008_kbs_13584331_20260711150000_seg_00591,008_kbs_13584331_20260711150000,SPEAKER_00,3121.76,3126.24,4.48,success,速かったら何ていうんですかねもう機械のように速いみたいなね。,success,速かったら何ていうんですかねもう機械のように速いみたいなね。,True,30,30,0
,008_kbs_13584331_20260711150000_seg_00592,008_kbs_13584331_20260711150000,SPEAKER_00,3128.16,3128.8,0.64,success,パークみたいな。,success,バッ!みたいな。,False,8,8,0
,008_kbs_13584331_20260711150000_seg_00593,008_kbs_13584331_20260711150000,SPEAKER_00,3129.04,3130.96,1.92,success,ずっと、あんなんはなかなかね。,success,ずっとあんなんはなかなかね。,False,15,14,-1
,008_kbs_13584331_20260711150000_seg_00594,008_kbs_13584331_20260711150000,SPEAKER_00,3132.08,3134.08,2.0,success,まああの音楽も。,success,まああの音楽も。,True,8,8,0
,008_kbs_13584331_20260711150000_seg_00595,008_kbs_13584331_20260711150000,SPEAKER_00,3134.96,3137.6,2.64,success,そうやと思うんですけどもやっぱりちょっとした。,success,そうやと思うんですけどもやっぱりちょっとした。,True,23,23,0
,008_kbs_13584331_20260711150000_seg_00596,008_kbs_13584331_20260711150000,SPEAKER_00,3138.0,3146.08,8.08,success,リズムの揺れがある方が絶対楽しいのでこれがパッセージがテンポがね速くなると揺れられないじゃないですか。,success,リズムの揺れがある方が絶対楽しいのでこれがパッセージがテンポがね速くなると揺れられないじゃないですか。,True,51,51,0
,008_kbs_13584331_20260711150000_seg_00597,008_kbs_13584331_20260711150000,SPEAKER_00,3146.8,3149.9,3.1,success,だからそっちの方が面白いかな。,success,そうですよねだからそっちの方がうん面白いかな。,False,15,23,8
,008_kbs_13584331_20260711150000_seg_00598,008_kbs_13584331_20260711150000,SPEAKER_00,3151.539941,3152.08,0.54,success,あと。,success,あと。,True,3,3,0
,008_kbs_13584331_20260711150000_seg_00599,008_kbs_13584331_20260711150000,SPEAKER_00,3152.48,3163.12,10.64,success,昔はねでもね僕もヘビメタが好きでしたから速いのに憧れるんですよ。吹奏楽部ってそういう速弾きみたいな速吹きみたいなのないんですか?,success,昔はねでもね僕もヘビメタ好きでしたから速いのに憧れるんですよ。吹奏楽部ってそういう速弾きみたいな速吹きみたいなのないんですか?,False,64,63,-1
,008_kbs_13584331_20260711150000_seg_00600,008_kbs_13584331_20260711150000,SPEAKER_01,3163.28,3168.24,4.96,success,早吹き、いや、でも曲によっては、もうそれを聴かしどころっていうか、ソロである。,success,かやふきいやでも曲によってはもうそれを聴かしどころっていうかソロである。,False,39,36,-3
,008_kbs_13584331_20260711150000_seg_00601,008_kbs_13584331_20260711150000,SPEAKER_01,3171.92,3175.28,3.36,success,なんかシングシングシングとかのクラリネットのソロとかも。,success,なんかシングシングシングとかのクラリネットのソロとかも。,True,28,28,0
,008_kbs_13584331_20260711150000_seg_00602,008_kbs_13584331_20260711150000,SPEAKER_01,3175.68,3181.92,6.24,success,高い高音と、なんかそういう指の動きみたいなのがぱっと出てきましたけどね。,success,高い高音と何かそういう指の動きみたいなのがパッと出てきましたけどね。,False,36,34,-2
,008_kbs_13584331_20260711150000_seg_00603,008_kbs_13584331_20260711150000,SPEAKER_00,3182.56,3186.08,3.52,success,やっぱりそうでしょうね盛り上げるところはもちろん盛り上げて。,success,やっぱりそうでしょうね盛り上げるとこはもちろん盛り上げて。,False,30,29,-1
,008_kbs_13584331_20260711150000_seg_00604,008_kbs_13584331_20260711150000,SPEAKER_00,3186.8,3187.44,0.64,success,カンジ。,success,カンジ。,True,4,4,0
,008_kbs_13584331_20260711150000_seg_00605,008_kbs_13584331_20260711150000,SPEAKER_01,3187.44,3188.24,0.8,success,そうですね。,success,そうですね。,True,6,6,0
,008_kbs_13584331_20260711150000_seg_00606,008_kbs_13584331_20260711150000,SPEAKER_00,3188.4,3193.04,4.64,success,なるほどね面白いなは次回考えてませんか?,success,なるほどね面白いな。は次回考えてませんか?,False,20,21,1
,008_kbs_13584331_20260711150000_seg_00607,008_kbs_13584331_20260711150000,SPEAKER_01,3193.12,3201.84,8.72,success,次回でどうしようかな、考え、ちょっとなんとなくこんな感じにしようかなっていうのは、うっすらと、でももうちょっと吹奏楽とはまた別の。,success,次回でどうしようかな考えちょっとあの何となくこんな感じにしようかなっていうのはうっすらとでももうちょっと吹奏楽とはまた別の。,False,65,62,-3
,008_kbs_13584331_20260711150000_seg_00608,008_kbs_13584331_20260711150000,SPEAKER_01,3202.32,3203.84,1.52,success,人のものでいきたいと思ってます。,success,そのものでいきたいと思ってます。,False,16,16,0
,008_kbs_13584331_20260711150000_seg_00609,008_kbs_13584331_20260711150000,SPEAKER_00,3203.84,3207.52,3.68,success,皆様また次の阿木先生の講義をぜひともお楽しみに。,success,皆様また次の阿木先生の講義を是非ともお楽しみに。,False,24,24,0
,008_kbs_13584331_20260711150000_seg_00610,008_kbs_13584331_20260711150000,SPEAKER_00,3209.04,3209.6,0.56,success,桂亮。,success,桂梨央。,False,3,4,1
,008_kbs_13584331_20260711150000_seg_00611,008_kbs_13584331_20260711150000,SPEAKER_02,3210.0,3211.819922,1.82,success,向井亜紀でも5度から。,success,向井亜紀でも戻ったら。,False,11,11,0
,008_kbs_13584331_20260711150000_seg_00612,008_kbs_13584331_20260711150000,SPEAKER_02,3213.04,3214.32,1.28,success,ts京ラジオから。,success,tbs京都ラジオから。,False,9,11,2
,008_kbs_13584331_20260711150000_seg_00613,008_kbs_13584331_20260711150000,SPEAKER_03,3220.72,3221.42002,0.7,success,近未来版。,success,近未来版。,True,5,5,0
,008_kbs_13584331_20260711150000_seg_00614,008_kbs_13584331_20260711150000,SPEAKER_03,3223.6,3224.299902,0.7,success,被害が発生。,success,災害が発生した。,False,6,8,2
,008_kbs_13584331_20260711150000_seg_00615,008_kbs_13584331_20260711150000,SPEAKER_03,3226.0,3226.699805,0.7,success,その名前は?,success,僕の名前は。,False,6,6,0
,008_kbs_13584331_20260711150000_seg_00616,008_kbs_13584331_20260711150000,SPEAKER_03,3229.84,3230.539893,0.7,success,身を守るスーツ。,success,身を守るスペシャル。,False,8,10,2
,008_kbs_13584331_20260711150000_seg_00617,008_kbs_13584331_20260711150000,SPEAKER_01,3238.899805,3241.12,2.22,success,ジャックジャック!,success,ジャックジャック!,True,9,9,0
,008_kbs_13584331_20260711150000_seg_00618,008_kbs_13584331_20260711150000,SPEAKER_03,3241.2,3242.72,1.52,success,どうしたんだ?,success,どうしたんだ?,True,7,7,0
,008_kbs_13584331_20260711150000_seg_00619,008_kbs_13584331_20260711150000,SPEAKER_01,3242.88,3245.6,2.72,success,家族のジャックとはぐれてしまったの。,success,家族のジャックとはぐれてしまったの。,True,18,18,0
,008_kbs_13584331_20260711150000_seg_00620,008_kbs_13584331_20260711150000,SPEAKER_03,3247.6,3248.299902,0.7,success,ならないよう。,success,ならないよ。,False,7,6,-1
,008_kbs_13584331_20260711150000_seg_00621,008_kbs_13584331_20260711150000,SPEAKER_03,3249.52,3250.699805,1.18,success,移動中に災害が起こった。,success,戦争中に災害が起こった。,False,12,12,0
,008_kbs_13584331_20260711150000_seg_00622,008_kbs_13584331_20260711150000,SPEAKER_03,3268.24,3268.939917,0.7,success,とも犬もない!,success,とも犬もない!,True,7,7,0
,008_kbs_13584331_20260711150000_seg_00623,008_kbs_13584331_20260711150000,SPEAKER_03,3271.12,3271.819922,0.7,success,前はボード。,success,前はボーッと。,False,6,7,1
,008_kbs_13584331_20260711150000_seg_00624,008_kbs_13584331_20260711150000,SPEAKER_00,3285.52,3291.499854,5.98,success,snsのほうでもいろいろと頂いております、ありがとうございます、こちらはですね。,success,ニュースのほうでもいろいろといただいております、ありがとうございます、こちらはですね。,False,40,43,3
,008_kbs_13584331_20260711150000_seg_00625,008_kbs_13584331_20260711150000,SPEAKER_00,3292.72,3297.259863,4.54,success,財布の中身十三園さんよりカサブランカダンディ女の方も歌っています。,success,岐阜の中身十三園さんよりカサブランカダンディ女の方も歌っております。,False,33,34,1
,008_kbs_13584331_20260711150000_seg_00626,008_kbs_13584331_20260711150000,SPEAKER_00,3300.4,3302.059912,1.66,success,このジュリー沢田研二さんしか知らない。,success,このジュリー沢田研二さんしか知らない。,True,19,19,0
,008_kbs_13584331_20260711150000_seg_00627,008_kbs_13584331_20260711150000,SPEAKER_00,3305.2,3305.9,0.7,success,曲かさぶる。,success,結構かさぶる。,False,6,7,1
,008_kbs_13584331_20260711150000_seg_00628,008_kbs_13584331_20260711150000,SPEAKER_00,3310.0,3312.72,2.72,success,オープニングのあの歌詞からね、もうすごい。,success,オープニングのあの歌詞からねもうすごい。,False,21,20,-1
,008_kbs_13584331_20260711150000_seg_00629,008_kbs_13584331_20260711150000,SPEAKER_00,3313.68,3314.64,0.96,success,そうですよ。,success,そうですよ。,True,6,6,0
,008_kbs_13584331_20260711150000_seg_00630,008_kbs_13584331_20260711150000,SPEAKER_00,3319.6,3320.299902,0.7,success,これからねいろんな。,success,これからねいろんな作品があります。,False,10,17,7
,008_kbs_13584331_20260711150000_seg_00631,008_kbs_13584331_20260711150000,SPEAKER_00,3321.52,3323.76,2.24,success,どうですか、これはと。,success,どうですか、これはと。ね。,False,11,13,2
,008_kbs_13584331_20260711150000_seg_00632,008_kbs_13584331_20260711150000,SPEAKER_00,3325.779932,3328.459814,2.68,success,ゴジラ大好き芸人さんも加速ブランカダンディー田村直。,success,ゴジラ大好き芸人さんも加速ブランカダンで板村直人。,False,26,25,-1
,008_kbs_13584331_20260711150000_seg_00633,008_kbs_13584331_20260711150000,SPEAKER_00,3330.16,3335.66001,5.5,success,ノイビア化粧品のカバーソングcmシリーズは夜のヒットスタジオの時によく流れてる曲。,success,ノエビア化粧品のカバーソングcmシリーズは夜のヒットスタジオの時によく流れてる曲。,False,41,41,0
,008_kbs_13584331_20260711150000_seg_00634,008_kbs_13584331_20260711150000,SPEAKER_00,3336.819971,3338.059912,1.24,success,ついにこのシリーズでジュリー。,success,ちなみにこのシリーズでジュリー。,False,15,16,1
,008_kbs_13584331_20260711150000_seg_00635,008_kbs_13584331_20260711150000,SPEAKER_00,3339.219873,3339.979834,0.76,success,それを我慢できない。,success,それを我慢できる。,False,10,9,-1
,008_kbs_13584331_20260711150000_seg_00636,008_kbs_13584331_20260711150000,SPEAKER_00,3342.16,3345.04,2.88,success,これもタイトル的にね、コンプライアンス的にどうなのかというのを。,success,これもタイトル的にね、コンプライアンス的にどうなのかっていうのも。,False,32,33,1
,008_kbs_13584331_20260711150000_seg_00637,008_kbs_13584331_20260711150000,SPEAKER_02,3348.4,3349.099951,0.7,success,終わり名曲。,success,終わり名曲の。,False,6,7,1
,008_kbs_13584331_20260711150000_seg_00638,008_kbs_13584331_20260711150000,SPEAKER_02,3351.76,3352.48,0.72,success,売れてますね。,success,折れてますね。,False,7,7,0
,008_kbs_13584331_20260711150000_seg_00639,008_kbs_13584331_20260711150000,SPEAKER_00,3352.48,3353.419897,0.94,success,はいえっと。,success,はいえっと。,True,6,6,0
,008_kbs_13584331_20260711150000_seg_00640,008_kbs_13584331_20260711150000,SPEAKER_00,3354.4,3355.339941,0.94,success,ニニアさんより。,success,新谷さんより。,False,8,7,-1
,008_kbs_13584331_20260711150000_seg_00641,008_kbs_13584331_20260711150000,SPEAKER_00,3357.04,3361.579932,4.54,success,気まぐれムーンライトなかったですか、供養ありがとうございました。,success,気まぐれムーンライトなかったですか供養ありがとうございましたまた来ました。,False,32,37,5
,008_kbs_13584331_20260711150000_seg_00642,008_kbs_13584331_20260711150000,SPEAKER_00,3367.059961,3371.04,3.98,success,供養もめちゃめちゃ供養、まだしてないな、しないとね。,success,供養もめちゃめちゃ供養まだしてないなしないとね。,False,26,24,-2
,008_kbs_13584331_20260711150000_seg_00643,008_kbs_13584331_20260711150000,SPEAKER_00,3371.28,3372.8,1.52,success,はーい、いただいております。,success,はい届いておりますわ。,False,14,11,-3
,008_kbs_13584331_20260711150000_seg_00644,008_kbs_13584331_20260711150000,SPEAKER_01,3376.24,3378.72,2.48,success,プレミアムで名古屋から地サーリ市長。,success,プレミアムで名古屋から地サーリ視聴を。,False,18,19,1
,008_kbs_13584331_20260711150000_seg_00645,008_kbs_13584331_20260711150000,SPEAKER_01,3379.52,3380.96,1.44,success,きにゃきなつかしい!,success,きにゃっきなつかしい!,False,10,11,1
,008_kbs_13584331_20260711150000_seg_00646,008_kbs_13584331_20260711150000,SPEAKER_01,3382.0,3384.619971,2.62,success,が私ポンキッキ組だわ多分。,success,そっか私ポンキッキ組だわ多分。,False,13,15,2
,008_kbs_13584331_20260711150000_seg_00647,008_kbs_13584331_20260711150000,SPEAKER_01,3385.84,3388.459814,2.62,success,懐かしい途中のおやつの時間は子どものため。,success,懐かしい途中のおやつの時間は子どものため。,True,21,21,0
,008_kbs_13584331_20260711150000_seg_00648,008_kbs_13584331_20260711150000,SPEAKER_01,3390.16,3392.779883,2.62,success,牛乳もらえて、最後、体操を終わらせて。,success,牛乳もらえて最後体操を終えて。,False,19,15,-4
,008_kbs_13584331_20260711150000_seg_00649,008_kbs_13584331_20260711150000,SPEAKER_01,3399.28,3400.64,1.36,success,ほこらに入ってるおまけ。,success,ほこらに入ってるおまけ。,True,12,12,0
,008_kbs_13584331_20260711150000_seg_00650,008_kbs_13584331_20260711150000,SPEAKER_00,3403.6,3404.779883,1.18,success,懐かしい、ママ。,success,懐かしいまま。,False,8,7,-1
,008_kbs_13584331_20260711150000_seg_00651,008_kbs_13584331_20260711150000,SPEAKER_00,3406.0,3406.699805,0.7,success,パンで流れて。,success,パンで流れて。,True,7,7,0
,008_kbs_13584331_20260711150000_seg_00652,008_kbs_13584331_20260711150000,SPEAKER_00,3407.92,3409.579932,1.66,success,ゆきえおねえさんだったかな。,success,kお姉さんだったかな。,False,14,11,-3
,008_kbs_13584331_20260711150000_seg_00653,008_kbs_13584331_20260711150000,SPEAKER_00,3413.2,3414.37998,1.18,success,yasubiの振りも。,success,asobiの振りも。,False,11,10,-1
,008_kbs_13584331_20260711150000_seg_00654,008_kbs_13584331_20260711150000,SPEAKER_00,3417.52,3418.219824,0.7,success,キオ姉さん。,success,キヨおねえさんは?,False,6,9,3
,008_kbs_13584331_20260711150000_seg_00655,008_kbs_13584331_20260711150000,SPEAKER_00,3424.24,3426.859961,2.62,success,落語のほうのアシスタントもやってはった。,success,落語の方のアシスタントもやってはった。,False,20,19,-1
,008_kbs_13584331_20260711150000_seg_00656,008_kbs_13584331_20260711150000,SPEAKER_00,3431.86001,3437.28,5.42,success,かわいい歌なのと頂いたのは、ラジオネーム、吉野素花さんより頂きました。,success,かわいい歌なのと頂いたのはラジオネーム吉野素花さんより頂きました。,False,35,33,-2
,008_kbs_13584331_20260711150000_seg_00657,008_kbs_13584331_20260711150000,SPEAKER_00,3444.33999,3445.12,0.78,success,だれかありがとう!,success,2人かありがとう。,False,9,9,0
,008_kbs_13584331_20260711150000_seg_00658,008_kbs_13584331_20260711150000,SPEAKER_00,3446.16,3447.019873,0.86,success,です。,success,え割れます。,False,3,6,3
,008_kbs_13584331_20260711150000_seg_00659,008_kbs_13584331_20260711150000,SPEAKER_00,3448.96,3450.37998,1.42,success,のところでは。,success,俺のところでは。,False,7,8,1
,008_kbs_13584331_20260711150000_seg_00660,008_kbs_13584331_20260711150000,SPEAKER_00,3456.88,3459.04,2.16,success,空の話をね、続きをしたいなと。,success,空の話をね続きをしたいなと。,False,15,14,-1
,008_kbs_13584331_20260711150000_seg_00661,008_kbs_13584331_20260711150000,SPEAKER_01,3460.4,3461.04,0.64,success,慌ててました、もう。,success,慌てましたもう。,False,10,8,-2
,008_kbs_13584331_20260711150000_seg_00662,008_kbs_13584331_20260711150000,SPEAKER_00,3461.28,3462.64,1.36,success,いやもうね。,success,いやもうね。,True,6,6,0
,008_kbs_13584331_20260711150000_seg_00663,008_kbs_13584331_20260711150000,SPEAKER_00,3463.44,3464.64,1.2,success,いろいろしたいんですよ。,success,いろいろしたいんですよ。,True,12,12,0
,008_kbs_13584331_20260711150000_seg_00664,008_kbs_13584331_20260711150000,SPEAKER_00,3466.0,3471.979834,5.98,success,やっぱりねあんなん調べていったらめちゃめちゃ面白いからあのねだんだんだんだん膨らんでくるんでしょうね。,success,いややっぱりねあんなん調べていったらめちゃめちゃ面白いからあのねだんだんだんだん膨らんでくるんでしょうね。,False,51,53,2
,008_kbs_13584331_20260711150000_seg_00665,008_kbs_13584331_20260711150000,SPEAKER_00,3473.2,3474.16,0.96,success,ふくらむな。,success,膨らむなあ。,False,6,6,0
,008_kbs_13584331_20260711150000_seg_00666,008_kbs_13584331_20260711150000,SPEAKER_01,3474.64,3475.76,1.12,success,考えながらね。,success,考えながらね。,True,7,7,0
,008_kbs_13584331_20260711150000_seg_00667,008_kbs_13584331_20260711150000,SPEAKER_00,3478.16,3484.459814,6.3,success,そういうことでございます、元寮母は皆様からのメッセージを頼りにさせていただいております。,success,そういうことでございます、本馬は皆様からのメッセージを頼りにさせていただいております。,False,44,43,-1
,008_kbs_13584331_20260711150000_seg_00668,008_kbs_13584331_20260711150000,SPEAKER_01,3485.619897,3487.339941,1.72,success,ルは両アットマークkv。,success,ルは両アットマーク警備。,False,12,12,0
,008_kbs_13584331_20260711150000_seg_00669,008_kbs_13584331_20260711150000,SPEAKER_01,3488.499902,3494.96,6.46,success,コーナーに対するメッセージや関係なく私たちに聞いてほしいお話などどんどんお寄せください。,success,さてコーナーに対するメッセージや関係なく私たちに聞いてほしいお話などどんどんお寄せ下さい。,False,44,45,1
,008_kbs_13584331_20260711150000_seg_00670,008_kbs_13584331_20260711150000,SPEAKER_00,3494.96,3500.08,5.12,success,やっぱり吹奏楽なんか吹奏楽の話なんかはやっぱりやってはった人多いですよね。,success,でもやっぱり吹奏楽部なんか吹奏楽の話なんかはやっぱりやってはった人多いですよね。,False,37,40,3
,008_kbs_13584331_20260711150000_seg_00671,008_kbs_13584331_20260711150000,SPEAKER_01,3500.56,3501.36,0.8,success,うわ!,success,ねえ。,False,3,3,0
,008_kbs_13584331_20260711150000_seg_00672,008_kbs_13584331_20260711150000,SPEAKER_00,3501.6,3502.88,1.28,success,やっぱりそういうもんなんですね。,success,やっぱりそういうもんなんですね。,True,16,16,0
,008_kbs_13584331_20260711150000_seg_00673,008_kbs_13584331_20260711150000,SPEAKER_01,3506.32,3507.92,1.6,success,方もいらっしゃるかな。,success,方もいらっしゃるかな。,True,11,11,0
,008_kbs_13584331_20260711150000_seg_00674,008_kbs_13584331_20260711150000,SPEAKER_00,3516.4,3517.68,1.28,success,バンドに恥じちゃったからね。,success,バンドに恥じちゃったからね。,True,14,14,0
,008_kbs_13584331_20260711150000_seg_00675,008_kbs_13584331_20260711150000,SPEAKER_00,3518.64,3524.299902,5.66,success,ちょっと敵対しておりました、失礼はいたしましたそれではこの週末もごゆるりと今週の体操。,success,ちょっと敵対しておりました、失礼はいたしました、それではこの週末もごゆるりと今週のトレンド。,False,43,46,3
,008_kbs_13584331_20260711150000_seg_00676,008_kbs_13584331_20260711150000,SPEAKER_00,3525.459863,3526.219824,0.76,success,青元からリンゴ。,success,どう元から料理。,False,8,8,0
,008_kbs_13584331_20260711150000_seg_00677,008_kbs_13584331_20260711150000,SPEAKER_00,3527.86001,3528.48,0.62,success,龍馬と!,success,ようまた。,False,4,5,1
,008_kbs_13584331_20260711150000_seg_00678,008_kbs_13584331_20260711150000,SPEAKER_01,3528.48,3529.6,1.12,success,向井亜紀でした。,success,向井亜紀でした。,True,8,8,0
,008_kbs_13584331_20260711150000_seg_00679,008_kbs_13584331_20260711150000,SPEAKER_03,3548.08,3549.259863,1.18,success,送料無料で水道配達。,success,送料無料でスピード配達。,False,10,12,2
,008_kbs_13584331_20260711150000_seg_00680,008_kbs_13584331_20260711150000,SPEAKER_03,3551.52,3552.619971,1.1,success,消費税込み特価で10円。,success,消費税込み特価です。,False,12,10,-2
,008_kbs_13584331_20260711150000_seg_00681,008_kbs_13584331_20260711150000,SPEAKER_02,3574.419824,3575.179907,0.76,success,なる気分を。,success,なる気分を。,True,6,6,0
,008_kbs_13584331_20260711150000_seg_00682,008_kbs_13584331_20260711150000,SPEAKER_02,3577.779932,3579.019873,1.24,success,質問に答えてくれた方には。,success,今日に答えてくれた方には。,False,13,13,0
