segment_index,segment_id,target_id,speaker,start_sec,end_sec,duration_sec,parakeet_exact_status,parakeet_exact_text,parakeet_silence2_status,parakeet_silence2_text,texts_match,exact_chars,silence2_chars,char_diff
,009_kbs_13593443_20260712130000_seg_00000,009_kbs_13593443_20260712130000,SPEAKER_00,9.6,10.4,0.8,success,先輩!,success,出発!,False,3,3,0
,009_kbs_13593443_20260712130000_seg_00001,009_kbs_13593443_20260712130000,SPEAKER_00,24.339999,27.2,2.86,success,です、音と汗です。,success,ですおととらせです。,False,9,10,1
,009_kbs_13593443_20260712130000_seg_00002,009_kbs_13593443_20260712130000,SPEAKER_01,27.2,28.939999,1.74,success,言うてやっております。,success,さやいうてやっております。,False,11,13,2
,009_kbs_13593443_20260712130000_seg_00003,009_kbs_13593443_20260712130000,SPEAKER_01,30.16,32.56,2.4,success,なんかもう、その、ジングルなったときに。,success,なんかもうそのジングルになった時に。,False,20,18,-2
,009_kbs_13593443_20260712130000_seg_00004,009_kbs_13593443_20260712130000,SPEAKER_01,35.76,36.56,0.8,success,一体?,success,一体?,True,3,3,0
,009_kbs_13593443_20260712130000_seg_00005,009_kbs_13593443_20260712130000,SPEAKER_01,37.76,40.24,2.48,success,全部口出す、その、なんなん、悟られ、お前。,success,全部口出すその何なん悟られお前。,False,21,16,-5
,009_kbs_13593443_20260712130000_seg_00006,009_kbs_13593443_20260712130000,SPEAKER_01,41.92,43.52,1.6,success,言ってんの、これ、やっぱり、俺だけに聞こえてるの。,success,言ってんの、これ、やっぱり、俺だけに聞こえてるの。,True,25,25,0
,009_kbs_13593443_20260712130000_seg_00007,009_kbs_13593443_20260712130000,SPEAKER_00,47.2,48.4,1.2,success,出てくる古い!,success,出てくる古い!,True,7,7,0
,009_kbs_13593443_20260712130000_seg_00008,009_kbs_13593443_20260712130000,SPEAKER_00,57.04,58.16,1.12,success,レトといいますと。,success,レッドといま。,False,9,7,-2
,009_kbs_13593443_20260712130000_seg_00009,009_kbs_13593443_20260712130000,SPEAKER_00,59.12,59.659998,0.54,success,じゃあなえ。,success,じゃあなえっと。,False,6,8,2
,009_kbs_13593443_20260712130000_seg_00010,009_kbs_13593443_20260712130000,SPEAKER_00,60.88,61.84,0.96,success,うん。,success,うん。,True,3,3,0
,009_kbs_13593443_20260712130000_seg_00011,009_kbs_13593443_20260712130000,SPEAKER_00,62.16,64.460001,2.3,success,ちょっと先々週、ちらっと、これ、オフエアのときに。,success,ちょっと先々週ちらっとこれオフエアのときに。,False,25,22,-3
,009_kbs_13593443_20260712130000_seg_00012,009_kbs_13593443_20260712130000,SPEAKER_00,68.500002,72.16,3.66,success,あれやん、お兄ちゃんが映画のファスト映画紹介。,success,あれやんお兄ちゃんが映画のファスト映画紹介。,False,23,22,-1
,009_kbs_13593443_20260712130000_seg_00013,009_kbs_13593443_20260712130000,SPEAKER_00,72.72,73.6,0.88,success,僕がちょっとあの。,success,僕がちょっとあの。,True,9,9,0
,009_kbs_13593443_20260712130000_seg_00014,009_kbs_13593443_20260712130000,SPEAKER_00,74.96,78.0,3.04,success,人間じゃないわ映画なんやったっけ?,success,あの人間じゃないわ映画何やったっけ?,False,17,18,1
,009_kbs_13593443_20260712130000_seg_00015,009_kbs_13593443_20260712130000,SPEAKER_00,78.96,81.2,2.24,success,人格ちゃうわなんやったっけ?,success,人格ちゃうわ何やったっけ?,False,14,13,-1
,009_kbs_13593443_20260712130000_seg_00016,009_kbs_13593443_20260712130000,SPEAKER_01,81.28,82.4,1.12,success,国宝ですか?,success,国宝ですか?,True,6,6,0
,009_kbs_13593443_20260712130000_seg_00017,009_kbs_13593443_20260712130000,SPEAKER_01,83.44,86.56,3.12,success,どんな間違い、人間、人格。,success,どんな間違い、人間、人格。,True,13,13,0
,009_kbs_13593443_20260712130000_seg_00018,009_kbs_13593443_20260712130000,SPEAKER_00,90.0,90.56,0.56,success,ファスト。,success,ファスト。,True,5,5,0
,009_kbs_13593443_20260712130000_seg_00019,009_kbs_13593443_20260712130000,SPEAKER_00,91.76,94.16,2.4,success,すみません、ちょっとワールドカップ期間で、こいつ。,success,すいませんちょっとワールドカップ期間で来ない。,False,25,23,-2
,009_kbs_13593443_20260712130000_seg_00020,009_kbs_13593443_20260712130000,SPEAKER_00,95.6,97.44,1.84,success,宇宙戦争を見てきましたので。,success,宇宙戦争を見てきましたので。,True,14,14,0
,009_kbs_13593443_20260712130000_seg_00021,009_kbs_13593443_20260712130000,SPEAKER_01,99.76,102.48,2.72,success,知ってるよ、そんなん見たって、俺。,success,出るよそんなん見たって俺。,False,17,13,-4
,009_kbs_13593443_20260712130000_seg_00022,009_kbs_13593443_20260712130000,SPEAKER_00,104.48,106.4,1.92,success,僕も宇宙戦争覚えてないです。,success,僕もその内田戦争覚えてないです。,False,14,16,2
,009_kbs_13593443_20260712130000_seg_00023,009_kbs_13593443_20260712130000,SPEAKER_01,106.56,108.56,2.0,success,覚えてる、なんとなく、もうちょい覚えてるからね。,success,覚えてる、なんとなく、もちろん覚えてるからね。,False,24,23,-1
,009_kbs_13593443_20260712130000_seg_00024,009_kbs_13593443_20260712130000,SPEAKER_00,111.44,112.48,1.04,success,宇宙戦争を見たので。,success,宇宙戦争を見たのです。,False,10,11,1
,009_kbs_13593443_20260712130000_seg_00025,009_kbs_13593443_20260712130000,SPEAKER_00,112.88,113.44,0.56,success,中戦訴訟。,success,中性訴訟。,False,5,5,0
,009_kbs_13593443_20260712130000_seg_00026,009_kbs_13593443_20260712130000,SPEAKER_01,113.68,115.76,2.08,success,宇宙戦争、別にな、物語。,success,戦争は別にな物語を。,False,12,10,-2
,009_kbs_13593443_20260712130000_seg_00027,009_kbs_13593443_20260712130000,SPEAKER_00,115.92,121.44,5.52,success,労働者なんですよ、湾岸労働者っていうのは、なんかその港で働くトムクルーズ、最初のシーン、知ってる?,success,労働者なんですよ、湾岸労働者っていうのは、なんかその、港で働くトムクルーズ、最初のシーン、知ってる?,False,49,50,1
,009_kbs_13593443_20260712130000_seg_00028,009_kbs_13593443_20260712130000,SPEAKER_01,121.52,124.0,2.48,success,港でトムクルーズでややこしいね、本当に。,success,港でトムクルーズでややこしいね、本当に。,True,20,20,0
,009_kbs_13593443_20260712130000_seg_00029,009_kbs_13593443_20260712130000,SPEAKER_01,125.04,126.48,1.44,success,クルーズで、ほんまに。,success,クルーズでほんまに。,False,11,10,-1
,009_kbs_13593443_20260712130000_seg_00030,009_kbs_13593443_20260712130000,SPEAKER_00,130.16,130.88,0.72,success,よな。,success,ヨナ。,False,3,3,0
,009_kbs_13593443_20260712130000_seg_00031,009_kbs_13593443_20260712130000,SPEAKER_01,136.64,138.08,1.44,success,クルーズはややこしいです、これ。,success,クルーズはややこしいです、これ。,True,16,16,0
,009_kbs_13593443_20260712130000_seg_00032,009_kbs_13593443_20260712130000,SPEAKER_00,138.24,139.2,0.96,success,これだそれ。,success,これなんすよ。,False,6,7,1
,009_kbs_13593443_20260712130000_seg_00033,009_kbs_13593443_20260712130000,SPEAKER_00,149.44,152.32,2.88,success,それが一番よくなかった。,success,それが一番よくなかった。,True,12,12,0
,009_kbs_13593443_20260712130000_seg_00034,009_kbs_13593443_20260712130000,SPEAKER_00,153.6,154.72,1.12,success,そういうことじゃなくてよ。,success,そういうことじゃなくてよ。,True,13,13,0
,009_kbs_13593443_20260712130000_seg_00035,009_kbs_13593443_20260712130000,SPEAKER_01,157.68,158.48,0.8,success,ねえお前。,success,ねえお前。,True,5,5,0
,009_kbs_13593443_20260712130000_seg_00036,009_kbs_13593443_20260712130000,SPEAKER_01,158.8,159.44,0.64,success,じゃないけど。,success,じゃないけど。,True,7,7,0
,009_kbs_13593443_20260712130000_seg_00037,009_kbs_13593443_20260712130000,SPEAKER_00,159.52,160.96,1.44,success,トムクルーズから始まると。,success,トムクルーズから始まると。,True,13,13,0
,009_kbs_13593443_20260712130000_seg_00038,009_kbs_13593443_20260712130000,SPEAKER_00,161.28,164.48,3.2,success,でその同僚がなトムクルーズに言うねん。,success,でその同僚がねトムクルーズに言うねん。,False,19,19,0
,009_kbs_13593443_20260712130000_seg_00039,009_kbs_13593443_20260712130000,SPEAKER_00,164.88,171.12,6.24,success,頼むよ、きょうは頼む、その、働いてくれ、12時まで。,success,頼むよ、きょうはトム、その、働いてくれ、12時まで。,False,26,26,0
,009_kbs_13593443_20260712130000_seg_00040,009_kbs_13593443_20260712130000,SPEAKER_00,171.44,180.16,8.72,success,だめだ、俺はもう12時間、めっちゃアメリカな、ここ、12時間働いたから、もう休まなきゃいけないんだ、頼むよ、そんなこと言わずに、仲間のよしみだろ。,success,俺はもう12時間めっちゃアメリカなのここ12時間働いたからもう休まなきゃいけないんだ頼むよそんなこと言わずに仲間のよしみだろ?,False,73,63,-10
,009_kbs_13593443_20260712130000_seg_00041,009_kbs_13593443_20260712130000,SPEAKER_00,180.48,189.2,8.72,success,いや、だめだ、俺はもう帰るんだよ、12時間働いたんだ、だから12時間休まないといけないんだ、じゃあなって、お前はいつもそうだな、この薄情者。,success,いやだめだ俺はもう帰るんだよ12時間働いたんだだから12時間休まないといけないんだじゃあなっつってお前はいつもそうだなこの薄情者!,False,70,65,-5
,009_kbs_13593443_20260712130000_seg_00042,009_kbs_13593443_20260712130000,SPEAKER_00,189.6,191.44,1.84,success,トムクルーズが。,success,ってトムクルーズが。,False,8,10,2
,009_kbs_13593443_20260712130000_seg_00043,009_kbs_13593443_20260712130000,SPEAKER_00,191.68,192.8,1.12,success,あんた。,success,あんた。,True,4,4,0
,009_kbs_13593443_20260712130000_seg_00044,009_kbs_13593443_20260712130000,SPEAKER_00,193.68,196.64,2.96,success,数々いる女にもそういうふうに言われたよ。,success,数々いる女にもそういうふうに言われたよ。,True,20,20,0
,009_kbs_13593443_20260712130000_seg_00045,009_kbs_13593443_20260712130000,SPEAKER_00,197.68,198.24,0.56,success,めっちゃアメリカ。,success,イッチアメリカ。,False,9,8,-1
,009_kbs_13593443_20260712130000_seg_00046,009_kbs_13593443_20260712130000,SPEAKER_00,199.92,200.48,0.56,success,これ。,success,これ。,True,3,3,0
,009_kbs_13593443_20260712130000_seg_00047,009_kbs_13593443_20260712130000,SPEAKER_00,201.44,202.16,0.72,success,はい?,success,はい。,False,3,3,0
,009_kbs_13593443_20260712130000_seg_00048,009_kbs_13593443_20260712130000,SPEAKER_00,202.56,203.84,1.28,success,フフフこれな。,success,フフフこれな。,True,7,7,0
,009_kbs_13593443_20260712130000_seg_00049,009_kbs_13593443_20260712130000,SPEAKER_01,204.08,205.2,1.12,success,あっ、これがっていうこと。,success,あっこれがっていうこと。,False,13,12,-1
,009_kbs_13593443_20260712130000_seg_00050,009_kbs_13593443_20260712130000,SPEAKER_00,205.36,206.4,1.04,success,がまず始まり。,success,がまず始まり。,True,7,7,0
,009_kbs_13593443_20260712130000_seg_00051,009_kbs_13593443_20260712130000,SPEAKER_01,206.48,207.44,0.96,success,始まりね。,success,始まりね。,True,5,5,0
,009_kbs_13593443_20260712130000_seg_00052,009_kbs_13593443_20260712130000,SPEAKER_00,207.6,208.16,0.56,success,アメリカへ。,success,アメリカや。,False,6,6,0
,009_kbs_13593443_20260712130000_seg_00053,009_kbs_13593443_20260712130000,SPEAKER_00,209.04,210.16,1.12,success,そんな急いで帰ってるのかな。,success,でそんな急いで帰ってんのかな?,False,14,15,1
,009_kbs_13593443_20260712130000_seg_00054,009_kbs_13593443_20260712130000,SPEAKER_00,211.36,212.24,0.88,success,離婚した。,success,離婚した!,False,5,5,0
,009_kbs_13593443_20260712130000_seg_00055,009_kbs_13593443_20260712130000,SPEAKER_00,212.48,217.44,4.96,success,奥さんにもう結婚されるんやけども。,success,奥さんにまあもう結婚されるんやけども。,False,17,19,2
,009_kbs_13593443_20260712130000_seg_00056,009_kbs_13593443_20260712130000,SPEAKER_01,218.08,218.64,0.56,success,再婚。,success,再婚。,True,3,3,0
,009_kbs_13593443_20260712130000_seg_00057,009_kbs_13593443_20260712130000,SPEAKER_00,219.76,221.84,2.08,success,それでたぶん赤ちゃんが生まれると。,success,それで多分赤ちゃんが生まれると。,False,17,16,-1
,009_kbs_13593443_20260712130000_seg_00058,009_kbs_13593443_20260712130000,SPEAKER_00,222.16,223.92,1.76,success,でこの赤ちゃんを産む。,success,でこの赤ちゃんを産むと。,False,11,12,1
,009_kbs_13593443_20260712130000_seg_00059,009_kbs_13593443_20260712130000,SPEAKER_01,224.4,225.68,1.28,success,結婚相手の赤ちゃんってこと?,success,結婚相手の赤ちゃんってこと?,True,14,14,0
,009_kbs_13593443_20260712130000_seg_00060,009_kbs_13593443_20260712130000,SPEAKER_00,225.68,227.28,1.6,success,多分そうやと思う。,success,多分そうやと思う。,True,9,9,0
,009_kbs_13593443_20260712130000_seg_00061,009_kbs_13593443_20260712130000,SPEAKER_00,227.68,228.4,0.72,success,って。,success,で。,False,3,2,-1
,009_kbs_13593443_20260712130000_seg_00062,009_kbs_13593443_20260712130000,SPEAKER_00,231.04,232.64,1.6,success,もう里帰りしはると。,success,もう里帰りしはると。,True,10,10,0
,009_kbs_13593443_20260712130000_seg_00063,009_kbs_13593443_20260712130000,SPEAKER_00,234.32,237.84,3.52,success,でも、そのためにな、子どもたちをトムクルーズに預ける。,success,でもそのためにな子どもたちをトムクルーズに預ける。,False,27,25,-2
,009_kbs_13593443_20260712130000_seg_00064,009_kbs_13593443_20260712130000,SPEAKER_01,238.72,240.08,1.36,success,どういうこと、子どもがいるの、トムクルーズ。,success,こういうこと子どもがいんのトムクルーズ。,False,22,20,-2
,009_kbs_13593443_20260712130000_seg_00065,009_kbs_13593443_20260712130000,SPEAKER_01,243.04,244.24,1.2,success,ファニングやろ、確かね。,success,スパニングやろ、確かね。,False,12,12,0
,009_kbs_13593443_20260712130000_seg_00066,009_kbs_13593443_20260712130000,SPEAKER_01,246.48,247.12,0.64,success,アイアムさんのこと。,success,アイアムサムの声。,False,10,9,-1
,009_kbs_13593443_20260712130000_seg_00067,009_kbs_13593443_20260712130000,SPEAKER_00,248.48,251.44,2.96,success,ああ、もうしゃあ、やめとくか、いやいやいや、覚えて、なんかカツカツ。,success,ああもうやめとくか。,False,34,10,-24
,009_kbs_13593443_20260712130000_seg_00068,009_kbs_13593443_20260712130000,SPEAKER_00,251.84,253.12,1.28,success,田村の子とあと長男。,success,サムの子とあと長男。,False,10,10,0
,009_kbs_13593443_20260712130000_seg_00069,009_kbs_13593443_20260712130000,SPEAKER_00,255.2,257.12,1.92,success,預けると、そのために帰らなあかんと。,success,預けると、そのために帰らなあかんと。,True,18,18,0
,009_kbs_13593443_20260712130000_seg_00070,009_kbs_13593443_20260712130000,SPEAKER_00,257.36,259.68,2.32,success,帰る、ああ、そうだ、8時だったな。,success,で帰るああそうだ8時だったな。,False,17,15,-2
,009_kbs_13593443_20260712130000_seg_00071,009_kbs_13593443_20260712130000,SPEAKER_00,260.24,264.48,4.24,success,じゃあと思って帰ったら、もういんねん、家の前に、その2人が、2人と。,success,jrと思って帰ったらもういんねん家の前にその2人が2人と。,False,34,29,-5
,009_kbs_13593443_20260712130000_seg_00072,009_kbs_13593443_20260712130000,SPEAKER_00,265.68,267.6,1.92,success,でもう向こうがはあって。,success,でもう向こうがはあって。,True,12,12,0
,009_kbs_13593443_20260712130000_seg_00073,009_kbs_13593443_20260712130000,SPEAKER_00,268.4,268.96,0.56,success,えっ?,success,えっ?,True,3,3,0
,009_kbs_13593443_20260712130000_seg_00074,009_kbs_13593443_20260712130000,SPEAKER_00,270.0,271.84,1.84,success,7時半って言ったわよ。,success,7時半って言ったわよ。,True,11,11,0
,009_kbs_13593443_20260712130000_seg_00075,009_kbs_13593443_20260712130000,SPEAKER_00,272.4,273.28,0.88,success,もうちょっともう。,success,もうちょっとか。,False,9,8,-1
,009_kbs_13593443_20260712130000_seg_00076,009_kbs_13593443_20260712130000,SPEAKER_01,273.36,273.92,0.56,success,こういうところ。,success,こういうところ。,True,8,8,0
,009_kbs_13593443_20260712130000_seg_00077,009_kbs_13593443_20260712130000,SPEAKER_00,278.0,282.24,4.24,success,その描写でもあっこの人がどういう父親かっていうのが一瞬で分かるわけ。,success,その描写でもあこの人がどういう父親かっていうのが一瞬で分かるわけ。,False,34,33,-1
,009_kbs_13593443_20260712130000_seg_00078,009_kbs_13593443_20260712130000,SPEAKER_00,282.72,287.04,4.32,success,ああ、そうか、すまない、すまない、家に入れ、家に入れ、でももう、長男はすっごい反抗期たらしい。,success,ああそうかすまないすまない家に入れ家に入れでももう長男はすっごい反抗期らしい。,False,47,39,-8
,009_kbs_13593443_20260712130000_seg_00079,009_kbs_13593443_20260712130000,SPEAKER_01,287.92,288.56,0.64,success,なあ父親。,success,なあ父親。,True,5,5,0
,009_kbs_13593443_20260712130000_seg_00080,009_kbs_13593443_20260712130000,SPEAKER_00,289.6,293.6,4.0,success,もう頼むわよって言って、子どもたち預けて、ちょっと里帰りするわけ。,success,でもう頼むわよって言って子どもたち預けてちょっと里帰りするわけ。,False,33,32,-1
,009_kbs_13593443_20260712130000_seg_00081,009_kbs_13593443_20260712130000,SPEAKER_00,293.92,297.2,3.28,success,じゃあ長男とトムクルーズがキャッチボールしようぜ。,success,で長男とトムクルーズがキャッチボールしようぜ。,False,25,23,-2
,009_kbs_13593443_20260712130000_seg_00082,009_kbs_13593443_20260712130000,SPEAKER_00,297.52,313.68,16.16,success,庭でキャッチボールするね、庭でな、ばーってキャッチボールしてたら、お前、勉強してるのかみたいな言うわけよ、トムクルーズが、長男に、そしたら、そんなこと言ったことないくせにみたいな、今さら父親面すんじゃねえよみたいな、わーって言ったら。,success,庭でキャッチボールするね、庭でな、ばーってキャッチボールしてたら、お前、勉強してるのかみたいな、言うわけよ、トムクルーズが、長男に、そしたら、そんなこと言ったことないくせにみたいな、今さら父親面すんじゃねえよみたいな、わーって言ったら。,False,117,118,1
,009_kbs_13593443_20260712130000_seg_00083,009_kbs_13593443_20260712130000,SPEAKER_00,314.64,329.84,15.2,success,いや、そうじゃなくて、お前はもっとだめだぞ、もっといい勉強しないと、いい大人になれないぞって言ったら、もう長男が、長男は家側に立ってんねんで、で、トムクルーズは庭側に立ってんねんけど、トムクルーズが剛速球で、どんどん球が強くなってくらしい、ばんばんばんばんばんって、そしたら。,success,いやそうじゃなくてお前ももっと駄目だぞもっといい勉強しないといい大人になれないぞって言ったらもう長男が長男は家側に立ってんねんでトムクルーズはにわかに立ってんねんけどトムクルーズが剛速球でどんどん球が強くなってくらしいバンバンバンバンバンって。,False,138,122,-16
,009_kbs_13593443_20260712130000_seg_00084,009_kbs_13593443_20260712130000,SPEAKER_00,331.04,333.68,2.64,success,トムクルーズがぶっ壊す気なければ長男もわざとトライ。,success,トムクルーズがぶっ殺球なけたら長男はもうわざと捕らえん。,False,26,28,2
,009_kbs_13593443_20260712130000_seg_00085,009_kbs_13593443_20260712130000,SPEAKER_00,334.0,336.88,2.88,success,その弾が家の窓、ばーん、その。,success,でその弾が家の窓バーンってその。,False,15,16,1
,009_kbs_13593443_20260712130000_seg_00086,009_kbs_13593443_20260712130000,SPEAKER_01,344.08,344.72,0.64,success,どういうこと?,success,どういうこと?,True,7,7,0
,009_kbs_13593443_20260712130000_seg_00087,009_kbs_13593443_20260712130000,SPEAKER_00,346.16,346.96,0.8,success,それそれそれ。,success,さいさいさい。,False,7,7,0
,009_kbs_13593443_20260712130000_seg_00088,009_kbs_13593443_20260712130000,SPEAKER_01,346.96,347.6,0.64,success,うん。,success,うん。,True,3,3,0
,009_kbs_13593443_20260712130000_seg_00089,009_kbs_13593443_20260712130000,SPEAKER_01,358.32,359.28,0.96,success,うちの地下から。,success,うちの地下から。,True,8,8,0
,009_kbs_13593443_20260712130000_seg_00090,009_kbs_13593443_20260712130000,SPEAKER_01,361.12,361.84,0.72,success,それ!,success,やだそれ!,False,3,5,2
,009_kbs_13593443_20260712130000_seg_00091,009_kbs_13593443_20260712130000,SPEAKER_01,362.48,365.2,2.72,success,来えへんやんって、そこで。出んねん、寝んねん、ぱーって出んねん。,success,来えへんやん、だって、そこで。出んねん、寝んねん、ばーって出んねん。,False,32,34,2
,009_kbs_13593443_20260712130000_seg_00092,009_kbs_13593443_20260712130000,SPEAKER_00,365.36,377.2,11.84,success,トムクルーズが、なんだこいつって、長男もどっか行くねん、長男は自分の部屋で寝んねん、ほんで、トムクルーズが、もうああって言って、娘がおなか減ったとか、何か食べとけと、頼んで、食べとけとか言って、もうだめだめ。,success,トムクルーズが、なんだこいつって、長男もどっか行くねん、長男は自分の部屋で寝んねん、ほんで、トムクルーズは、もうああって言って、娘がおなか減ったとか、何か食べとけと、頼んで、食べとけとか言って、もうだめだ。,False,104,103,-1
,009_kbs_13593443_20260712130000_seg_00093,009_kbs_13593443_20260712130000,SPEAKER_00,378.56,380.4,1.84,success,もう俺はもう仕事で疲れたから寝るわ。,success,でもう俺はもう仕事で疲れたから寝るわ。,False,18,19,1
,009_kbs_13593443_20260712130000_seg_00094,009_kbs_13593443_20260712130000,SPEAKER_00,380.96,382.72,1.76,success,起きたら何か。,success,起きたら何か。,True,7,7,0
,009_kbs_13593443_20260712130000_seg_00095,009_kbs_13593443_20260712130000,SPEAKER_00,383.2,384.16,0.96,success,えっあっ。,success,えっ待って。,False,5,6,1
,009_kbs_13593443_20260712130000_seg_00096,009_kbs_13593443_20260712130000,SPEAKER_00,384.4,386.48,2.08,success,空が何か真っ黒で。,success,何か空がなんか真っ黒で。,False,9,12,3
,009_kbs_13593443_20260712130000_seg_00097,009_kbs_13593443_20260712130000,SPEAKER_00,387.04,389.76,2.72,success,前の住人とかに起こされるわけ、おい、トム、すごいぞ!,success,前の住人とかに起こされるわけおいトムすごいぞ!,False,26,23,-3
,009_kbs_13593443_20260712130000_seg_00098,009_kbs_13593443_20260712130000,SPEAKER_00,390.48,391.76,1.28,success,ですから。,success,テストラ。,False,5,5,0
,009_kbs_13593443_20260712130000_seg_00099,009_kbs_13593443_20260712130000,SPEAKER_00,392.4,397.12,4.72,success,おい、長男はどこ行ったんだ、長男はって、トムクルーズが言ったら、妹が。,success,でおい長男はどこ行ったんだ長男はってトムクルーズが言ったら妹が。,False,35,32,-3
,009_kbs_13593443_20260712130000_seg_00100,009_kbs_13593443_20260712130000,SPEAKER_00,398.08,399.52,1.44,success,行ったよ、どっか。,success,あのどっ行ったよどっか。,False,9,12,3
,009_kbs_13593443_20260712130000_seg_00101,009_kbs_13593443_20260712130000,SPEAKER_00,400.08,400.64,0.56,success,待て。,success,まあね。,False,3,4,1
,009_kbs_13593443_20260712130000_seg_00102,009_kbs_13593443_20260712130000,SPEAKER_00,401.04,405.6,4.56,success,あんたの車でって、ああ、はい、お前か、俺の車、勝手に無免許に乗って行っとるで。,success,あんたの車でっつって、ああ、はいよ、お前か、俺の車、勝手に無免許に乗って行っとるで。,False,39,42,3
,009_kbs_13593443_20260712130000_seg_00103,009_kbs_13593443_20260712130000,SPEAKER_01,407.68,408.72,1.04,success,アメリカなんやぞ。,success,アメリカなんやぞ。,True,9,9,0
,009_kbs_13593443_20260712130000_seg_00104,009_kbs_13593443_20260712130000,SPEAKER_00,409.2,411.36,2.16,success,それはもう、どんどんどんどん嵐が強くなっていく。,success,それはもうどんどんどんどん嵐が強くなってくる。,False,24,23,-1
,009_kbs_13593443_20260712130000_seg_00105,009_kbs_13593443_20260712130000,SPEAKER_00,411.76,414.64,2.88,success,庭で見てみようぜって言って、ばーって行ったら、いきなり。,success,庭で見てみようぜって言ってバーッて行ったらいきなり。,False,28,26,-2
,009_kbs_13593443_20260712130000_seg_00106,009_kbs_13593443_20260712130000,SPEAKER_00,415.2,416.08,0.88,success,雷。,success,雷。,True,2,2,0
,009_kbs_13593443_20260712130000_seg_00107,009_kbs_13593443_20260712130000,SPEAKER_00,417.6,420.24,2.64,success,しかもそうですか、なんて。,success,しかもそうですかでそう何て?,False,13,14,1
,009_kbs_13593443_20260712130000_seg_00108,009_kbs_13593443_20260712130000,SPEAKER_01,421.6,423.36,1.76,success,雷の音を今も引き続き。,success,雷の音は今も引き続き。,False,11,11,0
,009_kbs_13593443_20260712130000_seg_00109,009_kbs_13593443_20260712130000,SPEAKER_00,423.36,425.04,1.68,success,次はそちらの。,success,じゃあそれこそ違います。,False,7,12,5
,009_kbs_13593443_20260712130000_seg_00110,009_kbs_13593443_20260712130000,SPEAKER_00,426.0,438.72,12.72,success,雷、ずずずば、雷、でも、2人、娘とトムクルーズはもう、机の下に隠れる、空見て、これはただの雷じゃないと。,success,雷、ずずずば、雷、でも、2人、娘とトムクルーズはもう、机の下に隠れる、空を見て、これはただの雷じゃないと。,False,52,53,1
,009_kbs_13593443_20260712130000_seg_00111,009_kbs_13593443_20260712130000,SPEAKER_00,440.24,443.12,2.88,success,きのう焦った、甘いわ、あとでいいわ、ほんで、絶対。,success,昨日忘れた甘いわあとでいいわほんで絶対。,False,25,20,-5
,009_kbs_13593443_20260712130000_seg_00112,009_kbs_13593443_20260712130000,SPEAKER_00,443.76,444.48,0.72,success,バーン!,success,バーン!,True,4,4,0
,009_kbs_13593443_20260712130000_seg_00113,009_kbs_13593443_20260712130000,SPEAKER_01,445.12,445.84,0.72,success,かな、今。,success,かな今。,False,5,4,-1
,009_kbs_13593443_20260712130000_seg_00114,009_kbs_13593443_20260712130000,SPEAKER_00,445.84,446.8,0.96,success,ほんでそしたら。,success,ほんでほしたら。,False,8,8,0
,009_kbs_13593443_20260712130000_seg_00115,009_kbs_13593443_20260712130000,SPEAKER_00,447.52,448.72,1.2,success,一瞬で止まるわけ。,success,一瞬で止まるわけ。,True,9,9,0
,009_kbs_13593443_20260712130000_seg_00116,009_kbs_13593443_20260712130000,SPEAKER_01,455.52,456.72,1.2,success,遠くから。,success,遠くから遠くから。,False,5,9,4
,009_kbs_13593443_20260712130000_seg_00117,009_kbs_13593443_20260712130000,SPEAKER_01,456.96,461.6,4.64,success,うまい、うまい、今、ラジオで、分かる、分かる、近くのケアやったらどうなの、近く。,success,顔うまいうまい今ラジオで分かる分かる近くのケアやったらどうなの?,False,40,32,-8
,009_kbs_13593443_20260712130000_seg_00118,009_kbs_13593443_20260712130000,SPEAKER_02,461.68,463.04,1.36,success,ああ!,success,ああね!,False,3,4,1
,009_kbs_13593443_20260712130000_seg_00119,009_kbs_13593443_20260712130000,SPEAKER_01,463.2,464.56,1.36,success,街から聞く。,success,街から来る街から聞く。,False,6,11,5
,009_kbs_13593443_20260712130000_seg_00120,009_kbs_13593443_20260712130000,SPEAKER_01,466.56,469.36,2.8,success,いいね、隣村から聞こえる祭り囃子みたいなのはどうなの?,success,いいね隣村から聞こえる祭り囃子みたいなのはどうなんの?,False,27,27,0
,009_kbs_13593443_20260712130000_seg_00121,009_kbs_13593443_20260712130000,SPEAKER_02,469.6,472.32,2.72,success,どんどんどんどん。,success,トントントントン、トントントン。,False,9,16,7
,009_kbs_13593443_20260712130000_seg_00122,009_kbs_13593443_20260712130000,SPEAKER_01,475.12,484.24,9.12,success,あれ、すっごい大きいやつの独り言、隣の俺らの、ばってばって、どんなんやったっけって、すっごいごっついやつの独り言聞こえるけど。,success,あれ、すっごい大きいやつの独り言、隣の村の、待って待って、どんなんやったっけって、すっごいごっついやつの独り言聞こえるけど。,False,63,62,-1
,009_kbs_13593443_20260712130000_seg_00123,009_kbs_13593443_20260712130000,SPEAKER_00,485.2,490.32,5.12,success,じゃあ聞こえてぱっと外出たらみんながうわーってで娘お前はもう家出して。,success,聞こえてパッと外出たらみんながうわってで娘お前はもう家に!,False,35,29,-6
,009_kbs_13593443_20260712130000_seg_00124,009_kbs_13593443_20260712130000,SPEAKER_00,491.92,492.64,0.72,success,バチったら。,success,バチッと。,False,6,5,-1
,009_kbs_13593443_20260712130000_seg_00125,009_kbs_13593443_20260712130000,SPEAKER_00,494.64,498.48,3.84,success,ブーああそんな音鳴ってたわそやねん。,success,ブーああそんな音鳴ってたわそやねん。,True,18,18,0
,009_kbs_13593443_20260712130000_seg_00126,009_kbs_13593443_20260712130000,SPEAKER_00,499.12,501.84,2.72,success,ああこれあと100個目。,success,穴開いてるあっこれあと100ごめん。,False,12,18,6
,009_kbs_13593443_20260712130000_seg_00127,009_kbs_13593443_20260712130000,SPEAKER_00,502.16,505.68,3.52,success,穴開いてね、道に、そしたら、そこから地割れみたいな。,success,穴開いてね道にそしたらそっから地割れみたいな。,False,26,23,-3
,009_kbs_13593443_20260712130000_seg_00128,009_kbs_13593443_20260712130000,SPEAKER_00,506.08,506.8,0.72,success,ちょちょちょちょちょちょちょちょちょちょちょちょちょちょち,success,ちょちょちょちょちょちょ!,False,29,13,-16
,009_kbs_13593443_20260712130000_seg_00129,009_kbs_13593443_20260712130000,SPEAKER_00,507.04,514.4,7.36,success,何や!と思ったらそこからトライポットというもうタコみたいなでっかい凧みたいなのが出てギャーッて来てみんな最初は。,success,何やと思ったらそっからトライポットというもう凧みたいなでっかい凧みたいなんが出てギャーッて来てでみんな最初は。,False,56,55,-1
,009_kbs_13593443_20260712130000_seg_00130,009_kbs_13593443_20260712130000,SPEAKER_00,516.8,518.96,2.16,success,ここや。,success,取ってごらん。,False,4,7,3
,009_kbs_13593443_20260712130000_seg_00131,009_kbs_13593443_20260712130000,SPEAKER_00,519.52,526.64,7.12,success,べーんって、ふーってなったら、いきなり七色の光線、ばーん、そしたら、人が煙だけになって、服が。,success,ベーンってふってなったらいきなり七色の光線バーンそしたら人が煙だけになって服が。,False,47,40,-7
,009_kbs_13593443_20260712130000_seg_00132,009_kbs_13593443_20260712130000,SPEAKER_01,526.96,527.92,0.96,success,そうそうそう消えんねん。,success,そうそうそう消えんねんな。,False,12,13,1
,009_kbs_13593443_20260712130000_seg_00133,009_kbs_13593443_20260712130000,SPEAKER_00,529.52,537.04,7.52,success,ほんで、へー!ってなって、ぎゃーってなって、逃げ惑う、トムクルーズの逃げ惑うって、ようやく家に帰ってくる、トムクルーズが、はあってやった。,success,へえ!ってなってキャーッ!ってなって逃げ惑うトムクルーズの逃げ惑うってようやく家に帰ってくるトムクルーズがはあってやった。,False,69,61,-8
,009_kbs_13593443_20260712130000_seg_00134,009_kbs_13593443_20260712130000,SPEAKER_00,537.84,543.2,5.36,success,パパどうしたの?って思ってたやん、しゃべられへん、ショックすぎて、そやろな、ぱって鏡見たら、灰になってた。,success,でパパどうしたの?って思ってたやんでもうしゃべられへんショックすぎてそやろなパッて鏡見たら灰になって。,False,53,51,-2
,009_kbs_13593443_20260712130000_seg_00135,009_kbs_13593443_20260712130000,SPEAKER_01,545.04,545.76,0.72,success,そんなんあったわ。,success,そんなんあったわ。,True,9,9,0
,009_kbs_13593443_20260712130000_seg_00136,009_kbs_13593443_20260712130000,SPEAKER_00,546.08,547.44,1.36,success,ってことだ。,success,だらけ!ってことだ。,False,6,10,4
,009_kbs_13593443_20260712130000_seg_00137,009_kbs_13593443_20260712130000,SPEAKER_00,547.84,550.56,2.72,success,はっ!ってなって、ばーって、顔洗って。,success,はっ!って言って、ばーって、顔洗って。,False,19,19,0
,009_kbs_13593443_20260712130000_seg_00138,009_kbs_13593443_20260712130000,SPEAKER_00,551.6,558.24,6.64,success,逃げるぞ、逃げるぞって言って、長男もたまたま帰ってきて、長男が怒られると思って、車で、車勝手に乗ったから。,success,逃げるぞ、逃げるぞって言って、長男もたまたま帰ってきて、長男が怒られると思って、車で、車勝手に乗ったから。,True,53,53,0
,009_kbs_13593443_20260712130000_seg_00139,009_kbs_13593443_20260712130000,SPEAKER_00,560.4,563.76,3.36,success,逃げるぞって言って、車で、近所の。,success,逃げるぞって言って車で。,False,17,12,-5
,009_kbs_13593443_20260712130000_seg_00140,009_kbs_13593443_20260712130000,SPEAKER_00,564.16,568.08,3.92,success,そいつがトライポトが現れたせいで全部の電子機器が壊れてしまった。,success,そいつがトライポットが現れたせいで全部の電子機器が壊れてしまった。,False,32,33,1
,009_kbs_13593443_20260712130000_seg_00141,009_kbs_13593443_20260712130000,SPEAKER_00,569.04,569.76,0.72,success,全部焼き消え。,success,もう全部焼き切った。,False,7,10,3
,009_kbs_13593443_20260712130000_seg_00142,009_kbs_13593443_20260712130000,SPEAKER_00,570.32,571.92,1.6,success,たまたま修理してた車があって。,success,たまたま修理してた車があって。,True,15,15,0
,009_kbs_13593443_20260712130000_seg_00143,009_kbs_13593443_20260712130000,SPEAKER_00,572.32,573.52,1.2,success,それに飛び乗って。,success,それに飛び乗って。,True,9,9,0
,009_kbs_13593443_20260712130000_seg_00144,009_kbs_13593443_20260712130000,SPEAKER_00,573.92,585.28,11.36,success,逃げるわけ、そこでもやられんねん、何人か、車で走ってたら、途中でな、トイレ行きたいみたいな、娘が、ああ、分かった、じゃあ、トイレ行こうって言って、トイレばーって行ってた。,success,逃げるわけ、そこでもやられんねん、何人か、車で走ってたら、途中でな、トイレ行きたいみたいな、娘が、ああ、分かった、じゃあ、トイレ行こうって言って、トイレばーって行ってた。,True,85,85,0
,009_kbs_13593443_20260712130000_seg_00145,009_kbs_13593443_20260712130000,SPEAKER_01,586.32,587.52,1.2,success,初めて見たの、宇宙戦争。,success,初めて見たの宇宙戦争。,False,12,11,-1
,009_kbs_13593443_20260712130000_seg_00146,009_kbs_13593443_20260712130000,SPEAKER_00,587.52,588.96,1.44,success,よっ、3回目。,success,えっとよっ3回目。,False,7,9,2
,009_kbs_13593443_20260712130000_seg_00147,009_kbs_13593443_20260712130000,SPEAKER_01,589.04,590.96,1.92,success,なんで今しゃべってんのそれを。,success,何で今しゃべってんのそれを。,False,15,14,-1
,009_kbs_13593443_20260712130000_seg_00148,009_kbs_13593443_20260712130000,SPEAKER_01,593.2,594.4,1.2,success,代わりに、あっ、国宝の。,success,代わりにあっ国宝の。,False,12,10,-2
,009_kbs_13593443_20260712130000_seg_00149,009_kbs_13593443_20260712130000,SPEAKER_00,595.44,599.6,4.16,success,長すぎた、国宝がやっぱり、ワールドカップ期間は無理やったんです。,success,長すぎた国宝がやっぱり。でワールドカップ期間は無理やったんですよ。,False,32,33,1
,009_kbs_13593443_20260712130000_seg_00150,009_kbs_13593443_20260712130000,SPEAKER_01,599.6,600.4,0.8,success,そんなことあるかな?,success,そんなことあるかな?,True,10,10,0
,009_kbs_13593443_20260712130000_seg_00151,009_kbs_13593443_20260712130000,SPEAKER_01,600.8,601.92,1.12,success,1時間ぐらいだな。,success,それ1時間ぐらいなんですか?,False,9,14,5
,009_kbs_13593443_20260712130000_seg_00152,009_kbs_13593443_20260712130000,SPEAKER_00,602.0,615.36,13.36,success,ほんでトイレみたいな、トイレ行くって言ったら、川、女の子が川でトイレしようと思ったら、川上から死体がどんぶらこ流れてきて、えっ?ってなったら、もうどんどん人の死体、流れていく、どういう意味みたいな、あれ、消えてったやつ。,success,ほんでトイレみたいなトイレ行くって言ったら川女の子が川でトイレしようと思ったら川上から死体がどんぶらこ流れてきてえっ?ってなったらもうどんどん人の死体流れていくどういう意味みたいなあれ消えてったやつ。,False,110,100,-10
,009_kbs_13593443_20260712130000_seg_00153,009_kbs_13593443_20260712130000,SPEAKER_00,616.24,619.12,2.88,success,えっ、何これ、消えた、下、消えるやん、下に。,success,えっ何これ消えた下消えるやん下に。,False,22,17,-5
,009_kbs_13593443_20260712130000_seg_00154,009_kbs_13593443_20260712130000,SPEAKER_00,619.52,621.76,2.24,success,うわーって、でも総理もちょっと関わってくるわけね。,success,うわってでも総理もちょっとかかってくるわけね。,False,25,23,-2
,009_kbs_13593443_20260712130000_seg_00155,009_kbs_13593443_20260712130000,SPEAKER_00,622.16,625.52,3.36,success,このあと、うわーって、そしたら、トムクルーズが後ろから、ばーって女の子の目覚めた。,success,このあとワーッてそしたらトムクルーズが後ろからパッて女の子の目覚めた。,False,41,35,-6
,009_kbs_13593443_20260712130000_seg_00156,009_kbs_13593443_20260712130000,SPEAKER_00,625.92,627.12,1.2,success,だって言っただろ!,success,撃てって言っただろ!,False,9,10,1
,009_kbs_13593443_20260712130000_seg_00157,009_kbs_13593443_20260712130000,SPEAKER_00,627.36,630.0,2.64,success,って言って、車に戻ろうとしたら、そこに軍が来るわけ。,success,って言って車に戻ろうとしたらそこに軍が来るわけ。,False,26,24,-2
,009_kbs_13593443_20260712130000_seg_00158,009_kbs_13593443_20260712130000,SPEAKER_00,630.32,631.36,1.04,success,長男が。,success,長男が。,True,4,4,0
,009_kbs_13593443_20260712130000_seg_00159,009_kbs_13593443_20260712130000,SPEAKER_00,632.0,633.12,1.12,success,俺も連れてってくれ!,success,俺も連れてってくれ!,True,10,10,0
,009_kbs_13593443_20260712130000_seg_00160,009_kbs_13593443_20260712130000,SPEAKER_00,633.36,636.56,3.2,success,貸してくれ!って言って、トムクルーズをつかみ歩ける。,success,貸してくれ!って言ってトムクルーズをつかみ歩けんの。,False,26,26,0
,009_kbs_13593443_20260712130000_seg_00161,009_kbs_13593443_20260712130000,SPEAKER_00,636.8,640.88,4.08,success,妹は誰が見るんだ!って長男も我に返ってああ助かった。,success,妹は誰が見るんだ!って長男も我に返ってああ助かった。,True,26,26,0
,009_kbs_13593443_20260712130000_seg_00162,009_kbs_13593443_20260712130000,SPEAKER_00,641.2,647.84,6.64,success,妹も、私、お兄ちゃんいないと何もできないよって言う、妹が、そのまま、ああ、確かになって。,success,で妹も私お兄ちゃんいないと何もできないよって言う妹が。でそのままあ確かになって。,False,44,40,-4
,009_kbs_13593443_20260712130000_seg_00163,009_kbs_13593443_20260712130000,SPEAKER_00,648.16,656.32,8.16,success,2人がちょっと仲直りするわけ、トムクルーズと、長男がごめんって言って、トムクルーズが、ちょっと俺、疲れたから運転しといてくれって言って、運転させて、ぱって気ぃ付いた。,success,でもう2人がちょっと仲直りするわけトムクルーズと長男がごめんって言ってトムクルーズがちょっと俺疲れたから運転しといてくれって言って運転させてパッて気ぃ付いて。,False,83,79,-4
,009_kbs_13593443_20260712130000_seg_00164,009_kbs_13593443_20260712130000,SPEAKER_00,656.8,658.16,1.36,success,これね、覚えてることただただ。,success,これ覚えてることただただ。,False,15,13,-2
,009_kbs_13593443_20260712130000_seg_00165,009_kbs_13593443_20260712130000,SPEAKER_01,658.24,664.64,6.4,success,言っても意味ないねん、これ、その、印象的やった場面とか、なんか悲しい。,success,言っても意味ないねんこれその印象的やった場面とか何か悲しい。,False,35,30,-5
,009_kbs_13593443_20260712130000_seg_00166,009_kbs_13593443_20260712130000,SPEAKER_01,666.24,670.56,4.32,success,そんなとこ省いていかんと、それ、話の筋が意味分からん。,success,そんなとこ省いていかんと、それ、話の筋が意味分からん。,True,27,27,0
,009_kbs_13593443_20260712130000_seg_00167,009_kbs_13593443_20260712130000,SPEAKER_01,671.52,672.4,0.88,success,けんかのとこ、それ。,success,けんかのとこそれ。,False,10,9,-1
,009_kbs_13593443_20260712130000_seg_00168,009_kbs_13593443_20260712130000,SPEAKER_00,672.56,673.76,1.2,success,それ、印象的やん。,success,それ印象的やん。,False,9,8,-1
,009_kbs_13593443_20260712130000_seg_00169,009_kbs_13593443_20260712130000,SPEAKER_00,674.16,675.12,0.96,success,戦争に行きたい。,success,戦争に行きたい。,True,8,8,0
,009_kbs_13593443_20260712130000_seg_00170,009_kbs_13593443_20260712130000,SPEAKER_00,675.68,687.04,11.36,success,俺は妹は誰もいるんだ、寝てて、ぱって、起きたら、もう周り、人だらけ、難民の人らや、それにしといて、車奪われるわけ、銃でばんばんと。,success,俺は誰も誰もいんなで寝ててぱって起きたらもう周り人だらけ難民の人らやそれにしといて車奪われるわけ銃でバンバンと。,False,65,56,-9
,009_kbs_13593443_20260712130000_seg_00171,009_kbs_13593443_20260712130000,SPEAKER_00,687.44,689.12,1.68,success,娘だけ返してくれ!,success,娘だけ返してくれ!,True,9,9,0
,009_kbs_13593443_20260712130000_seg_00172,009_kbs_13593443_20260712130000,SPEAKER_00,689.6,692.72,3.12,success,娘と長男だけ、そこで愛が深まんねん。,success,娘と長男だけそこで愛が深まんねん。,False,18,17,-1
,009_kbs_13593443_20260712130000_seg_00173,009_kbs_13593443_20260712130000,SPEAKER_00,693.68,695.68,2.0,success,そこからどうするかというとみんなで船に乗るわけ。,success,そっからどうするかっていうとみんな船に乗るわけ。,False,24,24,0
,009_kbs_13593443_20260712130000_seg_00174,009_kbs_13593443_20260712130000,SPEAKER_00,696.64,698.88,2.24,success,その船がまたトライポットに押されるわけ。,success,その船がまたトライポットに押されるわけ。,True,20,20,0
,009_kbs_13593443_20260712130000_seg_00175,009_kbs_13593443_20260712130000,SPEAKER_00,702.56,704.24,1.68,success,わしもう後ろからやめろ!,success,もう後ろからやめろ!,False,12,10,-2
,009_kbs_13593443_20260712130000_seg_00176,009_kbs_13593443_20260712130000,SPEAKER_00,706.56,707.12,0.56,success,バッと来て。,success,バンと来て。,False,6,6,0
,009_kbs_13593443_20260712130000_seg_00177,009_kbs_13593443_20260712130000,SPEAKER_00,707.52,709.44,1.92,success,ばーってなって、みんな船にわっ、乗れ!っつって。,success,バッてなってみんな船にワッ乗れ!っつって。,False,24,21,-3
,009_kbs_13593443_20260712130000_seg_00178,009_kbs_13593443_20260712130000,SPEAKER_00,709.76,712.48,2.72,success,出発すんねん、ひもついたまま。,success,もう出発すねんひもついたまま。,False,15,15,0
,009_kbs_13593443_20260712130000_seg_00179,009_kbs_13593443_20260712130000,SPEAKER_00,713.04,716.72,3.68,success,ばひもってあのなひもな。,success,バヒモってあのなひもな。,False,12,12,0
,009_kbs_13593443_20260712130000_seg_00180,009_kbs_13593443_20260712130000,SPEAKER_00,718.48,719.36,0.88,success,出発すんねんけど。,success,出発すんねんけど。,True,9,9,0
,009_kbs_13593443_20260712130000_seg_00181,009_kbs_13593443_20260712130000,SPEAKER_00,720.4,724.0,3.6,success,ばーって出発したら、船長がばーって前見たら、海の中からトラック。,success,バーッて出発したら船長がバーッて前見たら海の中から捉えた。,False,32,29,-3
,009_kbs_13593443_20260712130000_seg_00182,009_kbs_13593443_20260712130000,SPEAKER_00,726.16,727.84,1.68,success,もうやられる船。,success,もうやられる船。,True,8,8,0
,009_kbs_13593443_20260712130000_seg_00183,009_kbs_13593443_20260712130000,SPEAKER_00,728.32,728.96,0.64,success,ほんで。,success,ほんで。,True,4,4,0
,009_kbs_13593443_20260712130000_seg_00184,009_kbs_13593443_20260712130000,SPEAKER_00,729.52,739.12,9.6,success,なんとか命からがら、岸におよぎ着いた家族、そこからある、とある、そこから軍がまた。,success,なんとか命からがら岸に泳ぎ着いた家族でそっからあるとあるそっから軍がまた。,False,41,37,-4
,009_kbs_13593443_20260712130000_seg_00185,009_kbs_13593443_20260712130000,SPEAKER_00,740.0,743.52,3.52,success,攻撃するぞって言って、ぐんぐんぶわーって押し寄せて。,success,攻撃するぞ!っていって軍がぶわーって押し寄せて。,False,26,24,-2
,009_kbs_13593443_20260712130000_seg_00186,009_kbs_13593443_20260712130000,SPEAKER_00,743.84,746.0,2.16,success,長男が俺も行かせてくれ!って言って。,success,長男が俺も行かせてくれ!っつって。,False,18,17,-1
,009_kbs_13593443_20260712130000_seg_00187,009_kbs_13593443_20260712130000,SPEAKER_00,746.32,747.44,1.12,success,あのシーンがええねん。,success,あのシーンがやねん。,False,11,10,-1
,009_kbs_13593443_20260712130000_seg_00188,009_kbs_13593443_20260712130000,SPEAKER_00,749.84,750.64,0.8,success,僕らです止めるね。,success,僕ら止めるね!,False,9,7,-2
,009_kbs_13593443_20260712130000_seg_00189,009_kbs_13593443_20260712130000,SPEAKER_00,750.96,755.92,4.96,success,それを長男が頼む、俺も行かせてくれって言って、こう、父親やけども、子どもの。,success,それは長男が頼む俺も行かせてくれって言ってこう父親やけども子どもの。,False,38,34,-4
,009_kbs_13593443_20260712130000_seg_00190,009_kbs_13593443_20260712130000,SPEAKER_00,757.68,761.04,3.36,success,願いもかなえてあげたいということで、命からがら。,success,願いもかなえてあげたいということで命からがら。,False,24,23,-1
,009_kbs_13593443_20260712130000_seg_00191,009_kbs_13593443_20260712130000,SPEAKER_00,761.76,762.96,1.2,success,命からがら、この。,success,命からがらその。,False,9,8,-1
,009_kbs_13593443_20260712130000_seg_00192,009_kbs_13593443_20260712130000,SPEAKER_00,763.44,764.56,1.12,success,手を離すわけやな。,success,手を離すわけやな。,True,9,9,0
,009_kbs_13593443_20260712130000_seg_00193,009_kbs_13593443_20260712130000,SPEAKER_01,764.56,765.52,0.96,success,葛藤の中ね、父は。,success,葛藤の中ね父親。,False,9,8,-1
,009_kbs_13593443_20260712130000_seg_00194,009_kbs_13593443_20260712130000,SPEAKER_00,766.8,768.08,1.28,success,っていうと、後ろで。,success,っていうと後ろで。,False,10,9,-1
,009_kbs_13593443_20260712130000_seg_00195,009_kbs_13593443_20260712130000,SPEAKER_00,768.4,772.4,4.0,success,自分の娘が他人にもうこっち来い!って言われて。,success,自分の娘が他人にもうこっち来い!って言われて。,True,23,23,0
,009_kbs_13593443_20260712130000_seg_00196,009_kbs_13593443_20260712130000,SPEAKER_00,772.8,779.04,6.24,success,殺される可能性もあって、どっちを取んねんってなって、娘のほうがってなって、そこでもう、長男とは生き別れ。,success,連れ去られる可能性もあってどっちを取んねんってなって娘のほうがってなってそこでもう長男とは生き別れ。,False,52,50,-2
,009_kbs_13593443_20260712130000_seg_00197,009_kbs_13593443_20260712130000,SPEAKER_00,779.52,781.52,2.0,success,家にそこから避難します。,success,家にそこから避難します。,True,12,12,0
,009_kbs_13593443_20260712130000_seg_00198,009_kbs_13593443_20260712130000,SPEAKER_00,781.84,785.6,3.76,success,そしたらそこの中にいんのがもうちょっと頭ねいかれたおじさん。,success,そしたらそこの中にいんのがもうちょっと頭のいかれたおじさん。,False,30,30,0
,009_kbs_13593443_20260712130000_seg_00199,009_kbs_13593443_20260712130000,SPEAKER_00,786.64,789.68,3.04,success,おじさんはもう、俺は倒せると、トライポッター。,success,おじさんはもう俺倒せるとトライポッターを。,False,23,21,-2
,009_kbs_13593443_20260712130000_seg_00200,009_kbs_13593443_20260712130000,SPEAKER_00,790.32,792.56,2.24,success,なるほど、目の前で見てしまったわけ。,success,なるほどって言ってろ目の前で見てしまったわけ。,False,18,23,5
,009_kbs_13593443_20260712130000_seg_00201,009_kbs_13593443_20260712130000,SPEAKER_00,793.12,793.68,0.56,success,人々を。,success,人々を。,True,4,4,0
,009_kbs_13593443_20260712130000_seg_00202,009_kbs_13593443_20260712130000,SPEAKER_00,794.16,800.08,5.92,success,それ何を見たかというと人々を指してその地で植物をトライポッドは。,success,でそれ何を見たかというと人々を指してその地で植物をトライポットを。,False,32,33,1
,009_kbs_13593443_20260712130000_seg_00203,009_kbs_13593443_20260712130000,SPEAKER_00,800.64,802.0,1.36,success,植物を生やして。,success,植物を生やして。,True,8,8,0
,009_kbs_13593443_20260712130000_seg_00204,009_kbs_13593443_20260712130000,SPEAKER_00,802.48,805.76,3.28,success,その血を養分に植物で地球を侵略する。,success,その血でを養分に植物で地球を侵略していく。,False,18,21,3
,009_kbs_13593443_20260712130000_seg_00205,009_kbs_13593443_20260712130000,SPEAKER_00,806.72,810.88,4.16,success,見てしまってショックなあまり、そのおじさんは気がおかしくなってしまう。,success,見てしまってショックなあまりそのおじさんは気がおかしくなってしまう。,False,35,34,-1
,009_kbs_13593443_20260712130000_seg_00206,009_kbs_13593443_20260712130000,SPEAKER_00,811.76,813.84,2.08,success,それをあのシーンやなそのシーン。,success,それをあのシーンやなそのシーン。,True,16,16,0
,009_kbs_13593443_20260712130000_seg_00207,009_kbs_13593443_20260712130000,SPEAKER_00,814.32,821.92,7.6,success,おじさんがもうね、気が触れてしまって、もう騒ぎながら穴掘って、そしたらそこでトムクルーズがもう意を決した顔をして。,success,おじさんがもうね、気が震えてしまって、もう騒ぎながら穴掘って、そしたらそこでトムクルーズがもう意を決した顔をして。,False,57,57,0
,009_kbs_13593443_20260712130000_seg_00208,009_kbs_13593443_20260712130000,SPEAKER_00,822.48,825.04,2.56,success,俺はもう、このおじさんを殺さなければいけないっていう。,success,俺はもうこのおじさんを殺さなければいけないっていう。,False,27,26,-1
,009_kbs_13593443_20260712130000_seg_00209,009_kbs_13593443_20260712130000,SPEAKER_00,825.6,827.76,2.16,success,ドア閉めたあと、おじさんを殺すねん。,success,ドア閉めたあとおじさんを殺すねん。,False,18,17,-1
,009_kbs_13593443_20260712130000_seg_00210,009_kbs_13593443_20260712130000,SPEAKER_00,828.16,829.76,1.6,success,あのシーンのトムクルーズの顔。,success,あのシーンのトムクルーズの顔。,True,15,15,0
,009_kbs_13593443_20260712130000_seg_00211,009_kbs_13593443_20260712130000,SPEAKER_00,830.48,831.6,1.12,success,覚悟を決めた。,success,覚悟を決めた。,True,7,7,0
,009_kbs_13593443_20260712130000_seg_00212,009_kbs_13593443_20260712130000,SPEAKER_00,832.16,833.52,1.36,success,娘に。,success,で娘に。,False,3,4,1
,009_kbs_13593443_20260712130000_seg_00213,009_kbs_13593443_20260712130000,SPEAKER_00,834.0,837.68,3.68,success,娘が抱きついたときに、トムクルーズが涙流しながら。,success,娘が抱きついた時にトムクルーズが涙流しながら。,False,25,23,-2
,009_kbs_13593443_20260712130000_seg_00214,009_kbs_13593443_20260712130000,SPEAKER_00,838.16,847.36,9.2,success,娘にこう、子守歌を、あのシーンな、娘もう泣くねん、そのシーン、そんで、えーって泣くねんけど、じゃあ、娘が子守歌歌ってって言うて。,success,で娘にこう子守歌をあのシーンな娘もう泣くねんそのシーンそんでえって泣くねんけどじゃあ娘が子守歌歌ってって言うて。,False,64,56,-8
,009_kbs_13593443_20260712130000_seg_00215,009_kbs_13593443_20260712130000,SPEAKER_00,847.68,848.8,1.12,success,歌って子守歌って。,success,歌って子守唄。,False,9,7,-2
,009_kbs_13593443_20260712130000_seg_00216,009_kbs_13593443_20260712130000,SPEAKER_00,849.12,853.76,4.64,success,あの子守唄歌ってって言ったら、ごめん、知らない、お父さん、一緒に住んでへんから。,success,あの子守唄歌ってって言ったらごめん知らないお父さん一緒に住んでへんから。,False,40,36,-4
,009_kbs_13593443_20260712130000_seg_00217,009_kbs_13593443_20260712130000,SPEAKER_00,854.08,855.92,1.84,success,この子守りだったってごめん知らない。,success,この子守りだったてごめん知らない。,False,18,17,-1
,009_kbs_13593443_20260712130000_seg_00218,009_kbs_13593443_20260712130000,SPEAKER_00,856.56,861.6,5.04,success,ここでやっぱりあっ娘と自分は距離があったんだと。,success,っていうあのシーンここでやっぱりあっ娘と自分は距離があったんだと。,False,24,33,9
,009_kbs_13593443_20260712130000_seg_00219,009_kbs_13593443_20260712130000,SPEAKER_00,862.24,865.44,3.2,success,がーって泣いて、2人でもう寝ちゃうわけ。,success,ガーッて泣いてで2人でもう寝ちゃうわけ。,False,20,20,0
,009_kbs_13593443_20260712130000_seg_00220,009_kbs_13593443_20260712130000,SPEAKER_00,865.68,868.4,2.72,success,そしたらもう次、トライポットがその屋敷入ってきて。,success,そしたらもう次トライポットがその屋敷入ってきて。,False,25,24,-1
,009_kbs_13593443_20260712130000_seg_00221,009_kbs_13593443_20260712130000,SPEAKER_00,868.72,874.24,5.52,success,俺、あそこ、意味分からへんねんけど、入ってきたらな、娘さんにな、娘さんがな、気付いてん。,success,俺あそこ意味分からへんねんけど入ってきたらな娘さんにな娘さんがな気付いてん。,False,44,38,-6
,009_kbs_13593443_20260712130000_seg_00222,009_kbs_13593443_20260712130000,SPEAKER_00,874.88,876.08,1.2,success,って、外出てまうねん。,success,って外出てまうねん!,False,11,10,-1
,009_kbs_13593443_20260712130000_seg_00223,009_kbs_13593443_20260712130000,SPEAKER_00,876.56,877.6,1.04,success,で外出てまう。,success,で外出てまう。,True,7,7,0
,009_kbs_13593443_20260712130000_seg_00224,009_kbs_13593443_20260712130000,SPEAKER_01,877.6,880.56,2.96,success,パニックになったらな、そういう市長、何するか分からんっていうからね。,success,パニックになったらなそういう市長何するか分からんって言うからね。,False,34,32,-2
,009_kbs_13593443_20260712130000_seg_00225,009_kbs_13593443_20260712130000,SPEAKER_00,880.56,881.68,1.12,success,ほんでそれさらわれて。,success,ほんでそれさらわれて。,True,11,11,0
,009_kbs_13593443_20260712130000_seg_00226,009_kbs_13593443_20260712130000,SPEAKER_00,882.48,884.96,2.48,success,ほんでそれトムクルーズを追いかけてあのシーンな。,success,ほんでそれでトムクルーズを追いかけてあのシーンな。,False,24,25,1
,009_kbs_13593443_20260712130000_seg_00227,009_kbs_13593443_20260712130000,SPEAKER_01,887.52,894.48,6.96,success,あのシーンなんて、別にみんな、あんま覚えてないねんな、あのシーンな、あのシーンなって言うけど、みんなちゃんと覚えてない、たぶん、うちの。,success,あのシーンなって別にみんなさあんま覚えてないねんなそのあのシーンなあのシーンなって言うけどそのみんなちゃんと覚えてない多分うちの人は。,False,68,67,-1
,009_kbs_13593443_20260712130000_seg_00228,009_kbs_13593443_20260712130000,SPEAKER_00,894.64,899.04,4.4,success,なんや、あのシーン、タコみたいな触手で娘が絡み取られて。,success,なんや、あのシーン、タコみたいな触手で娘が絡み取られて。,True,28,28,0
,009_kbs_13593443_20260712130000_seg_00229,009_kbs_13593443_20260712130000,SPEAKER_01,899.04,900.0,0.96,success,俺は覚えてるよ。,success,俺は覚えてるよ。,True,8,8,0
,009_kbs_13593443_20260712130000_seg_00230,009_kbs_13593443_20260712130000,SPEAKER_00,900.56,902.88,2.32,success,だからそれを言って。,success,中澤さんそれを言って。,False,10,11,1
,009_kbs_13593443_20260712130000_seg_00231,009_kbs_13593443_20260712130000,SPEAKER_01,903.28,907.04,3.76,success,言ってて、じゃあ、俺、その場面だけ覚えてるだけで。,success,言っててじゃあ俺その場面だけ覚えてるだけで。,False,25,22,-3
,009_kbs_13593443_20260712130000_seg_00232,009_kbs_13593443_20260712130000,SPEAKER_01,907.28,913.68,6.4,success,物語全然覚えてへんし、そもそもね、そもそも言うけど、これ、しゃべって説明する映画ちゃうねんな。,success,物語全然覚えてへんしそもそもねそもそも言うけどこれしゃべって説明する映画ちゃうねんな。,False,47,43,-4
,009_kbs_13593443_20260712130000_seg_00233,009_kbs_13593443_20260712130000,SPEAKER_01,914.64,916.32,1.68,success,これsfって。,success,これsfって。,True,7,7,0
,009_kbs_13593443_20260712130000_seg_00234,009_kbs_13593443_20260712130000,SPEAKER_00,920.24,944.56,24.32,success,僕は見れてないけど、これ見たし、これをしゃべろう思うて、ほんで、こう、取って、なっ、トライポットの中、入れられます、それ、何されるかっていったら、そんな籠みたいな所に人間入れられて、触手にまず絡み取られて、刺されて、血液抜かれて、噴射されて、植物にされると、植物の養分にされる所に、たまたま拾ったダイナマイト買って。,success,見れてないけど、これ見たし、これをしゃべろう思うて、ほんで、こう、取って、なっ、トライポットの中、入れられます、それ、何されるかっていったら、籠みたいな所に人間入れられて、触手にまず絡み取られて、刺されて、血液抜かれて、噴射されて、植物にされると、植物の養分にされるところに、たまたま拾ったダイナマイトかって。,False,158,155,-3
,009_kbs_13593443_20260712130000_seg_00235,009_kbs_13593443_20260712130000,SPEAKER_00,945.12,946.24,1.12,success,トムクルーズがこう。,success,トムクルーズがこう。,True,10,10,0
,009_kbs_13593443_20260712130000_seg_00236,009_kbs_13593443_20260712130000,SPEAKER_00,946.48,947.68,1.2,success,吸い込まれるときに。,success,吸い込まれる時に。,False,10,9,-1
,009_kbs_13593443_20260712130000_seg_00237,009_kbs_13593443_20260712130000,SPEAKER_00,949.12,953.36,4.24,success,帰れまいと口でぴって抜いた、それは中にたまたま助けた、中に。,success,アイルマイトークを口でぴって抜いた、そしたら、その中にたまたま助けた、中に。,False,30,38,8
,009_kbs_13593443_20260712130000_seg_00238,009_kbs_13593443_20260712130000,SPEAKER_01,954.08,954.64,0.56,success,ああ。,success,ああ。,True,3,3,0
,009_kbs_13593443_20260712130000_seg_00239,009_kbs_13593443_20260712130000,SPEAKER_00,955.92,957.68,1.76,success,トムクルーズがあのシーンな口から。,success,トムクルーズがあのシーンな口から。,True,17,17,0
,009_kbs_13593443_20260712130000_seg_00240,009_kbs_13593443_20260712130000,SPEAKER_01,957.68,965.36,7.68,success,あのシーンになってやめてくれへん、みんな覚えてないねんて、そんなに有名な、みんながみんな見てる映画じゃないねんから、そんなタイタン。,success,あのシーンになってやめてくれへん、みんな覚えてないねんて、そんなに有名な、みんながみんな見てる映画じゃないねんから、そんな、大体。,False,66,65,-1
,009_kbs_13593443_20260712130000_seg_00241,009_kbs_13593443_20260712130000,SPEAKER_00,965.92,968.4,2.48,success,見たくなってない、見たくなってるやろ、これ。,success,見たくなってない、見たくなってるやろ、これ。,True,22,22,0
,009_kbs_13593443_20260712130000_seg_00242,009_kbs_13593443_20260712130000,SPEAKER_01,968.4,970.08,1.68,success,つまり逆に見て。,success,そのあの逆に見て。,False,8,9,1
,009_kbs_13593443_20260712130000_seg_00243,009_kbs_13593443_20260712130000,SPEAKER_01,970.32,974.32,4.0,success,もう説明聞きたくなくて、もうこうなったら。,success,もう説明聞きたくなくて、もうこうなったら。,True,21,21,0
,009_kbs_13593443_20260712130000_seg_00244,009_kbs_13593443_20260712130000,SPEAKER_00,976.96,985.6,8.64,success,それでトライポットは、シールドで守られて、これ、言ってなかったな、ごめん、シールドで守られてて、攻撃効かへんかってんけど、中やったら効くぞって。,success,それでトライポットは、シールドで守られて、これ、言ってなかったな、ごめん、シールドで守られてて、攻撃効かへんかってんけど、中やったら効くぞって。,True,72,72,0
,009_kbs_13593443_20260712130000_seg_00245,009_kbs_13593443_20260712130000,SPEAKER_00,986.56,988.8,2.24,success,トライポッド倒す、ダイナマイトで。,success,でトライポッド倒すダイナマイトで。,False,17,17,0
,009_kbs_13593443_20260712130000_seg_00246,009_kbs_13593443_20260712130000,SPEAKER_00,989.52,1006.56,17.04,success,ほんで、そこからああ、倒せたと、ニュースでは、日本が何体か倒したらしいぞみたいな、ニュースがばーって飛び立って、もうみんな、途方に暮れて歩いてる、最後、軍と合流して、逃げてください、逃げてください、最後のシーンで、ぱって見たら、トライポットに鳥が止まってんねん、それ見た、トムクルーズが。,success,ほんで、そこからあっ、倒せたと、ニュースでは、日本が何体か倒したらしいぞみたいな、ニュースがばーって飛び立って、もうみんな、途方に暮れて歩いてる、最後、軍と合流して、逃げてください、逃げてください、最後のシーンで、ぱって見たら、トライポットに鳥が止まってんねん、それ見た、トムクルーズが。,False,144,144,0
,009_kbs_13593443_20260712130000_seg_00247,009_kbs_13593443_20260712130000,SPEAKER_00,1007.92,1011.36,3.44,success,鳥が止まってる、鳥が止まってる、シールドが。,success,鳥が止まってる、鳥が止まってる、シールドが。,True,22,22,0
,009_kbs_13593443_20260712130000_seg_00248,009_kbs_13593443_20260712130000,SPEAKER_01,1011.68,1012.48,0.8,success,今、攻撃。,success,ない今攻撃。,False,5,6,1
,009_kbs_13593443_20260712130000_seg_00249,009_kbs_13593443_20260712130000,SPEAKER_00,1013.2,1020.72,7.52,success,っつって、軍が全員で、トマホーク!って言って、ばーんって攻撃して、攻撃が当たる、それはなぜかっていうと。,success,っつって、軍が全員で、トマホーク!っつって、ばーんって攻撃して、攻撃が当たる、それはなぜかっていうと。,False,52,51,-1
,009_kbs_13593443_20260712130000_seg_00250,009_kbs_13593443_20260712130000,SPEAKER_00,1021.84,1022.64,0.8,success,金なんです。,success,金なんです。,True,6,6,0
,009_kbs_13593443_20260712130000_seg_00251,009_kbs_13593443_20260712130000,SPEAKER_00,1026.08,1026.8,0.72,success,だよね。,success,大変だ。,False,4,4,0
,009_kbs_13593443_20260712130000_seg_00252,009_kbs_13593443_20260712130000,SPEAKER_01,1029.84,1030.8,0.96,success,本当に下手やねん。,success,本当に下手やねん。,True,9,9,0
,009_kbs_13593443_20260712130000_seg_00253,009_kbs_13593443_20260712130000,SPEAKER_00,1030.96,1033.6,2.64,success,地球にいる菌細菌。,success,地球にいる菌細胞。,False,9,9,0
,009_kbs_13593443_20260712130000_seg_00254,009_kbs_13593443_20260712130000,SPEAKER_01,1033.6,1048.56,14.96,success,細菌には宇宙人は勝てなかった、菌というか、微生物というかね、目に見えないものに、やっぱ適応できなかって、宇宙人が、地球の生活環境に、適応できなかったって、ずっとむしばまれていってたって。,success,細菌には宇宙人は勝てなかった、菌というか、微生物というかね、目に見えないものにやっぱ適応できなかって、宇宙人が、地球の生活環境に、適応できなかって、ずっとむしばまれていってたって。,False,93,90,-3
,009_kbs_13593443_20260712130000_seg_00255,009_kbs_13593443_20260712130000,SPEAKER_01,1048.88,1056.16,7.28,success,人間もそうじゃないですか、結構、いろんなジャングルとか行ったら、菌とか微生物にやられて、知らん間にこの。,success,人間もそうじゃないですか結構いろんなジャングルとか行ったら菌とか微生物にやられて知らん間にこの。,False,52,48,-4
,009_kbs_13593443_20260712130000_seg_00256,009_kbs_13593443_20260712130000,SPEAKER_01,1057.52,1058.88,1.36,success,それも宇宙人も一緒やったっていう。,success,それも宇宙人も一緒やったっていう。,True,17,17,0
,009_kbs_13593443_20260712130000_seg_00257,009_kbs_13593443_20260712130000,SPEAKER_01,1061.04,1062.64,1.6,success,ちっちゃいものにやられたっていう。,success,ちっちゃいものにやられたっていう。,True,17,17,0
,009_kbs_13593443_20260712130000_seg_00258,009_kbs_13593443_20260712130000,SPEAKER_00,1063.36,1066.24,2.88,success,とかではなく、地球の微生物には勝てない。,success,ヨガではなく地球の微生物には勝てない。,False,20,19,-1
,009_kbs_13593443_20260712130000_seg_00259,009_kbs_13593443_20260712130000,SPEAKER_01,1068.0,1070.24,2.24,success,ものに負けたっていうね。,success,ものに負けたっていうね。,True,12,12,0
,009_kbs_13593443_20260712130000_seg_00260,009_kbs_13593443_20260712130000,SPEAKER_01,1070.64,1073.36,2.72,success,それの映画やねん、これって、なんか、その。,success,それの映画やねんこれって何か。,False,21,15,-6
,009_kbs_13593443_20260712130000_seg_00261,009_kbs_13593443_20260712130000,SPEAKER_01,1074.08,1079.12,5.04,success,間も別にええねん、それ、間、どうなろうが、別にそれは。,success,間、間も別にええねん、それ、間、どうなろうが、別にそれは。,False,27,29,2
,009_kbs_13593443_20260712130000_seg_00262,009_kbs_13593443_20260712130000,SPEAKER_00,1079.44,1080.56,1.12,success,町、隣町のね。,success,町隣町のね。,False,7,6,-1
,009_kbs_13593443_20260712130000_seg_00263,009_kbs_13593443_20260712130000,SPEAKER_01,1081.2,1082.72,1.52,success,全然いらん、それは。,success,全然いらんそれは。,False,10,9,-1
,009_kbs_13593443_20260712130000_seg_00264,009_kbs_13593443_20260712130000,SPEAKER_00,1082.72,1094.08,11.36,success,でもこれね、何がすごいって、僕はあとで見て気付いたんやけど、オープニングの、これ、始まる、エンドロールって言わへんの、始まるのはエンドロールって言わへんの、これ、なんていうの、オープニング、なんかこう。,success,でもこれね、何がすごいって、僕はあとで見て気付いたんやけど、オープニングの、これ、始まる、エンドロールって言わへんの、始まるのをエンドロールって言わへんの、これなんていうの、オープニング、なんかこう。,False,101,100,-1
,009_kbs_13593443_20260712130000_seg_00265,009_kbs_13593443_20260712130000,SPEAKER_01,1094.08,1094.8,0.72,success,オープニング。,success,オープニング。,True,7,7,0
,009_kbs_13593443_20260712130000_seg_00266,009_kbs_13593443_20260712130000,SPEAKER_00,1094.8,1096.08,1.28,success,オープニングロールみたいな。,success,オープニングロールみたいな。,True,14,14,0
,009_kbs_13593443_20260712130000_seg_00267,009_kbs_13593443_20260712130000,SPEAKER_01,1096.24,1097.36,1.12,success,クロールあるけやさ。,success,クロールあるけやぞ。,False,10,10,0
,009_kbs_13593443_20260712130000_seg_00268,009_kbs_13593443_20260712130000,SPEAKER_00,1100.4,1103.92,3.52,success,なあ、とこに背景、微生物の背景。,success,なあ特に背景微生物の背景や。,False,16,14,-2
,009_kbs_13593443_20260712130000_seg_00269,009_kbs_13593443_20260712130000,SPEAKER_01,1104.0,1104.72,0.72,success,あダメ。,success,あダメだ。,False,4,5,1
,009_kbs_13593443_20260712130000_seg_00270,009_kbs_13593443_20260712130000,SPEAKER_01,1106.08,1111.04,4.96,success,だってあれね、確か、宇宙戦争ってめっちゃ有名やねん、小説っていうか、映画でも。,success,撃ってるっていうね、だってあれね、確か、宇宙戦争ってめっちゃ有名やねん、小説っていうか、映画でも。,False,39,49,10
,009_kbs_13593443_20260712130000_seg_00271,009_kbs_13593443_20260712130000,SPEAKER_01,1111.52,1113.04,1.52,success,それのリメークやねんあれ。,success,それのリメイクやねんあれ。,False,13,13,0
,009_kbs_13593443_20260712130000_seg_00272,009_kbs_13593443_20260712130000,SPEAKER_01,1114.0,1114.72,0.72,success,そうそう。,success,そうそう。,True,5,5,0
,009_kbs_13593443_20260712130000_seg_00273,009_kbs_13593443_20260712130000,SPEAKER_01,1115.2,1131.52,16.32,success,だから、海外では、日本人にはなじみないんかもしれんけど、海外では結構有名な、だからそれを伝えなくても、全然、落ち、みんな知ってるからって、猿の惑星みたいなこと、サルの惑星もオチみんな知ってるやん、もう、見んでも。,success,だから海外では日本人にはなじみないんかもしれんけど海外では結構この有名なだからそれを伝えなくても全然このオチみんな知ってるからって猿の惑星みたいなこと猿の惑星もオチみんな知ってるやんもう見んでも。,False,106,98,-8
,009_kbs_13593443_20260712130000_seg_00274,009_kbs_13593443_20260712130000,SPEAKER_00,1131.68,1133.6,1.92,success,猿の顔になってる自由の女神。,success,猿の顔になってる自由の女神。,True,14,14,0
,009_kbs_13593443_20260712130000_seg_00275,009_kbs_13593443_20260712130000,SPEAKER_01,1133.92,1135.92,2.0,success,全然違うねん、めっちゃおもろい。,success,違うねっちゃおもろい。,False,16,11,-5
,009_kbs_13593443_20260712130000_seg_00276,009_kbs_13593443_20260712130000,SPEAKER_01,1136.24,1138.48,2.24,success,全然。,success,ヘヘヘヘ全然。,False,3,7,4
,009_kbs_13593443_20260712130000_seg_00277,009_kbs_13593443_20260712130000,SPEAKER_01,1139.6,1140.72,1.12,success,って自の女神だけが。,success,って自由の女神だけが。,False,10,11,1
,009_kbs_13593443_20260712130000_seg_00278,009_kbs_13593443_20260712130000,SPEAKER_01,1145.28,1147.68,2.4,success,あれももう、みんな知ってるやん、さらに学生、みんな。,success,あれももうみんな知ってるやんサラダの学生みんな。,False,26,24,-2
,009_kbs_13593443_20260712130000_seg_00279,009_kbs_13593443_20260712130000,SPEAKER_00,1148.72,1149.68,0.96,success,みんな知ってる宇宙戦争。,success,みんな知ってる宇宙戦争。,True,12,12,0
,009_kbs_13593443_20260712130000_seg_00280,009_kbs_13593443_20260712130000,SPEAKER_01,1151.04,1154.96,3.92,success,海外では有名やから、昔話ぐらい知ってるっていうね。,success,海外では有名やから、昔話ぐらい知ってるっていうね。,True,25,25,0
,009_kbs_13593443_20260712130000_seg_00281,009_kbs_13593443_20260712130000,SPEAKER_01,1156.0,1163.12,7.12,success,今さら宇宙ですけど、じゃあ、もっとその、なんていうの、人間のなんか、なんていうの。,success,今更宇宙ですけどじゃあもっとその何ていうの人間のそのなんか何ていうの。,False,41,35,-6
,009_kbs_13593443_20260712130000_seg_00282,009_kbs_13593443_20260712130000,SPEAKER_01,1163.52,1164.88,1.36,success,見た、そうそうそう、なんか。,success,見たらそうそうそう何か。,False,14,12,-2
,009_kbs_13593443_20260712130000_seg_00283,009_kbs_13593443_20260712130000,SPEAKER_01,1167.36,1174.08,6.72,success,なんねんな、その話がな、結局、だから口で伝えられへんねん、その、すごい映像とか、結構、難しい映像。,success,せやねんな、その話がな、結局、だから口で伝えられへんねん、その、すごい映像とか、結構難しいです。,False,49,48,-1
,009_kbs_13593443_20260712130000_seg_00284,009_kbs_13593443_20260712130000,SPEAKER_00,1174.64,1175.2,0.56,success,高専。,success,光線。,False,3,3,0
,009_kbs_13593443_20260712130000_seg_00285,009_kbs_13593443_20260712130000,SPEAKER_01,1175.2,1176.64,1.44,success,七色の碁難しい。,success,七色の子難しい。,False,8,8,0
,009_kbs_13593443_20260712130000_seg_00286,009_kbs_13593443_20260712130000,SPEAKER_01,1177.12,1179.44,2.32,success,言うたら俺ほんまにちょうど。,success,で言うたら俺ほんまにちょうど。,False,14,15,1
,009_kbs_13593443_20260712130000_seg_00287,009_kbs_13593443_20260712130000,SPEAKER_01,1179.68,1180.64,0.96,success,あの。,success,あの。,True,3,3,0
,009_kbs_13593443_20260712130000_seg_00288,009_kbs_13593443_20260712130000,SPEAKER_01,1181.12,1183.84,2.72,success,もう言っちゃおうかな、じゃあ、もう、ついさっき。,success,もう言っちゃおうかな、じゃあ、もう、ついさっき。,True,24,24,0
,009_kbs_13593443_20260712130000_seg_00289,009_kbs_13593443_20260712130000,SPEAKER_01,1184.32,1186.64,2.32,success,この収録する前。,success,この収録する前。,True,8,8,0
,009_kbs_13593443_20260712130000_seg_00290,009_kbs_13593443_20260712130000,SPEAKER_01,1187.2,1188.56,1.36,success,トイストーリー5を見てきました。,success,トイストーリー5を見てきました。,True,16,16,0
,009_kbs_13593443_20260712130000_seg_00291,009_kbs_13593443_20260712130000,SPEAKER_01,1190.08,1195.92,5.84,success,なんでっていうのが意味分からん、なんで?っていうのが意味分からんけど、見れるから、別に朝から、きょうから公開やから。,success,なんで?っていうのが意味分からん、なんでっていうのが意味分からんけど、見れるから、別に朝から、きょうから公開やから。,False,58,58,0
,009_kbs_13593443_20260712130000_seg_00292,009_kbs_13593443_20260712130000,SPEAKER_00,1196.56,1197.12,0.56,success,あっそうなの?,success,あっそうなの?,True,7,7,0
,009_kbs_13593443_20260712130000_seg_00293,009_kbs_13593443_20260712130000,SPEAKER_01,1198.72,1200.24,1.52,success,ファスト構成しますね、トレストルファイブ。,success,パースト構成しますねトレストリー5。,False,21,18,-3
,009_kbs_13593443_20260712130000_seg_00294,009_kbs_13593443_20260712130000,SPEAKER_00,1200.32,1202.16,1.84,success,それは怒られると思います。,success,これは怒られると思います。,False,13,13,0
,009_kbs_13593443_20260712130000_seg_00295,009_kbs_13593443_20260712130000,SPEAKER_01,1202.56,1204.32,1.76,success,ハハハハそれは怒られる。,success,ハハハハそれは怒られる。,True,12,12,0
,009_kbs_13593443_20260712130000_seg_00296,009_kbs_13593443_20260712130000,SPEAKER_01,1205.44,1207.28,1.84,success,これは怒られるなトレステファー。,success,やれるこれは怒られるなトレステー5。,False,16,18,2
,009_kbs_13593443_20260712130000_seg_00297,009_kbs_13593443_20260712130000,SPEAKER_01,1208.48,1210.96,2.48,success,このやっぱもう、怖くて、その。,success,そのやっぱもう怖くてその。,False,15,13,-2
,009_kbs_13593443_20260712130000_seg_00298,009_kbs_13593443_20260712130000,SPEAKER_01,1211.76,1213.6,1.84,success,時代、もうネタばらしが。,success,時代もうそのネタばらしが。,False,12,13,1
,009_kbs_13593443_20260712130000_seg_00299,009_kbs_13593443_20260712130000,SPEAKER_01,1214.16,1217.76,3.6,success,から、もう俺、もう、まみんちゃんと家族みんなで。,success,からはもう俺もうまみちゃんと家族みんなで。,False,24,21,-3
,009_kbs_13593443_20260712130000_seg_00300,009_kbs_13593443_20260712130000,SPEAKER_01,1218.72,1220.4,1.68,success,特にまみちゃんがもう行く。,success,まみちゃんがもう行く。,False,13,11,-2
,009_kbs_13593443_20260712130000_seg_00301,009_kbs_13593443_20260712130000,SPEAKER_01,1220.72,1233.68,12.96,success,うち見たいって言って、もう、きょう、ここ見いひんかったら、たぶん家族みんなで見に行ける時間、当分ないかもなみたいな話になって、じゃあ、もう初日の朝から見に行こうって言って、すぐそこの日比谷で見に行ったけど。,success,うち見たいって言って、もう、きょう、ここ見いひんかったら、たぶん家族みんなで見に行ける時間、当分ないかもなみたいな話になって、じゃあ、もう初日の朝から見に行こうって言って、すぐそこの日比谷で見に行ったけど。,True,103,103,0
,009_kbs_13593443_20260712130000_seg_00302,009_kbs_13593443_20260712130000,SPEAKER_01,1235.04,1236.24,1.2,success,あんま言わんほうがええよな、これ。,success,あんま言わん方がええよなこれ。,False,17,15,-2
,009_kbs_13593443_20260712130000_seg_00303,009_kbs_13593443_20260712130000,SPEAKER_01,1237.12,1238.16,1.04,success,何にも言わんほうがええよな。,success,何にも言わん方がええよな。,False,14,13,-1
,009_kbs_13593443_20260712130000_seg_00304,009_kbs_13593443_20260712130000,SPEAKER_01,1239.12,1240.72,1.6,success,なんにも聞きたくないやろ?,success,何にも聞きたくないやろ?,False,13,12,-1
,009_kbs_13593443_20260712130000_seg_00305,009_kbs_13593443_20260712130000,SPEAKER_00,1240.8,1241.36,0.56,success,マジで聞きたい。,success,マジで聞きたい。,True,8,8,0
,009_kbs_13593443_20260712130000_seg_00306,009_kbs_13593443_20260712130000,SPEAKER_01,1241.6,1242.24,0.64,success,あっじゃあよ。,success,まあじゃあ言おう。,False,7,9,2
,009_kbs_13593443_20260712130000_seg_00307,009_kbs_13593443_20260712130000,SPEAKER_00,1242.56,1244.56,2.0,success,見てないし、俺、予告も全部。,success,見てないでしょ俺予告も全部。,False,14,14,0
,009_kbs_13593443_20260712130000_seg_00308,009_kbs_13593443_20260712130000,SPEAKER_01,1244.56,1254.24,9.68,success,ああ、そう、トイストーリー5ね、いや、なんかやっぱ、トイストーリーって、この自分の中にずっと生きてる作品よな、やっぱり。,success,ああ、そう、トイストーリー5ね、いや、なんかやっぱ、トイストーリーって、この自分の中にずっと生きてる作品よな、やっぱり。,True,60,60,0
,009_kbs_13593443_20260712130000_seg_00309,009_kbs_13593443_20260712130000,SPEAKER_01,1255.6,1258.24,2.64,success,だからお客さんもなんか老若男女やったわ。,success,だからお客さんも何か老若男女やったわ。,False,20,19,-1
,009_kbs_13593443_20260712130000_seg_00310,009_kbs_13593443_20260712130000,SPEAKER_01,1259.2,1266.0,6.8,success,ちっちゃい子もいるし、おじいちゃん、おばあちゃんもおるし、なんか老若男女やったな、よかったわ。,success,ちっちゃい子もいるし、おじいちゃん、おばあちゃんもおるし、なんか老若男女やったな、よかったわ。,True,47,47,0
,009_kbs_13593443_20260712130000_seg_00311,009_kbs_13593443_20260712130000,SPEAKER_01,1267.12,1271.92,4.8,success,いや、もう早めに行かんと、もうsnsですぐ入ってきよんで、それ。,success,いや、もう早めに行かんと、もうsnsですぐ入ってきよんで、それ。,True,32,32,0
,009_kbs_13593443_20260712130000_seg_00312,009_kbs_13593443_20260712130000,SPEAKER_00,1272.24,1273.6,1.36,success,けどな、毎回、もう。,success,やけどな毎回もうえっ何?,False,10,12,2
,009_kbs_13593443_20260712130000_seg_00313,009_kbs_13593443_20260712130000,SPEAKER_00,1275.2,1276.24,1.04,success,動画とか回ってくる。,success,動画とか回ってくる。,True,10,10,0
,009_kbs_13593443_20260712130000_seg_00314,009_kbs_13593443_20260712130000,SPEAKER_01,1277.6,1283.2,5.6,success,だからもう、最近はもう、初日とか、1週間以内に見に行かんと、もう怖い、もうネタ。,success,いやもうだからもう最近はもう初日とか1週間以内に見に行かんともう怖いもんネタ。,False,40,39,-1
,009_kbs_13593443_20260712130000_seg_00315,009_kbs_13593443_20260712130000,SPEAKER_00,1283.92,1286.8,2.88,success,ちょっとだけ見てもうたから番組の番宣で。,success,ちょっとだけ見てもうたから番組の番宣で。,True,20,20,0
,009_kbs_13593443_20260712130000_seg_00316,009_kbs_13593443_20260712130000,SPEAKER_00,1288.24,1292.56,4.32,success,あいつがいるっていうこと自体がもう分かってもうて、ああ、そういう感じなんやっていうのも分かってもうたし。,success,でもあいつがいるっていうこと自体がもう分かってもうてああそういう感じなんやっていうのも分かってもうたし。,False,52,52,0
,009_kbs_13593443_20260712130000_seg_00317,009_kbs_13593443_20260712130000,SPEAKER_01,1292.8,1300.16,7.36,success,だからそれ無理やねんて、たぶんもう、もう完全に情報ゼロでは見に行かれへんもん、もう見えてまうもん。,success,だからそれ無理やねんて、たぶんもう、もう完全に情報ゼロでは見に行かれへんもん、もう見えてまうもん。,True,49,49,0
,009_kbs_13593443_20260712130000_seg_00318,009_kbs_13593443_20260712130000,SPEAKER_00,1300.48,1302.48,2.0,success,出なかったらいけててんねん、情報全部。,success,出なかったらいけててんねん情報全部。,False,19,18,-1
,009_kbs_13593443_20260712130000_seg_00319,009_kbs_13593443_20260712130000,SPEAKER_00,1303.04,1304.0,0.96,success,全部ゼロで。,success,全部ゼロで。,True,6,6,0
,009_kbs_13593443_20260712130000_seg_00320,009_kbs_13593443_20260712130000,SPEAKER_01,1305.12,1310.08,4.96,success,いやー、でもちょっとぐらい情報入れといたほうが、まだなんか、見やすいかもね。,success,いやでもちょっとぐらい情報入れといた方がまだなんか見やすいかもね。,False,38,33,-5
,009_kbs_13593443_20260712130000_seg_00321,009_kbs_13593443_20260712130000,SPEAKER_01,1311.28,1316.64,5.36,success,そういう物語というか、もちろん見やすいし、やっぱディズニー、すごいなって思うよ、やっぱり。,success,そういう物語というか、もちろん見やすいし、やっぱディズニー、すごいなって思うよ、やっぱり。,True,45,45,0
,009_kbs_13593443_20260712130000_seg_00322,009_kbs_13593443_20260712130000,SPEAKER_01,1317.2,1318.8,1.6,success,やっぱりディズニーはすごいね、本当。,success,やっぱディズニーはすごいねほんと。,False,18,17,-1
,009_kbs_13593443_20260712130000_seg_00323,009_kbs_13593443_20260712130000,SPEAKER_00,1319.04,1320.16,1.12,success,あれ以上にあんのかと。,success,あれ以上にあんのかと。,True,11,11,0
,009_kbs_13593443_20260712130000_seg_00324,009_kbs_13593443_20260712130000,SPEAKER_01,1321.52,1329.04,7.52,success,まあな、だからあんま多くを言われへんよな、これ、だから、もういつもこれやねんな、今回、俺が早すぎるっつう。,success,まあな、だからあんま多くを言われへんよな、これ、だから、もういつもこれやねんな、今回、俺が早すぎるっつう。,True,53,53,0
,009_kbs_13593443_20260712130000_seg_00325,009_kbs_13593443_20260712130000,SPEAKER_01,1330.32,1332.96,2.64,success,はよ見てくれじゃあそのホンマに。,success,はよ見てくれじゃあそのほんまに。,False,16,16,0
,009_kbs_13593443_20260712130000_seg_00326,009_kbs_13593443_20260712130000,SPEAKER_00,1334.4,1335.52,1.12,success,早すぎるから、これです。,success,って速すぎるからこれです。,False,12,13,1
,009_kbs_13593443_20260712130000_seg_00327,009_kbs_13593443_20260712130000,SPEAKER_00,1336.72,1338.08,1.36,success,映画見たから映画の女王。,success,映画見た映画の情報。,False,12,10,-2
,009_kbs_13593443_20260712130000_seg_00328,009_kbs_13593443_20260712130000,SPEAKER_00,1338.32,1340.24,1.92,success,では俺はしゃべらない、これは決めてる。,success,では俺はしゃべらないこれは決めてる。,False,19,18,-1
,009_kbs_13593443_20260712130000_seg_00329,009_kbs_13593443_20260712130000,SPEAKER_01,1341.12,1347.84,6.72,success,でもあれよ、最初に言っとったら大丈夫よ、今からトリステル5の話しますんでねって。,success,でもあれよ、最初に言っとったら大丈夫よ、今からトリステル5の話しますんでねって。,True,40,40,0
,009_kbs_13593443_20260712130000_seg_00330,009_kbs_13593443_20260712130000,SPEAKER_00,1348.64,1350.0,1.36,success,なしとかしようか。,success,なしとかしようか。,True,9,9,0
,009_kbs_13593443_20260712130000_seg_00331,009_kbs_13593443_20260712130000,SPEAKER_01,1350.08,1352.16,2.08,success,だからそのアバターもsfやねん。,success,だからそのアバターもsfやねん。,True,16,16,0
,009_kbs_13593443_20260712130000_seg_00332,009_kbs_13593443_20260712130000,SPEAKER_01,1352.64,1354.24,1.6,success,見たんやファイヤー。,success,あっ見たんやファイヤー。,False,10,12,2
,009_kbs_13593443_20260712130000_seg_00333,009_kbs_13593443_20260712130000,SPEAKER_00,1354.24,1355.04,0.8,success,パイアあの。,success,パイアあの。,True,6,6,0
,009_kbs_13593443_20260712130000_seg_00334,009_kbs_13593443_20260712130000,SPEAKER_01,1355.2,1356.0,0.8,success,バター好きなの?,success,バッター好きなん?,False,8,9,1
,009_kbs_13593443_20260712130000_seg_00335,009_kbs_13593443_20260712130000,SPEAKER_00,1356.0,1356.56,0.56,success,赤好き。,success,青バタスキー。,False,4,7,3
,009_kbs_13593443_20260712130000_seg_00336,009_kbs_13593443_20260712130000,SPEAKER_01,1357.12,1357.92,0.8,success,え!,success,え!,True,2,2,0
,009_kbs_13593443_20260712130000_seg_00337,009_kbs_13593443_20260712130000,SPEAKER_01,1358.32,1359.36,1.04,success,アバター好きなんや。,success,アバター好きなんや。,True,10,10,0
,009_kbs_13593443_20260712130000_seg_00338,009_kbs_13593443_20260712130000,SPEAKER_00,1359.52,1362.4,2.88,success,ウォーターのやつも見たし、ファイヤーのやつも見て。,success,あのウォーターのやつも見たしファイヤーのやつも見て。,False,25,26,1
,009_kbs_13593443_20260712130000_seg_00339,009_kbs_13593443_20260712130000,SPEAKER_01,1362.48,1364.08,1.6,success,えー、おもろい、アバター。,success,へえおもろいアバター。,False,13,11,-2
,009_kbs_13593443_20260712130000_seg_00340,009_kbs_13593443_20260712130000,SPEAKER_00,1367.92,1370.72,2.8,success,ここで終われたなっていうところで、もう2展開ぐらい。,success,ここで終われたなっていうとこでもう2展開ぐらい。,False,26,24,-2
,009_kbs_13593443_20260712130000_seg_00341,009_kbs_13593443_20260712130000,SPEAKER_00,1371.52,1372.88,1.36,success,あっ、連れ去られる!ってなって。,success,あっ連れ去られる!ってなって。,False,16,15,-1
,009_kbs_13593443_20260712130000_seg_00342,009_kbs_13593443_20260712130000,SPEAKER_00,1373.6,1376.16,2.56,success,あっ、終わったのに、ここで、えっ、また連れ去られんの、こいつ。,success,あっ終わったのにここでえっまた連れ去られんのこいつ。,False,31,26,-5
,009_kbs_13593443_20260712130000_seg_00343,009_kbs_13593443_20260712130000,SPEAKER_01,1376.96,1379.28,2.32,success,長いねんな、あそこだけがな。,success,長いねんなそこだけがな。,False,14,12,-2
,009_kbs_13593443_20260712130000_seg_00344,009_kbs_13593443_20260712130000,SPEAKER_00,1379.52,1381.52,2.0,success,だって続きそうやしな、なんかアバターって、まだ。,success,だって続きそうやしな何かアバターってまだ。,False,24,21,-3
,009_kbs_13593443_20260712130000_seg_00345,009_kbs_13593443_20260712130000,SPEAKER_01,1382.32,1388.16,5.84,success,そらな、もう商業的にはな、続けたほうがな、そら。,success,そらなもう商業的にはな続けた方がなそらうん。,False,24,22,-2
,009_kbs_13593443_20260712130000_seg_00346,009_kbs_13593443_20260712130000,SPEAKER_00,1388.16,1390.8,2.64,success,やっぱりそのあれもきれいやけど。,success,いややっぱりそのあれもきれいやけど。,False,16,18,2
,009_kbs_13593443_20260712130000_seg_00347,009_kbs_13593443_20260712130000,SPEAKER_00,1394.0,1394.88,0.88,success,まあ面白いな。,success,お前面白いな。,False,7,7,0
,009_kbs_13593443_20260712130000_seg_00348,009_kbs_13593443_20260712130000,SPEAKER_01,1395.68,1403.12,7.44,success,だってうちもトイストーリー5やけど2歳と4歳の子見てたけど一緒に行ったけどもずっと黙って見てたもんな。,success,だってうちもトレスラファやけど2歳と4歳の子見てたけど一緒に行ったけどもずっと黙って見てたもん。,False,51,48,-3
,009_kbs_13593443_20260712130000_seg_00349,009_kbs_13593443_20260712130000,SPEAKER_00,1403.12,1404.56,1.44,success,それはじゃあすごいな。,success,それはじゃあすごいな。,True,11,11,0
,009_kbs_13593443_20260712130000_seg_00350,009_kbs_13593443_20260712130000,SPEAKER_01,1404.56,1408.24,3.68,success,ちょっと黙って見ててさ、やっぱ、好きやし、ほんで、ウッディとかバスが、そうやって。,success,外で待って見てたらやっぱ好きやしほんでウッディとかバスがそうやって。,False,41,34,-7
,009_kbs_13593443_20260712130000_seg_00351,009_kbs_13593443_20260712130000,SPEAKER_00,1408.32,1409.68,1.36,success,新しい話やしなしかも。,success,新しい話やしなしかも。,True,11,11,0
,009_kbs_13593443_20260712130000_seg_00352,009_kbs_13593443_20260712130000,SPEAKER_01,1409.68,1414.24,4.56,success,そう、だから一発目にウッディとかバズとかが出てきたとき、ウッディだ、×だとは言うけど。,success,そうだから一発目にウッディとかバズとかが出てきたときウッディだバズだとは言うけど。,False,43,41,-2
,009_kbs_13593443_20260712130000_seg_00353,009_kbs_13593443_20260712130000,SPEAKER_01,1414.56,1415.84,1.28,success,おっ、赤野って。,success,やっぱおっあかんの?って。,False,8,13,5
,009_kbs_13593443_20260712130000_seg_00354,009_kbs_13593443_20260712130000,SPEAKER_01,1417.76,1418.4,0.64,success,おい誰だぞ?,success,おいダメだぞ。,False,6,7,1
,009_kbs_13593443_20260712130000_seg_00355,009_kbs_13593443_20260712130000,SPEAKER_01,1419.36,1420.56,1.2,success,けどそこからちょっとだま。,success,じゃあそこからちょっと黙って。,False,13,15,2
,009_kbs_13593443_20260712130000_seg_00356,009_kbs_13593443_20260712130000,SPEAKER_01,1421.28,1425.84,4.56,success,ほんまに、それ、やっぱディズニーってすごいなと思うよ、力、ほんまに。,success,ほんまにそれやっぱディズニーってすごいなと思うよ力ほんまに。,False,34,30,-4
,009_kbs_13593443_20260712130000_seg_00357,009_kbs_13593443_20260712130000,SPEAKER_00,1426.0,1427.92,1.92,success,ファストトイストーリーとかしてみたら?,success,ファストトイストーリーとかしてみたら?,True,19,19,0
,009_kbs_13593443_20260712130000_seg_00358,009_kbs_13593443_20260712130000,SPEAKER_01,1428.72,1431.68,2.96,success,知ってるやん、そのトイストーリーは言わんでも。,success,テルメントのトイストーリーは言わんでもいい。,False,23,22,-1
,009_kbs_13593443_20260712130000_seg_00359,009_kbs_13593443_20260712130000,SPEAKER_00,1432.88,1434.0,1.12,success,なあなあ、今、分からへん。,success,なあなあ今分からへん。,False,13,11,-2
,009_kbs_13593443_20260712130000_seg_00360,009_kbs_13593443_20260712130000,SPEAKER_01,1434.4,1437.92,3.52,success,3見てますよね、統一教会、もちろん、1から。,success,たくさん見てますよね、統一教会、もちろん、1から。,False,22,25,3
,009_kbs_13593443_20260712130000_seg_00361,009_kbs_13593443_20260712130000,SPEAKER_00,1439.04,1440.0,0.96,success,ほら、途中でやめて。,success,ほら途中でやめて。,False,10,9,-1
,009_kbs_13593443_20260712130000_seg_00362,009_kbs_13593443_20260712130000,SPEAKER_01,1440.32,1442.16,1.84,success,どこ、1人の途中って。,success,一人の途中って。,False,11,8,-3
,009_kbs_13593443_20260712130000_seg_00363,009_kbs_13593443_20260712130000,SPEAKER_00,1442.16,1443.44,1.28,success,3の途中とかちゃう?,success,3の途中とかちゃう?,True,10,10,0
,009_kbs_13593443_20260712130000_seg_00364,009_kbs_13593443_20260712130000,SPEAKER_00,1447.2,1449.68,2.48,success,スリーとか逆にあんまみんなあんま覚えてないねん。,success,3とか逆にあんまみんなあんま覚えてないねん。,False,24,22,-2
,009_kbs_13593443_20260712130000_seg_00365,009_kbs_13593443_20260712130000,SPEAKER_01,1451.04,1452.48,1.44,success,見てへんもんな、1個見てへんもんな。,success,見てへんもんな一個見てへんもんな。,False,18,17,-1
,009_kbs_13593443_20260712130000_seg_00366,009_kbs_13593443_20260712130000,SPEAKER_01,1452.88,1454.72,1.84,success,1個、ディズニー。,success,俺そうやねん1個ディズニー。,False,9,14,5
,009_kbs_13593443_20260712130000_seg_00367,009_kbs_13593443_20260712130000,SPEAKER_00,1454.96,1455.6,0.64,success,テンソは?,success,テンソは?,True,5,5,0
,009_kbs_13593443_20260712130000_seg_00368,009_kbs_13593443_20260712130000,SPEAKER_01,1457.84,1459.68,1.84,success,宇宙戦争、さっきのなんか最悪やったん、その。,success,宇宙戦争さっきのなんか最悪やってんその。,False,22,20,-2
,009_kbs_13593443_20260712130000_seg_00369,009_kbs_13593443_20260712130000,SPEAKER_01,1460.4,1467.12,6.72,success,あの場面がこれやねんとか、どの場面?って、ずっと、ずっと、どの場面の話?ってなるから、そら。,success,あの場面がこれやねんとか、どの場面?って、ずっと、ずっと、えっ、どの場面の話?ってなるから、そら。,False,46,49,3
,009_kbs_13593443_20260712130000_seg_00370,009_kbs_13593443_20260712130000,SPEAKER_00,1467.12,1467.68,0.56,success,宇宙船。,success,宇宙戦争。,False,4,5,1
,009_kbs_13593443_20260712130000_seg_00371,009_kbs_13593443_20260712130000,SPEAKER_01,1468.64,1471.44,2.8,success,じゃあ、タイタニックの腕広げてるとか。,success,じゃあタイタニックの腕広げてるとか。,False,19,18,-1
,009_kbs_13593443_20260712130000_seg_00372,009_kbs_13593443_20260712130000,SPEAKER_01,1471.68,1479.04,7.36,success,そういうめっちゃ有名なシーンとかやったら、実はあのシーンがこの話の流れでとかやったら分かるけど、宇宙戦争のどの。,success,そういうめっちゃ有名なシーンとかやったら実はあのシーンがこの話の流れでとかやったら分かるけど宇宙戦争のどの辺り。,False,56,56,0
,009_kbs_13593443_20260712130000_seg_00373,009_kbs_13593443_20260712130000,SPEAKER_01,1479.84,1486.32,6.48,success,どれ切り取っても知らんねん、どれ切り取ってもみんな知らんねん、トライポットとか言われても、それ、知らんねん。,success,どれ切り取っても知らんねん、どれ切り取ってもみんな知らんねん、トライポットとか言われても、それ、知らんねん。,True,54,54,0
,009_kbs_13593443_20260712130000_seg_00374,009_kbs_13593443_20260712130000,SPEAKER_00,1486.8,1487.52,0.72,success,タコみたいな。,success,タコみたいな。,True,7,7,0
,009_kbs_13593443_20260712130000_seg_00375,009_kbs_13593443_20260712130000,SPEAKER_01,1487.52,1488.88,1.36,success,知らんねん想像つかん。,success,知らんねん想像つく。,False,11,10,-1
,009_kbs_13593443_20260712130000_seg_00376,009_kbs_13593443_20260712130000,SPEAKER_00,1489.44,1490.48,1.04,success,このかたいタコ。,success,この硬いタコ。,False,8,7,-1
,009_kbs_13593443_20260712130000_seg_00377,009_kbs_13593443_20260712130000,SPEAKER_01,1490.48,1495.6,5.12,success,だからそれがさ、sfって、しゃべって伝えられへんねん、それ、なかなか。,success,だからそれがさsfってしゃべって伝えられへんねんそれなかなか。,False,35,31,-4
,009_kbs_13593443_20260712130000_seg_00378,009_kbs_13593443_20260712130000,SPEAKER_00,1497.36,1501.12,3.76,success,いや、やっぱお兄ちゃんがこれでやっぱり仕事とかもらってるからさ。,success,いややっぱお兄ちゃんがこれでやっぱり仕事とかもらってるからさ。,False,32,31,-1
,009_kbs_13593443_20260712130000_seg_00379,009_kbs_13593443_20260712130000,SPEAKER_01,1501.12,1501.84,0.72,success,ですよ。,success,一応。,False,4,3,-1
,009_kbs_13593443_20260712130000_seg_00380,009_kbs_13593443_20260712130000,SPEAKER_00,1501.84,1509.92,8.08,success,ほんまにファスト構成で、要約する仕事みたいなんがいろいろ増えてきて。,success,ほんまにファスト構成で要約する仕事みたいなんがいろいろ増えてきて。,False,34,33,-1
,009_kbs_13593443_20260712130000_seg_00381,009_kbs_13593443_20260712130000,SPEAKER_00,1512.16,1514.0,1.84,success,あるやん、それ、1個つながるっていうこと。,success,あるやん1個つながるっていうことじゃない。,False,21,21,0
,009_kbs_13593443_20260712130000_seg_00382,009_kbs_13593443_20260712130000,SPEAKER_01,1514.8,1520.32,5.52,success,じゃないと思うで、これ聞いてじゃないと思うで、たぶん、なんでか知らんけどやけど、ほんま、なんでか知らんけど。,success,じゃないと思うで、これ聞いてじゃないと思うで、たぶん、なんでか知らんけどやけど、ほんま、なんでか知らんけど。,True,54,54,0
,009_kbs_13593443_20260712130000_seg_00383,009_kbs_13593443_20260712130000,SPEAKER_00,1520.56,1521.28,0.72,success,映画カツベイシ。,success,これがカツベース。,False,8,9,1
,009_kbs_13593443_20260712130000_seg_00384,009_kbs_13593443_20260712130000,SPEAKER_01,1521.92,1524.96,3.04,success,俺、このあとその仕事あるやんか、そう、その。,success,俺このあとその仕事あるやんかあのその。,False,22,19,-3
,009_kbs_13593443_20260712130000_seg_00385,009_kbs_13593443_20260712130000,SPEAKER_01,1528.16,1534.88,6.72,success,その仕事が入ってから1か月ぐらいやけど1か月間ずっとこれ見てると思われてんのかなと思われるぐらい。,success,俺その仕事が入ってから1か月ぐらいやけど1か月間ずっとこれ見てると思われてんのかなと思われるぐらい。,False,49,50,1
,009_kbs_13593443_20260712130000_seg_00386,009_kbs_13593443_20260712130000,SPEAKER_01,1536.32,1537.76,1.44,success,あの台本。,success,あの台本。,True,5,5,0
,009_kbs_13593443_20260712130000_seg_00387,009_kbs_13593443_20260712130000,SPEAKER_00,1539.84,1540.56,0.72,success,そうかそうか。,success,そうかそうか。,True,7,7,0
,009_kbs_13593443_20260712130000_seg_00388,009_kbs_13593443_20260712130000,SPEAKER_01,1542.64,1547.36,4.72,success,これ、ラジオで俺がそういうのしゃべってるのを知って、オファーして。,success,これ、ラジオで俺がそういうのをしゃべってるのを知って、オファーして。,False,33,34,1
,009_kbs_13593443_20260712130000_seg_00389,009_kbs_13593443_20260712130000,SPEAKER_01,1548.0,1552.08,4.08,success,したんじゃないかと思わんと、納得できへんぐらい。,success,したんじゃないかと思わんと、納得できへんぐらい。,True,24,24,0
,009_kbs_13593443_20260712130000_seg_00390,009_kbs_13593443_20260712130000,SPEAKER_01,1552.96,1554.32,1.36,success,あれできる人おる?,success,あれできる人おる?,True,9,9,0
,009_kbs_13593443_20260712130000_seg_00391,009_kbs_13593443_20260712130000,SPEAKER_00,1555.2,1558.88,3.68,success,この間のラブジェネのやつがめっちゃ、あれ、めっちゃおもろかったから。,success,この間のラブジェネのやつがめっちゃあれめっちゃおもろかったから。,False,34,32,-2
,009_kbs_13593443_20260712130000_seg_00392,009_kbs_13593443_20260712130000,SPEAKER_00,1560.16,1562.0,1.84,success,俺もあんなんしたいな思うて、やっと。,success,俺もあんなんしたいな思うてやっと。,False,18,17,-1
,009_kbs_13593443_20260712130000_seg_00393,009_kbs_13593443_20260712130000,SPEAKER_00,1562.32,1563.44,1.12,success,あれ、反応ある?,success,俺反応ある?,False,8,6,-2
,009_kbs_13593443_20260712130000_seg_00394,009_kbs_13593443_20260712130000,SPEAKER_00,1564.48,1568.88,4.4,success,もう、えぐいやん、ああ、じゃあ、あれかと思って、途中から、もう途中からしゃべりながら。,success,もうえぐいやんああじゃああれかと思って途中からもう途中からしゃべりながら。,False,43,37,-6
,009_kbs_13593443_20260712130000_seg_00395,009_kbs_13593443_20260712130000,SPEAKER_00,1569.2,1570.08,0.88,success,作品ミスやな。,success,作品ミスやな。,True,7,7,0
,009_kbs_13593443_20260712130000_seg_00396,009_kbs_13593443_20260712130000,SPEAKER_01,1570.4,1572.16,1.76,success,作品ミスやな。,success,作品ミスやなうん。,False,7,9,2
,009_kbs_13593443_20260712130000_seg_00397,009_kbs_13593443_20260712130000,SPEAKER_01,1573.04,1573.84,0.8,success,とそのうん。,success,とそのうん。,True,6,6,0
,009_kbs_13593443_20260712130000_seg_00398,009_kbs_13593443_20260712130000,SPEAKER_00,1574.16,1576.4,2.24,success,ちょっとバリ悪かったね、英語か?,success,バリ悪かったで英語か?,False,16,11,-5
,009_kbs_13593443_20260712130000_seg_00399,009_kbs_13593443_20260712130000,SPEAKER_01,1578.08,1579.2,1.12,success,途中、めっちゃしんどかったもん。,success,途中めっちゃしんどかったもん。,False,16,15,-1
,009_kbs_13593443_20260712130000_seg_00400,009_kbs_13593443_20260712130000,SPEAKER_00,1579.68,1581.44,1.76,success,俺もしゃべりながら終わりたいと。,success,俺もしゃべりながら終わりたい!と。,False,16,17,1
,009_kbs_13593443_20260712130000_seg_00401,009_kbs_13593443_20260712130000,SPEAKER_00,1583.68,1588.0,4.32,success,こんなことなんねやったら、しゃべらへんかったらよかったと思って、ワールドカップの話しといて。,success,こんなことなんねやったらしゃべらんかったらよかったと思ってワールドカップの話しといた。,False,46,43,-3
,009_kbs_13593443_20260712130000_seg_00402,009_kbs_13593443_20260712130000,SPEAKER_01,1588.64,1597.28,8.64,success,話、お前がするんやったら、このあとの仕事のやつの話、ここで練習しときたいぐらいやもん、ほんまに。,success,話、お前がするんやったら、このあとの仕事のやつの話、ここで練習しときたいぐらいやもん、ほんまに。,True,48,48,0
,009_kbs_13593443_20260712130000_seg_00403,009_kbs_13593443_20260712130000,SPEAKER_00,1598.8,1600.88,2.08,success,あれ、あれ、まだ載せたらあかんやん。,success,あれあれまだ載せたらあかんやん。,False,18,16,-2
,009_kbs_13593443_20260712130000_seg_00404,009_kbs_13593443_20260712130000,SPEAKER_01,1601.6,1602.88,1.28,success,初見で聞かなあかんから。,success,絵も初見で聞かなあかんからな。,False,12,15,3
,009_kbs_13593443_20260712130000_seg_00405,009_kbs_13593443_20260712130000,SPEAKER_00,1603.6,1604.32,0.72,success,聞き越し。,success,で聞くし。,False,5,5,0
,009_kbs_13593443_20260712130000_seg_00406,009_kbs_13593443_20260712130000,SPEAKER_00,1604.64,1609.12,4.48,success,だから俺、逆に次の僕の仕事は何もせんで、僕はもう、ただただ聞くだけというか。,success,だから俺逆に次の僕の仕事は何もせんで僕はもうただただ聞くだけというか。,False,38,35,-3
,009_kbs_13593443_20260712130000_seg_00407,009_kbs_13593443_20260712130000,SPEAKER_01,1609.12,1611.68,2.56,success,俺な、自分のしゃべり方でしゃべりたいねんな。,success,俺な自分のしゃべり方でしゃべりたいねんな。,False,22,21,-1
,009_kbs_13593443_20260712130000_seg_00408,009_kbs_13593443_20260712130000,SPEAKER_01,1614.16,1615.12,0.96,success,どおりにしゃべらなあかん。,success,とおりにしゃべらなあかん。,False,13,13,0
,009_kbs_13593443_20260712130000_seg_00409,009_kbs_13593443_20260712130000,SPEAKER_01,1616.4,1620.32,3.92,success,いけるけど、別に、いけるけど、自分の中でこの見てる感じ。,success,いけるけど別にいけるけど自分の中でこの見てる感じ。,False,28,25,-3
,009_kbs_13593443_20260712130000_seg_00410,009_kbs_13593443_20260712130000,SPEAKER_00,1622.24,1625.2,2.96,success,絵本見たときに、俺がもしこれ、お兄ちゃんの立場やったら、もうごっちゃごちゃ。,success,絵本見た時に俺がもしこれお兄ちゃんの立場やったらもうごっちゃごちゃな。,False,38,35,-3
,009_kbs_13593443_20260712130000_seg_00411,009_kbs_13593443_20260712130000,SPEAKER_00,1627.92,1629.12,1.2,success,見てたとしても。,success,見てたとしても。,True,8,8,0
,009_kbs_13593443_20260712130000_seg_00412,009_kbs_13593443_20260712130000,SPEAKER_01,1629.12,1630.88,1.76,success,ただめっちゃおもろかったからな。,success,ただめっちゃおもろかったからな。,True,16,16,0
,009_kbs_13593443_20260712130000_seg_00413,009_kbs_13593443_20260712130000,SPEAKER_01,1631.44,1632.64,1.2,success,めちゃくちゃおもしろかったです。,success,めちゃくちゃ面白かったです。,False,16,14,-2
,009_kbs_13593443_20260712130000_seg_00414,009_kbs_13593443_20260712130000,SPEAKER_00,1632.64,1635.52,2.88,success,なんかとある作品を見て、お兄ちゃんがその活弁士になんねやけど。,success,なんかとある作品を見てお兄ちゃんがその活弁士になんねやけど。,False,31,30,-1
,009_kbs_13593443_20260712130000_seg_00415,009_kbs_13593443_20260712130000,SPEAKER_01,1636.16,1637.04,0.88,success,あっ、めっちゃ。,success,あっめっちゃ。,False,8,7,-1
,009_kbs_13593443_20260712130000_seg_00416,009_kbs_13593443_20260712130000,SPEAKER_01,1638.96,1642.56,3.6,success,いいの教えてもらったわ、ほんまに、めっちゃおもしろかった。,success,いやいいのを教えてもらったほんまにめっちゃ面白かった。,False,29,27,-2
,009_kbs_13593443_20260712130000_seg_00417,009_kbs_13593443_20260712130000,SPEAKER_00,1642.64,1644.64,2.0,success,えー、見たん、お姫ちゃんも、見てないん?,success,お姫ちゃんも見てないんや。,False,20,13,-7
,009_kbs_13593443_20260712130000_seg_00418,009_kbs_13593443_20260712130000,SPEAKER_01,1644.96,1645.52,0.56,success,うん。,success,うん。,True,3,3,0
,009_kbs_13593443_20260712130000_seg_00419,009_kbs_13593443_20260712130000,SPEAKER_01,1646.0,1648.4,2.4,success,左にあれなんは8割ぐらいあるのかな。,success,左にねあれなもんは8話ぐらいあんのかな。,False,18,20,2
,009_kbs_13593443_20260712130000_seg_00420,009_kbs_13593443_20260712130000,SPEAKER_00,1648.48,1649.2,0.72,success,韓国の?,success,韓国の。,False,4,4,0
,009_kbs_13593443_20260712130000_seg_00421,009_kbs_13593443_20260712130000,SPEAKER_01,1649.2,1651.84,2.64,success,韓国の話、面白かったな。,success,韓国の話、おもしろかったな。,False,12,14,2
,009_kbs_13593443_20260712130000_seg_00422,009_kbs_13593443_20260712130000,SPEAKER_00,1652.32,1654.32,2.0,success,僕はそれもう、見ずに。,success,僕はそれもう見ずに。,False,11,10,-1
,009_kbs_13593443_20260712130000_seg_00423,009_kbs_13593443_20260712130000,SPEAKER_00,1654.88,1655.84,0.96,success,このあと1時間ぐらい。,success,このあと1時間半ぐらい。,False,11,12,1
,009_kbs_13593443_20260712130000_seg_00424,009_kbs_13593443_20260712130000,SPEAKER_01,1657.04,1659.76,2.72,success,やめてほしいな、そういうの、なんかどんどん、しばらく。,success,得てほしいな、そういうの、なんかどんどん仕事。,False,27,23,-4
,009_kbs_13593443_20260712130000_seg_00425,009_kbs_13593443_20260712130000,SPEAKER_01,1662.4,1663.12,0.72,success,っていうの。,success,っていうの。,True,6,6,0
,009_kbs_13593443_20260712130000_seg_00426,009_kbs_13593443_20260712130000,SPEAKER_01,1663.76,1665.92,2.16,success,でもあんまりにも長いのはその。,success,でもあんまりにも長いのはその。,True,15,15,0
,009_kbs_13593443_20260712130000_seg_00427,009_kbs_13593443_20260712130000,SPEAKER_01,1666.48,1669.04,2.56,success,見返りがなさすぎんするのは嫌や。,success,見返りがなさすぎっつうのは嫌や。,False,16,16,0
,009_kbs_13593443_20260712130000_seg_00428,009_kbs_13593443_20260712130000,SPEAKER_00,1669.76,1670.64,0.88,success,短編の。,success,短編の。,True,4,4,0
,009_kbs_13593443_20260712130000_seg_00429,009_kbs_13593443_20260712130000,SPEAKER_01,1670.72,1675.2,4.48,success,映画とか、俺、あれはね、もちろん、ガス人間とかも見たい。,success,映画とか俺あれはねもちろんガス人間とかも見る見たい。,False,28,26,-2
,009_kbs_13593443_20260712130000_seg_00430,009_kbs_13593443_20260712130000,SPEAKER_01,1676.56,1677.44,0.88,success,きょうからもうやってんのか。,success,きょうからもうやってんのか?,False,14,14,0
,009_kbs_13593443_20260712130000_seg_00431,009_kbs_13593443_20260712130000,SPEAKER_01,1678.96,1681.28,2.32,success,うんいや。,success,うんいや。,True,5,5,0
,009_kbs_13593443_20260712130000_seg_00432,009_kbs_13593443_20260712130000,SPEAKER_01,1682.56,1683.2,0.64,success,何か。,success,何か。,True,3,3,0
,009_kbs_13593443_20260712130000_seg_00433,009_kbs_13593443_20260712130000,SPEAKER_01,1683.52,1685.2,1.68,success,ちょっと与えてほしいな、なんか。,success,ちょっと与えてほしいな何か。,False,16,14,-2
,009_kbs_13593443_20260712130000_seg_00434,009_kbs_13593443_20260712130000,SPEAKER_00,1685.28,1687.2,1.92,success,俺にもなんかくれよ、なんかそれやったら。,success,俺にも何かくれよなんかそれやったら。,False,20,18,-2
,009_kbs_13593443_20260712130000_seg_00435,009_kbs_13593443_20260712130000,SPEAKER_01,1687.68,1689.28,1.6,success,だから国宝を見てよ、国王。,success,だから国宝を見てよ国王。,False,13,12,-1
,009_kbs_13593443_20260712130000_seg_00436,009_kbs_13593443_20260712130000,SPEAKER_00,1689.44,1690.08,0.64,success,ちょっと。,success,ちょっと。,True,5,5,0
,009_kbs_13593443_20260712130000_seg_00437,009_kbs_13593443_20260712130000,SPEAKER_01,1693.68,1695.84,2.16,success,の説明をしてほしい、ほんまに。,success,の説明をしてほしい、ほんまに。,True,15,15,0
,009_kbs_13593443_20260712130000_seg_00438,009_kbs_13593443_20260712130000,SPEAKER_01,1698.32,1700.64,2.32,success,国宝は、えっ、西山さん見たっけ、国宝。,success,国宝はえっ西山さん見たっけ国宝。,False,19,16,-3
,009_kbs_13593443_20260712130000_seg_00439,009_kbs_13593443_20260712130000,SPEAKER_01,1701.28,1701.92,0.64,success,見た。,success,見た。,True,3,3,0
,009_kbs_13593443_20260712130000_seg_00440,009_kbs_13593443_20260712130000,SPEAKER_00,1701.92,1703.68,1.76,success,ちのる覚悟で。,success,血のる覚悟で。,False,7,7,0
,009_kbs_13593443_20260712130000_seg_00441,009_kbs_13593443_20260712130000,SPEAKER_01,1704.48,1706.56,2.08,success,見てへんやつの死ぬの覚悟でやねんそれ。,success,お前見てへんやつの死ぬの覚悟だよねそれ。,False,19,20,1
,009_kbs_13593443_20260712130000_seg_00442,009_kbs_13593443_20260712130000,SPEAKER_00,1706.56,1709.28,2.72,success,死ぬる覚悟で。,success,いやこれやろ?死ぬ覚悟でちょっとどんなこと?,False,7,22,15
,009_kbs_13593443_20260712130000_seg_00443,009_kbs_13593443_20260712130000,SPEAKER_01,1709.52,1715.12,5.6,success,死ぬ覚悟で見たやつとは全然違う。,success,死ぬ覚悟で見たやつとは全然違う。,True,16,16,0
,009_kbs_13593443_20260712130000_seg_00444,009_kbs_13593443_20260712130000,SPEAKER_00,1717.36,1718.88,1.52,success,ぬるかっくんごんで。,success,ぬるかくごんで。,False,10,8,-2
,009_kbs_13593443_20260712130000_seg_00445,009_kbs_13593443_20260712130000,SPEAKER_01,1720.72,1724.56,3.84,success,やつは死ぬ覚悟で。,success,ってやつは死ぬ覚悟で。,False,9,11,2
,009_kbs_13593443_20260712130000_seg_00446,009_kbs_13593443_20260712130000,SPEAKER_01,1725.92,1731.36,5.44,success,全然違う、見てると見てへんし、こうも違うから、やっぱり、それは。,success,全然違う、見てると見てへんと、こうも違うから、やっぱり、うん、それは。,False,32,35,3
,009_kbs_13593443_20260712130000_seg_00447,009_kbs_13593443_20260712130000,SPEAKER_00,1731.36,1734.16,2.8,success,ちょっとちょっと早急に!,success,ちょっとちょっと早急に!,True,12,12,0
,009_kbs_13593443_20260712130000_seg_00448,009_kbs_13593443_20260712130000,SPEAKER_00,1735.92,1736.96,1.04,success,国宝は。,success,国宝は。,True,4,4,0
,009_kbs_13593443_20260712130000_seg_00449,009_kbs_13593443_20260712130000,SPEAKER_01,1738.64,1740.48,1.84,success,戦争ひどかったな、まじで。,success,フェンスひどかったなマジで。,False,13,14,1
,009_kbs_13593443_20260712130000_seg_00450,009_kbs_13593443_20260712130000,SPEAKER_01,1742.16,1743.12,0.96,success,めっちゃ疲れた、ほんまに。,success,めっちゃ疲れたほんま。,False,13,11,-2
,009_kbs_13593443_20260712130000_seg_00451,009_kbs_13593443_20260712130000,SPEAKER_00,1743.84,1745.36,1.52,success,俺ちょっと今なここ汗もできてる。,success,俺ちょっと今なここ汗もできてんねん。,False,16,18,2
,009_kbs_13593443_20260712130000_seg_00452,009_kbs_13593443_20260712130000,SPEAKER_01,1747.2,1749.04,1.84,success,めっちゃ疲れた何か。,success,めっちゃ疲れた何か。,True,10,10,0
,009_kbs_13593443_20260712130000_seg_00453,009_kbs_13593443_20260712130000,SPEAKER_00,1749.6,1751.68,2.08,success,ああ、ちょっと違うとこ見てたし。,success,ああちょっと違うとこ見てたっていう。,False,16,18,2
,009_kbs_13593443_20260712130000_seg_00454,009_kbs_13593443_20260712130000,SPEAKER_00,1752.48,1753.76,1.28,success,俺が一生懸命。,success,俺が一生懸命。,True,7,7,0
,009_kbs_13593443_20260712130000_seg_00455,009_kbs_13593443_20260712130000,SPEAKER_00,1755.2,1756.72,1.52,success,なんかみんな、手元見たりとか。,success,何かみんな手元見たりとか。,False,15,13,-2
,009_kbs_13593443_20260712130000_seg_00456,009_kbs_13593443_20260712130000,SPEAKER_00,1757.36,1759.12,1.76,success,出たみたいだ、俺、俺、気付く。,success,データ見てた俺気付く。,False,15,11,-4
,009_kbs_13593443_20260712130000_seg_00457,009_kbs_13593443_20260712130000,SPEAKER_00,1761.04,1764.72,3.68,success,あっ、なっ、ひしひしと、はよ終わってくれへんかな。,success,あっなっあのひしひしとはよ終わってくれへんかな。,False,25,24,-1
,009_kbs_13593443_20260712130000_seg_00458,009_kbs_13593443_20260712130000,SPEAKER_00,1765.28,1766.0,0.72,success,感じた。,success,感じた。,True,4,4,0
,009_kbs_13593443_20260712130000_seg_00459,009_kbs_13593443_20260712130000,SPEAKER_00,1772.32,1774.8,2.48,success,だから逆に、あっ、申し訳ないなって。,success,だから逆にあっ申し訳ないなって。,False,18,16,-2
,009_kbs_13593443_20260712130000_seg_00460,009_kbs_13593443_20260712130000,SPEAKER_00,1776.64,1778.08,1.44,success,申し訳ない、あんまり、だから。,success,申し訳ないあんまりだから。,False,15,13,-2
,009_kbs_13593443_20260712130000_seg_00461,009_kbs_13593443_20260712130000,SPEAKER_01,1778.88,1779.92,1.04,success,1人ぐらい聞いたらと思った。,success,一人ぐらい聞いたらってことも。,False,14,15,1
,009_kbs_13593443_20260712130000_seg_00462,009_kbs_13593443_20260712130000,SPEAKER_00,1781.44,1783.04,1.6,success,もうあの。,success,もうあの。,True,5,5,0
,009_kbs_13593443_20260712130000_seg_00463,009_kbs_13593443_20260712130000,SPEAKER_00,1783.52,1784.16,0.64,success,もう携帯触る。,success,もう携帯触る。,True,7,7,0
,009_kbs_13593443_20260712130000_seg_00464,009_kbs_13593443_20260712130000,SPEAKER_00,1785.28,1786.8,1.52,success,西村さんは下向きで。,success,で西村さんは下向きで。,False,10,11,1
,009_kbs_13593443_20260712130000_seg_00465,009_kbs_13593443_20260712130000,SPEAKER_00,1787.04,1794.48,7.44,success,お兄ちゃんだけまっすぐ俺のほう見て、何かないか、何かないかで探し出して、何もないよって、俺も、その目で訴えて、お兄さんに。,success,兄ちゃんだけまっすぐ俺のほうを向いて、何かないか、何かないかで探し出して、何もないよって、俺も、その目で訴えて、お兄さんに。,False,61,62,1
,009_kbs_13593443_20260712130000_seg_00466,009_kbs_13593443_20260712130000,SPEAKER_01,1794.96,1798.88,3.92,success,宇宙戦争、さすがに俺も宇宙戦争説明せよって言われたら難しいなと。,success,宇宙戦争さすがに俺も宇宙戦争説明せよって言われたら難しいなと。,False,32,31,-1
,009_kbs_13593443_20260712130000_seg_00467,009_kbs_13593443_20260712130000,SPEAKER_00,1798.96,1800.08,1.12,success,兄ちゃんが逆に。,success,兄ちゃんが逆に。,True,8,8,0
,009_kbs_13593443_20260712130000_seg_00468,009_kbs_13593443_20260712130000,SPEAKER_00,1801.2,1803.68,2.48,success,戦争説明しろって言ったって今のどうした?,success,中戦争説明しろって言ったって今のどうした?,False,20,21,1
,009_kbs_13593443_20260712130000_seg_00469,009_kbs_13593443_20260712130000,SPEAKER_01,1804.64,1806.0,1.36,success,宇宙戦争。,success,じゃあ宇宙戦争。,False,5,8,3
,009_kbs_13593443_20260712130000_seg_00470,009_kbs_13593443_20260712130000,SPEAKER_01,1806.32,1809.12,2.8,success,説明って、まじ、一瞬で終わると思う。,success,説明ってマジ一瞬で終わると思う。,False,18,16,-2
,009_kbs_13593443_20260712130000_seg_00471,009_kbs_13593443_20260712130000,SPEAKER_01,1809.52,1816.8,7.28,success,この描写がいらんねん、あいつが来てとか、せやけども、だらしない父親の話でもあってみたいな。,success,この描写が要らんねんあいつが来てとかそういうことでもだらしない父親の話でもあってみたいな。,False,45,45,0
,009_kbs_13593443_20260712130000_seg_00472,009_kbs_13593443_20260712130000,SPEAKER_00,1818.32,1822.4,4.08,success,ほんまなこのな、な、小論文で大学受かってんねん。,success,ほんまなこのなあのな小論文で大学受かってんねん。,False,24,24,0
,009_kbs_13593443_20260712130000_seg_00473,009_kbs_13593443_20260712130000,SPEAKER_01,1824.56,1825.6,1.04,success,あれよう覚えてんな、それ。,success,よう覚えてんなそれ。,False,13,10,-3
,009_kbs_13593443_20260712130000_seg_00474,009_kbs_13593443_20260712130000,SPEAKER_00,1827.28,1828.08,0.8,success,1分で大学から。,success,1分で大学から。,True,8,8,0
,009_kbs_13593443_20260712130000_seg_00475,009_kbs_13593443_20260712130000,SPEAKER_01,1830.32,1832.0,1.68,success,覚えてんなせや。,success,覚えてんなせや。,True,8,8,0
,009_kbs_13593443_20260712130000_seg_00476,009_kbs_13593443_20260712130000,SPEAKER_00,1833.84,1835.92,2.08,success,託したり、何か意見をまとめたり。,success,訳したり何か意見をまとめたり。,False,16,15,-1
,009_kbs_13593443_20260712130000_seg_00477,009_kbs_13593443_20260712130000,SPEAKER_01,1836.32,1838.08,1.76,success,学生時代から好きやって。,success,あの学生時代から好きやった。,False,12,14,2
,009_kbs_13593443_20260712130000_seg_00478,009_kbs_13593443_20260712130000,SPEAKER_01,1840.16,1841.84,1.68,success,めっちゃ好きやねん俺感想文。,success,めっちゃ好きやねん俺感想文。,True,14,14,0
,009_kbs_13593443_20260712130000_seg_00479,009_kbs_13593443_20260712130000,SPEAKER_00,1841.84,1846.96,5.12,success,俺、4年前の人の感想文を書いて、入選して怒られたりとかしてたから。,success,俺4年前の人の感想文を書いて入選して怒られたりとかしてたから。,False,33,31,-2
,009_kbs_13593443_20260712130000_seg_00480,009_kbs_13593443_20260712130000,SPEAKER_00,1849.44,1850.24,0.8,success,の感想55。,success,の感想ごめんなさい。,False,6,10,4
,009_kbs_13593443_20260712130000_seg_00481,009_kbs_13593443_20260712130000,SPEAKER_00,1850.48,1851.28,0.8,success,耐えたりとかしてやってる。,success,耐えたりとかし合ってるやん。,False,13,14,1
,009_kbs_13593443_20260712130000_seg_00482,009_kbs_13593443_20260712130000,SPEAKER_00,1852.88,1853.6,0.72,success,アハハハ。,success,アハハハ!,False,5,5,0
,009_kbs_13593443_20260712130000_seg_00483,009_kbs_13593443_20260712130000,SPEAKER_00,1857.92,1862.56,4.64,success,しょうもない、これな、みんな、分かっといて、俺が下手なんじゃなくて。,success,しょうもないこれなみんなその分かっといて俺が下手なんじゃなくて。,False,34,32,-2
,009_kbs_13593443_20260712130000_seg_00484,009_kbs_13593443_20260712130000,SPEAKER_00,1862.8,1863.52,0.72,success,コロンブで。,success,コロンブデー。,False,6,7,1
,009_kbs_13593443_20260712130000_seg_00485,009_kbs_13593443_20260712130000,SPEAKER_01,1865.28,1866.16,0.88,success,ああ。,success,ああ。,True,3,3,0
,009_kbs_13593443_20260712130000_seg_00486,009_kbs_13593443_20260712130000,SPEAKER_00,1866.24,1867.76,1.52,success,勉強全然できひんかったやん。,success,勉強全然できひんかったやん。,True,14,14,0
,009_kbs_13593443_20260712130000_seg_00487,009_kbs_13593443_20260712130000,SPEAKER_01,1869.36,1870.08,0.72,success,ほんなら目見て言わない。,success,ほんなら目見て言わないで。,False,12,13,1
,009_kbs_13593443_20260712130000_seg_00488,009_kbs_13593443_20260712130000,SPEAKER_00,1871.68,1874.4,2.72,success,マジでお兄ちゃんできへんかった、これ、小論文の才能、まじでいくから。,success,マジでお兄ちゃんできへんかったけど小論文の才能マジで行くから。,False,34,31,-3
,009_kbs_13593443_20260712130000_seg_00489,009_kbs_13593443_20260712130000,SPEAKER_00,1875.04,1880.96,5.92,success,ほんで大学終わったあとに、おっしゃいって、お笑いの小論文の話出たみたいな言うて。,success,ほんで大学終わったあとにおっしゃいってお笑いの小論文の話出たみたいな言うて。,False,40,38,-2
,009_kbs_13593443_20260712130000_seg_00490,009_kbs_13593443_20260712130000,SPEAKER_01,1881.44,1891.04,9.6,success,大学のときにね、2回生かぐらいのときに、最後のね、だから論文出さなあかん。,success,大学のときにね、2回生かぐらいのときに、最後のね、だから論文出さなあかん。,True,37,37,0
,009_kbs_13593443_20260712130000_seg_00491,009_kbs_13593443_20260712130000,SPEAKER_01,1891.52,1896.88,5.36,success,卒業論文、卒業論文出す前に、2回生のときに、いったん、卒業論文の仮論文みたいなの作らなあかん。,success,卒業論文、卒業論文出す前に、2回生のときに、一旦、卒業論文の仮論文みたいなの作らなあかん。,False,47,45,-2
,009_kbs_13593443_20260712130000_seg_00492,009_kbs_13593443_20260712130000,SPEAKER_01,1897.2,1902.16,4.96,success,なんか、それを全員提出せなあかんのか、提出したら、何百人いる中の10人に選ぶ。,success,なんかそれを全員提出せなあかんのか提出したら何百人いる中の10人に選ぶ。,False,39,36,-3
,009_kbs_13593443_20260712130000_seg_00493,009_kbs_13593443_20260712130000,SPEAKER_00,1903.36,1904.4,1.04,success,そんな人が。,success,そんな人が。,True,6,6,0
,009_kbs_13593443_20260712130000_seg_00494,009_kbs_13593443_20260712130000,SPEAKER_01,1904.48,1917.6,13.12,success,10人に選ばれて、これ、本にしますって、大学で、本にするんで、どうしましょう、お名前、そのまま載せます?って、もしあれやったら、イニシャルにすることもできますけどって言われて、ああ、全然フルネームに載せてくださいって載せたら、俺だけフルネームやって、全員イニシャルやって。,success,10人に選ばれて、これ、本にしますって、大学で、本にするんで、どうしましょう、お名前、そのまま載せます?って、もしあれやったらイニシャルにすることもできますけどって言われて、ああ、全然フルネームで載せてくださいって載せたら、俺だけフルネームやって、全員イニシャルやって。,False,136,135,-1
,009_kbs_13593443_20260712130000_seg_00495,009_kbs_13593443_20260712130000,SPEAKER_01,1919.04,1921.36,2.32,success,全員hyとかさ。,success,全員hyとか。,False,8,7,-1
,009_kbs_13593443_20260712130000_seg_00496,009_kbs_13593443_20260712130000,SPEAKER_01,1923.76,1924.48,0.72,success,バカタマカ。,success,分かった分かった。,False,6,9,3
,009_kbs_13593443_20260712130000_seg_00497,009_kbs_13593443_20260712130000,SPEAKER_01,1926.56,1930.72,4.16,success,恥ずかしかったわ、あれ、じゃあ言うてくれよって、それ、ひと言言うて。,success,恥ずかしかったわあれじゃあ言うてくれよってそれひと言言ってくれ。,False,34,32,-2
,009_kbs_13593443_20260712130000_seg_00498,009_kbs_13593443_20260712130000,SPEAKER_00,1931.68,1933.6,1.92,success,みんなイニシャルやってます。,success,いやみんなイニシャルやってますから。,False,14,18,4
,009_kbs_13593443_20260712130000_seg_00499,009_kbs_13593443_20260712130000,SPEAKER_00,1937.6,1938.88,1.28,success,こそや選ばれてんねん。,success,こそや選ばれてんねん。,True,11,11,0
,009_kbs_13593443_20260712130000_seg_00500,009_kbs_13593443_20260712130000,SPEAKER_01,1939.28,1940.56,1.28,success,残ってるんちゃう、大学に。,success,残ってるんちゃう大学に。,False,13,12,-1
,009_kbs_13593443_20260712130000_seg_00501,009_kbs_13593443_20260712130000,SPEAKER_01,1942.88,1945.92,3.04,success,先生だって残ってるって言ってたもんなそれぐらいの。,success,とにかくあっ先生だって残ってるって言ってたもんなそれぐらいの。,False,25,31,6
,009_kbs_13593443_20260712130000_seg_00502,009_kbs_13593443_20260712130000,SPEAKER_00,1948.56,1950.24,1.68,success,要約なんか違うよ、だって今の。,success,要約なんか違うよ、だって今の。,True,15,15,0
,009_kbs_13593443_20260712130000_seg_00503,009_kbs_13593443_20260712130000,SPEAKER_00,1950.56,1953.76,3.2,success,あの宇宙戦争の話だってすぐできんねやろ?,success,あの宇宙戦争の話だってすぐできんねやろ?,True,20,20,0
,009_kbs_13593443_20260712130000_seg_00504,009_kbs_13593443_20260712130000,SPEAKER_00,1954.48,1957.52,3.04,success,ちょっとあれでとか、ぱーって浮かぶやん、俺なんて、もう一から全部。,success,がちょっとあれでとかパーッて浮かぶやん俺なんてもう一から全部。,False,33,31,-2
,009_kbs_13593443_20260712130000_seg_00505,009_kbs_13593443_20260712130000,SPEAKER_01,1963.2,1966.0,2.8,success,だから教科書とかさ、大事なところにあんだらヒントけよってさ。,success,だから教科書とかさ大事なとこに編んだらいい時はってさ。,False,30,27,-3
,009_kbs_13593443_20260712130000_seg_00506,009_kbs_13593443_20260712130000,SPEAKER_01,1967.68,1970.56,2.88,success,俺も学生時代そうやったけど、いや、全部大事なとこやねんけど。,success,俺も学生時代そうやったけどないや全部大事なとこやねんけど。,False,30,29,-1
,009_kbs_13593443_20260712130000_seg_00507,009_kbs_13593443_20260712130000,SPEAKER_00,1970.96,1972.88,1.92,success,痛いって、俺、今、もう38やから。,success,痛いって俺今もう38やった。,False,17,14,-3
,009_kbs_13593443_20260712130000_seg_00508,009_kbs_13593443_20260712130000,SPEAKER_01,1974.48,1977.2,2.72,success,さあ、というわけで、きょうの放送部の一部、ラジオ倶楽部でございます。,success,さあというわけで今日の放送部の一部ラジオクラブでございました。,False,34,31,-3
,009_kbs_13593443_20260712130000_seg_00509,009_kbs_13593443_20260712130000,SPEAKER_01,1978.4,1983.28,4.88,success,生放送ではありませんが、x、シャッターは携帯電波で投稿してみてください。というわけで、きょうもお昼2時までおつきあいください。,success,生放送でやりませんがx#教材電波で投稿してみてください。というわけできょうもお昼2時までおつきあいください。,False,63,54,-9
,009_kbs_13593443_20260712130000_seg_00510,009_kbs_13593443_20260712130000,SPEAKER_01,1992.72,1995.019934,2.3,success,番組では皆さんからのメッセージを募集しています。,success,番組ではみなさんからのメッセージを募集しています。,False,24,25,1
,009_kbs_13593443_20260712130000_seg_00511,009_kbs_13593443_20260712130000,SPEAKER_01,1996.179956,1997.899939,1.72,success,はmiking。,success,mikikoさん。,False,8,9,1
,009_kbs_13593443_20260712130000_seg_00512,009_kbs_13593443_20260712130000,SPEAKER_01,2010.099939,2015.179907,5.08,success,電話075−431230−0−ミキの兄弟電波係まで。,success,電話075−431230−0−ミキの兄弟電波係まで。,True,26,26,0
,009_kbs_13593443_20260712130000_seg_00513,009_kbs_13593443_20260712130000,SPEAKER_01,2016.4,2017.099951,0.7,success,ください!,success,ください。,False,5,5,0
,009_kbs_13593443_20260712130000_seg_00514,009_kbs_13593443_20260712130000,SPEAKER_01,2024.72,2025.259985,0.54,success,イララさせる。,success,イライラさせる!,False,7,8,1
,009_kbs_13593443_20260712130000_seg_00515,009_kbs_13593443_20260712130000,SPEAKER_01,2029.299951,2036.779944,7.48,success,先生、わくわくどきどきすることばかりではございません、このコーナー、棋士の皆さんが日頃感じているいらいらをぶつけていただき、僕たちが一緒にいらいらしつつ発散していく。,success,人生、わくわくどきどきすることばかりではございません、このコーナー、棋士の皆さんが日頃感じているいらいらをぶつけていただき、僕たちが一緒にイライラしつつ発散していく。,False,83,83,0
,009_kbs_13593443_20260712130000_seg_00516,009_kbs_13593443_20260712130000,SPEAKER_01,2039.44,2040.32,0.88,success,ステッカー、プレゼントで。,success,ステッカープレゼントで。,False,13,12,-1
,009_kbs_13593443_20260712130000_seg_00517,009_kbs_13593443_20260712130000,SPEAKER_01,2041.84,2048.8,6.96,success,俺、ほんまにさっき映画見に行ったって言ったけどさ、最近さ、東宝さん、ちょっと東宝さんにいらいらって言い返して。,success,俺ほんまにさっき映画見に行ったって言ってたけどさ最近さその東宝さんちょっと東宝さんにイライラって言い返して。,False,55,54,-1
,009_kbs_13593443_20260712130000_seg_00518,009_kbs_13593443_20260712130000,SPEAKER_01,2051.52,2059.28,7.76,success,見出しはえぐいけど、見出しはえぐいけど、そう、シネマズ、最近な、ドリンク飲み放題やねん。,success,見出しえぐいけど、見出しはえぐいけど、シネマズ、最近な、ドリンク飲み放題やねん。,False,44,40,-4
,009_kbs_13593443_20260712130000_seg_00519,009_kbs_13593443_20260712130000,SPEAKER_01,2059.84,2061.76,1.92,success,せやねんどういうこと?,success,そやねんどういうこと?,False,11,11,0
,009_kbs_13593443_20260712130000_seg_00520,009_kbs_13593443_20260712130000,SPEAKER_01,2062.24,2063.52,1.28,success,そう、西田さん、行った?,success,そう西田さん行った?,False,12,10,-2
,009_kbs_13593443_20260712130000_seg_00521,009_kbs_13593443_20260712130000,SPEAKER_01,2063.92,2066.32,2.4,success,投稿しながら、ノービクス、あっノービクス。,success,投稿しながらノービクスあっノービクス。,False,21,19,-2
,009_kbs_13593443_20260712130000_seg_00522,009_kbs_13593443_20260712130000,SPEAKER_01,2066.96,2072.0,5.04,success,なんかドリンクをまず券売機みたいなんで、チケットみたいな所で買うのよ、無理。,success,なんかドリンクをまず券売機みたいなんで、チケットみたいな所で買うのよ、無理。,True,38,38,0
,009_kbs_13593443_20260712130000_seg_00523,009_kbs_13593443_20260712130000,SPEAKER_01,2072.72,2076.24,3.52,success,買ったら、もうカップだけ渡されんねん。,success,買ったらもうカップだけ渡されんねん。,False,19,18,-1
,009_kbs_13593443_20260712130000_seg_00524,009_kbs_13593443_20260712130000,SPEAKER_01,2076.96,2081.76,4.8,success,自分でファミレスみたいにドリンク飲み放題でやんねん。,success,で自分でファミレスみたいにドリンク飲み放題でやんねん。,False,26,27,1
,009_kbs_13593443_20260712130000_seg_00525,009_kbs_13593443_20260712130000,SPEAKER_01,2082.24,2083.92,1.68,success,それサブウェイ形式や。,success,それサブウェイ形式や。,True,11,11,0
,009_kbs_13593443_20260712130000_seg_00526,009_kbs_13593443_20260712130000,SPEAKER_01,2084.4,2087.52,3.12,success,まあ、そうなんか、サブウェイも。ごめん、ごめん、そう、あっ、でもそうやで。,success,まあそうなんか作兵衛も。ごめんごめんそうあっでもそうやで。,False,37,29,-8
,009_kbs_13593443_20260712130000_seg_00527,009_kbs_13593443_20260712130000,SPEAKER_01,2087.76,2089.2,1.44,success,あれやねikeaみたいな。,success,あれやねikeaみたいな。,True,13,13,0
,009_kbs_13593443_20260712130000_seg_00528,009_kbs_13593443_20260712130000,SPEAKER_01,2089.84,2091.12,1.28,success,ああみたいな感じ。,success,ああみたいな感じ。,True,9,9,0
,009_kbs_13593443_20260712130000_seg_00529,009_kbs_13593443_20260712130000,SPEAKER_02,2092.4,2094.48,2.08,success,今いる場所がどこか分かりません。,success,今いる場所がどこか分かりません。,True,16,16,0
,009_kbs_13593443_20260712130000_seg_00530,009_kbs_13593443_20260712130000,SPEAKER_00,2095.76,2097.52,1.76,success,ikeaやって、ikea探した。,success,行けややってikea探しだって。,False,16,16,0
,009_kbs_13593443_20260712130000_seg_00531,009_kbs_13593443_20260712130000,SPEAKER_01,2099.52,2104.72,5.2,success,怖かった、今、ai怖かった、なんも触ってなかった。,success,怖かった、今、ai怖かった、なんも触ってなかった。,True,25,25,0
,009_kbs_13593443_20260712130000_seg_00532,009_kbs_13593443_20260712130000,SPEAKER_00,2105.44,2106.16,0.72,success,出なかったら置いて。,success,偉かったろ置いて。,False,10,9,-1
,009_kbs_13593443_20260712130000_seg_00533,009_kbs_13593443_20260712130000,SPEAKER_00,2108.4,2109.12,0.72,success,場所探して。,success,場所探して。,True,6,6,0
,009_kbs_13593443_20260712130000_seg_00534,009_kbs_13593443_20260712130000,SPEAKER_00,2109.44,2110.56,1.12,success,今、いる場所がどこか分からない。,success,今いる場所がどこか分からない。,False,16,15,-1
,009_kbs_13593443_20260712130000_seg_00535,009_kbs_13593443_20260712130000,SPEAKER_00,2111.2,2111.84,0.64,success,息はどこか。,success,息はどこか。,True,6,6,0
,009_kbs_13593443_20260712130000_seg_00536,009_kbs_13593443_20260712130000,SPEAKER_01,2113.44,2121.36,7.92,success,怖かった、今、無機質、女性の声、ごめん、ごめん、怖かった、いや、その投稿信号はそれやから。,success,怖かった、今、無機質、女性の声、ごめん、ごめん、怖かった、いや、その投稿信号はそれやから。,True,45,45,0
,009_kbs_13593443_20260712130000_seg_00537,009_kbs_13593443_20260712130000,SPEAKER_01,2121.84,2124.08,2.24,success,その何て言うのその。,success,その何ていうのその。,False,10,10,0
,009_kbs_13593443_20260712130000_seg_00538,009_kbs_13593443_20260712130000,SPEAKER_01,2124.64,2131.28,6.64,success,最近やからいいし、トーホーシネマズって、全部が全部たぶんそうじゃないねん、行った東宝シネマズがそうなことが起きる。,success,あの最近やからいいし、tohoシネマズって、全部が全部たぶんそうじゃないねん、行ったtohoシネマズがそうなことが起こる。,False,57,61,4
,009_kbs_13593443_20260712130000_seg_00539,009_kbs_13593443_20260712130000,SPEAKER_01,2131.6,2133.04,1.44,success,全巻そうしようとしてんねやろ。,success,全巻そうしようとしてんねやろ?,False,15,15,0
,009_kbs_13593443_20260712130000_seg_00540,009_kbs_13593443_20260712130000,SPEAKER_01,2133.52,2136.4,2.88,success,あのそれやったら。,success,あのそれやったら。,True,9,9,0
,009_kbs_13593443_20260712130000_seg_00541,009_kbs_13593443_20260712130000,SPEAKER_01,2136.88,2138.72,1.84,success,30分か1時間前に行く。,success,30分か1時間前に行く。,True,12,12,0
,009_kbs_13593443_20260712130000_seg_00542,009_kbs_13593443_20260712130000,SPEAKER_01,2139.84,2153.12,13.28,success,行って、もう飲んどく、その元取るために、なんで俺、一回、あっこで何杯か飲んで、もう一回つがなあかんねんって、1杯だけやったら元。,success,行って、もう飲んどく、その元取るために、なんで俺、一回あっこで、何杯か飲んで、もう一回継がなあかんねんって、1杯だけやったらもう。,False,64,65,1
,009_kbs_13593443_20260712130000_seg_00543,009_kbs_13593443_20260712130000,SPEAKER_00,2153.92,2156.32,2.4,success,だからそれを何杯か飲んで何杯飲む?,success,だからその何杯か飲んで何杯飲む?,False,17,16,-1
,009_kbs_13593443_20260712130000_seg_00544,009_kbs_13593443_20260712130000,SPEAKER_01,2158.4,2160.88,2.48,success,帰るときもうちょっとだけ飲んで。,success,で帰る時もうちょっとだけ飲んでて。,False,16,17,1
,009_kbs_13593443_20260712130000_seg_00545,009_kbs_13593443_20260712130000,SPEAKER_01,2163.12,2165.44,2.32,success,別にあれ、飲み放題じゃなくていい。,success,別にあれ飲み放題じゃなくていいよ。,False,17,17,0
,009_kbs_13593443_20260712130000_seg_00546,009_kbs_13593443_20260712130000,SPEAKER_01,2166.0,2166.8,0.8,success,ちょうどええ。,success,ちょうどええ。,True,7,7,0
,009_kbs_13593443_20260712130000_seg_00547,009_kbs_13593443_20260712130000,SPEAKER_01,2168.16,2168.96,0.8,success,1個いきたなるから。,success,1個いきたなるから。,True,10,10,0
,009_kbs_13593443_20260712130000_seg_00548,009_kbs_13593443_20260712130000,SPEAKER_00,2170.32,2173.52,3.2,success,こうやってさ、飲みたいなと思ったら、また出て、次に行かなあかん。,success,こうやってさ飲みたいなと思ったらまた出て次に行かなあかん。,False,32,29,-3
,009_kbs_13593443_20260712130000_seg_00549,009_kbs_13593443_20260712130000,SPEAKER_01,2174.96,2177.28,2.32,success,もう飲まへんから、別に、それ。,success,もう飲まへんから、別に、それ。,True,15,15,0
,009_kbs_13593443_20260712130000_seg_00550,009_kbs_13593443_20260712130000,SPEAKER_01,2180.16,2184.48,4.32,success,誰が喜んでんねやろと思って、あれ、別に、手間省いてるだけなんやろうけど、そらな。,success,誰が喜んでんねやろと思ってあれ別に手間省いてるだけなんやろうけどそらな。,False,40,36,-4
,009_kbs_13593443_20260712130000_seg_00551,009_kbs_13593443_20260712130000,SPEAKER_01,2185.6,2188.8,3.2,success,あれほんまになちょっとどうにかしてほしいな。,success,あれほんまになちょっとどうにかしてほしいな。,True,22,22,0
,009_kbs_13593443_20260712130000_seg_00552,009_kbs_13593443_20260712130000,SPEAKER_00,2189.12,2190.16,1.04,success,ええんちゃう別にそれはさ。,success,ええんちゃう別にそれはさ。,True,13,13,0
,009_kbs_13593443_20260712130000_seg_00553,009_kbs_13593443_20260712130000,SPEAKER_01,2190.56,2194.56,4.0,success,あれ、ぎりぎりなところやねん、映画館のドリンクって。,success,いやー、あれ、ぎりぎりなとこやねん、映画館のドリンクって。,False,26,29,3
,009_kbs_13593443_20260712130000_seg_00554,009_kbs_13593443_20260712130000,SPEAKER_00,2194.64,2197.12,2.48,success,あれって、それって、一日中飲み放題なの?,success,あれってそれって一日中飲み放題なの?,False,20,18,-2
,009_kbs_13593443_20260712130000_seg_00555,009_kbs_13593443_20260712130000,SPEAKER_01,2197.36,2205.52,8.16,success,それが分からんねんな、俺、これ、全然、なんていうの、罰するなら罰してください、僕のこと、炎上してもらって構わない。,success,それが分からんねんな、俺、これ、全然、なんていうの、罰するなら罰してください、僕のこと、炎上してもらってかまわない。,False,57,58,1
,009_kbs_13593443_20260712130000_seg_00556,009_kbs_13593443_20260712130000,SPEAKER_01,2206.8,2210.64,3.84,success,の覚悟で言いますけど、この間、飲んでね。,success,の覚悟で言いますけどこの間飲んでね。,False,20,18,-2
,009_kbs_13593443_20260712130000_seg_00557,009_kbs_13593443_20260712130000,SPEAKER_01,2210.88,2211.84,0.96,success,え出ました。,success,え出ました。,True,6,6,0
,009_kbs_13593443_20260712130000_seg_00558,009_kbs_13593443_20260712130000,SPEAKER_00,2212.48,2213.2,0.72,success,警察。,success,警察や。,False,3,4,1
,009_kbs_13593443_20260712130000_seg_00559,009_kbs_13593443_20260712130000,SPEAKER_01,2213.52,2219.28,5.76,success,毛出ました、スプライト入れました、ソファー持って家帰りました。,success,毛出ました、スプライト入れました、ソファー持って家帰りました。,True,31,31,0
,009_kbs_13593443_20260712130000_seg_00560,009_kbs_13593443_20260712130000,SPEAKER_00,2219.52,2220.08,0.56,success,あったよ!,success,逮捕!,False,5,3,-2
,009_kbs_13593443_20260712130000_seg_00561,009_kbs_13593443_20260712130000,SPEAKER_00,2224.4,2225.44,1.04,success,これ怪しいんちゃう?,success,これ怪しいんちゃう?,True,10,10,0
,009_kbs_13593443_20260712130000_seg_00562,009_kbs_13593443_20260712130000,SPEAKER_01,2226.88,2227.44,0.56,success,これいや!,success,これいや!,True,5,5,0
,009_kbs_13593443_20260712130000_seg_00563,009_kbs_13593443_20260712130000,SPEAKER_00,2228.32,2229.2,0.88,success,酔っては?,success,よっては?,False,5,5,0
,009_kbs_13593443_20260712130000_seg_00564,009_kbs_13593443_20260712130000,SPEAKER_00,2229.6,2234.08,4.48,success,一口でも飲みました、館内で。,success,一口でも飲みました?,False,14,10,-4
,009_kbs_13593443_20260712130000_seg_00565,009_kbs_13593443_20260712130000,SPEAKER_01,2234.64,2237.52,2.88,success,スプレーペッて飲んでもう一回足して。,success,スプレーペッて飲んでもう一回足して。,True,18,18,0
,009_kbs_13593443_20260712130000_seg_00566,009_kbs_13593443_20260712130000,SPEAKER_00,2237.76,2242.08,4.32,success,これ微妙ちゃうあっこれあかんねや。,success,これ微妙やなこれあかんこれ微妙ちゃうあっこれあかんねや。,False,17,28,11
,009_kbs_13593443_20260712130000_seg_00567,009_kbs_13593443_20260712130000,SPEAKER_01,2242.24,2245.6,3.36,success,ルール、分からんねんけど、そのルール、大丈夫よな、別に。,success,ルール、分からんねんけど、そのルール、大丈夫よな、別に。,True,28,28,0
,009_kbs_13593443_20260712130000_seg_00568,009_kbs_13593443_20260712130000,SPEAKER_00,2245.6,2249.68,4.08,success,でもなんか、怖いなと思うな、せこ!っていう。,success,でも何か怖いなと思うなセコ!っていう。,False,22,19,-3
,009_kbs_13593443_20260712130000_seg_00569,009_kbs_13593443_20260712130000,SPEAKER_01,2249.76,2252.88,3.12,success,ただ、一応、なんていうの、上着の中にいる。,success,ただその、一応、そのなんていうの、上着の中にいる。,False,21,25,4
,009_kbs_13593443_20260712130000_seg_00570,009_kbs_13593443_20260712130000,SPEAKER_00,2253.6,2254.72,1.12,success,それは。,success,ハハハそれは。,False,4,7,3
,009_kbs_13593443_20260712130000_seg_00571,009_kbs_13593443_20260712130000,SPEAKER_00,2257.76,2259.04,1.28,success,犯罪の意識が。,success,犯罪の意識が。,True,7,7,0
,009_kbs_13593443_20260712130000_seg_00572,009_kbs_13593443_20260712130000,SPEAKER_01,2260.8,2264.8,4.0,success,なんか止められたら怖い、恥ずかしいやん、それ、だめですよ、それって言われたら恥ずかしいから、一応な、こっそり。,success,なんか止められたら怖い、恥ずかしいやん、それ、だめですよ、それって言われたら恥ずかしいから、一応な、こっそり。,True,55,55,0
,009_kbs_13593443_20260712130000_seg_00573,009_kbs_13593443_20260712130000,SPEAKER_01,2265.92,2274.88,8.96,success,やったけど、あれちょっとな、なんか、それでいい人と分けてほしい、そこ、確かに、ほんまに、飲み放題でいいっていう人。,success,やったけど、あれちょっとな、なんか、それでいい人と分けてほしい、そこ、確かに、ほんまに、飲み放題でいいっていう人。,True,57,57,0
,009_kbs_13593443_20260712130000_seg_00574,009_kbs_13593443_20260712130000,SPEAKER_00,2276.72,2278.4,1.68,success,ほんまに悪いやつやったらさ。,success,ほんまに悪いやつやったらさ。,True,14,14,0
,009_kbs_13593443_20260712130000_seg_00575,009_kbs_13593443_20260712130000,SPEAKER_01,2278.48,2282.16,3.68,success,その紙コップだけ持ってきといて、可能性もある。,success,その紙コップだけ持ってきといて可能性もある。,False,23,22,-1
,009_kbs_13593443_20260712130000_seg_00576,009_kbs_13593443_20260712130000,SPEAKER_00,2284.32,2285.28,0.96,success,ちゃんとそれは。,success,ちゃんとそれは。,True,8,8,0
,009_kbs_13593443_20260712130000_seg_00577,009_kbs_13593443_20260712130000,SPEAKER_01,2285.52,2290.32,4.8,success,これは日本は大丈夫やと見込んでんじゃ、やっぱ日本人はそんなんしないというね。,success,これは日本は大丈夫やと見込んでんじゃやっぱ日本人はそんなんしないというね。,False,38,37,-1
,009_kbs_13593443_20260712130000_seg_00578,009_kbs_13593443_20260712130000,SPEAKER_00,2290.32,2291.04,0.72,success,ジャパンプライド。,success,ジャパンプライド。,True,9,9,0
,009_kbs_13593443_20260712130000_seg_00579,009_kbs_13593443_20260712130000,SPEAKER_01,2291.2,2291.92,0.72,success,バンプライド。,success,バンプライド。,True,7,7,0
,009_kbs_13593443_20260712130000_seg_00580,009_kbs_13593443_20260712130000,SPEAKER_01,2294.72,2296.08,1.36,success,かな分からんけど。,success,かな分からんけど。,True,9,9,0
,009_kbs_13593443_20260712130000_seg_00581,009_kbs_13593443_20260712130000,SPEAKER_01,2296.32,2299.68,3.36,success,あれな、いつからあんななってんのか、ほんまに。,success,あれないつからあんななってんのかほんまに。,False,23,21,-2
,009_kbs_13593443_20260712130000_seg_00582,009_kbs_13593443_20260712130000,SPEAKER_01,2301.36,2302.08,0.72,success,ティッシュあるやろ。,success,弟子はあるしやろ。,False,10,9,-1
,009_kbs_13593443_20260712130000_seg_00583,009_kbs_13593443_20260712130000,SPEAKER_01,2302.4,2308.8,6.4,success,うれしいときとうれしくないときあるよ、そら、だってもう、俺、ほんまに映画で最近の悩みって、2時間。,success,うれしいときとうれしくないときあるよ、そら、だってもう、俺、ほんまに映画で最近の悩みって、2時間。,True,49,49,0
,009_kbs_13593443_20260712130000_seg_00584,009_kbs_13593443_20260712130000,SPEAKER_01,2309.2,2314.96,5.76,success,我慢できへんっていうの、おしっこが、それの葛藤やねん、俺はいつも。,success,我慢できへんっていうの、おしっこが、それの葛藤やねん、俺はいつも。,True,33,33,0
,009_kbs_13593443_20260712130000_seg_00585,009_kbs_13593443_20260712130000,SPEAKER_00,2315.76,2318.48,2.72,success,ほな、のど渇いたまま見るほうが多いってこと?,success,ほなのど渇いたまま見るほうが多いってこと?,False,22,21,-1
,009_kbs_13593443_20260712130000_seg_00586,009_kbs_13593443_20260712130000,SPEAKER_01,2318.48,2319.68,1.2,success,1回だけそれして。,success,1回だけそれして。,True,9,9,0
,009_kbs_13593443_20260712130000_seg_00587,009_kbs_13593443_20260712130000,SPEAKER_00,2320.24,2320.96,0.72,success,のど渇いたでしょ。,success,喉渇いた状態。,False,9,7,-2
,009_kbs_13593443_20260712130000_seg_00588,009_kbs_13593443_20260712130000,SPEAKER_01,2321.44,2326.56,5.12,success,持っていかんと、これのせいやと思ったから、もう後半、な、入ってけえへんねん、話が時々。,success,持っていかんと、これのせいやと思ったから、もう後半な、入ってけえへんねん、話が時々。,False,43,42,-1
,009_kbs_13593443_20260712130000_seg_00589,009_kbs_13593443_20260712130000,SPEAKER_01,2327.76,2341.76,14.0,success,これのせいやと思ったから、一回ドリンクなんも持っていかんといて、そしたらなんか2時間ぐらいしたら、おしっこしたなんねん、何がって思ったで、俺、俺、何が下っていってんの、今って、もうびっくりすんねん、あれ、何が生まれてんの、俺の下腹部でと思って。,success,これのせいやと思ったから、一回、ドリンクなんも持っていかんといって、そしたらなんか2時間ぐらいしたら、おしっこしたなんねん、何が?って思ったで、俺、俺、何が下っていってんの、今って、もうびっくりすんねん、あれ、何が生まれてんの、俺の下腹部でと思って。,False,122,125,3
,009_kbs_13593443_20260712130000_seg_00590,009_kbs_13593443_20260712130000,SPEAKER_00,2341.92,2346.88,4.96,success,スターウォーズ、俺、初めて、それこそアナキンがダースベイダーになる。,success,スターウォーズは俺初めてそれこそアナキンがダースベイダーになる。,False,34,32,-2
,009_kbs_13593443_20260712130000_seg_00591,009_kbs_13593443_20260712130000,SPEAKER_00,2347.84,2351.44,3.6,success,1発目、トイレ行って、ぱって帰ってきたら、もうダースベイダーな。,success,1発目トイレ行ってパッて帰ってきたらもうダースベイダーな。,False,32,29,-3
,009_kbs_13593443_20260712130000_seg_00592,009_kbs_13593443_20260712130000,SPEAKER_01,2351.84,2352.8,0.96,success,最悪!,success,だから最悪。,False,3,6,3
,009_kbs_13593443_20260712130000_seg_00593,009_kbs_13593443_20260712130000,SPEAKER_01,2355.2,2360.88,5.68,success,時々なんですよ、映画とかで我慢するやん、ばーって我慢して、最後のエンドロールの。,success,で時々なんですよ映画とかで我慢するよりばーって我慢して最後のエンドロールの。,False,40,38,-2
,009_kbs_13593443_20260712130000_seg_00594,009_kbs_13593443_20260712130000,SPEAKER_01,2361.12,2361.68,0.56,success,最後に。,success,最後に。,True,4,4,0
,009_kbs_13593443_20260712130000_seg_00595,009_kbs_13593443_20260712130000,SPEAKER_01,2364.24,2368.16,3.92,success,それがあるやろうと思って我慢すんねん、我慢したときほどないねん。,success,それがあるやろうと思って我慢すんねん。で我慢したときほどないねん。,False,32,33,1
,009_kbs_13593443_20260712130000_seg_00596,009_kbs_13593443_20260712130000,SPEAKER_00,2368.96,2370.8,1.84,success,あれ、あれ、腹立つ。,success,座あれあれ腹立つわ。,False,10,10,0
,009_kbs_13593443_20260712130000_seg_00597,009_kbs_13593443_20260712130000,SPEAKER_00,2374.8,2375.6,0.8,success,あったつぞ。,success,立つぞ。,False,6,4,-2
,009_kbs_13593443_20260712130000_seg_00598,009_kbs_13593443_20260712130000,SPEAKER_01,2375.68,2381.84,6.16,success,ごめんなさい、僕のいらいらがちょっと多すぎましたけど、皆さんの聞いていきましょう、ラジオネーム。,success,ごめんなさい、僕のイライラがちょっと多すぎましたけど、皆さんの聞いていきましょう、ラジオネーム。,False,48,48,0
,009_kbs_13593443_20260712130000_seg_00599,009_kbs_13593443_20260712130000,SPEAKER_00,2382.88,2385.84,2.96,success,あっ、ごめん、相づち、変な相づち打ってもうた。,success,あっごめん相づち変な相づち打ってもうた何か。,False,23,22,-1
,009_kbs_13593443_20260712130000_seg_00600,009_kbs_13593443_20260712130000,SPEAKER_01,2387.52,2391.6,4.08,success,心、ここにあらずすぎへん、そんなにブラジルに負けたショック?,success,心、ここにあらずすぎへん、そんなにブラジルに負けたショック?,True,30,30,0
,009_kbs_13593443_20260712130000_seg_00601,009_kbs_13593443_20260712130000,SPEAKER_00,2393.36,2394.96,1.6,success,分かるやろ、その。,success,でも分かるやろその。,False,9,10,1
,009_kbs_13593443_20260712130000_seg_00602,009_kbs_13593443_20260712130000,SPEAKER_01,2395.12,2395.76,0.64,success,切り替えてくれ。,success,切り替えてくれ。,True,8,8,0
,009_kbs_13593443_20260712130000_seg_00603,009_kbs_13593443_20260712130000,SPEAKER_01,2397.44,2398.0,0.56,success,思い出すよ。,success,思い出すよ。,True,6,6,0
,009_kbs_13593443_20260712130000_seg_00604,009_kbs_13593443_20260712130000,SPEAKER_01,2399.52,2404.16,4.64,success,俺、寝る前、分かる、寝る前にもう思い出してまうねん、うそであってくれと思って、ほんまに。,success,俺、寝る前、分かる、寝る前にもう思い出してまうねん、うそであってくれと思って、ほんまに。,True,44,44,0
,009_kbs_13593443_20260712130000_seg_00605,009_kbs_13593443_20260712130000,SPEAKER_00,2404.32,2405.12,0.8,success,それ今出て。,success,それ今出てん。,False,6,7,1
,009_kbs_13593443_20260712130000_seg_00606,009_kbs_13593443_20260712130000,SPEAKER_01,2405.2,2412.64,7.44,success,なんで今やねん、ラジオ、結婚できない女さん、サッカーfifaワールドカップ日本対ブラジル戦、前日の職場でのことです。,success,なんで今やねん、ラジオ、結婚できない女さん、サッカーfifaワールドカップ、日本対ブラジル戦、前日の職場でのことです。,False,58,59,1
,009_kbs_13593443_20260712130000_seg_00607,009_kbs_13593443_20260712130000,SPEAKER_01,2413.44,2448.64,35.2,success,上司が、あしたの試合、さすがにリアルタイムで見るのしんどいかなと言ったので、確かに2時だと真夜中ですもんね、朝、テレビ見て、けんかしてる感じですかねと返すと、なんと上司は、日本負けるだろうねとひと言、私は内心、いらっとしながら、今大会の日本を見てたら、勝つ可能性全然あると思いますと言うと、上司は、まあありえなくはないけどねと、なんだか上から目線で、どの立場からと思ってしまいました、私は正直、ふだんは全くサッカーに興味がなく、ワールドカップのときだけの完全なにわかファンなのですが、予想の時点で負けるとか冷めてる人を見ると、全試合、日本が勝つっていう強い気持ちで信じて応援しようよと言いたくなります。,success,上司が、あしたの試合、さすがにリアルタイムで見るのしんどいかなと言ったので、確かに2時だと真夜中ですもんね、朝、テレビ見て、けんかしてる感じですかねと返すと、なんと上司は、日本負けるだろうねとひと言、私は内心、いらっとしながら、今大会の日本を見てたら、勝つ可能性全然あると思いますと言うと、上司は、まあありえなくはないけどねと、なんだか上から目線で、どの立場からと思ってしまいました、私は正直、ふだんは全くサッカーに興味がなく、ワールドカップのときだけの完全なにわかファンなのですが、予想の時点で負けるとか冷めてる人を見ると、全試合日本が勝つっていう強い気持ちで信じて応援しようよと言いたくなります。,False,301,300,-1
,009_kbs_13593443_20260712130000_seg_00608,009_kbs_13593443_20260712130000,SPEAKER_01,2449.12,2452.8,3.68,success,お前が送ってきてんのかと思うやつやね、これ、ほんま。,success,前が送ってきてんのかと思うやつやねこれも。,False,26,21,-5
,009_kbs_13593443_20260712130000_seg_00609,009_kbs_13593443_20260712130000,SPEAKER_00,2453.28,2454.4,1.12,success,いやホンマにでもそうやで。,success,いやほんまにでもそうやで。,False,13,13,0
,009_kbs_13593443_20260712130000_seg_00610,009_kbs_13593443_20260712130000,SPEAKER_01,2454.48,2457.76,3.28,success,そう、サッカーの、このワールドカップとか関係なかった。,success,そうあのサッカーのこのワールドカップとか関係なかった。,False,27,27,0
,009_kbs_13593443_20260712130000_seg_00611,009_kbs_13593443_20260712130000,SPEAKER_01,2458.24,2460.4,2.16,success,めっちゃなんかネガティブなこと言う。,success,めっちゃなんかネガティブなこと言う。,True,18,18,0
,009_kbs_13593443_20260712130000_seg_00612,009_kbs_13593443_20260712130000,SPEAKER_00,2462.0,2462.88,0.88,success,何が楽しいねん!,success,何が楽しいねん!,True,8,8,0
,009_kbs_13593443_20260712130000_seg_00613,009_kbs_13593443_20260712130000,SPEAKER_00,2463.92,2465.2,1.28,success,でも俺もう健介の。,success,まあでも俺もう圭介さん。,False,9,12,3
,009_kbs_13593443_20260712130000_seg_00614,009_kbs_13593443_20260712130000,SPEAKER_00,2469.12,2471.76,2.64,success,言ったやつが偉いんか、日本がどうとかこうとかとか。,success,言ったやつが偉いんかその日本がどうとかこうとか。,False,25,24,-1
,009_kbs_13593443_20260712130000_seg_00615,009_kbs_13593443_20260712130000,SPEAKER_00,2474.08,2477.68,3.6,success,国を背負って、俺らの一番うまい人たちが戦ってくれてるんだから。,success,国を背負って俺らの一番うまい人たちが戦ってくれてるんだから。,False,31,30,-1
,009_kbs_13593443_20260712130000_seg_00616,009_kbs_13593443_20260712130000,SPEAKER_01,2477.76,2481.44,3.68,success,俺はもう毎回思うねんじゃあお前やってみろって全部全部に。,success,俺はもう毎回思うねんじゃあお前やってみろって全部全部に。,True,28,28,0
,009_kbs_13593443_20260712130000_seg_00617,009_kbs_13593443_20260712130000,SPEAKER_01,2481.76,2485.36,3.6,success,すべての世界に文句言うやつ、じゃあ、お前、やってみろ。,success,全ての世界に文句言うやつじゃあお前やってみろ。,False,27,23,-4
,009_kbs_13593443_20260712130000_seg_00618,009_kbs_13593443_20260712130000,SPEAKER_01,2488.64,2489.2,0.56,success,こんなもんやった?,success,ほなもや。,False,9,5,-4
,009_kbs_13593443_20260712130000_seg_00619,009_kbs_13593443_20260712130000,SPEAKER_01,2489.92,2491.2,1.28,success,ほんま思うわ。,success,ほんま思うわ。,True,7,7,0
,009_kbs_13593443_20260712130000_seg_00620,009_kbs_13593443_20260712130000,SPEAKER_00,2493.04,2493.76,0.72,success,タクイライラ。,success,たくイライラ。,False,7,7,0
,009_kbs_13593443_20260712130000_seg_00621,009_kbs_13593443_20260712130000,SPEAKER_01,2494.24,2495.92,1.68,success,ちょっと乗っかりすぎやないろいろ。,success,ちょっと乗っかりすぎやないろいろ。,True,17,17,0
,009_kbs_13593443_20260712130000_seg_00622,009_kbs_13593443_20260712130000,SPEAKER_00,2495.92,2497.2,1.28,success,腹立つやろ、こんなん。,success,いや腹立つやろこんなん。,False,11,12,1
,009_kbs_13593443_20260712130000_seg_00623,009_kbs_13593443_20260712130000,SPEAKER_01,2497.28,2500.16,2.88,success,続いてラジオでもじんましん。,success,続いてラジオネームじんましん。,False,14,15,1
,009_kbs_13593443_20260712130000_seg_00624,009_kbs_13593443_20260712130000,SPEAKER_00,2501.92,2503.28,1.36,success,だいぶ遠くで。,success,だいぶ遠くで。,True,7,7,0
,009_kbs_13593443_20260712130000_seg_00625,009_kbs_13593443_20260712130000,SPEAKER_00,2503.76,2506.0,2.24,success,爆発して、音だけが。,success,爆発して音だけが。,False,10,9,-1
,009_kbs_13593443_20260712130000_seg_00626,009_kbs_13593443_20260712130000,SPEAKER_01,2506.0,2509.36,3.36,success,確かにな、今、だって、今の感じやったら、じんましんが爆発してる。,success,確かにな、今、だって、今の感じやったら、じんましんが爆発してる。,True,32,32,0
,009_kbs_13593443_20260712130000_seg_00627,009_kbs_13593443_20260712130000,SPEAKER_00,2512.72,2514.4,1.68,success,遅れて聞こえた。,success,遅れて聞こえた。,True,8,8,0
,009_kbs_13593443_20260712130000_seg_00628,009_kbs_13593443_20260712130000,SPEAKER_00,2517.2,2518.16,0.96,success,おっそっ。,success,おっそっ!,False,5,5,0
,009_kbs_13593443_20260712130000_seg_00629,009_kbs_13593443_20260712130000,SPEAKER_01,2518.56,2519.84,1.28,success,よかったな。,success,よかったな。,True,6,6,0
,009_kbs_13593443_20260712130000_seg_00630,009_kbs_13593443_20260712130000,SPEAKER_00,2520.0,2520.8,0.8,success,パリ町の花火や。,success,タリマチの花火や。,False,8,9,1
,009_kbs_13593443_20260712130000_seg_00631,009_kbs_13593443_20260712130000,SPEAKER_00,2522.72,2524.24,1.52,success,遅っ爆発。,success,遅っ爆発。,True,5,5,0
,009_kbs_13593443_20260712130000_seg_00632,009_kbs_13593443_20260712130000,SPEAKER_01,2524.4,2541.92,17.52,success,僕は定期的に靴を洗うのですが、乾かした靴にインソールを戻す際、インソールがきちんとはまらなくていらいらします、つま先のほうに合わせるとかかとが浮いたり、かかとに合わせるとつま先が浮いたりと、完璧にきちんとはまったことがありません、サッカー部のお2人もよくスパイクを洗っていたと思いますが、このイライラ、共感してもらえるでしょうか。,success,僕は定期的に靴を洗うのですが、乾かした靴にインソールを戻す際、インソールがきちんとはまらなくていらいらします、つま先のほうに合わせるとかかとが浮いたり、かかとに合わせるとつま先が浮いたりと、完璧にきちんとはまったことがありません、サッカー部のお二人もよくスパイクを洗っていたと思いますが、このイライラ、共感してもらえるでしょうか。,False,165,165,0
,009_kbs_13593443_20260712130000_seg_00633,009_kbs_13593443_20260712130000,SPEAKER_00,2541.92,2544.8,2.88,success,あなた、ふだんからインソールって言ってる、靴べらって言ってない?,success,あなたふだんからインソールって言ってる?靴べらって言ってない?,False,32,31,-1
,009_kbs_13593443_20260712130000_seg_00634,009_kbs_13593443_20260712130000,SPEAKER_01,2544.8,2545.52,0.72,success,フフフフ。,success,フフフフ。,True,5,5,0
,009_kbs_13593443_20260712130000_seg_00635,009_kbs_13593443_20260712130000,SPEAKER_01,2547.28,2548.08,0.8,success,言うんちゃいい。,success,ライユーちゃんいい。,False,8,10,2
,009_kbs_13593443_20260712130000_seg_00636,009_kbs_13593443_20260712130000,SPEAKER_01,2548.64,2549.76,1.12,success,インソールって。,success,インソールって呼ばれて。,False,8,12,4
,009_kbs_13593443_20260712130000_seg_00637,009_kbs_13593443_20260712130000,SPEAKER_00,2549.84,2550.56,0.72,success,イキってない?,success,生きてない。,False,7,6,-1
,009_kbs_13593443_20260712130000_seg_00638,009_kbs_13593443_20260712130000,SPEAKER_01,2550.56,2554.88,4.32,success,靴べらじゃないの、あれ、ほんで、あれ、靴べらじゃない。,success,靴べらじゃないの、あれ、ほんで、あれ、靴べらじゃない。,True,27,27,0
,009_kbs_13593443_20260712130000_seg_00639,009_kbs_13593443_20260712130000,SPEAKER_00,2558.24,2559.2,0.96,success,この靴履くやつや。,success,この靴履くやつやで。,False,9,10,1
,009_kbs_13593443_20260712130000_seg_00640,009_kbs_13593443_20260712130000,SPEAKER_01,2561.6,2562.32,0.72,success,カジキや。,success,カジキや!,False,5,5,0
,009_kbs_13593443_20260712130000_seg_00641,009_kbs_13593443_20260712130000,SPEAKER_01,2563.2,2565.52,2.32,success,靴べらはいやなかった。,success,ハハハ靴べらはいや中。,False,11,11,0
,009_kbs_13593443_20260712130000_seg_00642,009_kbs_13593443_20260712130000,SPEAKER_01,2568.72,2570.24,1.52,success,インソールはちょっとかっこいい。,success,インソールはちょっとかわいい。,False,16,15,-1
,009_kbs_13593443_20260712130000_seg_00643,009_kbs_13593443_20260712130000,SPEAKER_00,2571.36,2572.64,1.28,success,外向きにしゃべりすぎや。,success,外向きにしゃべりすぎや。,True,12,12,0
,009_kbs_13593443_20260712130000_seg_00644,009_kbs_13593443_20260712130000,SPEAKER_01,2572.64,2576.56,3.92,success,確かに、俺はあれできへんわ、あれできへんから、もうなんか放置してる。,success,確かに俺はあれできへんわあれできひんからもう何か放置してる。,False,34,30,-4
,009_kbs_13593443_20260712130000_seg_00645,009_kbs_13593443_20260712130000,SPEAKER_01,2576.96,2584.4,7.44,success,奥さんにやってもらうまで、なんか、自分がでけへんから、絶対盛り上がってまうねん、どっかが。,success,奥さんにやってもらうまで、なんか、自分がでけへんから、絶対盛り上がってまうねん、どっかが。,True,45,45,0
,009_kbs_13593443_20260712130000_seg_00646,009_kbs_13593443_20260712130000,SPEAKER_00,2585.68,2589.92,4.24,success,あれ、でも吐いたらさ、吐いて、ぐっぐっって、足ぎゅっぐってやったら。,success,あれでも吐いたらさ吐いてグッグッて足ギュッグッてやったら。,False,34,29,-5
,009_kbs_13593443_20260712130000_seg_00647,009_kbs_13593443_20260712130000,SPEAKER_00,2590.8,2591.84,1.04,success,兵たんにならへん。,success,平たんにならへん。,False,9,9,0
,009_kbs_13593443_20260712130000_seg_00648,009_kbs_13593443_20260712130000,SPEAKER_01,2592.4,2603.76,11.36,success,俺な、一回も、現状維持で直せたことが一回もないわ、何に関しても、布団とかでも、なんか、布団取り出すやん、袋みたいなんから、ばーって取り出して、それを同じ感じで押し込めたことない。,success,一回も現状維持で直せたことが一回もないわ、何に関しても、布団とかでも、なんか、布団取り出すやん、袋みたいなのから、ばーって取り出して、それを同じ感じで押し込めたことない。,False,89,85,-4
,009_kbs_13593443_20260712130000_seg_00649,009_kbs_13593443_20260712130000,SPEAKER_00,2604.72,2606.4,1.68,success,せいやさんと一緒やで。,success,せいやさんと一緒やで。,True,11,11,0
,009_kbs_13593443_20260712130000_seg_00650,009_kbs_13593443_20260712130000,SPEAKER_00,2606.64,2609.52,2.88,success,せいやさんもこれって。,success,せいやさんもこれって。,True,11,11,0
,009_kbs_13593443_20260712130000_seg_00651,009_kbs_13593443_20260712130000,SPEAKER_00,2609.76,2610.48,0.72,success,なんでこれ!,success,なんでこれ!,True,6,6,0
,009_kbs_13593443_20260712130000_seg_00652,009_kbs_13593443_20260712130000,SPEAKER_00,2611.04,2612.32,1.28,success,木はこのかばんに入ってたの。,success,木はこのカバンに入ってたの。,False,14,14,0
,009_kbs_13593443_20260712130000_seg_00653,009_kbs_13593443_20260712130000,SPEAKER_00,2613.04,2614.08,1.04,success,これなんで入らへんねん。,success,これ何で入らへんねん?,False,12,11,-1
,009_kbs_13593443_20260712130000_seg_00654,009_kbs_13593443_20260712130000,SPEAKER_01,2615.68,2620.08,4.4,success,ほんま思うわあれ毎回何でこうなんねやろって。,success,ああほんま思うわあれ毎回何でこうなんねやろって。,False,22,24,2
,009_kbs_13593443_20260712130000_seg_00655,009_kbs_13593443_20260712130000,SPEAKER_01,2620.72,2627.44,6.72,success,昔とかやったらこのイヤホンとか何で絡まってんの?って俺トイストーリーなんかと思ったわイヤホンって。,success,昔とかやったらこのイヤホンとか何で絡まってんの?って俺トイストーリーなんかと思ったわイヤホンって。,True,49,49,0
,009_kbs_13593443_20260712130000_seg_00656,009_kbs_13593443_20260712130000,SPEAKER_01,2629.04,2632.72,3.68,success,絡まっとんのかって、俺のポケットの中で、それぐらいもうすごいから。,success,絡まっとんのかって、俺のポケットの中で、それぐらいもうすごいから。,True,33,33,0
,009_kbs_13593443_20260712130000_seg_00657,009_kbs_13593443_20260712130000,SPEAKER_00,2634.24,2635.44,1.2,success,お兄ちゃんスタート確かに。,success,お兄ちゃん確かにさ。,False,13,10,-3
,009_kbs_13593443_20260712130000_seg_00658,009_kbs_13593443_20260712130000,SPEAKER_01,2636.32,2637.92,1.6,success,もうなんにもできへん。,success,もう何にもできへん。,False,11,10,-1
,009_kbs_13593443_20260712130000_seg_00659,009_kbs_13593443_20260712130000,SPEAKER_00,2638.0,2638.8,0.8,success,これニーラや。,success,これはニーイライラ。,False,7,10,3
,009_kbs_13593443_20260712130000_seg_00660,009_kbs_13593443_20260712130000,SPEAKER_01,2639.76,2640.32,0.56,success,続いて。,success,続いて。,True,4,4,0
,009_kbs_13593443_20260712130000_seg_00661,009_kbs_13593443_20260712130000,SPEAKER_00,2641.44,2642.0,0.56,success,ちょっと遠い。,success,ちょっと遠い?,False,7,7,0
,009_kbs_13593443_20260712130000_seg_00662,009_kbs_13593443_20260712130000,SPEAKER_00,2644.56,2646.0,1.44,success,塔の上から狙ってるな。,success,塔の上から狙ってるな。,True,11,11,0
,009_kbs_13593443_20260712130000_seg_00663,009_kbs_13593443_20260712130000,SPEAKER_01,2646.56,2666.24,19.68,success,ラジオネームとにおさん、自分はお酒が苦手で全く飲むことができません、しかし飲み会は好きでよく行くのですが、そのときになんも飲んでへんけど、私らのことどう思ってんの、どうせこんなに飲んでとか思ってるんやろ、お酒飲まんとよく揺れるななど、お酒を飲んでいないことで盛られることが多いです。,success,ラジオネーム、トニオさん、自分はお酒が苦手で全く飲むことができません、しかし飲み会は好きでよく行くのですが、そのときになんも飲んでへんけど、私らのことどう思ってんの、どうせこんなに飲んでとか思ってるんやろ、お酒飲まんとよく揺れるななど、お酒を飲んでいないことで盛られることが多いです。,False,141,142,1
,009_kbs_13593443_20260712130000_seg_00664,009_kbs_13593443_20260712130000,SPEAKER_01,2666.64,2671.44,4.8,success,気にせず適当に返事をしているのですがこれはお酒飲めないあるあるなのでしょうか。,success,まあ気にせず適当に返事をしているのですがこれはお酒飲めないあるあるなのでしょうか。,False,39,41,2
,009_kbs_13593443_20260712130000_seg_00665,009_kbs_13593443_20260712130000,SPEAKER_00,2672.16,2674.0,1.84,success,いやこれはねあの。,success,いやこれはねあの。,True,9,9,0
,009_kbs_13593443_20260712130000_seg_00666,009_kbs_13593443_20260712130000,SPEAKER_00,2675.28,2686.56,11.28,success,それはたぶん、ちょっと職場の人がちょっと過敏に反応し過ぎやけど、僕はもう、お兄ちゃんを知ってしまってるから、お兄ちゃんって、ほんまにお酒飲んでへんや人が思いそうなこと思ってんねん、毎回。,success,それは多分ちょっと職場の人がちょっと過敏に反応しすぎやけど僕はもうお兄ちゃんを知ってしまってるからお兄ちゃんってほんまにお酒飲んでへん人が思いそうなこと思ってんねん毎回。,False,93,85,-8
,009_kbs_13593443_20260712130000_seg_00667,009_kbs_13593443_20260712130000,SPEAKER_00,2687.92,2689.2,1.28,success,その冷めてるわけ。,success,その冷めてるわけ。,True,9,9,0
,009_kbs_13593443_20260712130000_seg_00668,009_kbs_13593443_20260712130000,SPEAKER_01,2690.0,2692.32,2.32,success,何回も怒ったことあるもんな、やっぱ飲んでるやつに。,success,何回も怒ったことあるもんなやっぱ飲んでるやつに。,False,25,24,-1
,009_kbs_13593443_20260712130000_seg_00669,009_kbs_13593443_20260712130000,SPEAKER_01,2692.72,2695.44,2.72,success,ええって、もうその話、もう、何回もしてる、お前。,success,ええってもうその話もう何回もしてるお前。,False,24,20,-4
,009_kbs_13593443_20260712130000_seg_00670,009_kbs_13593443_20260712130000,SPEAKER_00,2695.92,2700.4,4.48,success,あと、わーって盛り上がってるときに、ぱっとちらっと視野に入ったお兄ちゃんの、なんか。,success,であのあとワーッて盛り上がってる時にパッとちらっと視野に入ったお兄ちゃんの何か。,False,42,40,-2
,009_kbs_13593443_20260712130000_seg_00671,009_kbs_13593443_20260712130000,SPEAKER_00,2701.36,2702.24,0.88,success,ああ。,success,ああ。,True,3,3,0
,009_kbs_13593443_20260712130000_seg_00672,009_kbs_13593443_20260712130000,SPEAKER_01,2702.56,2703.2,0.64,success,帰り。,success,おかえり。,False,3,5,2
,009_kbs_13593443_20260712130000_seg_00673,009_kbs_13593443_20260712130000,SPEAKER_00,2703.84,2705.44,1.6,success,みたいな、あれ、冷めんねんな。,success,みたいなあれ冷めんねんな。,False,15,13,-2
,009_kbs_13593443_20260712130000_seg_00674,009_kbs_13593443_20260712130000,SPEAKER_01,2705.6,2708.24,2.64,success,いやだってもう飲んでへんからねやっぱテンション上がる。,success,いやだってもう飲んでへんからねやっぱテンション上がって。,False,27,28,1
,009_kbs_13593443_20260712130000_seg_00675,009_kbs_13593443_20260712130000,SPEAKER_00,2708.72,2710.24,1.52,success,こっちも言わへんやん。,success,こっちも言わへんやん。,True,11,11,0
,009_kbs_13593443_20260712130000_seg_00676,009_kbs_13593443_20260712130000,SPEAKER_00,2710.8,2714.16,3.36,success,お前、飲んでへんから、なんか何を思ってるか分からへんやろみたいな。,success,お前飲んでへんからなんか何を思ってるか分からへんやろみたいな。,False,33,31,-2
,009_kbs_13593443_20260712130000_seg_00677,009_kbs_13593443_20260712130000,SPEAKER_00,2714.72,2723.44,8.72,success,なんとか、お前、飲めや、お前、飲んでへんから、ノリが悪いんじゃ!とか言わへんのに、なんか、飲んでへんお兄ちゃんは、露骨にそれ出してくるときあるから。,success,なんとかお前飲めやお前飲んでへんからノリが悪いんじゃ!とか言わへんのになんか飲んでへんお兄ちゃんは露骨にそれ出してくる時あるから。,False,74,65,-9
,009_kbs_13593443_20260712130000_seg_00678,009_kbs_13593443_20260712130000,SPEAKER_00,2724.96,2727.52,2.56,success,それ見せんといて、こっちも冷めるときあんねん。,success,それ見せんといてこっちも冷める時あんねん。,False,23,21,-2
,009_kbs_13593443_20260712130000_seg_00679,009_kbs_13593443_20260712130000,SPEAKER_01,2727.52,2728.8,1.28,success,これ、だからもう、乗ってない。,success,だからもう行ってない。,False,15,11,-4
,009_kbs_13593443_20260712130000_seg_00680,009_kbs_13593443_20260712130000,SPEAKER_00,2730.4,2732.8,2.4,success,それちょっと職場の人はちょっといやらしすぎ。,success,それちょっと職場の人がちょっといらしすぎ。,False,22,21,-1
,009_kbs_13593443_20260712130000_seg_00681,009_kbs_13593443_20260712130000,SPEAKER_01,2733.2,2733.76,0.56,success,これは。,success,これは。,True,4,4,0
,009_kbs_13593443_20260712130000_seg_00682,009_kbs_13593443_20260712130000,SPEAKER_00,2733.84,2734.8,0.96,success,これは1位以来だ。,success,これは1依頼だ。,False,9,8,-1
,009_kbs_13593443_20260712130000_seg_00683,009_kbs_13593443_20260712130000,SPEAKER_01,2735.68,2741.44,5.76,success,さあというわけで今回のベストvライラはラジオネーム結婚できない女の上司の。,success,さあというわけで今回のベストオブイライラはラジオネーム結婚できない女の上司の。,False,37,39,2
,009_kbs_13593443_20260712130000_seg_00684,009_kbs_13593443_20260712130000,SPEAKER_01,2741.92,2743.76,1.84,success,うんちょっとマイナス思考の状態。,success,うんちょっとマイナスこうの状態。,False,16,16,0
,009_kbs_13593443_20260712130000_seg_00685,009_kbs_13593443_20260712130000,SPEAKER_01,2746.419824,2750.08,3.66,success,日頃のうっぷんいらいした話題、出来事をお待ちしております、イライラさせてのコーナーです。,success,日頃のうっぷんいらいした話題出来事お待ちしております。,False,44,27,-17
,009_kbs_13593443_20260712130000_seg_00686,009_kbs_13593443_20260712130000,SPEAKER_00,2750.48,2751.019873,0.54,success,応援してくれ。,success,応援してくれ。,True,7,7,0
,009_kbs_13593443_20260712130000_seg_00687,009_kbs_13593443_20260712130000,SPEAKER_00,2762.8,2774.4,11.6,success,2023年8月6日の放送分より祇園花月出番前のコロラドで亜生さんと一緒にいたとある後輩芸人の分までおごったお兄ちゃんですが。,success,ラジオネーム現役jkのユニナさんからの問題です2023年8月6日の放送分より祇園花月出番前のコロラドで亜生さんと一緒にいたとある後輩芸人の分までおごったお兄ちゃんですが。,False,62,85,23
,009_kbs_13593443_20260712130000_seg_00688,009_kbs_13593443_20260712130000,SPEAKER_00,2775.04,2780.4,5.36,success,経緯からは、ごちそうさまでしたのひと言がなかったと、ラジオ中に電話で問い詰めた。,success,経理からは、ごちそうさまでしたのひと言がなかったと、ラジオ中に電話で問い詰めた。,False,40,40,0
,009_kbs_13593443_20260712130000_seg_00689,009_kbs_13593443_20260712130000,SPEAKER_00,2781.04,2783.76,2.72,success,その後輩芸人とは一体誰だったでしょうか?,success,その後輩芸人とは一体誰だったでしょうか?,True,20,20,0
,009_kbs_13593443_20260712130000_seg_00690,009_kbs_13593443_20260712130000,SPEAKER_00,2784.4,2785.68,1.28,success,正解!,success,正解!,True,3,3,0
,009_kbs_13593443_20260712130000_seg_00691,009_kbs_13593443_20260712130000,SPEAKER_00,2786.88,2788.32,1.44,success,からし蓮根の伊織さん。,success,からし蓮根の伊織さん。,True,11,11,0
,009_kbs_13593443_20260712130000_seg_00692,009_kbs_13593443_20260712130000,SPEAKER_00,2788.56,2794.48,5.92,success,電話のあと、追いlineで、本当にすみませんでしたとメッセージが来た、気にするから。,success,電話のあと追いlineで本当にすいませんでしたとメッセージが来た気にするから。,False,42,39,-3
,009_kbs_13593443_20260712130000_seg_00693,009_kbs_13593443_20260712130000,SPEAKER_01,2796.32,2797.6,1.28,success,そりゃ怖いわな。,success,これは怖いわな。,False,8,8,0
,009_kbs_13593443_20260712130000_seg_00694,009_kbs_13593443_20260712130000,SPEAKER_00,2799.699854,2801.42002,1.72,success,分からんから、兄弟電話、まだ。,success,分からんから兄弟電話待って。,False,15,14,-1
,009_kbs_13593443_20260712130000_seg_00695,009_kbs_13593443_20260712130000,SPEAKER_02,2814.57998,2815.339941,0.76,success,一年に一度の晴れ。,success,5年に一度の晴れスポーツ。,False,9,13,4
,009_kbs_13593443_20260712130000_seg_00696,009_kbs_13593443_20260712130000,SPEAKER_01,2871.92,2875.12,3.2,success,さあ、この時間、皆さんから頂いたメッセージ、紹介していきましょう。,success,さあこの時間皆さんから頂いたメッセージ紹介していきましょう。,False,33,30,-3
,009_kbs_13593443_20260712130000_seg_00697,009_kbs_13593443_20260712130000,SPEAKER_00,2876.0,2879.76,3.76,success,昴生さん、亜生さん、西山さん、こんにちは、まだまだワールドカップの盛り上がり、すごいですか?,success,昴生さん、亜生さん、西山さん、こんにちは、まだまだワールドカップの盛り上がり、すごいですが。,False,46,46,0
,009_kbs_13593443_20260712130000_seg_00698,009_kbs_13593443_20260712130000,SPEAKER_00,2880.08,2887.76,7.68,success,海外のレジェンド選手が、キャプテン翼に夢中だったという動画を見つけました、キャプテン翼は読んだことがないので、影響力。,success,海外のレジェンド選手がキャプテン翼に夢中だったという動画を見つけました、キャプテン翼は読んだことがないので、影響力。,False,59,58,-1
,009_kbs_13593443_20260712130000_seg_00699,009_kbs_13593443_20260712130000,SPEAKER_00,2888.72,2890.24,1.52,success,確かに呼んだことないな、ちゃんと。,success,確かに読んだことないなちゃんと。,False,17,16,-1
,009_kbs_13593443_20260712130000_seg_00700,009_kbs_13593443_20260712130000,SPEAKER_01,2891.12,2891.68,0.56,success,うそやん。,success,うそやん。,True,5,5,0
,009_kbs_13593443_20260712130000_seg_00701,009_kbs_13593443_20260712130000,SPEAKER_00,2894.4,2896.4,2.0,success,今何かニュース編とか何か。,success,その今何かニュース編とか何か。,False,13,15,2
,009_kbs_13593443_20260712130000_seg_00702,009_kbs_13593443_20260712130000,SPEAKER_00,2897.28,2899.2,1.92,success,1部が終わるときとか知らん?,success,一部が終わる時とか知らん?,False,14,13,-1
,009_kbs_13593443_20260712130000_seg_00703,009_kbs_13593443_20260712130000,SPEAKER_01,2901.6,2904.24,2.64,success,そのあとのこの続編のやつまで読んでた。,success,そのあとのこの続編のやつまで読んでた。,True,19,19,0
,009_kbs_13593443_20260712130000_seg_00704,009_kbs_13593443_20260712130000,SPEAKER_00,2905.04,2907.28,2.24,success,俺、読んだことない、この機会に読んでみようと思いました。,success,俺読んだことないこの機会に読んでみようと思いました。,False,28,26,-2
,009_kbs_13593443_20260712130000_seg_00705,009_kbs_13593443_20260712130000,SPEAKER_00,2907.6,2910.48,2.88,success,サッカー漫画だとシュートデイズ。,success,サッカー漫画だとシュートデイズ。,True,16,16,0
,009_kbs_13593443_20260712130000_seg_00706,009_kbs_13593443_20260712130000,SPEAKER_00,2911.84,2919.68,7.84,success,中でもシュートの久保キャプテンの伝説のシーン、11人抜きは、その後の展開も相まって泣けてきます、お2人が大好きなサッカー漫画あれば。,success,中でもシュートの久保キャプテンの伝説のシーン、11人抜きは、その後の展開も相まって泣けてきます、お2人が大好きなサッカー漫画あれば。,True,66,66,0
,009_kbs_13593443_20260712130000_seg_00707,009_kbs_13593443_20260712130000,SPEAKER_01,2921.84,2922.72,0.88,success,俺は俺たちのふた。,success,これは俺たちの船。,False,9,9,0
,009_kbs_13593443_20260712130000_seg_00708,009_kbs_13593443_20260712130000,SPEAKER_00,2924.24,2925.6,1.36,success,俺たちのフィールド。,success,俺たちのフィールド。,True,10,10,0
,009_kbs_13593443_20260712130000_seg_00709,009_kbs_13593443_20260712130000,SPEAKER_01,2925.68,2926.4,0.72,success,うん。,success,うん。,True,3,3,0
,009_kbs_13593443_20260712130000_seg_00710,009_kbs_13593443_20260712130000,SPEAKER_01,2926.72,2927.52,0.8,success,トホイッスルで。,success,徒歩椅子で出てくる。,False,8,10,2
,009_kbs_13593443_20260712130000_seg_00711,009_kbs_13593443_20260712130000,SPEAKER_01,2928.0,2929.36,1.36,success,この2つはね。,success,うんこの2つはね。,False,7,9,2
,009_kbs_13593443_20260712130000_seg_00712,009_kbs_13593443_20260712130000,SPEAKER_00,2929.6,2930.24,0.64,success,鶴しかない。,success,それ少ない。,False,6,6,0
,009_kbs_13593443_20260712130000_seg_00713,009_kbs_13593443_20260712130000,SPEAKER_01,2930.72,2937.6,6.88,success,懐かしいな読んでたわうんこの2つやな。,success,風まつり師匠懐かしいな読んでたわうんこの2つやな。,False,19,25,6
,009_kbs_13593443_20260712130000_seg_00714,009_kbs_13593443_20260712130000,SPEAKER_01,2938.8,2940.24,1.44,success,またじっくり呼んでた。,success,また実際も読んでた。,False,11,10,-1
,009_kbs_13593443_20260712130000_seg_00715,009_kbs_13593443_20260712130000,SPEAKER_00,2940.48,2941.84,1.36,success,タジスタもよかったね。,success,スタジスタもよかったね。,False,11,12,1
,009_kbs_13593443_20260712130000_seg_00716,009_kbs_13593443_20260712130000,SPEAKER_01,2942.24,2943.36,1.12,success,ピアノの貴公子みたいな。,success,ピアノな貴公子みたいでな。,False,12,13,1
,009_kbs_13593443_20260712130000_seg_00717,009_kbs_13593443_20260712130000,SPEAKER_01,2943.6,2944.56,0.96,success,こうなんちゃらとかいう。,success,こうなんちゃらとかいう。,True,12,12,0
,009_kbs_13593443_20260712130000_seg_00718,009_kbs_13593443_20260712130000,SPEAKER_01,2947.92,2950.16,2.24,success,突然、突然ドリブル止まんねん。,success,突然突然ドリブル止まんねん。,False,15,14,-1
,009_kbs_13593443_20260712130000_seg_00719,009_kbs_13593443_20260712130000,SPEAKER_00,2950.24,2951.04,0.8,success,下向く。,success,下向く。,True,4,4,0
,009_kbs_13593443_20260712130000_seg_00720,009_kbs_13593443_20260712130000,SPEAKER_01,2951.04,2951.6,0.56,success,そうでした。,success,無差別。,False,6,4,-2
,009_kbs_13593443_20260712130000_seg_00721,009_kbs_13593443_20260712130000,SPEAKER_00,2952.16,2955.92,3.76,success,だからそれはでも現に今のメッシみたいな。,success,視野に入れない、だからそれはでも現に今のメッシみたいな。,False,20,28,8
,009_kbs_13593443_20260712130000_seg_00722,009_kbs_13593443_20260712130000,SPEAKER_01,2958.0,2958.8,0.8,success,やってることがね。,success,うんやってることがね。,False,9,11,2
,009_kbs_13593443_20260712130000_seg_00723,009_kbs_13593443_20260712130000,SPEAKER_01,2959.04,2963.6,4.56,success,だからメッシってすごい、メッシもそうやけど、大谷翔平もやっぱ、漫画から飛び出てきたような。,success,だからメッシってすごいメッシもそうやけど大谷翔平もやっぱ漫画から飛び出てきたような。,False,45,42,-3
,009_kbs_13593443_20260712130000_seg_00724,009_kbs_13593443_20260712130000,SPEAKER_00,2965.84,2968.64,2.8,success,俺たちのフィールドのさライバルなんていう名前やったっけ?,success,俺たちのフィールドのさライバル何ていう名前やったっけ?,False,28,27,-1
,009_kbs_13593443_20260712130000_seg_00725,009_kbs_13593443_20260712130000,SPEAKER_00,2970.08,2970.88,0.8,success,アルゼンチン代表。,success,アルゼンチン代表。,True,9,9,0
,009_kbs_13593443_20260712130000_seg_00726,009_kbs_13593443_20260712130000,SPEAKER_01,2972.24,2972.96,0.72,success,ダミアンロペス。,success,ダミアンロペス。,True,8,8,0
,009_kbs_13593443_20260712130000_seg_00727,009_kbs_13593443_20260712130000,SPEAKER_01,2974.0,2975.68,1.68,success,これだって家にもある。,success,これだって家にもあるでしょ。,False,11,14,3
,009_kbs_13593443_20260712130000_seg_00728,009_kbs_13593443_20260712130000,SPEAKER_00,2976.64,2980.72,4.08,success,ダミアンロペス背中に十字の傷がある男。,success,ダミアンロペス背中に十字の傷がある男。,True,19,19,0
,009_kbs_13593443_20260712130000_seg_00729,009_kbs_13593443_20260712130000,SPEAKER_01,2981.04,2981.68,0.64,success,妹。,success,妹。,True,2,2,0
,009_kbs_13593443_20260712130000_seg_00730,009_kbs_13593443_20260712130000,SPEAKER_01,2986.0,2987.52,1.52,success,ダミアンロペス、バンダナまいて。,success,ダミアンロペスバンダナ巻いてね。,False,16,16,0
,009_kbs_13593443_20260712130000_seg_00731,009_kbs_13593443_20260712130000,SPEAKER_01,2989.28,2989.92,0.64,success,そうそう。,success,そうそう。,True,5,5,0
,009_kbs_13593443_20260712130000_seg_00732,009_kbs_13593443_20260712130000,SPEAKER_00,2990.24,2993.28,3.04,success,言わせるなよ、俺は、俺たちのフィールドの。,success,忘れるなよ俺は俺たちのフィールドの。,False,21,18,-3
,009_kbs_13593443_20260712130000_seg_00733,009_kbs_13593443_20260712130000,SPEAKER_00,2993.52,3002.4,8.88,success,お父さんがコンビニ強盗を助ける、コンビニ強盗のなんか友達を助けるために、道の向かい側から。,success,えっとお父さんがコンビニ強盗を助けるコンビニ強盗の友達を助けるために道の向かい側から逃げた。,False,45,46,1
,009_kbs_13593443_20260712130000_seg_00734,009_kbs_13593443_20260712130000,SPEAKER_01,3002.72,3007.36,4.64,success,下手やで、下手に程ある。,success,本当、下手やねん、下手に程ある。,False,12,16,4
,009_kbs_13593443_20260712130000_seg_00735,009_kbs_13593443_20260712130000,SPEAKER_00,3008.08,3008.96,0.88,success,オーバーヘッドするよ。,success,オーバーヘッドをするよ。,False,11,12,1
,009_kbs_13593443_20260712130000_seg_00736,009_kbs_13593443_20260712130000,SPEAKER_01,3009.44,3010.16,0.72,success,最初のね。,success,最初のねしんどい。,False,5,9,4
,009_kbs_13593443_20260712130000_seg_00737,009_kbs_13593443_20260712130000,SPEAKER_01,3010.64,3014.4,3.76,success,主人公のお父さんがプロのサッカー選手やねん。,success,主人公のお父さんがプロのサッカー選手やねん。,True,22,22,0
,009_kbs_13593443_20260712130000_seg_00738,009_kbs_13593443_20260712130000,SPEAKER_01,3016.32,3017.76,1.44,success,うん、やばい?,success,うんやばい?,False,7,6,-1
,009_kbs_13593443_20260712130000_seg_00739,009_kbs_13593443_20260712130000,SPEAKER_01,3019.2,3042.64,23.44,success,それのプロサッカー選手で、もうjリーグが発足する前の話で、一緒にサッカーの試合があって、それ見た帰り、オーバーヘッドキックを失敗すんねん、その試合で、お父さんが、帰り道2人で歩いてたら、同級生の女の子がコンビニ経営してんねん、そのコンビニ経営してる、そのコンビニに強盗が入ってくんねん、酔っ払った強盗が、入ってきて、その。,success,会社やから、そう、それのプロサッカー選手で、もうjリーグが発足する前の話で、一緒にサッカーの試合があって、それ見た帰り、オーバーヘッドキックを失敗すんねん、その試合で、お父さんが、帰り道2人で歩いてたら、同級生の女の子がコンビニ経営してんねん、そのコンビニ経営してる、そのコンビニに強盗が入ってくんねん、酔っ払った強盗が、入ってきて、その。,False,161,170,9
,009_kbs_13593443_20260712130000_seg_00740,009_kbs_13593443_20260712130000,SPEAKER_01,3043.2,3054.0,10.8,success,自分の同級生の子を包丁で脅してるわけよ、金出せとかって、危ないってなったときに、そのお父さんが息子に、おい、今、センタリング上げろって言って、ボール、センタリング上げさせたんですね、道路に向かい。,success,自分の同級生の子を包丁で脅してるわけよ、金出せとかって、危ないってなったときに、そのお父さんが息子に、おい、今、センタリングを上げろって言って、ボール、センタリング上げたんですね、道路に向かい。,False,98,97,-1
,009_kbs_13593443_20260712130000_seg_00741,009_kbs_13593443_20260712130000,SPEAKER_01,3054.72,3056.08,1.36,success,そこからオーバーヘッドして。,success,そこからオーバーヘッドして。,True,14,14,0
,009_kbs_13593443_20260712130000_seg_00742,009_kbs_13593443_20260712130000,SPEAKER_00,3056.56,3057.28,0.72,success,お父さんの背中。,success,お父さんの背中。,True,8,8,0
,009_kbs_13593443_20260712130000_seg_00743,009_kbs_13593443_20260712130000,SPEAKER_01,3057.52,3065.52,8.0,success,ばーってオーバーヘッドして、そのオーバーヘッドしたボールが、その強盗に当たって、強盗を撃退するっていう。,success,バーッてオーバーヘッドしてそのオーバーヘッドしたボールがその強盗に当たって強盗を撃退するっていう。,False,52,49,-3
,009_kbs_13593443_20260712130000_seg_00744,009_kbs_13593443_20260712130000,SPEAKER_01,3066.56,3067.44,0.88,success,ゾーバヘッド!,success,ゾーパヘッド!,False,7,7,0
,009_kbs_13593443_20260712130000_seg_00745,009_kbs_13593443_20260712130000,SPEAKER_01,3068.32,3069.92,1.6,success,普通に蹴ったらええねん、普通に蹴ったらええ。,success,普通に蹴ったらええねん普通に蹴ったらええ。,False,22,21,-1
,009_kbs_13593443_20260712130000_seg_00746,009_kbs_13593443_20260712130000,SPEAKER_01,3070.8,3073.36,2.56,success,なんでお前とすんねんって、そこで。,success,なんでお前とすんねんってそこで。,False,17,16,-1
,009_kbs_13593443_20260712130000_seg_00747,009_kbs_13593443_20260712130000,SPEAKER_00,3073.68,3075.04,1.36,success,馬の小論文の力。,success,馬の小論文の力。,True,8,8,0
,009_kbs_13593443_20260712130000_seg_00748,009_kbs_13593443_20260712130000,SPEAKER_00,3075.84,3080.32,4.48,success,しかもその強盗の、強盗の男っていうのが、その。,success,しかもその強盗の強盗の男っていうのがその。,False,23,21,-2
,009_kbs_13593443_20260712130000_seg_00749,009_kbs_13593443_20260712130000,SPEAKER_01,3082.56,3083.92,1.36,success,そこつながってくるのが。,success,そこつながってくるのよ。,False,12,12,0
,009_kbs_13593443_20260712130000_seg_00750,009_kbs_13593443_20260712130000,SPEAKER_00,3086.0,3090.72,4.72,success,ドリブラーやねんけど、でもちょっと変わります、途中で、ドリブルしてます。,success,ドリブラーやねんけどでもちょっと変わります途中でドリブルしてます。,False,36,33,-3
,009_kbs_13593443_20260712130000_seg_00751,009_kbs_13593443_20260712130000,SPEAKER_01,3090.8,3092.64,1.84,success,読まへんて誰もこっから。,success,読まへんて誰もこっから。,True,12,12,0
,009_kbs_13593443_20260712130000_seg_00752,009_kbs_13593443_20260712130000,SPEAKER_01,3096.08,3103.92,7.84,success,俺たちのフィールドを買ってもらえるから、近所のおっちゃんとごはん行ってたもん、俺、パパ活みたいなのしてた、あんとき。,success,あんたは俺たちのフィールドを買ってもらえるから、近所のおっちゃんとごはん行ってたもん、俺、パパ活みたいなのしてた、あんとき。,False,58,62,4
,009_kbs_13593443_20260712130000_seg_00753,009_kbs_13593443_20260712130000,SPEAKER_01,3105.84,3112.24,6.4,success,小学4年生には、ヘビーすぎるぐらいの穴子天丼を食べに行くのよ、そのおっちゃんが。,success,小学4年生にはヘビーすぎるぐらいの穴子天丼を食べに行くのよそのおっちゃんが。,False,40,38,-2
,009_kbs_13593443_20260712130000_seg_00754,009_kbs_13593443_20260712130000,SPEAKER_01,3112.56,3117.12,4.56,success,そしたら、それを食べに行ったら、その帰りにそのおっちゃんが、俺たちのフィールド2貫買ってくれた。,success,そうそしたらそれを食べに行ったらその帰りにそのおっちゃんが俺たちのフィールドを2缶買ってくれた。,False,48,48,0
,009_kbs_13593443_20260712130000_seg_00755,009_kbs_13593443_20260712130000,SPEAKER_01,3117.76,3118.72,0.96,success,そのみかんのためにお前。,success,その日刊のためにお前。,False,12,11,-1
,009_kbs_13593443_20260712130000_seg_00756,009_kbs_13593443_20260712130000,SPEAKER_01,3119.84,3122.0,2.16,success,行ってたもん、もう帰りはきたなんねん、あれ。,success,出たもん、もう帰り白菜なんよ、あれ。,False,22,18,-4
,009_kbs_13593443_20260712130000_seg_00757,009_kbs_13593443_20260712130000,SPEAKER_01,3122.24,3126.16,3.92,success,小学校4年生にアナゴ天丼やっぱきつい。,success,あの小学校4年生にアナゴ天丼やっぱ来た。,False,19,20,1
,009_kbs_13593443_20260712130000_seg_00758,009_kbs_13593443_20260712130000,SPEAKER_01,3128.0,3129.12,1.12,success,やられてたから、おっちゃんに。,success,逃げられてたからおっちゃんに。,False,15,15,0
,009_kbs_13593443_20260712130000_seg_00759,009_kbs_13593443_20260712130000,SPEAKER_01,3129.6,3130.88,1.28,success,そうこれ。,success,そうこれ。,True,5,5,0
,009_kbs_13593443_20260712130000_seg_00760,009_kbs_13593443_20260712130000,SPEAKER_01,3133.36,3134.08,0.72,success,読んでないねんな。,success,絵読んでないねんな。,False,9,10,1
,009_kbs_13593443_20260712130000_seg_00761,009_kbs_13593443_20260712130000,SPEAKER_00,3137.12,3141.04,3.92,success,このサッカーの歴史で初めてちゃう、ロジックで。,success,このサッカーの歴史で初めてちゃうロジックで。,False,23,22,-1
,009_kbs_13593443_20260712130000_seg_00762,009_kbs_13593443_20260712130000,SPEAKER_01,3141.2,3141.739844,0.54,success,シュッ。,success,シッ。,False,4,3,-1
,009_kbs_13593443_20260712130000_seg_00763,009_kbs_13593443_20260712130000,SPEAKER_00,3142.899805,3144.56,1.66,success,必殺技とかもなく?,success,結構必殺技とかもなく?,False,9,11,2
,009_kbs_13593443_20260712130000_seg_00764,009_kbs_13593443_20260712130000,SPEAKER_00,3146.48,3147.68,1.2,success,知ってる人からしたら、めちゃくちゃ重い。,success,行ってる人からしたらめちゃくちゃおもろい。,False,20,21,1
,009_kbs_13593443_20260712130000_seg_00765,009_kbs_13593443_20260712130000,SPEAKER_01,3147.92,3151.52,3.6,success,イッスルもめっちゃよかったけどな、描写が、ほんまにサッカー好きな人が描いてんねやろ。,success,イッスルもめっちゃよかったけどな、描写が、ほんまにサッカー好きな人が書いてんねやろ。,False,42,42,0
,009_kbs_13593443_20260712130000_seg_00766,009_kbs_13593443_20260712130000,SPEAKER_01,3152.72,3153.36,0.64,success,うん。,success,うん。,True,3,3,0
,009_kbs_13593443_20260712130000_seg_00767,009_kbs_13593443_20260712130000,SPEAKER_01,3154.8,3157.2,2.4,success,あった、めっちゃホイッスルも買い直そうかな。,success,あった、めっちゃホイッスルも買い直そうかな。,True,22,22,0
,009_kbs_13593443_20260712130000_seg_00768,009_kbs_13593443_20260712130000,SPEAKER_01,3158.08,3158.88,0.8,success,ホイッスルだって。,success,ホイッスルだって。,True,9,9,0
,009_kbs_13593443_20260712130000_seg_00769,009_kbs_13593443_20260712130000,SPEAKER_01,3159.68,3160.96,1.28,success,15巻ぐらいしかないんちゃう?,success,15巻ぐらいしかないんちゃう?,True,15,15,0
,009_kbs_13593443_20260712130000_seg_00770,009_kbs_13593443_20260712130000,SPEAKER_01,3162.08,3162.64,0.56,success,変えるもんな。,success,買えるもんな。,False,7,7,0
,009_kbs_13593443_20260712130000_seg_00771,009_kbs_13593443_20260712130000,SPEAKER_01,3162.96,3164.56,1.6,success,買おうかなほんま。,success,買おうかなほんま。,True,9,9,0
,009_kbs_13593443_20260712130000_seg_00772,009_kbs_13593443_20260712130000,SPEAKER_01,3165.28,3166.56,1.28,success,どれがそろってる?,success,どれがそろってる?,True,9,9,0
,009_kbs_13593443_20260712130000_seg_00773,009_kbs_13593443_20260712130000,SPEAKER_00,3167.12,3168.4,1.28,success,これ、携帯に全部。,success,これ携帯に全部。,False,9,8,-1
,009_kbs_13593443_20260712130000_seg_00774,009_kbs_13593443_20260712130000,SPEAKER_01,3169.68,3170.24,0.56,success,やだ。,success,いやだ。,False,3,4,1
,009_kbs_13593443_20260712130000_seg_00775,009_kbs_13593443_20260712130000,SPEAKER_00,3170.32,3171.36,1.04,success,ジャイアントキリングとか。,success,ジャイアントキリングとか。,True,13,13,0
,009_kbs_13593443_20260712130000_seg_00776,009_kbs_13593443_20260712130000,SPEAKER_00,3172.32,3172.96,0.64,success,しかし。,success,懐かしい。,False,4,5,1
,009_kbs_13593443_20260712130000_seg_00777,009_kbs_13593443_20260712130000,SPEAKER_01,3173.04,3174.4,1.36,success,ジャイアンツキリングってもう終わってんの?,success,ジャイアントキリングってもう終わってんの?,False,21,21,0
,009_kbs_13593443_20260712130000_seg_00778,009_kbs_13593443_20260712130000,SPEAKER_01,3177.92,3180.88,2.96,success,これ、家にワンピース、スラムダンク。,success,これ家にonepieceslamdunk。,False,18,21,3
,009_kbs_13593443_20260712130000_seg_00779,009_kbs_13593443_20260712130000,SPEAKER_01,3181.84,3182.72,0.88,success,えっ?,success,えっ?,True,3,3,0
,009_kbs_13593443_20260712130000_seg_00780,009_kbs_13593443_20260712130000,SPEAKER_00,3183.36,3185.44,2.08,success,もうジャンプ少年やん。,success,もうジャンプ少年やん。,True,11,11,0
,009_kbs_13593443_20260712130000_seg_00781,009_kbs_13593443_20260712130000,SPEAKER_01,3188.32,3192.88,4.56,success,あと、俺、いっつもこれな、タイトル忘れてまうねん、持ってるくせに。,success,あとあの俺いっつもこれなタイトル忘れてまうねん持ってるくせに。,False,33,31,-2
,009_kbs_13593443_20260712130000_seg_00782,009_kbs_13593443_20260712130000,SPEAKER_01,3193.12,3195.2,2.08,success,サックスの話。,success,あのサックスの話。,False,7,9,2
,009_kbs_13593443_20260712130000_seg_00783,009_kbs_13593443_20260712130000,SPEAKER_01,3196.4,3200.24,3.84,success,サックスの話、bluegiantと。,success,サックスの話bluegiantと。,False,18,17,-1
,009_kbs_13593443_20260712130000_seg_00784,009_kbs_13593443_20260712130000,SPEAKER_00,3200.4,3202.72,2.32,success,ルジャイアントおもろいで、今、めちゃくちゃおもしろい。,success,ブルジャネットおもろいで今めちゃくちゃおもしろい。,False,27,25,-2
,009_kbs_13593443_20260712130000_seg_00785,009_kbs_13593443_20260712130000,SPEAKER_01,3202.8,3208.16,5.36,success,プレゼントと、それで俺たちのフィールドやろう、あと進撃の巨人。,success,bluegiantとそれで俺たちのフィルダーであと進撃の巨人。,False,31,31,0
,009_kbs_13593443_20260712130000_seg_00786,009_kbs_13593443_20260712130000,SPEAKER_00,3208.24,3208.88,0.64,success,はい。,success,わい!,False,3,3,0
,009_kbs_13593443_20260712130000_seg_00787,009_kbs_13593443_20260712130000,SPEAKER_01,3209.28,3210.4,1.12,success,持ってるわって。,success,持ってるわって。,True,8,8,0
,009_kbs_13593443_20260712130000_seg_00788,009_kbs_13593443_20260712130000,SPEAKER_00,3210.64,3211.68,1.04,success,雪の巨人読んでんねや。,success,雪の巨人読んでんねや。,True,11,11,0
,009_kbs_13593443_20260712130000_seg_00789,009_kbs_13593443_20260712130000,SPEAKER_01,3211.84,3212.96,1.12,success,あのマミちゃんや。,success,あの真海ちゃんや。,False,9,9,0
,009_kbs_13593443_20260712130000_seg_00790,009_kbs_13593443_20260712130000,SPEAKER_01,3214.08,3214.88,0.8,success,うん。,success,あっうん。,False,3,5,2
,009_kbs_13593443_20260712130000_seg_00791,009_kbs_13593443_20260712130000,SPEAKER_01,3215.92,3216.64,0.72,success,分かってない。,success,分かってない。,True,7,7,0
,009_kbs_13593443_20260712130000_seg_00792,009_kbs_13593443_20260712130000,SPEAKER_01,3220.24,3223.12,2.88,success,ピースもそうやねんけどな、読めへんねん、買ってるくせに。,success,ピースもそうやねんけどな読めへんねん買ってるくせに。,False,28,26,-2
,009_kbs_13593443_20260712130000_seg_00793,009_kbs_13593443_20260712130000,SPEAKER_01,3223.84,3227.68,3.84,success,読みだしたら、そこから訳分からへんから、10巻前から戻ったりすんねん。,success,で、読みだしたら、そこから訳分からへんから、10巻前から戻ったりすんねん。,False,35,37,2
,009_kbs_13593443_20260712130000_seg_00794,009_kbs_13593443_20260712130000,SPEAKER_01,3229.36,3231.04,1.68,success,飲んでる、ずっと同じとこ、分からんまま。,success,飲んでずっと同じとこ分からんまま。,False,20,17,-3
,009_kbs_13593443_20260712130000_seg_00795,009_kbs_13593443_20260712130000,SPEAKER_00,3231.28,3233.04,1.76,success,着くことなんかないけどな、ワンピースも。,success,着たことなんかないけどなワンピースも。,False,20,19,-1
,009_kbs_13593443_20260712130000_seg_00796,009_kbs_13593443_20260712130000,SPEAKER_01,3233.6,3242.059912,8.46,success,ちょっと難しいなでもなちょっと。というわけで皆さんもねどんな漫画ストックしてるかお聞かせくださいお待ちしております。,success,うんちょっと難しいなでもなちょっと。というわけで皆さんもねどんな漫画ストックしてるかお聞かせ下さいお待ちしております。,False,58,59,1
,009_kbs_13593443_20260712130000_seg_00797,009_kbs_13593443_20260712130000,SPEAKER_01,3248.08,3254.539893,6.46,success,ラジオネーム会員番号444遅咲き女将さんからの問題です問題梨泰院クラスのパクセルを拾う。,success,ラジオネーム会員番号444遅咲おかみさんからの問題です問題梨泰院クラスのパクセルを拾う。,False,44,44,0
,009_kbs_13593443_20260712130000_seg_00798,009_kbs_13593443_20260712130000,SPEAKER_01,3256.659814,3259.6,2.94,success,3問、都市伝説的な謎を感じました、それはなんでしょうか。,success,さんの都市伝説的な謎を感じましたそれは何でしょうか?,False,28,26,-2
,009_kbs_13593443_20260712130000_seg_00799,009_kbs_13593443_20260712130000,SPEAKER_00,3261.52,3262.08,0.56,success,伝説?,success,伝説。,False,3,3,0
,009_kbs_13593443_20260712130000_seg_00800,009_kbs_13593443_20260712130000,SPEAKER_00,3263.36,3265.44,2.08,success,日韓ワールドカップのロナウジーニョ。,success,日韓ワールドカップのロナウジーニョ。,True,18,18,0
,009_kbs_13593443_20260712130000_seg_00801,009_kbs_13593443_20260712130000,SPEAKER_01,3266.0,3268.0,2.0,success,坊ちゃんのね違います。,success,坊ちゃんのね違います。,True,11,11,0
,009_kbs_13593443_20260712130000_seg_00802,009_kbs_13593443_20260712130000,SPEAKER_01,3268.8,3274.16,5.36,success,あの髪形を始めたのは誰かパクセロイかお兄ちゃんかザマミィの酒井か。,success,あの髪形を始めたのは誰かパクセロイかお兄ちゃんかザマミィの酒井か。,True,33,33,0
,009_kbs_13593443_20260712130000_seg_00803,009_kbs_13593443_20260712130000,SPEAKER_01,3274.88,3276.64,1.76,success,誰なんだという。,success,誰なんだという。,True,8,8,0
,009_kbs_13593443_20260712130000_seg_00804,009_kbs_13593443_20260712130000,SPEAKER_00,3277.84,3278.56,0.72,success,パクロやったの?,success,パプセルをやったもんな。,False,8,12,4
,009_kbs_13593443_20260712130000_seg_00805,009_kbs_13593443_20260712130000,SPEAKER_00,3279.52,3281.9,2.38,success,こっちの線、なんか写真出てくるときに、パクセル。,success,こっちのなんか写真出てくる時にパクセル。,False,24,20,-4
,009_kbs_13593443_20260712130000_seg_00806,009_kbs_13593443_20260712130000,SPEAKER_01,3284.64,3285.259863,0.62,success,今日だけ待ってます。,success,今日ベルトな。,False,10,7,-3
,009_kbs_13593443_20260712130000_seg_00807,009_kbs_13593443_20260712130000,SPEAKER_02,3292.72,3293.419897,0.7,success,mk。,success,mk!,False,3,3,0
,009_kbs_13593443_20260712130000_seg_00808,009_kbs_13593443_20260712130000,SPEAKER_02,3308.08,3308.779883,0.7,success,チーチの85。,success,71の85。,False,7,6,-1
,009_kbs_13593443_20260712130000_seg_00809,009_kbs_13593443_20260712130000,SPEAKER_00,3312.64,3318.37998,5.74,success,どうもチュートリアの福田です徳井です京都にある今年も番組イベントが決定題してライブ!,success,どうもチュートリアルの福田です徳井です京都リアル今年も番組イベントが決定題してライブ!,False,42,43,1
,009_kbs_13593443_20260712130000_seg_00810,009_kbs_13593443_20260712130000,SPEAKER_00,3319.6,3322.32,2.72,success,愛の花咲く時もある的チュートリアル。,success,愛の花咲く時もある的チュートリアル。,True,18,18,0
,009_kbs_13593443_20260712130000_seg_00811,009_kbs_13593443_20260712130000,SPEAKER_00,3323.36,3324.13999,0.78,success,今回のゲストは。,success,今回のゲストは。,True,8,8,0
,009_kbs_13593443_20260712130000_seg_00812,009_kbs_13593443_20260712130000,SPEAKER_00,3325.299951,3327.68,2.38,success,何する、こいさんと。,success,サンジス何するこいさんと。,False,10,13,3
,009_kbs_13593443_20260712130000_seg_00813,009_kbs_13593443_20260712130000,SPEAKER_03,3327.92,3329.9,1.98,success,こいちゃんとはね。,success,こいちゃんとはね。,True,9,9,0
,009_kbs_13593443_20260712130000_seg_00814,009_kbs_13593443_20260712130000,SPEAKER_00,3337.84,3338.539893,0.7,success,ぬってるけどなに?,success,言ってるけど何する?,False,9,10,1
,009_kbs_13593443_20260712130000_seg_00815,009_kbs_13593443_20260712130000,SPEAKER_00,3340.72,3342.56,1.84,success,では10月4日土曜日午後2時から。,success,では10月4日土曜日午後2時からスタートです。,False,17,23,6
,009_kbs_13593443_20260712130000_seg_00816,009_kbs_13593443_20260712130000,SPEAKER_00,3343.36,3351.499854,8.14,success,ただいまfaniとkbs京都事業部で絶賛発売中詳しくは京都園のホームページをご覧ください。,success,bsソフチケットは前売り4400円ですただいまfaniとkbs京都事業部で絶賛発売中詳しくは京都園のホームページをご覧ください。,False,45,64,19
,009_kbs_13593443_20260712130000_seg_00817,009_kbs_13593443_20260712130000,SPEAKER_01,3372.88,3376.459814,3.58,success,例えば今週は杉岡家の時間です、むしゃむしゃのすごかった。,success,例えば今週は杉岡家の時間ですむしゃむしゃの杉岡家。,False,28,25,-3
,009_kbs_13593443_20260712130000_seg_00818,009_kbs_13593443_20260712130000,SPEAKER_01,3378.64,3379.339941,0.7,success,お届けしてるレッド。,success,お届けしてね。,False,10,7,-3
,009_kbs_13593443_20260712130000_seg_00819,009_kbs_13593443_20260712130000,SPEAKER_01,3380.56,3384.0,3.44,success,それでは聖君今週の水郷関係よろしくお願いします。,success,それでは聖君、今週の水郷関係、よろしくお願いします。,False,24,26,2
,009_kbs_13593443_20260712130000_seg_00820,009_kbs_13593443_20260712130000,SPEAKER_01,3384.32,3388.96,4.64,success,しかたないね、ちょっともうすぐ夏休みに入りますから。,success,おやすみ、しかたないね、もうすぐ夏休みに入りますから。,False,26,27,1
,009_kbs_13593443_20260712130000_seg_00821,009_kbs_13593443_20260712130000,SPEAKER_01,3389.52,3391.92,2.4,success,もう7月やで。,success,もう7月やで。,True,7,7,0
,009_kbs_13593443_20260712130000_seg_00822,009_kbs_13593443_20260712130000,SPEAKER_01,3392.8,3408.619971,15.82,success,番組では皆さんからのメールをお待ちしております、兄弟会議のテーマが好きなロックバンド、ルール、好きなロックバンドを教えてください、そして吾輩は貴一であるお悩み相談、イライラさせて、となりのヤザワ、昴生アサヒやってみなお題、クイズジングル、グッズのメッセージもお待ちしております。,success,番組では皆さんからのメールをお待ちしております、兄弟会議のテーマが好きなロックバンド、ルール、好きなロックバンドを教えてください、そして吾輩は喜一であるお悩み相談、イライラさせて、となりのヤザワ、昴生アサヒやってみよう題題、クイズジングル、グッズのメッセージもお待ちしております。,False,139,140,1
,009_kbs_13593443_20260712130000_seg_00823,009_kbs_13593443_20260712130000,SPEAKER_01,3413.619897,3414.37998,0.76,success,そちらまでお送りください。,success,こちらまでお送りください。,False,13,13,0
,009_kbs_13593443_20260712130000_seg_00824,009_kbs_13593443_20260712130000,SPEAKER_00,3416.08,3418.8,2.72,success,あとの僕はもう仕事、楽しみやで、そうなったら。,success,あとの僕はもう仕事楽しみやでそうなったら。,False,23,21,-2
,009_kbs_13593443_20260712130000_seg_00825,009_kbs_13593443_20260712130000,SPEAKER_01,3418.96,3420.88,1.92,success,趣味もくそもない、お前、だって、聞くだけや。,success,趣味もくそもないお前だって聞くだけや。,False,22,19,-3
,009_kbs_13593443_20260712130000_seg_00826,009_kbs_13593443_20260712130000,SPEAKER_00,3422.32,3424.08,1.76,success,俺はもうただただ聞くだけやから。,success,俺はもうただただ聞くだけやから。,True,16,16,0
,009_kbs_13593443_20260712130000_seg_00827,009_kbs_13593443_20260712130000,SPEAKER_01,3424.16,3425.9,1.74,success,俺はどんなこと?,success,俺はどんなこと。,False,8,8,0
,009_kbs_13593443_20260712130000_seg_00828,009_kbs_13593443_20260712130000,SPEAKER_01,3427.12,3428.48,1.36,success,止まるのかが楽しみ。,success,止まるのかが楽しみ。,True,10,10,0
,009_kbs_13593443_20260712130000_seg_00829,009_kbs_13593443_20260712130000,SPEAKER_01,3429.52,3431.28,1.76,success,それ言わんといてくださいとか。,success,それ言わんといて下さいとか。,False,15,14,-1
,009_kbs_13593443_20260712130000_seg_00830,009_kbs_13593443_20260712130000,SPEAKER_01,3431.92,3434.0,2.08,success,朝言ってないですとかが、たぶん連発。,success,朝言ってないですとかが多分連発する。,False,18,18,0
,009_kbs_13593443_20260712130000_seg_00831,009_kbs_13593443_20260712130000,SPEAKER_01,3436.24,3437.2,0.96,success,と覚えるは無理やわ。,success,覚えるは無理やわ。,False,10,9,-1
,009_kbs_13593443_20260712130000_seg_00832,009_kbs_13593443_20260712130000,SPEAKER_00,3437.2,3438.0,0.8,success,あの流れを。,success,あの流れを。,True,6,6,0
,009_kbs_13593443_20260712130000_seg_00833,009_kbs_13593443_20260712130000,SPEAKER_01,3439.2,3442.96,3.76,success,覚えれるっていうか、覚えるは難しいねん、記憶にはあるねんけど。,success,覚えれるっていうか、覚えるは難しいねん、記憶にはあるねんけど。,True,31,31,0
,009_kbs_13593443_20260712130000_seg_00834,009_kbs_13593443_20260712130000,SPEAKER_01,3445.44,3446.16,0.72,success,ともゆうが。,success,とも言うが。,False,6,6,0
,009_kbs_13593443_20260712130000_seg_00835,009_kbs_13593443_20260712130000,SPEAKER_00,3446.72,3447.36,0.64,success,まあでも。,success,まあでも。,True,5,5,0
,009_kbs_13593443_20260712130000_seg_00836,009_kbs_13593443_20260712130000,SPEAKER_00,3451.059961,3451.819922,0.76,success,お願いしますとかは。,success,お願いしますとかは?,False,10,10,0
,009_kbs_13593443_20260712130000_seg_00837,009_kbs_13593443_20260712130000,SPEAKER_01,3454.48,3457.28,2.8,success,めっちゃ細かく見てるかっていったら、そうでもない、もちろんな。,success,めっちゃ細かく見てるかっていったらそうでもないもちろんな。,False,31,29,-2
,009_kbs_13593443_20260712130000_seg_00838,009_kbs_13593443_20260712130000,SPEAKER_01,3458.16,3460.88,2.72,success,めっちゃ好きで、何回も見てる作品とかやったら、まだ分からない。,success,めっちゃ好きで、何回も見てる作品とかやったら、まだ分からん。,False,31,30,-1
,009_kbs_13593443_20260712130000_seg_00839,009_kbs_13593443_20260712130000,SPEAKER_01,3461.2,3465.68,4.48,success,でもおもしろかった、めっちゃ、ほんまに、なんか情報が解禁されたら、みんな見てほしいぐらい。,success,けどな、でもおもしろかった、めっちゃ、ほんまに、なんか情報が解禁されたら、みんな見てほしいぐらい。,False,45,49,4
,009_kbs_13593443_20260712130000_seg_00840,009_kbs_13593443_20260712130000,SPEAKER_01,3468.88,3472.48,3.6,success,っていうのがなかったら、めっちゃ見てもらいたいぐらい。,success,っていうのがなかったらめっちゃ見てもらいたいぐらい。,False,27,26,-1
,009_kbs_13593443_20260712130000_seg_00841,009_kbs_13593443_20260712130000,SPEAKER_01,3472.88,3473.9,1.02,success,韓国ってすっごい。,success,韓国ってすっごい。,True,9,9,0
,009_kbs_13593443_20260712130000_seg_00842,009_kbs_13593443_20260712130000,SPEAKER_01,3475.059961,3477.259863,2.2,success,なんか、俺、韓国ドラマとかもほんま見てないねん。,success,なんか俺、韓国ドラマとか、ほんま見てないねん。,False,24,23,-1
,009_kbs_13593443_20260712130000_seg_00843,009_kbs_13593443_20260712130000,SPEAKER_01,3482.8,3485.2,2.4,success,唯一、その梨泰院クラス見たぐらいやから。,success,唯一梨泰院クラス見ちゃうぐらいやから。,False,20,19,-1
,009_kbs_13593443_20260712130000_seg_00844,009_kbs_13593443_20260712130000,SPEAKER_00,3486.64,3487.339941,0.7,success,梨泰院クラス。,success,梨泰院クラス入った。,False,7,10,3
,009_kbs_13593443_20260712130000_seg_00845,009_kbs_13593443_20260712130000,SPEAKER_01,3489.52,3492.32,2.8,success,見てから、そのパクリの梨泰院クラスを見たから。,success,見てからそのパクリの梨泰院クラスを見たから。,False,23,22,-1
,009_kbs_13593443_20260712130000_seg_00846,009_kbs_13593443_20260712130000,SPEAKER_01,3493.52,3494.059912,0.54,success,いいキャッチ。,success,いける。,False,7,4,-3
,009_kbs_13593443_20260712130000_seg_00847,009_kbs_13593443_20260712130000,SPEAKER_01,3500.72,3502.32,1.6,success,まんま壁方とか全くしない。,success,これまんま壁活動全くしてない。,False,13,15,2
,009_kbs_13593443_20260712130000_seg_00848,009_kbs_13593443_20260712130000,SPEAKER_01,3503.12,3504.0,0.88,success,主題歌とかも。,success,主題歌とかも。,True,7,7,0
,009_kbs_13593443_20260712130000_seg_00849,009_kbs_13593443_20260712130000,SPEAKER_01,3506.8,3508.88,2.08,success,もうそれ、韓国やなと思いましたよ。,success,もうそれ残酷やなと思いましたよ。,False,17,16,-1
,009_kbs_13593443_20260712130000_seg_00850,009_kbs_13593443_20260712130000,SPEAKER_00,3509.92,3511.76,1.84,success,そういうとこ監督やな。,success,そういうとこ監督やな。,True,11,11,0
,009_kbs_13593443_20260712130000_seg_00851,009_kbs_13593443_20260712130000,SPEAKER_00,3512.16,3513.04,0.88,success,国際問題?,success,国際問題?,True,5,5,0
,009_kbs_13593443_20260712130000_seg_00852,009_kbs_13593443_20260712130000,SPEAKER_01,3514.08,3515.76,1.68,success,いやー、ちょっとね、ぜひ。,success,いやちょっとねぜひ。,False,13,10,-3
,009_kbs_13593443_20260712130000_seg_00853,009_kbs_13593443_20260712130000,SPEAKER_00,3516.16,3518.16,2.0,success,情報解任されて、こちらでもね。,success,情報解禁されて、こちらでもね。,False,15,15,0
,009_kbs_13593443_20260712130000_seg_00854,009_kbs_13593443_20260712130000,SPEAKER_01,3519.84,3521.44,1.6,success,この話は。,success,この話は。,True,5,5,0
,009_kbs_13593443_20260712130000_seg_00855,009_kbs_13593443_20260712130000,SPEAKER_00,3522.72,3524.299902,1.58,success,というわけでまた来週ですさようなら。,success,というわけでまた来週ですさようなら。,True,18,18,0
,009_kbs_13593443_20260712130000_seg_00856,009_kbs_13593443_20260712130000,SPEAKER_03,3540.48,3544.32,3.84,success,祇園山鉾御利益巡り。,success,祇園山鉾御利益巡り。,True,10,10,0
,009_kbs_13593443_20260712130000_seg_00857,009_kbs_13593443_20260712130000,SPEAKER_03,3597.04,3599.84,2.8,success,今日を楽しむkbs京都ラジオ。,success,今日を楽しむkbs京都ラジオ。,True,15,15,0
