segment_index,segment_id,target_id,speaker,start_sec,end_sec,duration_sec,parakeet_exact_status,parakeet_exact_text,parakeet_silence2_status,parakeet_silence2_text,texts_match,exact_chars,silence2_chars,char_diff
,013_fmaichi_13597414_20260714082000_seg_00000,013_fmaichi_13597414_20260714082000,SPEAKER_00,2.8,4.94,2.14,success,オーマイウェイウェイ。,success,ハローウェイボー。,False,11,9,-2
,013_fmaichi_13597414_20260714082000_seg_00001,013_fmaichi_13597414_20260714082000,SPEAKER_00,48.4,50.059998,1.66,success,花火がまだ開く前なのかな。,success,花火がまだ開く前なのかな。,True,13,13,0
,013_fmaichi_13597414_20260714082000_seg_00002,013_fmaichi_13597414_20260714082000,SPEAKER_00,80.020002,80.780001,0.76,success,来ましたね。,success,来ましたね。,True,6,6,0
,013_fmaichi_13597414_20260714082000_seg_00003,013_fmaichi_13597414_20260714082000,SPEAKER_00,83.380003,84.620001,1.24,success,誕生日の写真を収めようと。,success,みんな写真を収めようと。,False,13,12,-1
,013_fmaichi_13597414_20260714082000_seg_00004,013_fmaichi_13597414_20260714082000,SPEAKER_00,95.380003,96.620001,1.24,success,死のセンスがないのかもしれない。,success,受診のセンスがないのかもしれない。,False,16,17,1
,013_fmaichi_13597414_20260714082000_seg_00005,013_fmaichi_13597414_20260714082000,SPEAKER_00,104.980001,105.74,0.76,success,なるべく手ぶれを知らせて。,success,なるべく手ぶれ推し。,False,13,10,-3
,013_fmaichi_13597414_20260714082000_seg_00006,013_fmaichi_13597414_20260714082000,SPEAKER_00,109.300001,111.500002,2.2,success,手でスマホを固定して取るという。,success,手でスマホを固定して撮るということですね。,False,16,21,5
,013_fmaichi_13597414_20260714082000_seg_00007,013_fmaichi_13597414_20260714082000,SPEAKER_00,128.500002,129.259993,0.76,success,バスがないかも。,success,パスがないかも。,False,8,8,0
,013_fmaichi_13597414_20260714082000_seg_00008,013_fmaichi_13597414_20260714082000,SPEAKER_00,142.899995,143.659995,0.76,success,いう方もいます。,success,いう方もいます。,True,8,8,0
,013_fmaichi_13597414_20260714082000_seg_00009,013_fmaichi_13597414_20260714082000,SPEAKER_00,147.219987,147.979994,0.76,success,がなんとなく。,success,ですがなんと。,False,7,7,0
,013_fmaichi_13597414_20260714082000_seg_00010,013_fmaichi_13597414_20260714082000,SPEAKER_00,153.939989,154.699995,0.76,success,もしかしたらいるかも。,success,もしかしたらいるかもしれない。,False,11,15,4
,013_fmaichi_13597414_20260714082000_seg_00011,013_fmaichi_13597414_20260714082000,SPEAKER_00,159.699991,160.939993,1.24,success,カモ!なんていうね。,success,カモ!なんていうね。,True,10,10,0
,013_fmaichi_13597414_20260714082000_seg_00012,013_fmaichi_13597414_20260714082000,SPEAKER_01,166.0,166.699995,0.7,success,モーニンググリーン。,success,僕のモーニングウィーク。,False,10,12,2
,013_fmaichi_13597414_20260714082000_seg_00013,013_fmaichi_13597414_20260714082000,SPEAKER_01,170.739992,173.419997,2.68,success,リクエストはxから#ブリーズ80。,success,リクエストはxから#breas80。,False,17,18,1
,013_fmaichi_13597414_20260714082000_seg_00014,013_fmaichi_13597414_20260714082000,SPEAKER_01,176.08,178.219992,2.14,success,ウェブサイトのメッセージ&リクエスト。,success,ウェブサイトのメッセージ&リクエスト。,True,19,19,0
,013_fmaichi_13597414_20260714082000_seg_00015,013_fmaichi_13597414_20260714082000,SPEAKER_01,207.219987,207.979994,0.76,success,いっぱいの一日です。,success,いっぱいの一日です。,True,10,10,0
,013_fmaichi_13597414_20260714082000_seg_00016,013_fmaichi_13597414_20260714082000,SPEAKER_00,219.219987,219.979994,0.76,success,心の状況で。,success,プロの状況です。,False,6,8,2
,013_fmaichi_13597414_20260714082000_seg_00017,013_fmaichi_13597414_20260714082000,SPEAKER_00,221.68,226.219992,4.54,success,千葉市港区の国道23号線が工事のため通行止めになっています。,success,市港区の国道23号線が工事のため通行止めになっています。,False,30,28,-2
,013_fmaichi_13597414_20260714082000_seg_00018,013_fmaichi_13597414_20260714082000,SPEAKER_00,230.32,231.499991,1.18,success,三重市港区竜王。,success,大宮市港区竜王。,False,8,8,0
,013_fmaichi_13597414_20260714082000_seg_00019,013_fmaichi_13597414_20260714082000,SPEAKER_00,233.68,235.339995,1.66,success,上下線とも通行止め。,success,上下線とも通行止め。,True,10,10,0
,013_fmaichi_13597414_20260714082000_seg_00020,013_fmaichi_13597414_20260714082000,SPEAKER_00,237.04,239.179991,2.14,success,このため竜宮インターを先頭に。,success,このため竜宮インターを先頭に。,True,15,15,0
,013_fmaichi_13597414_20260714082000_seg_00021,013_fmaichi_13597414_20260714082000,SPEAKER_00,240.4,242.539992,2.14,success,もうおよそ1kmを渋滞しています。,success,およそ1kmを渋滞しています。,False,17,15,-2
,013_fmaichi_13597414_20260714082000_seg_00022,013_fmaichi_13597414_20260714082000,SPEAKER_00,246.16,250.219992,4.06,success,県道五ツ勝川線が故障車のため通行止めになっています。,success,県道五つかち川線が故障車のため通行止めになっています。,False,26,27,1
,013_fmaichi_13597414_20260714082000_seg_00023,013_fmaichi_13597414_20260714082000,SPEAKER_00,252.88,253.579985,0.7,success,十津川さん。,success,二日違わす。,False,6,6,0
,013_fmaichi_13597414_20260714082000_seg_00024,013_fmaichi_13597414_20260714082000,SPEAKER_00,255.76,264.140005,8.38,success,5丁目交差点と勝川町六丁目交差点の間が故障車のため両方向とも通行止めです。,success,立川町5丁目交差点と勝川町6丁目交差点の間が故障者のため両方向とも通行止めです。,False,37,40,3
,013_fmaichi_13597414_20260714082000_seg_00025,013_fmaichi_13597414_20260714082000,SPEAKER_00,266.260004,267.02001,0.76,success,トルの状況。,success,ソウルの状況。,False,6,7,1
,013_fmaichi_13597414_20260714082000_seg_00026,013_fmaichi_13597414_20260714082000,SPEAKER_00,270.1,271.819998,1.72,success,瀬道が講師のため渋滞。,success,世道が講師のため渋滞です。,False,11,13,2
,013_fmaichi_13597414_20260714082000_seg_00027,013_fmaichi_13597414_20260714082000,SPEAKER_00,274.0,277.099997,3.1,success,東名阪道の亀山方面に向かう下り線は。,success,東名阪道の亀山方面に向かう下り線。,False,18,17,-1
,013_fmaichi_13597414_20260714082000_seg_00028,013_fmaichi_13597414_20260714082000,SPEAKER_00,278.32,283.340002,5.02,success,インターネット付近で工事のため追い越し車線が規制されていて4kmの渋滞です。,success,インター付近で工事のため追い越し車線が規制されていて4kmの渋滞。,False,38,33,-5
,013_fmaichi_13597414_20260714082000_seg_00029,013_fmaichi_13597414_20260714082000,SPEAKER_00,284.56,287.66001,3.1,success,この渋滞の通過時間はおよそ20分です。,success,この渋滞の通過時間はおよそ20分です。,True,19,19,0
,013_fmaichi_13597414_20260714082000_seg_00030,013_fmaichi_13597414_20260714082000,SPEAKER_00,288.88,290.060004,1.18,success,伊勢堂の亀山本。,success,伊勢堂の神山本。,False,8,8,0
,013_fmaichi_13597414_20260714082000_seg_00031,013_fmaichi_13597414_20260714082000,SPEAKER_00,291.28,291.980002,0.7,success,専務。,success,専務。,True,3,3,0
,013_fmaichi_13597414_20260714082000_seg_00032,013_fmaichi_13597414_20260714082000,SPEAKER_00,293.76,297.740012,3.98,success,工事のため追い越し車線が規制されていて1キロを渋滞しています。,success,工事のため追い越し車線が規制されていて1キロを渋滞しています。,True,31,31,0
,013_fmaichi_13597414_20260714082000_seg_00033,013_fmaichi_13597414_20260714082000,SPEAKER_00,300.88,303.500006,2.62,success,の名阪国道が事故のため渋滞しています。,success,名阪国道が事故のため渋滞しています。,False,19,18,-1
,013_fmaichi_13597414_20260714082000_seg_00034,013_fmaichi_13597414_20260714082000,SPEAKER_00,305.2,307.819998,2.62,success,阪国道は奈良県方面に向かう下り線。,success,京阪国道は奈良県方面に向かう下り線。,False,17,18,1
,013_fmaichi_13597414_20260714082000_seg_00035,013_fmaichi_13597414_20260714082000,SPEAKER_00,310.0,312.140005,2.14,success,の先にある?? トンネル付近です。,success,その先にある ?? トンネル付近です。,False,17,19,2
,013_fmaichi_13597414_20260714082000_seg_00036,013_fmaichi_13597414_20260714082000,SPEAKER_00,313.84,317.9,4.06,success,このため、追い越し車線が規制されていて、5キロを渋滞しています。,success,事故のため追い越し車線が規制されていて5キロを渋滞しています。,False,32,31,-1
,013_fmaichi_13597414_20260714082000_seg_00037,013_fmaichi_13597414_20260714082000,SPEAKER_00,320.08,322.48,2.4,success,交通情報センターの石橋でした。,success,交通情報センターの石橋でした。,True,15,15,0
,013_fmaichi_13597414_20260714082000_seg_00038,013_fmaichi_13597414_20260714082000,SPEAKER_00,323.92,328.08,4.16,success,次の情報は8時35分ごろお伝えします。,success,次の情報は8時35分ごろお伝えします。,True,19,19,0
,013_fmaichi_13597414_20260714082000_seg_00039,013_fmaichi_13597414_20260714082000,SPEAKER_01,576.0,586.219977,10.22,success,オープニングでお話しした花火の写真モーニングブリーズの公式xにアップしてありますので見て花火どこ?ってなってください。,success,オープニングでお話しした花火の写真モーニングブリーズの公式xにアップしてありますので見て花火どこ?ってなってください。,True,59,59,0
,013_fmaichi_13597414_20260714082000_seg_00040,013_fmaichi_13597414_20260714082000,SPEAKER_02,633.52,634.32,0.8,success,井村屋。,success,井村屋。,True,4,4,0
,013_fmaichi_13597414_20260714082000_seg_00041,013_fmaichi_13597414_20260714082000,SPEAKER_02,634.56,635.52,0.96,success,玉木宏です。,success,玉木宏です。,True,6,6,0
,013_fmaichi_13597414_20260714082000_seg_00042,013_fmaichi_13597414_20260714082000,SPEAKER_02,636.08,637.84,1.76,success,小豆は実は3種類。,success,小豆は実は3種類。,True,9,9,0
,013_fmaichi_13597414_20260714082000_seg_00043,013_fmaichi_13597414_20260714082000,SPEAKER_01,938.8,940.96,2.16,success,津任谷由美守ってあげたいでした。,success,津任谷由美守ってあげたいでした。,True,16,16,0
,013_fmaichi_13597414_20260714082000_seg_00044,013_fmaichi_13597414_20260714082000,SPEAKER_00,945.52,947.179968,1.66,success,この時間はウェークアップ。,success,この時間はウェークアップ。,True,13,13,0
,013_fmaichi_13597414_20260714082000_seg_00045,013_fmaichi_13597414_20260714082000,SPEAKER_00,948.4,949.579962,1.18,success,このことばしってる?,success,このことばしってる?,True,10,10,0
,013_fmaichi_13597414_20260714082000_seg_00046,013_fmaichi_13597414_20260714082000,SPEAKER_03,973.84,975.019965,1.18,success,画面に向かう下り線。,success,海に向かう下り線。,False,10,9,-1
,013_fmaichi_13597414_20260714082000_seg_00047,013_fmaichi_13597414_20260714082000,SPEAKER_03,993.04,995.179968,2.14,success,センターの先にあるカブトトンネルで。,success,モニターの先にあるカブトトンネルで。,False,18,18,0
,013_fmaichi_13597414_20260714082000_seg_00048,013_fmaichi_13597414_20260714082000,SPEAKER_03,996.4,998.539954,2.14,success,準備が行われていた影響で渋滞しました。,success,準備が行われていた影響で渋滞しています。,False,19,20,1
,013_fmaichi_13597414_20260714082000_seg_00049,013_fmaichi_13597414_20260714082000,SPEAKER_03,1004.019952,1006.219946,2.2,success,内山線が事故のため渋滞しています。,success,福山線が事故のため渋滞しています。,False,17,17,0
,013_fmaichi_13597414_20260714082000_seg_00050,013_fmaichi_13597414_20260714082000,SPEAKER_03,1013.68,1014.859961,1.18,success,pk2キロ充電。,success,pkニキロ充電。,False,8,8,0
,013_fmaichi_13597414_20260714082000_seg_00051,013_fmaichi_13597414_20260714082000,SPEAKER_03,1018.0,1019.179968,1.18,success,高瀬の南行き。,success,高山の南行き。,False,7,7,0
,013_fmaichi_13597414_20260714082000_seg_00052,013_fmaichi_13597414_20260714082000,SPEAKER_03,1020.4,1021.099951,0.7,success,鬼。,success,本当に。,False,2,4,2
,013_fmaichi_13597414_20260714082000_seg_00053,013_fmaichi_13597414_20260714082000,SPEAKER_03,1022.739954,1023.979956,1.24,success,地方ジャンクションまで。,success,片羽ジャンクションまで。,False,12,12,0
,013_fmaichi_13597414_20260714082000_seg_00054,013_fmaichi_13597414_20260714082000,SPEAKER_03,1034.8,1038.37998,3.58,success,インターで工事のため、上下線とも通行止めになっています。,success,インターで工事のため上下線とも通行止めになっています。,False,28,27,-1
,013_fmaichi_13597414_20260714082000_seg_00055,013_fmaichi_13597414_20260714082000,SPEAKER_03,1042.96,1043.659949,0.7,success,東有口。,success,東行き。,False,4,4,0
,013_fmaichi_13597414_20260714082000_seg_00056,013_fmaichi_13597414_20260714082000,SPEAKER_03,1044.88,1047.499976,2.62,success,区東海橋付近で2キロの渋滞。,success,東海橋付近で2キロの渋滞。,False,14,13,-1
,013_fmaichi_13597414_20260714082000_seg_00057,013_fmaichi_13597414_20260714082000,SPEAKER_03,1049.68,1050.859961,1.18,success,東行きは。,success,東行きは。,True,5,5,0
,013_fmaichi_13597414_20260714082000_seg_00058,013_fmaichi_13597414_20260714082000,SPEAKER_03,1052.56,1055.179907,2.62,success,市付近を先頭に3キロ渋滞しています。,success,口付近を先頭に3キロ渋滞しています。,False,18,18,0
,013_fmaichi_13597414_20260714082000_seg_00059,013_fmaichi_13597414_20260714082000,SPEAKER_03,1063.539941,1065.36,1.82,success,7時15分ごろお伝えします。,success,7時15分ごろお伝えします。,True,14,14,0
,013_fmaichi_13597414_20260714082000_seg_00060,013_fmaichi_13597414_20260714082000,SPEAKER_03,1066.72,1067.659949,0.94,success,nexco中日本。,success,nexco中日本。,True,9,9,0
,013_fmaichi_13597414_20260714082000_seg_00061,013_fmaichi_13597414_20260714082000,SPEAKER_03,1069.92,1071.019995,1.1,success,夜間閉鎖のお知らせです。,success,夜間閉鎖のお知らせ。,False,12,10,-2
,013_fmaichi_13597414_20260714082000_seg_00062,013_fmaichi_13597414_20260714082000,SPEAKER_03,1075.059961,1075.819922,0.76,success,15日まで。,success,15日まで。,True,6,6,0
,013_fmaichi_13597414_20260714082000_seg_00063,013_fmaichi_13597414_20260714082000,SPEAKER_03,1087.12,1087.819922,0.7,success,箇所が異なる。,success,箇所が異なります。,False,7,9,2
,013_fmaichi_13597414_20260714082000_seg_00064,013_fmaichi_13597414_20260714082000,SPEAKER_00,1188.33999,1189.579932,1.24,success,ラブラジオショッピングのお時間です。,success,loveラジオショッピングのお時間です。,False,18,20,2
,013_fmaichi_13597414_20260714082000_seg_00065,013_fmaichi_13597414_20260714082000,SPEAKER_00,1190.8,1191.92,1.12,success,パンお願いします。,success,パンお願いします。,True,9,9,0
,013_fmaichi_13597414_20260714082000_seg_00066,013_fmaichi_13597414_20260714082000,SPEAKER_01,1192.0,1193.28,1.28,success,おはようございます。,success,おはようございます。,True,10,10,0
,013_fmaichi_13597414_20260714082000_seg_00067,013_fmaichi_13597414_20260714082000,SPEAKER_01,1196.08,1201.2,5.12,success,今週とか来週頭に、お子さんが終業式っていうご家庭も多いです。,success,今週とか来週頭に、お子さんが終業式っていうご家庭も多いです。,True,30,30,0
,013_fmaichi_13597414_20260714082000_seg_00068,013_fmaichi_13597414_20260714082000,SPEAKER_00,1201.68,1203.68,2.0,success,そうですね、うちも今週金曜日が。,success,そうですねうちも今週金曜日が。,False,16,15,-1
,013_fmaichi_13597414_20260714082000_seg_00069,013_fmaichi_13597414_20260714082000,SPEAKER_01,1205.68,1207.76,2.08,success,さあ、いよいよ夏休みシーズンですよ。,success,さあ、いよいよ夏休みシーズンですよ。,True,18,18,0
,013_fmaichi_13597414_20260714082000_seg_00070,013_fmaichi_13597414_20260714082000,SPEAKER_00,1207.92,1208.48,0.56,success,いましたね。,success,いましたね。,True,6,6,0
,013_fmaichi_13597414_20260714082000_seg_00071,013_fmaichi_13597414_20260714082000,SPEAKER_01,1208.8,1210.96,2.16,success,お子さんはテンション上がってるでしょうか?,success,お子さんはテンション上がってるでしょうか?,True,21,21,0
,013_fmaichi_13597414_20260714082000_seg_00072,013_fmaichi_13597414_20260714082000,SPEAKER_01,1212.0,1216.32,4.32,success,皆さんからするとねいろいろ悩みはありますよね。,success,皆さんからするとねいろいろ悩みはありますよね。,True,23,23,0
,013_fmaichi_13597414_20260714082000_seg_00073,013_fmaichi_13597414_20260714082000,SPEAKER_00,1216.96,1218.24,1.28,success,本当、間違いない、本当。,success,本当間違いない本当間違いない。,False,12,15,3
,013_fmaichi_13597414_20260714082000_seg_00074,013_fmaichi_13597414_20260714082000,SPEAKER_01,1219.2,1230.16,10.96,success,お子さんの毎日のお昼ごはん、どうしようかな、でもお昼ごはん考えると、もう晩ごはんまで考えるのが面倒だっていうお悩み、すでにあるんじゃないですか。,success,お子さんの毎日のお昼ごはんどうしようかなでもお昼ごはん考えるともう晩ごはんまで考えるのが面倒だっていうお悩みすでにあるんじゃないですか?,False,72,68,-4
,013_fmaichi_13597414_20260714082000_seg_00075,013_fmaichi_13597414_20260714082000,SPEAKER_00,1230.48,1231.92,1.44,success,今から頭痛いですよ。,success,今から頭痛いですよ本当に。,False,10,13,3
,013_fmaichi_13597414_20260714082000_seg_00076,013_fmaichi_13597414_20260714082000,SPEAKER_00,1234.64,1235.52,0.88,success,そうですよねだって。,success,そうですよねだから。,False,10,10,0
,013_fmaichi_13597414_20260714082000_seg_00077,013_fmaichi_13597414_20260714082000,SPEAKER_00,1236.08,1239.68,3.6,success,休みの間中も、もちろん大人は仕事ありますし。,success,休みの間中ももちろん大人は仕事ありますし。,False,22,21,-1
,013_fmaichi_13597414_20260714082000_seg_00078,013_fmaichi_13597414_20260714082000,SPEAKER_00,1243.059961,1244.88,1.82,success,食べたらすぐお昼何?って言うし。,success,食べたらすぐお昼何?って言うし。,True,16,16,0
,013_fmaichi_13597414_20260714082000_seg_00079,013_fmaichi_13597414_20260714082000,SPEAKER_00,1249.36,1252.24,2.88,success,いつも以上にねこう言ってはなんですが大変なことあるんです。,success,いつも以上にねこう言ってはなんですが大変なことあるんですよ。,False,29,30,1
,013_fmaichi_13597414_20260714082000_seg_00080,013_fmaichi_13597414_20260714082000,SPEAKER_01,1253.12,1257.76,4.64,success,皆さんそうだと思います、今、きっとラジオの向こうで皆さん、うん、うん、うんって言ってると思います。,success,皆さんそうだと思います、今、きっとラジオの向こうで皆さん、うん、うん、うんって言ってると思います。,True,49,49,0
,013_fmaichi_13597414_20260714082000_seg_00081,013_fmaichi_13597414_20260714082000,SPEAKER_01,1258.16,1261.6,3.44,success,そのお悩み解決するべくですね。,success,そのお悩み解決するべくですね。,True,15,15,0
,013_fmaichi_13597414_20260714082000_seg_00082,013_fmaichi_13597414_20260714082000,SPEAKER_01,1261.84,1263.52,1.68,success,すごいセット作ってきました。,success,すごいセット作ってきました。,True,14,14,0
,013_fmaichi_13597414_20260714082000_seg_00083,013_fmaichi_13597414_20260714082000,SPEAKER_01,1263.92,1285.04,21.12,success,この時期しか販売しませんこの夏休みシーズンしか販売しないセット簡単手軽でお子様も自分で用意できますよしかも豪華でおいしい丼その名もごちそう丼夏休みセットをお子さんが喜ぶ丼めじろ押しでご用意をしております。,success,この時期しか販売しませんこの夏休みシーズンしか販売しないセット簡単手軽でお子様も自分で用意できますよしかも豪華でおいしい丼その名もごちそう丼夏休みセットをお子さんが喜ぶ丼めじろ押しでご用意をしております。,True,102,102,0
,013_fmaichi_13597414_20260714082000_seg_00084,013_fmaichi_13597414_20260714082000,SPEAKER_01,1286.8,1289.36,2.56,success,牛すき焼き丼からご用意です。,success,牛すき焼き丼からご用意です。,True,14,14,0
,013_fmaichi_13597414_20260714082000_seg_00085,013_fmaichi_13597414_20260714082000,SPEAKER_00,1289.44,1292.64,3.2,success,できました、牛すき焼き丼、届けていただいたんですが、今。,success,出来ました牛すき焼き丼届けて頂いたんですが井上さん。,False,28,26,-2
,013_fmaichi_13597414_20260714082000_seg_00086,013_fmaichi_13597414_20260714082000,SPEAKER_00,1293.44,1295.04,1.6,success,まずねこれね。,success,まずねこれね。,True,7,7,0
,013_fmaichi_13597414_20260714082000_seg_00087,013_fmaichi_13597414_20260714082000,SPEAKER_00,1295.28,1296.56,1.28,success,もつと?,success,もつとあつ。,False,4,6,2
,013_fmaichi_13597414_20260714082000_seg_00088,013_fmaichi_13597414_20260714082000,SPEAKER_00,1296.88,1298.24,1.36,success,ずっしり重たいんですよね。,success,ずっしり重たいんですよね。,True,13,13,0
,013_fmaichi_13597414_20260714082000_seg_00089,013_fmaichi_13597414_20260714082000,SPEAKER_01,1298.4,1299.28,0.88,success,しっかり食べ応え!,success,しっかり食べ応え!,True,9,9,0
,013_fmaichi_13597414_20260714082000_seg_00090,013_fmaichi_13597414_20260714082000,SPEAKER_00,1299.6,1300.96,1.36,success,うわー、入ってる!と思って。,success,うわ入ってる!と思って。,False,14,12,-2
,013_fmaichi_13597414_20260714082000_seg_00091,013_fmaichi_13597414_20260714082000,SPEAKER_00,1301.68,1302.859961,1.18,success,出してみると。,success,で出してみると。,False,7,8,1
,013_fmaichi_13597414_20260714082000_seg_00092,013_fmaichi_13597414_20260714082000,SPEAKER_00,1304.019922,1305.2,1.18,success,いっぱい入ってる。,success,いっぱい入ってる!,False,9,9,0
,013_fmaichi_13597414_20260714082000_seg_00093,013_fmaichi_13597414_20260714082000,SPEAKER_00,1307.28,1308.08,0.8,success,変ですよね、本当に。,success,ですよね本当に。,False,10,8,-2
,013_fmaichi_13597414_20260714082000_seg_00094,013_fmaichi_13597414_20260714082000,SPEAKER_01,1308.96,1310.059912,1.1,success,そうなんです。,success,そうなんです。,True,7,7,0
,013_fmaichi_13597414_20260714082000_seg_00095,013_fmaichi_13597414_20260714082000,SPEAKER_01,1311.28,1312.459937,1.18,success,言い方してはなんですけど。,success,言い方してはなんですけど。,True,13,13,0
,013_fmaichi_13597414_20260714082000_seg_00096,013_fmaichi_13597414_20260714082000,SPEAKER_01,1313.68,1314.88,1.2,success,本当、すき焼きだって思う。,success,ほんとすき焼きだ!って思う。,False,13,14,1
,013_fmaichi_13597414_20260714082000_seg_00097,013_fmaichi_13597414_20260714082000,SPEAKER_00,1315.52,1316.56,1.04,success,本当にそうですよね。,success,本当にそうですよね。,True,10,10,0
,013_fmaichi_13597414_20260714082000_seg_00098,013_fmaichi_13597414_20260714082000,SPEAKER_01,1316.64,1325.9,9.26,success,そうなんですこだわりの牛肉とあと焼き豆腐が入ってるの嬉しいですねあと白菜玉ねぎ糸こんにゃくこれもうれしいですこれ石川さん。,success,そうなんですあのこだわりの牛肉とあと焼き豆腐が入ってるの嬉しいですねあと白菜玉ねぎ糸こんにゃくこれも嬉しいですこれ石川さん。,False,61,62,1
,013_fmaichi_13597414_20260714082000_seg_00099,013_fmaichi_13597414_20260714082000,SPEAKER_01,1328.08,1329.739966,1.66,success,まあ豪華な。,success,まあ豪華なツアー。,False,6,9,3
,013_fmaichi_13597414_20260714082000_seg_00100,013_fmaichi_13597414_20260714082000,SPEAKER_01,1330.899927,1332.48,1.58,success,冷やし丼になってございます。,success,冷やし丼になってございます。,True,14,14,0
,013_fmaichi_13597414_20260714082000_seg_00101,013_fmaichi_13597414_20260714082000,SPEAKER_00,1332.48,1335.019995,2.54,success,いや、もう本当に具だくさんなんで。,success,いやもう本当に具だくさんなんで。,False,17,16,-1
,013_fmaichi_13597414_20260714082000_seg_00102,013_fmaichi_13597414_20260714082000,SPEAKER_00,1336.179956,1338.32,2.14,success,お子さん、いろんな具材食べられますし。,success,お子さんはいろんな具材食べられますし。,False,19,19,0
,013_fmaichi_13597414_20260714082000_seg_00103,013_fmaichi_13597414_20260714082000,SPEAKER_01,1338.64,1339.28,0.64,success,これもやっぱうれしい!,success,これもやっぱうれしい。,False,11,11,0
,013_fmaichi_13597414_20260714082000_seg_00104,013_fmaichi_13597414_20260714082000,SPEAKER_00,1341.12,1343.28,2.16,success,野菜とか糸こんにゃくとか。,success,野菜とか糸こんにゃくとか。,True,13,13,0
,013_fmaichi_13597414_20260714082000_seg_00105,013_fmaichi_13597414_20260714082000,SPEAKER_00,1344.16,1348.16,4.0,success,薬のためにこれだけ用意しようと思ったら、結構、買い物も手間ですし。,success,番組のためにこれだけ用意しようと思ったら結構買い物も手間ですし。,False,33,32,-1
,013_fmaichi_13597414_20260714082000_seg_00106,013_fmaichi_13597414_20260714082000,SPEAKER_00,1350.88,1354.8,3.92,success,このね、すべてのおいしさがしみこんだたれ。,success,でこのね全てのおいしさがしみこんだたれ。,False,21,20,-1
,013_fmaichi_13597414_20260714082000_seg_00107,013_fmaichi_13597414_20260714082000,SPEAKER_01,1358.56,1364.88,6.32,success,牛すき焼きのたれ、なんていうんでしょうね、割り下というのが、このちょっと甘めのたれが、まあごはんが進みます。,success,牛すき焼きのタレ、なんていうんでしょうね、割り下というのか、このちょっと甘めのタレが、まあ、ごはんが進みます。,False,54,55,1
,013_fmaichi_13597414_20260714082000_seg_00108,013_fmaichi_13597414_20260714082000,SPEAKER_01,1368.819971,1371.36,2.54,success,冬中のごちそうですよ、牛すき焼き丼が。,success,冬中のごちそうですよ、牛すき焼き丼が。,True,19,19,0
,013_fmaichi_13597414_20260714082000_seg_00109,013_fmaichi_13597414_20260714082000,SPEAKER_01,1371.92,1372.939917,1.02,success,電子レンジだ。,success,電子レンジだ。,True,7,7,0
,013_fmaichi_13597414_20260714082000_seg_00110,013_fmaichi_13597414_20260714082000,SPEAKER_00,1375.28,1376.08,0.8,success,ありがとうございます。,success,ありがとうございます。,True,11,11,0
,013_fmaichi_13597414_20260714082000_seg_00111,013_fmaichi_13597414_20260714082000,SPEAKER_01,1376.24,1377.36,1.12,success,これがうれしい!,success,もうこれがうれしい。,False,8,10,2
,013_fmaichi_13597414_20260714082000_seg_00112,013_fmaichi_13597414_20260714082000,SPEAKER_00,1377.36,1380.24,2.88,success,いやもう、お正月しか食べられないって思ってるから、うちの娘。,success,いやもうお正月しか食べられないって思ってるからうちの娘は。,False,30,29,-1
,013_fmaichi_13597414_20260714082000_seg_00113,013_fmaichi_13597414_20260714082000,SPEAKER_00,1385.12,1387.04,1.92,success,の牛すき焼きが1個。,success,の牛すき焼きがえっ?,False,10,10,0
,013_fmaichi_13597414_20260714082000_seg_00114,013_fmaichi_13597414_20260714082000,SPEAKER_00,1387.44,1388.16,0.72,success,食べられるんでしょ?,success,食べられるんでしょ?,True,10,10,0
,013_fmaichi_13597414_20260714082000_seg_00115,013_fmaichi_13597414_20260714082000,SPEAKER_00,1389.28,1390.4,1.12,success,うれしいじゃないですか。,success,うれしいじゃないですか。,True,12,12,0
,013_fmaichi_13597414_20260714082000_seg_00116,013_fmaichi_13597414_20260714082000,SPEAKER_01,1390.64,1398.88,8.24,success,そうなんです、この1食95グラム入り、ちゃんと丼1杯分ございます、牛すき焼き丼を、6食セットでお届けをするんですが。,success,そうなんです、この1食95グラム入り、ちゃんと丼1杯分ございます、牛すき焼き丼を6食セットでお届けをするんですが。,False,58,57,-1
,013_fmaichi_13597414_20260714082000_seg_00117,013_fmaichi_13597414_20260714082000,SPEAKER_01,1399.2,1405.04,5.84,success,ただ、まだまだいきますよ、ごちそう丼夏休みセット、続いては親子丼がセットです。,success,ただ、まだまだいきますよ、ごちそう丼夏休みセット、続いては親子丼がセットです。,True,39,39,0
,013_fmaichi_13597414_20260714082000_seg_00118,013_fmaichi_13597414_20260714082000,SPEAKER_00,1406.259912,1407.68,1.42,success,もういただきましたよ。,success,もういただきましたよ。,True,11,11,0
,013_fmaichi_13597414_20260714082000_seg_00119,013_fmaichi_13597414_20260714082000,SPEAKER_00,1408.56,1410.88,2.32,success,まず親子丼といえば親のほうからいきましょうね。,success,まず親子丼といえば親の方からいきましょうね。,False,23,22,-1
,013_fmaichi_13597414_20260714082000_seg_00120,013_fmaichi_13597414_20260714082000,SPEAKER_01,1419.28,1419.92,0.64,success,おはようございます。,success,おはようございます。,True,10,10,0
,013_fmaichi_13597414_20260714082000_seg_00121,013_fmaichi_13597414_20260714082000,SPEAKER_00,1420.08,1422.56,2.48,success,これねこういう定番の味付けって。,success,これねこういう定番の味付けっていいのよ。,False,16,20,4
,013_fmaichi_13597414_20260714082000_seg_00122,013_fmaichi_13597414_20260714082000,SPEAKER_00,1422.88,1425.12,2.24,success,急いでるときほどうまくできなかったりする。,success,実際に急いでる時ほどうまくできなかったりする。,False,21,23,2
,013_fmaichi_13597414_20260714082000_seg_00123,013_fmaichi_13597414_20260714082000,SPEAKER_00,1427.2,1428.08,0.88,success,ダーとかなったり。,success,スタートだったり。,False,9,9,0
,013_fmaichi_13597414_20260714082000_seg_00124,013_fmaichi_13597414_20260714082000,SPEAKER_00,1429.84,1433.44,3.6,success,本当にさすが!という、このこだわりのたれのお味、おいしかったですね。,success,本当にさすが!というこのこだわりのタレのお味おいしかったですね。,False,34,32,-2
,013_fmaichi_13597414_20260714082000_seg_00125,013_fmaichi_13597414_20260714082000,SPEAKER_01,1433.6,1438.56,4.96,success,ありがとうございますで何がうれしいかってこの親子丼もねレンジなら1分半でできますから。,success,ありがとうございますって何がうれしいかってこの親子丼もねレンジなら1分半で出来ますから。,False,43,44,1
,013_fmaichi_13597414_20260714082000_seg_00126,013_fmaichi_13597414_20260714082000,SPEAKER_01,1438.96,1447.04,8.08,success,もう牛すき焼き丼も親子丼も簡単、手軽でございます、160グラム入りの親子丼も、6食セットでお届けです。,success,もう牛すき焼き丼も親子丼も簡単手軽でございます160グラム入りの親子丼も6食セットでお届けです。,False,51,48,-3
,013_fmaichi_13597414_20260714082000_seg_00127,013_fmaichi_13597414_20260714082000,SPEAKER_00,1447.04,1448.8,1.76,success,これ井上さんセットってことは。,success,これ井上さんセットってことは?,False,15,15,0
,013_fmaichi_13597414_20260714082000_seg_00128,013_fmaichi_13597414_20260714082000,SPEAKER_00,1449.12,1451.84,2.72,success,牛すき焼き丼と親子丼の両方が届くってこと?,success,牛すき焼き丼と親子丼の両方が届くってこと?,True,21,21,0
,013_fmaichi_13597414_20260714082000_seg_00129,013_fmaichi_13597414_20260714082000,SPEAKER_01,1451.84,1461.28,9.44,success,両方セットになってるんですけどまだまだいきますよ3種類目豚丼もセットになっております。,success,そう両方セットになってるんですけどまだまだいきますよ3種類目豚丼もセットになっております。,False,43,45,2
,013_fmaichi_13597414_20260714082000_seg_00130,013_fmaichi_13597414_20260714082000,SPEAKER_00,1461.28,1463.6,2.32,success,あっ豚丼もいいですねこれもセット。,success,あっ豚丼もいいですねこれもセット。,True,17,17,0
,013_fmaichi_13597414_20260714082000_seg_00131,013_fmaichi_13597414_20260714082000,SPEAKER_01,1463.68,1473.739966,10.06,success,そうです、これ、豚肉とタマネギを、ショウガとニンニクを効かせた特製のたれで煮込んだっていう、もうこれもやっぱり定番の、これこれ!っていう味付けでございます。,success,そうですこれ豚肉とタマネギをショウガとニンニクを効かせた特製のたれで煮込んだっていうこれもやっぱり定番のこれこれ!っていう味付けでございます。,False,78,71,-7
,013_fmaichi_13597414_20260714082000_seg_00132,013_fmaichi_13597414_20260714082000,SPEAKER_01,1474.96,1479.52,4.56,success,120グラム入りの豚丼を6食セットでお届けです。,success,120グラム入りの豚丼を6食セットでお届けです。,True,24,24,0
,013_fmaichi_13597414_20260714082000_seg_00133,013_fmaichi_13597414_20260714082000,SPEAKER_00,1479.52,1484.16,4.64,success,豚丼も6食って事は3種類合計で今18食。,success,えっ豚丼も6食って事は3種類合計で今18食。,False,20,22,2
,013_fmaichi_13597414_20260714082000_seg_00134,013_fmaichi_13597414_20260714082000,SPEAKER_01,1484.16,1485.12,0.96,success,次の話しとけ!,success,18とけ!,False,7,5,-2
,013_fmaichi_13597414_20260714082000_seg_00135,013_fmaichi_13597414_20260714082000,SPEAKER_00,1485.12,1486.56,1.44,success,いやいいじゃない豪華!,success,いやいいじゃない豪華!,True,11,11,0
,013_fmaichi_13597414_20260714082000_seg_00136,013_fmaichi_13597414_20260714082000,SPEAKER_01,1486.56,1487.28,0.72,success,ありがとうございます。,success,ありがとうございます。,True,11,11,0
,013_fmaichi_13597414_20260714082000_seg_00137,013_fmaichi_13597414_20260714082000,SPEAKER_00,1487.28,1488.13999,0.86,success,お値段はどうですか?,success,お値段はどうですか?,True,10,10,0
,013_fmaichi_13597414_20260714082000_seg_00138,013_fmaichi_13597414_20260714082000,SPEAKER_01,1490.739954,1492.939917,2.2,success,4950円。,success,4950円。,True,6,6,0
,013_fmaichi_13597414_20260714082000_seg_00139,013_fmaichi_13597414_20260714082000,SPEAKER_00,1494.099939,1496.299902,2.2,success,18食で4950円。,success,18食で4950円。,True,10,10,0
,013_fmaichi_13597414_20260714082000_seg_00140,013_fmaichi_13597414_20260714082000,SPEAKER_00,1497.459985,1498.699927,1.24,success,高得じゃないですか、これ。,success,冒とくじゃないですかこれ。,False,13,13,0
,013_fmaichi_13597414_20260714082000_seg_00141,013_fmaichi_13597414_20260714082000,SPEAKER_01,1499.92,1504.8,4.88,success,お聞きの皆さんね、いや、18食も届いたら、ちょっと今の時期、冷凍庫ぱんぱんなんですよ。,success,お聞きの皆さんねいや18食も届いたらちょっと今の時期冷凍庫パンパンになっちゃう。,False,43,40,-3
,013_fmaichi_13597414_20260714082000_seg_00142,013_fmaichi_13597414_20260714082000,SPEAKER_01,1505.68,1507.44,1.76,success,プリム入ってるしとかいろいろあるとおもいます。,success,プリンも入ってるしとか、いろいろあると思います。,False,23,24,1
,013_fmaichi_13597414_20260714082000_seg_00143,013_fmaichi_13597414_20260714082000,SPEAKER_01,1507.92,1508.8,0.88,success,大丈夫!,success,大丈夫!,True,4,4,0
,013_fmaichi_13597414_20260714082000_seg_00144,013_fmaichi_13597414_20260714082000,SPEAKER_01,1510.48,1511.6,1.12,success,保存できますから。,success,保存できますから。,True,9,9,0
,013_fmaichi_13597414_20260714082000_seg_00145,013_fmaichi_13597414_20260714082000,SPEAKER_00,1511.68,1512.64,0.96,success,そうなんですよね。,success,そうなんですよね。,True,9,9,0
,013_fmaichi_13597414_20260714082000_seg_00146,013_fmaichi_13597414_20260714082000,SPEAKER_00,1513.2,1515.92,2.72,success,冷凍庫とか冷蔵庫に入れなくてもいいと。,success,冷凍庫とか冷蔵庫に入れなくてもいいと。,True,19,19,0
,013_fmaichi_13597414_20260714082000_seg_00147,013_fmaichi_13597414_20260714082000,SPEAKER_01,1515.92,1517.92,2.0,success,そう、もうスペース気にする必要ありません。,success,そうもうスペース気にする必要ありません!,False,21,20,-1
,013_fmaichi_13597414_20260714082000_seg_00148,013_fmaichi_13597414_20260714082000,SPEAKER_01,1522.48,1525.28,2.8,success,お子さんに喜んでいただきたい夏休みセットですから。,success,お子さんに喜んでいただきたい夏休みセットですから。,True,25,25,0
,013_fmaichi_13597414_20260714082000_seg_00149,013_fmaichi_13597414_20260714082000,SPEAKER_01,1525.68,1527.84,2.16,success,これどうしてもつけたかったんです。,success,これどうしてもつけたかったんです。,True,17,17,0
,013_fmaichi_13597414_20260714082000_seg_00150,013_fmaichi_13597414_20260714082000,SPEAKER_01,1529.139917,1531.28,2.14,success,礼をおつけしたいと思います。,success,礼をお尽くしたいと思います。,False,14,14,0
,013_fmaichi_13597414_20260714082000_seg_00151,013_fmaichi_13597414_20260714082000,SPEAKER_00,1531.6,1535.2,3.6,success,いやカレーうれしいんですけどセットまだ付けてくれるんですか?,success,いやカレーうれしいんですけどセットまだ付けてくれるんですか?,True,30,30,0
,013_fmaichi_13597414_20260714082000_seg_00152,013_fmaichi_13597414_20260714082000,SPEAKER_01,1535.36,1544.299902,8.94,success,そうなんですこれも洋食屋さんクオリティーの中辛のカレーこれももちろんレンジで簡単調理ができるようになってございます1食170g入りのカレー。,success,そうなんです、これも洋食屋さんクオリティーの中辛のカレー、これももちろんレンジで簡単調理ができるようになってございます、1食170グラム入りのカレー。,False,70,75,5
,013_fmaichi_13597414_20260714082000_seg_00153,013_fmaichi_13597414_20260714082000,SPEAKER_01,1546.48,1549.84,3.36,success,8食をつけしてのお届けです。,success,発色を尽くしてのお届けです。,False,14,14,0
,013_fmaichi_13597414_20260714082000_seg_00154,013_fmaichi_13597414_20260714082000,SPEAKER_00,1549.84,1551.44,1.6,success,発色ってことは。,success,発色ってことは。,True,8,8,0
,013_fmaichi_13597414_20260714082000_seg_00155,013_fmaichi_13597414_20260714082000,SPEAKER_00,1551.68,1554.88,3.2,success,えっと合計4種類26色ですよ。,success,えっと合計4種類26色ですよ。,True,15,15,0
,013_fmaichi_13597414_20260714082000_seg_00156,013_fmaichi_13597414_20260714082000,SPEAKER_01,1555.12,1558.4,3.28,success,そうです、4種類26足で。,success,これです、4種類26足で。,False,13,13,0
,013_fmaichi_13597414_20260714082000_seg_00157,013_fmaichi_13597414_20260714082000,SPEAKER_01,1558.72,1562.539954,3.82,success,4950円ですから、1食当たりが。,success,4950円ですから、1食当たりが。,True,17,17,0
,013_fmaichi_13597414_20260714082000_seg_00158,013_fmaichi_13597414_20260714082000,SPEAKER_01,1563.699976,1565.6,1.9,success,190円ほどで食べられます。,success,90円ほどで食べられます。,False,14,13,-1
,013_fmaichi_13597414_20260714082000_seg_00159,013_fmaichi_13597414_20260714082000,SPEAKER_00,1565.68,1568.4,2.72,success,ありがとうございます、1食190円。,success,ありがとうございます、1食190円。,True,18,18,0
,013_fmaichi_13597414_20260714082000_seg_00160,013_fmaichi_13597414_20260714082000,SPEAKER_00,1569.04,1570.4,1.36,success,もうそれは安いですね、もう。,success,もうそれは安いですねもう。,False,14,13,-1
,013_fmaichi_13597414_20260714082000_seg_00161,013_fmaichi_13597414_20260714082000,SPEAKER_01,1570.64,1573.099951,2.46,success,お子さんも自分でできますけどお着きもできます。,success,あのお子さんも自分でできますけどお薬は。,False,23,20,-3
,013_fmaichi_13597414_20260714082000_seg_00162,013_fmaichi_13597414_20260714082000,SPEAKER_01,1574.259912,1576.72,2.46,success,夏場、暑くて料理したくないじゃないですか。,success,もう夏場暑くて料理したくないじゃないですか。,False,21,22,1
,013_fmaichi_13597414_20260714082000_seg_00163,013_fmaichi_13597414_20260714082000,SPEAKER_01,1577.28,1582.699927,5.42,success,ねっ暑い中煮込み料理なんてもっての外でございますなんでもうこの簡単手軽なこのごちそう丼。,success,ねっあの暑い中煮込み料理なんてもっての外でございますなんでもうこの簡単手軽なこのごちそう丼。,False,44,46,2
,013_fmaichi_13597414_20260714082000_seg_00164,013_fmaichi_13597414_20260714082000,SPEAKER_01,1586.259912,1587.28,1.02,success,悪いことではございません。,success,悪いことではございません!,False,13,13,0
,013_fmaichi_13597414_20260714082000_seg_00165,013_fmaichi_13597414_20260714082000,SPEAKER_01,1587.52,1593.739966,6.22,success,さあお申し込みはフリーダイヤル0120−333−20。,success,さあお申し込みはフリーダイヤル0120−333−20−17。,False,27,30,3
,013_fmaichi_13597414_20260714082000_seg_00166,013_fmaichi_13597414_20260714082000,SPEAKER_01,1595.92,1596.619971,0.7,success,さんかん。,success,ファンファン。,False,5,7,2
,013_fmaichi_13597414_20260714082000_seg_00167,013_fmaichi_13597414_20260714082000,SPEAKER_01,1598.32,1604.299902,5.98,success,チケット頂戴しますファビネスクラブのウェブサイトからもご注文いただけますなお客様ご質問によるご返品はお受けできませんのでご了承ください。,success,チケットちょうだいしますファビネスクラブのウェブサイトからもご注文いただきますなおお客様ご注文によるご返品はお受けできませんのでご了承ください。,False,68,72,4
,013_fmaichi_13597414_20260714082000_seg_00168,013_fmaichi_13597414_20260714082000,SPEAKER_00,1605.52,1611.6,6.08,success,0120−333−200−0120−333−200井上さんありがとうございました!,success,0120−333−200−0120333−200井上さんありがとうございました!,False,41,40,-1
,013_fmaichi_13597414_20260714082000_seg_00169,013_fmaichi_13597414_20260714082000,SPEAKER_00,1611.92,1612.939917,1.02,success,アビネスクラジオショップ。,success,ハピネスクラブラジオショー。,False,13,14,1
,013_fmaichi_13597414_20260714082000_seg_00170,013_fmaichi_13597414_20260714082000,SPEAKER_00,1624.0,1635.12,11.12,success,ウェイクアップクイズ答え合わせですこの言葉知ってる?クイズマーラーちゃんとはマーラー味をまとわせた串揚げスタイルの料理のことです。,success,クイズ答え合わせですこの言葉知ってるクイズマーラーちゃんとはマーラー味をまとわせた串揚げスタイルの料理のことです。,False,65,57,-8
,013_fmaichi_13597414_20260714082000_seg_00171,013_fmaichi_13597414_20260714082000,SPEAKER_03,1635.36,1639.819922,4.46,success,オーズバイサニャバイソバイサニャバイスバイサニャ。,success,坊主倍冷めたい少女バイサメダイ掃除バイサメタ。,False,25,23,-2
,013_fmaichi_13597414_20260714082000_seg_00172,013_fmaichi_13597414_20260714082000,SPEAKER_03,1697.68,1699.819922,2.14,success,フフフ女性アンリュフィー。,success,ヘイ女性アンリュッフェ。,False,13,12,-1
,013_fmaichi_13597414_20260714082000_seg_00173,013_fmaichi_13597414_20260714082000,SPEAKER_00,1770.16,1772.8,2.64,success,お届けしたのはアイリットでitmeでした。,success,お届けしたのはiritdatsmeでした。,False,21,21,0
,013_fmaichi_13597414_20260714082000_seg_00174,013_fmaichi_13597414_20260714082000,SPEAKER_00,1777.36,1779.019934,1.66,success,クイズきょうのことばま。,success,クイズきょうのことばまー!,False,12,13,1
,013_fmaichi_13597414_20260714082000_seg_00175,013_fmaichi_13597414_20260714082000,SPEAKER_00,1781.2,1782.37998,1.18,success,たんでおなじみのグッズ。,success,ボタンでおなじみのグリ。,False,12,12,0
,013_fmaichi_13597414_20260714082000_seg_00176,013_fmaichi_13597414_20260714082000,SPEAKER_00,1802.32,1803.499976,1.18,success,次を担う新た。,success,次を担う新。,False,7,6,-1
,013_fmaichi_13597414_20260714082000_seg_00177,013_fmaichi_13597414_20260714082000,SPEAKER_00,1805.68,1806.37998,0.7,success,ためているのがこの。,success,褒めているのがこの人。,False,10,11,1
,013_fmaichi_13597414_20260714082000_seg_00178,013_fmaichi_13597414_20260714082000,SPEAKER_00,1827.04,1830.08,3.04,success,私たち動物のすみかで工事が始まった。,success,私たち動物の住みかで工事が始まった。,False,18,18,0
,013_fmaichi_13597414_20260714082000_seg_00179,013_fmaichi_13597414_20260714082000,SPEAKER_03,1832.08,1832.779944,0.7,success,目を奪うもの。,success,念を奪うもの。,False,7,7,0
,013_fmaichi_13597414_20260714082000_seg_00180,013_fmaichi_13597414_20260714082000,SPEAKER_03,1838.64,1839.979956,1.34,success,前より自然が増えてる。,success,前より自然が増えてる!,False,11,11,0
,013_fmaichi_13597414_20260714082000_seg_00181,013_fmaichi_13597414_20260714082000,SPEAKER_03,1850.32,1854.859961,4.54,success,もう一度言います下取りよりも。,success,30万円高く売れていますもう一度言います下取りよりも。,False,15,27,12
,013_fmaichi_13597414_20260714082000_seg_00182,013_fmaichi_13597414_20260714082000,SPEAKER_03,1856.019922,1863.019934,7.0,success,金30万円高く売れています最大20社が競い合うから最高額がわかる高く売れる!,success,直近30万円高く売れています最大20社が競い合うから最高額がわかる高く売れる。,False,38,39,1
,013_fmaichi_13597414_20260714082000_seg_00183,013_fmaichi_13597414_20260714082000,SPEAKER_03,1865.139917,1866.24,1.1,success,daで検索!,success,taで検索。,False,6,6,0
,013_fmaichi_13597414_20260714082000_seg_00184,013_fmaichi_13597414_20260714082000,SPEAKER_00,1892.0,1894.699927,2.7,success,今週もあなたからのリクエスト曲募集しています。,success,今週もあなたからのリクエスト曲募集しています。,True,23,23,0
,013_fmaichi_13597414_20260714082000_seg_00185,013_fmaichi_13597414_20260714082000,SPEAKER_00,1903.12,1904.299902,1.18,success,く何が思い浮かびますか?,success,服何が思い浮かびます?,False,12,11,-1
,013_fmaichi_13597414_20260714082000_seg_00186,013_fmaichi_13597414_20260714082000,SPEAKER_03,1911.92,1912.72,0.8,success,えっあい。,success,えん愛。,False,5,4,-1
,013_fmaichi_13597414_20260714082000_seg_00187,013_fmaichi_13597414_20260714082000,SPEAKER_02,1912.88,1913.899939,1.02,success,フェムアイト。,success,フェムハイト。,False,7,7,0
,013_fmaichi_13597414_20260714082000_seg_00188,013_fmaichi_13597414_20260714082000,SPEAKER_00,2243.92,2245.579932,1.66,success,いや、そうですねみたいなね。,success,いやそうですねみたいなね。,False,14,13,-1
,013_fmaichi_13597414_20260714082000_seg_00189,013_fmaichi_13597414_20260714082000,SPEAKER_00,2305.299951,2306.539893,1.24,success,幅っていうのかな、たる。,success,幅っていうのかな足る。,False,12,11,-1
,013_fmaichi_13597414_20260714082000_seg_00190,013_fmaichi_13597414_20260714082000,SPEAKER_03,2338.4,2346.48,8.08,success,daigo株式会社株式会社fmiは東海地区を中心に活躍するクラシック音楽家を応援しています。,success,大同株式会社株式会社fmiは東海地区を中心に活躍するクラシック音楽家を応援しています。,False,46,43,-3
,013_fmaichi_13597414_20260714082000_seg_00191,013_fmaichi_13597414_20260714082000,SPEAKER_02,2389.92,2390.539893,0.62,success,そろそろ!,success,そろそろ。,False,5,5,0
,013_fmaichi_13597414_20260714082000_seg_00192,013_fmaichi_13597414_20260714082000,SPEAKER_02,2392.72,2399.28,6.56,success,baxはオリコン顧客満足度調査車買い取り会社5年連続総合ナンバーワンくじです!,success,トッドバックスはオリコン顧客満足度調査車買い取り会社5年連続総合ナンバーワンくじです!,False,39,43,4
,013_fmaichi_13597414_20260714082000_seg_00193,013_fmaichi_13597414_20260714082000,SPEAKER_02,2407.2,2408.299902,1.1,success,ウェイリー。,success,ウェイリー。,True,6,6,0
,013_fmaichi_13597414_20260714082000_seg_00194,013_fmaichi_13597414_20260714082000,SPEAKER_00,2422.64,2438.059912,15.42,success,時刻は9時fmiモーニングブリーズさあ今週のリクエストテーマは7文字ソングですあなたの推しの7文字の曲リクエスト待ってますよさあ9時台は7文字のこのナンバーでスタートですtheboom風になりたい。,success,時刻は9時fmiモーニングブリーズさあ今週のリクエストテーマは7文字ソングですあなたの推しの7文字の曲リクエスト待ってますよさあ9時台は7文字のこのナンバーでスタートですtheboom風になりたい。,True,99,99,0
,013_fmaichi_13597414_20260714082000_seg_00195,013_fmaichi_13597414_20260714082000,SPEAKER_00,2684.979883,2685.739844,0.76,success,見かけたこととは?,success,見かけたこととは?,True,9,9,0
,013_fmaichi_13597414_20260714082000_seg_00196,013_fmaichi_13597414_20260714082000,SPEAKER_00,2686.899927,2690.059912,3.16,success,見えますかね名古屋市内から少し離れた所。,success,出ますかね名古屋市内から少し離れた所。,False,20,19,-1
,013_fmaichi_13597414_20260714082000_seg_00197,013_fmaichi_13597414_20260714082000,SPEAKER_00,2701.299951,2702.059912,0.76,success,車では。,success,火を車で運ぶ。,False,4,7,3
,013_fmaichi_13597414_20260714082000_seg_00198,013_fmaichi_13597414_20260714082000,SPEAKER_00,2704.179834,2705.9,1.72,success,下から数匹のイノシシ。,success,下から数匹のイノシシが。,False,11,12,1
,013_fmaichi_13597414_20260714082000_seg_00199,013_fmaichi_13597414_20260714082000,SPEAKER_00,2708.499902,2709.259863,0.76,success,早く車止めて。,success,早く車止めた。,False,7,7,0
,013_fmaichi_13597414_20260714082000_seg_00200,013_fmaichi_13597414_20260714082000,SPEAKER_00,2721.52,2723.66001,2.14,success,屋上でたまに見かけるよというか。,success,屋上でたまに見かけるよっていう方。,False,16,17,1
,013_fmaichi_13597414_20260714082000_seg_00201,013_fmaichi_13597414_20260714082000,SPEAKER_00,2728.24,2733.259863,5.02,success,だったらじゃあどうすればいいのかというのをちょっとおさらいしていきたいなというふうに思います。,success,そしたらじゃあどうすればいいのかというのをちょっとおさらいしていきたいなというふうに思います。,False,47,47,0
,013_fmaichi_13597414_20260714082000_seg_00202,013_fmaichi_13597414_20260714082000,SPEAKER_00,2737.84,2739.019873,1.18,success,たく刺激を。,success,かく刺激を与える。,False,6,9,3
,013_fmaichi_13597414_20260714082000_seg_00203,013_fmaichi_13597414_20260714082000,SPEAKER_00,2741.62002,2744.299902,2.68,success,出会ってしまうというケースも結構あるんだそうですね。,success,出会ってしまうというケースも結構あるんだそうですね。,True,26,26,0
,013_fmaichi_13597414_20260714082000_seg_00204,013_fmaichi_13597414_20260714082000,SPEAKER_00,2745.52,2746.699927,1.18,success,その時も泡立て。,success,その時も慌てて。,False,8,8,0
,013_fmaichi_13597414_20260714082000_seg_00205,013_fmaichi_13597414_20260714082000,SPEAKER_00,2749.779932,2750.539893,0.76,success,なこえをだした。,success,声を出した。,False,8,6,-2
,013_fmaichi_13597414_20260714082000_seg_00206,013_fmaichi_13597414_20260714082000,SPEAKER_00,2751.76,2752.939917,1.18,success,ええ追い払う。,success,ええ追い払う。,True,7,7,0
,013_fmaichi_13597414_20260714082000_seg_00207,013_fmaichi_13597414_20260714082000,SPEAKER_00,2777.139917,2778.859961,1.72,success,落とされそうになったら向かってきてしまう。,success,落とされそうになったら向かってきてしまう。,True,21,21,0
,013_fmaichi_13597414_20260714082000_seg_00208,013_fmaichi_13597414_20260714082000,SPEAKER_00,2786.32,2787.499854,1.18,success,台みたいなのがあったら上に。,success,台みたいなのがあったら上に。,True,14,14,0
,013_fmaichi_13597414_20260714082000_seg_00209,013_fmaichi_13597414_20260714082000,SPEAKER_00,2791.6,2796.13999,4.54,success,もしも間に合わなくて攻撃をされてしまったら守るべき場所があります。,success,でも間に合わなくて攻撃をされてしまったら守るべき場所があります。,False,33,32,-1
,013_fmaichi_13597414_20260714082000_seg_00210,013_fmaichi_13597414_20260714082000,SPEAKER_00,2806.899927,2807.66001,0.76,success,この高さになる。,success,この高さになるね。,False,8,9,1
,013_fmaichi_13597414_20260714082000_seg_00211,013_fmaichi_13597414_20260714082000,SPEAKER_00,2810.8,2811.499854,0.7,success,顔の内側。,success,ここの内側。,False,5,6,1
,013_fmaichi_13597414_20260714082000_seg_00212,013_fmaichi_13597414_20260714082000,SPEAKER_00,2814.64,2817.739844,3.1,success,大量に出血してしまうかもしれないので。,success,で大量に出血してしまうかもしれないので。,False,19,20,1
,013_fmaichi_13597414_20260714082000_seg_00213,013_fmaichi_13597414_20260714082000,SPEAKER_02,2839.6,2841.739844,2.14,success,エストフィエバー今日も。,success,エスフォウェーバー今日も。,False,12,13,1
,013_fmaichi_13597414_20260714082000_seg_00214,013_fmaichi_13597414_20260714082000,SPEAKER_02,2853.04,2854.219824,1.18,success,クイーンツーワン!,success,v21!,False,9,4,-5
,013_fmaichi_13597414_20260714082000_seg_00215,013_fmaichi_13597414_20260714082000,SPEAKER_01,2869.36,2872.4,3.04,success,目は今日も踊るだけ。,success,メバ今日も踊るだけ。,False,10,10,0
,013_fmaichi_13597414_20260714082000_seg_00216,013_fmaichi_13597414_20260714082000,SPEAKER_00,2907.76,2908.939917,1.18,success,アツケバ。,success,あつけばね。,False,5,6,1
,013_fmaichi_13597414_20260714082000_seg_00217,013_fmaichi_13597414_20260714082000,SPEAKER_02,2945.2,2945.9,0.7,success,ボイスクレメン!,success,クイックレミオ!,False,8,8,0
,013_fmaichi_13597414_20260714082000_seg_00218,013_fmaichi_13597414_20260714082000,SPEAKER_02,2948.56,2952.619971,4.06,success,ねえちょっと休憩しようかな。,success,ねえちょっと休憩しよう。,False,14,12,-2
,013_fmaichi_13597414_20260714082000_seg_00219,013_fmaichi_13597414_20260714082000,SPEAKER_02,2995.6,2996.299902,0.7,success,キュバン!,success,キュバン。,False,5,5,0
,013_fmaichi_13597414_20260714082000_seg_00220,013_fmaichi_13597414_20260714082000,SPEAKER_02,3010.0,3011.179907,1.18,success,おまたで!,success,おまた!,False,5,4,-1
,013_fmaichi_13597414_20260714082000_seg_00221,013_fmaichi_13597414_20260714082000,SPEAKER_03,3025.04,3025.579932,0.54,success,うわっ!,success,うわ!,False,4,3,-1
,013_fmaichi_13597414_20260714082000_seg_00222,013_fmaichi_13597414_20260714082000,SPEAKER_02,3055.6,3070.24,14.64,success,今日も踊るだけ騒ぎたいやつみんなで輪になれあお願いだからこのままダンスフォーでは今日も鳴りやまない。,success,パパ今日も踊るだけ騒ぎたいやつみんなでwaになれああお願いだからこのままダンスフォーでは今日も鳴りやまない。,False,50,54,4
,013_fmaichi_13597414_20260714082000_seg_00223,013_fmaichi_13597414_20260714082000,SPEAKER_02,3070.88,3072.96,2.08,success,イエーイ!,success,え!,False,5,2,-3
,013_fmaichi_13597414_20260714082000_seg_00224,013_fmaichi_13597414_20260714082000,SPEAKER_00,3325.68,3336.48,10.8,success,sixtonesの新曲でダンスフォーエバーそしてジュリアンドマリーそばかすお届けしました時刻は9時15分ですさあドライバーのあなたはこのあとも安全運転desefiで。,success,sixtonesの新曲でdanceforeverそしてジュリアンのマリーそばかすお届けしました時刻は9時15分ですさあドライバーのあなたはこのあとも安全運転desefiで。,False,83,86,3
,013_fmaichi_13597414_20260714082000_seg_00225,013_fmaichi_13597414_20260714082000,SPEAKER_03,3341.68,3342.37998,0.7,success,家族の状況。,success,家族の状況。,True,6,6,0
,013_fmaichi_13597414_20260714082000_seg_00226,013_fmaichi_13597414_20260714082000,SPEAKER_03,3343.6,3345.259863,1.66,success,中央東山線が事故を起こした。,success,京王東山線が事故に遭った。,False,14,13,-1
,013_fmaichi_13597414_20260714082000_seg_00227,013_fmaichi_13597414_20260714082000,SPEAKER_03,3347.92,3349.579932,1.66,success,東山線の西行き。,success,東山線の西行き。,True,8,8,0
,013_fmaichi_13597414_20260714082000_seg_00228,013_fmaichi_13597414_20260714082000,SPEAKER_03,3350.8,3357.739844,6.94,success,付近でトラックと乗用車の事故のため右側の車線が規制されていて4km渋滞しています。,success,現場付近でトラックと乗用車の事故のため右側の車線が規制されていて4km渋滞しています。,False,41,43,2
,013_fmaichi_13597414_20260714082000_seg_00229,013_fmaichi_13597414_20260714082000,SPEAKER_03,3359.44,3360.13999,0.7,success,安藤の女。,success,アンドロールの情報。,False,5,10,5
,013_fmaichi_13597414_20260714082000_seg_00230,013_fmaichi_13597414_20260714082000,SPEAKER_03,3362.32,3366.37998,4.06,success,国道23号線が工事のため通行止めになっています。,success,国道23号線が工事のため通行止めになっています。,True,24,24,0
,013_fmaichi_13597414_20260714082000_seg_00231,013_fmaichi_13597414_20260714082000,SPEAKER_03,3367.6,3370.219824,2.62,success,23号線は名古屋市港区。,success,23号線は名古屋市港区。,True,12,12,0
,013_fmaichi_13597414_20260714082000_seg_00232,013_fmaichi_13597414_20260714082000,SPEAKER_03,3371.44,3374.539893,3.1,success,工事のため、上下線とも通行止めになった。,success,工事のため上下線とも通行止めになった。,False,20,19,-1
,013_fmaichi_13597414_20260714082000_seg_00233,013_fmaichi_13597414_20260714082000,SPEAKER_03,3375.76,3377.419897,1.66,success,このため上下線とも渋滞。,success,このため上下線とも渋滞。,True,12,12,0
,013_fmaichi_13597414_20260714082000_seg_00234,013_fmaichi_13597414_20260714082000,SPEAKER_03,3382.0,3384.619971,2.62,success,内側線が故障者のため通行止めになっています。,success,内側線が故障者のため通行止めになりました。,False,22,21,-1
,013_fmaichi_13597414_20260714082000_seg_00235,013_fmaichi_13597414_20260714082000,SPEAKER_03,3386.8,3397.099951,10.3,success,勝川線は春日井市勝川町5丁目交差点と勝川町6丁目交差点間では故障車のため両方向とも通行止め。,success,富津勝川線は春日井市勝川町5丁目交差点と勝川町六丁目交差点間が故障車のため両方向とも通行止めに。,False,46,48,2
,013_fmaichi_13597414_20260714082000_seg_00236,013_fmaichi_13597414_20260714082000,SPEAKER_03,3400.24,3400.939795,0.7,success,コロナの条件。,success,道路の条件。,False,7,6,-1
,013_fmaichi_13597414_20260714082000_seg_00237,013_fmaichi_13597414_20260714082000,SPEAKER_03,3403.6,3405.739844,2.14,success,亀山方面に向かう下り線は。,success,亀山方面に向かう下り線は。,True,13,13,0
,013_fmaichi_13597414_20260714082000_seg_00238,013_fmaichi_13597414_20260714082000,SPEAKER_03,3407.44,3411.499854,4.06,success,工事のため、追い越し車線が規制されていて、4キロの渋滞。,success,工事のため追い越し車線が規制されていて4キロの渋滞。,False,28,26,-2
,013_fmaichi_13597414_20260714082000_seg_00239,013_fmaichi_13597414_20260714082000,SPEAKER_03,3412.72,3414.37998,1.66,success,およそ20分かかっています。,success,およそ20分かかっています。,True,14,14,0
,013_fmaichi_13597414_20260714082000_seg_00240,013_fmaichi_13597414_20260714082000,SPEAKER_03,3417.52,3420.13999,2.62,success,方面に向かう上り線は大部分の。,success,方面に向かう上り線は大部インターンの中間。,False,15,21,6
,013_fmaichi_13597414_20260714082000_seg_00241,013_fmaichi_13597414_20260714082000,SPEAKER_03,3423.76,3430.219824,6.46,success,名古屋西ジャンクション方面に向かう内回りは清須西インターで3kmの渋滞です。,success,名古屋西ジャンクション方面に向かう内回りは清須西インターで3kmの渋滞です。,True,38,38,0
,013_fmaichi_13597414_20260714082000_seg_00242,013_fmaichi_13597414_20260714082000,SPEAKER_03,3431.92,3435.979834,4.06,success,道路交通情報センターの福永でした。,success,道路交通情報センターの福永でした。,True,17,17,0
,013_fmaichi_13597414_20260714082000_seg_00243,013_fmaichi_13597414_20260714082000,SPEAKER_03,3438.64,3439.819922,1.18,success,1分ごろお伝えします。,success,1分後ろをお伝えします。,False,11,12,1
,013_fmaichi_13597414_20260714082000_seg_00244,013_fmaichi_13597414_20260714082000,SPEAKER_03,3455.92,3457.099951,1.18,success,ルーシブ社会を目指す。,success,ルーシブ社会を目指す。,True,11,11,0
,013_fmaichi_13597414_20260714082000_seg_00245,013_fmaichi_13597414_20260714082000,SPEAKER_00,3468.4,3472.8,4.4,success,今ラジオを聴いているあなたお金を借りたことはありませんか?,success,今ラジオを聴いているあなたお金を借りた事はありませんか?,False,29,28,-1
,013_fmaichi_13597414_20260714082000_seg_00246,013_fmaichi_13597414_20260714082000,SPEAKER_00,3473.04,3483.6,10.56,success,自分のことだと思った方いますよね過払い金はもう取り戻しましたか?過払い金とは払いすぎた利息のことであなたに返されるべきお金です。,success,自分のことだと思った方いますよね過払い金はもう取り戻しましたか?過払い金とは払いすぎた利息のことであなたに返されるべきお金です。,True,64,64,0
,013_fmaichi_13597414_20260714082000_seg_00247,013_fmaichi_13597414_20260714082000,SPEAKER_00,3483.84,3489.04,5.2,success,でも手続きとか面倒そうだし大丈夫杉山事務所にお任せください!,success,でも手続きとか面倒そうだし大丈夫杉山事務所にお任せ下さい!,False,30,29,-1
,013_fmaichi_13597414_20260714082000_seg_00248,013_fmaichi_13597414_20260714082000,SPEAKER_00,3489.36,3491.84,2.48,success,相談は無料たったの3分。,success,相談は無料たったの3分!,False,12,12,0
,013_fmaichi_13597414_20260714082000_seg_00249,013_fmaichi_13597414_20260714082000,SPEAKER_00,3492.08,3497.84,5.76,success,過払い金の請求には期限があるので少しでも気になったら杉山事務所へお電話を。,success,過払い金の請求には期限があるので少しでも気になったら杉山事務所へお電話を。,True,37,37,0
,013_fmaichi_13597414_20260714082000_seg_00250,013_fmaichi_13597414_20260714082000,SPEAKER_00,3498.08,3504.56,6.48,success,0120−316−571−316−571−316571。,success,0120−316−571−316−571−316571。,True,28,28,0
,013_fmaichi_13597414_20260714082000_seg_00251,013_fmaichi_13597414_20260714082000,SPEAKER_00,3504.96,3506.96,2.0,success,地方書士法人杉山事務所。,success,司法書士法人杉山事務所。,False,12,12,0
,013_fmaichi_13597414_20260714082000_seg_00252,013_fmaichi_13597414_20260714082000,SPEAKER_02,3510.32,3511.819922,1.5,success,fmic。,success,エッフェル塔えっ?,False,5,9,4
,013_fmaichi_13597414_20260714082000_seg_00253,013_fmaichi_13597414_20260714082000,SPEAKER_03,3521.139795,3521.9,0.76,success,店が相次ぐ。,success,事件が相次ぐ。,False,6,7,1
,013_fmaichi_13597414_20260714082000_seg_00254,013_fmaichi_13597414_20260714082000,SPEAKER_03,3523.539941,3524.299902,0.76,success,庁と環境省。,success,町と環境省。,False,6,6,0
,013_fmaichi_13597414_20260714082000_seg_00255,013_fmaichi_13597414_20260714082000,SPEAKER_03,3526.899805,3527.66001,0.76,success,広い範囲に。,success,広い範囲に。,True,6,6,0
,013_fmaichi_13597414_20260714082000_seg_00256,013_fmaichi_13597414_20260714082000,SPEAKER_03,3535.6,3536.299902,0.7,success,対策をよび。,success,対策を呼びかけます。,False,6,10,4
,013_fmaichi_13597414_20260714082000_seg_00257,013_fmaichi_13597414_20260714082000,SPEAKER_03,3542.8,3543.499854,0.7,success,に対する。,success,に対する。,True,5,5,0
,013_fmaichi_13597414_20260714082000_seg_00258,013_fmaichi_13597414_20260714082000,SPEAKER_03,3548.56,3550.219824,1.66,success,トランプ大統領はsnsで。,success,トランプ大統領はsnsで。,True,13,13,0
,013_fmaichi_13597414_20260714082000_seg_00259,013_fmaichi_13597414_20260714082000,SPEAKER_03,3565.84,3566.539893,0.7,success,緊迫化を図る。,success,緊迫化を図った。,False,7,8,1
,013_fmaichi_13597414_20260714082000_seg_00260,013_fmaichi_13597414_20260714082000,SPEAKER_03,3577.779932,3579.499854,1.72,success,アメリカ産標準油種の8月。,success,アメリカ産標準油種の8月。,True,13,13,0
,013_fmaichi_13597414_20260714082000_seg_00261,013_fmaichi_13597414_20260714082000,SPEAKER_03,3603.28,3606.859961,3.58,success,エンジン燃焼試験が原因の可能性が高いと明らかにしました。,success,エンジン燃焼試験が原因の可能性が高いと明らかにしました。,True,28,28,0
,013_fmaichi_13597414_20260714082000_seg_00262,013_fmaichi_13597414_20260714082000,SPEAKER_03,3623.86001,3625.099951,1.24,success,ついに地図上に繁栄。,success,既に地図上に繁栄した。,False,10,11,1
,013_fmaichi_13597414_20260714082000_seg_00263,013_fmaichi_13597414_20260714082000,SPEAKER_00,3651.76,3652.459814,0.7,success,ひろがるところ。,success,ひろがるところ。,True,8,8,0
,013_fmaichi_13597414_20260714082000_seg_00264,013_fmaichi_13597414_20260714082000,SPEAKER_00,3661.36,3662.059912,0.7,success,追確率は。,success,水確率は。,False,5,5,0
,013_fmaichi_13597414_20260714082000_seg_00265,013_fmaichi_13597414_20260714082000,SPEAKER_00,3668.019922,3668.779883,0.76,success,は30。,success,は30。,True,4,4,0
,013_fmaichi_13597414_20260714082000_seg_00266,013_fmaichi_13597414_20260714082000,SPEAKER_00,3676.179834,3677.419897,1.24,success,最高気温は35度。,success,最高気温は35度。,True,9,9,0
,013_fmaichi_13597414_20260714082000_seg_00267,013_fmaichi_13597414_20260714082000,SPEAKER_00,3684.33999,3686.539893,2.2,success,なお、注意報は発表されていません。,success,なお注意報は発表されていません。,False,17,16,-1
,013_fmaichi_13597414_20260714082000_seg_00268,013_fmaichi_13597414_20260714082000,SPEAKER_00,3691.539941,3692.779883,1.24,success,土曜日と木曜日は。,success,金曜日と木曜日は。,False,9,9,0
,013_fmaichi_13597414_20260714082000_seg_00269,013_fmaichi_13597414_20260714082000,SPEAKER_00,3699.76,3700.939795,1.18,success,日ざしの出る日が続くでしょう。,success,日差しの出る日が続くでしょう。,False,15,15,0
,013_fmaichi_13597414_20260714082000_seg_00270,013_fmaichi_13597414_20260714082000,SPEAKER_00,3704.499902,3705.259863,0.76,success,より高い日が多い。,success,で高い日が多い。,False,9,8,-1
,013_fmaichi_13597414_20260714082000_seg_00271,013_fmaichi_13597414_20260714082000,SPEAKER_00,3708.4,3709.099951,0.7,success,ところがある。,success,ところがある。,True,7,7,0
,013_fmaichi_13597414_20260714082000_seg_00272,013_fmaichi_13597414_20260714082000,SPEAKER_00,3713.68,3714.37998,0.7,success,時間は雨も。,success,がんは雨も。,False,6,6,0
,013_fmaichi_13597414_20260714082000_seg_00273,013_fmaichi_13597414_20260714082000,SPEAKER_02,3718.32,3726.4,8.08,success,課長大阪から転勤してもうひと月ですわ早なありゃこのパーキングメーター100円玉専用缶山田!,success,大阪から転勤してもうひと月ですわ早なありゃこのパーキングメーター100円玉専用缶山田!,False,45,43,-2
,013_fmaichi_13597414_20260714082000_seg_00274,013_fmaichi_13597414_20260714082000,SPEAKER_03,3726.4,3732.48,6.08,success,おめえは500円玉壊せるかちょ壊すちょっと時間もらえますか?,success,おめえは500円玉壊せるかちょ壊すちょっと時間もらえますか?,True,30,30,0
,013_fmaichi_13597414_20260714082000_seg_00275,013_fmaichi_13597414_20260714082000,SPEAKER_03,3734.56,3738.24,3.68,success,ドライブは楽しくソフトqq!,success,オンターゲートライブは楽しくソフトキープ!,False,14,21,7
,013_fmaichi_13597414_20260714082000_seg_00276,013_fmaichi_13597414_20260714082000,SPEAKER_00,3742.96,3746.539893,3.58,success,今週もあなたからのリクエスト曲募集しております。,success,ハイチモーニングブリーズ今週もあなたからのリクエスト曲を募集しております。,False,24,37,13
,013_fmaichi_13597414_20260714082000_seg_00277,013_fmaichi_13597414_20260714082000,SPEAKER_00,3754.96,3756.13999,1.18,success,く何が思い浮かびますか?,success,服何が思い浮かびます?,False,12,11,-1
,013_fmaichi_13597414_20260714082000_seg_00278,013_fmaichi_13597414_20260714082000,SPEAKER_00,4186.48,4191.019873,4.54,success,お送りしたのはジャスティンビーバーベイビーそして花ブルージーンズでした。,success,お送りしたのはジャスティンビーバーベイビーそして花ブルージーンズでした。,True,36,36,0
,013_fmaichi_13597414_20260714082000_seg_00279,013_fmaichi_13597414_20260714082000,SPEAKER_00,4198.48,4199.66001,1.18,success,まもなく9時。,success,まもなく9時30分。,False,7,10,3
,013_fmaichi_13597414_20260714082000_seg_00280,013_fmaichi_13597414_20260714082000,SPEAKER_00,4210.420068,4211.180029,0.76,success,漁が盛んだ。,success,漁が盛んだ。,True,6,6,0
,013_fmaichi_13597414_20260714082000_seg_00281,013_fmaichi_13597414_20260714082000,SPEAKER_00,4212.88,4215.979834,3.1,success,海の恵みと暮らせる多彩な魅力を持っているんです。,success,海の恵みと暮らせる多彩な魅力を持っているのです。,False,24,24,0
,013_fmaichi_13597414_20260714082000_seg_00282,013_fmaichi_13597414_20260714082000,SPEAKER_00,4217.2,4218.859717,1.66,success,ここで愛知に関するいろいろな問題です。,success,ここで愛知に関するいろいろな情報をご紹介します。,False,19,24,5
,013_fmaichi_13597414_20260714082000_seg_00283,013_fmaichi_13597414_20260714082000,SPEAKER_00,4230.579736,4231.819678,1.24,success,今日のお地蔵さまのね。,success,今日のお地蔵様のね。,False,11,10,-1
,013_fmaichi_13597414_20260714082000_seg_00284,013_fmaichi_13597414_20260714082000,SPEAKER_00,4234.0,4239.499854,5.5,success,そうですね惜しかったとっても惜しいんですいっつもねさあ今日は当てにいきますよ。,success,そうですね惜しかったとっても惜しいんですいっつもねさあ今日は当てにいきますよ。,True,39,39,0
,013_fmaichi_13597414_20260714082000_seg_00285,013_fmaichi_13597414_20260714082000,SPEAKER_00,4249.84,4250.539893,0.7,success,手にまたがって。,success,木にまたがってる。,False,8,9,1
,013_fmaichi_13597414_20260714082000_seg_00286,013_fmaichi_13597414_20260714082000,SPEAKER_00,4258.0,4259.180029,1.18,success,にも人気の山が。,success,にも人気の山が。,True,8,8,0
,013_fmaichi_13597414_20260714082000_seg_00287,013_fmaichi_13597414_20260714082000,SPEAKER_00,4263.219873,4263.979834,0.76,success,見どころは。,success,作の見どころは。,False,6,8,2
,013_fmaichi_13597414_20260714082000_seg_00288,013_fmaichi_13597414_20260714082000,SPEAKER_00,4265.68,4266.379736,0.7,success,岩の数々。,success,岩の数々。,True,5,5,0
,013_fmaichi_13597414_20260714082000_seg_00289,013_fmaichi_13597414_20260714082000,SPEAKER_00,4269.6,4272.619971,3.02,success,天然記念物にも指定されているキクイシ。,success,天然記念物にも指定されているキクイシ。,True,19,19,0
,013_fmaichi_13597414_20260714082000_seg_00290,013_fmaichi_13597414_20260714082000,SPEAKER_00,4276.179834,4277.419775,1.24,success,石とかくね。,success,石と書くねオフナイス。,False,6,11,5
,013_fmaichi_13597414_20260714082000_seg_00291,013_fmaichi_13597414_20260714082000,SPEAKER_00,4288.24,4288.939795,0.7,success,この形に。,success,この形にする。,False,5,7,2
,013_fmaichi_13597414_20260714082000_seg_00292,013_fmaichi_13597414_20260714082000,SPEAKER_00,4290.099756,4290.859717,0.76,success,競技史があります。,success,よい石があります。,False,9,9,0
,013_fmaichi_13597414_20260714082000_seg_00293,013_fmaichi_13597414_20260714082000,SPEAKER_00,4293.52,4294.220068,0.7,success,おなるほど。,success,なるほど。,False,6,5,-1
,013_fmaichi_13597414_20260714082000_seg_00294,013_fmaichi_13597414_20260714082000,SPEAKER_00,4296.56,4300.459814,3.9,success,獅子三重にね獅子がこう海にガオーってガオあれ。,success,獅子三重にね獅子がこう海にガオーってガオあれ。,True,23,23,0
,013_fmaichi_13597414_20260714082000_seg_00295,013_fmaichi_13597414_20260714082000,SPEAKER_00,4304.56,4308.619971,4.06,success,姿がその生き物に似てるだから顔だよね顔系ね。,success,姿がその生き物に似てるだから顔だよね顔系ね。,True,22,22,0
,013_fmaichi_13597414_20260714082000_seg_00296,013_fmaichi_13597414_20260714082000,SPEAKER_00,4309.84,4311.019873,1.18,success,体温計だそうだ。,success,体温計だそうだ。,True,8,8,0
,013_fmaichi_13597414_20260714082000_seg_00297,013_fmaichi_13597414_20260714082000,SPEAKER_00,4313.2,4317.260107,4.06,success,とは言ってないかもしれないけどでも獅子があっちにいるから。,success,あとは言ってないかもしれないけどでもシシがあっちにいるから。,False,29,30,1
,013_fmaichi_13597414_20260714082000_seg_00298,013_fmaichi_13597414_20260714082000,SPEAKER_00,4332.4,4333.579932,1.18,success,獅子だったりする?,success,これ獅子だったりする?,False,9,11,2
,013_fmaichi_13597414_20260714082000_seg_00299,013_fmaichi_13597414_20260714082000,SPEAKER_00,4335.84,4338.379736,2.54,success,獅子はって言うとかっこいい感じするあっ分かった!,success,獅子雄はっていうとかっこいい感じするもんあっ分かった!,False,24,27,3
,013_fmaichi_13597414_20260714082000_seg_00300,013_fmaichi_13597414_20260714082000,SPEAKER_00,4341.940088,4344.72,2.78,success,そうだはいはい見てみようドドドン。,success,そうだはいはい見てみようドドドン。,True,17,17,0
,013_fmaichi_13597414_20260714082000_seg_00301,013_fmaichi_13597414_20260714082000,SPEAKER_00,4348.72,4349.419775,0.7,success,カエル石。,success,カエル石。,True,5,5,0
,013_fmaichi_13597414_20260714082000_seg_00302,013_fmaichi_13597414_20260714082000,SPEAKER_00,4350.64,4353.740088,3.1,success,山頂から少し下ったところにあるんだそうです。,success,山頂から少し下ったところにあるんだそうです。,True,22,22,0
,013_fmaichi_13597414_20260714082000_seg_00303,013_fmaichi_13597414_20260714082000,SPEAKER_00,4355.92,4357.099951,1.18,success,登ってみて確かめてくる。,success,登ってみて確かめてくる。,True,12,12,0
,013_fmaichi_13597414_20260714082000_seg_00304,013_fmaichi_13597414_20260714082000,SPEAKER_00,4358.739893,4360.88,2.14,success,一緒に愛知oを目指していきましょうね。,success,一緒に愛知oを目指していきましょうね。,True,19,19,0
,013_fmaichi_13597414_20260714082000_seg_00305,013_fmaichi_13597414_20260714082000,SPEAKER_03,4663.12,4664.299658,1.18,success,どなっても心。,success,うなっても心も。,False,7,8,1
,013_fmaichi_13597414_20260714082000_seg_00306,013_fmaichi_13597414_20260714082000,SPEAKER_03,4673.2,4675.339697,2.14,success,それでもうなずけながら。,success,それでもうなずけながら。,True,12,12,0
,013_fmaichi_13597414_20260714082000_seg_00307,013_fmaichi_13597414_20260714082000,SPEAKER_03,4683.28,4683.979834,0.7,success,ナイキメイだ。,success,ナイキミル。,False,7,6,-1
,013_fmaichi_13597414_20260714082000_seg_00308,013_fmaichi_13597414_20260714082000,SPEAKER_03,4710.16,4711.339697,1.18,success,もう生まれた。,success,もう生まれた。,True,7,7,0
,013_fmaichi_13597414_20260714082000_seg_00309,013_fmaichi_13597414_20260714082000,SPEAKER_03,4720.24,4720.939795,0.7,success,佐藤。,success,佐藤。,True,3,3,0
,013_fmaichi_13597414_20260714082000_seg_00310,013_fmaichi_13597414_20260714082000,SPEAKER_03,4730.32,4731.019873,0.7,success,ないか!,success,ないか!,True,4,4,0
,013_fmaichi_13597414_20260714082000_seg_00311,013_fmaichi_13597414_20260714082000,SPEAKER_03,4739.86001,4740.619971,0.76,success,わっから。,success,ワカレス。,False,5,5,0
,013_fmaichi_13597414_20260714082000_seg_00312,013_fmaichi_13597414_20260714082000,SPEAKER_00,4851.76,4856.4,4.64,success,お送りしたのは木村拓哉でセロリそしてaimer片想いでした。,success,お送りしたのは木村拓哉でセロリそしてaimer片想いでした。,True,30,30,0
,013_fmaichi_13597414_20260714082000_seg_00313,013_fmaichi_13597414_20260714082000,SPEAKER_00,4856.96,4862.64,5.68,success,時刻は9時41分です間もなくですドライバーのあなたはこのあとも安全運転desefitで。,success,ドライバーのあなたはこのあとも安全運転desefitで。,False,44,28,-16
,013_fmaichi_13597414_20260714082000_seg_00314,013_fmaichi_13597414_20260714082000,SPEAKER_03,4870.0,4872.619971,2.62,success,東山線が事故のため渋滞しています。,success,東山線が事故のため渋滞しています。,True,17,17,0
,013_fmaichi_13597414_20260714082000_seg_00315,013_fmaichi_13597414_20260714082000,SPEAKER_03,4873.84,4875.499854,1.66,success,東山線の西。,success,東山線の西口。,False,6,7,1
,013_fmaichi_13597414_20260714082000_seg_00316,013_fmaichi_13597414_20260714082000,SPEAKER_03,4876.72,4882.16,5.44,success,付近で事故のため右側の車線が規制されていて4km渋滞しています。,success,付近で事故のため、右側の車線が規制されていて、4キロ渋滞しています。,False,32,34,2
,013_fmaichi_13597414_20260714082000_seg_00317,013_fmaichi_13597414_20260714082000,SPEAKER_03,4883.92,4884.619971,0.7,success,じゃあ。,success,道路の状況。,False,4,6,2
,013_fmaichi_13597414_20260714082000_seg_00318,013_fmaichi_13597414_20260714082000,SPEAKER_03,4887.28,4890.379736,3.1,success,3号線が工事のため通行止めになっています。,success,3号線が工事のため通行止めになっています。,True,21,21,0
,013_fmaichi_13597414_20260714082000_seg_00319,013_fmaichi_13597414_20260714082000,SPEAKER_03,4891.6,4892.779639,1.18,success,道23号線。,success,国道23号線。,False,6,7,1
,013_fmaichi_13597414_20260714082000_seg_00320,013_fmaichi_13597414_20260714082000,SPEAKER_03,4895.44,4899.499854,4.06,success,センターで工事のため上下線とも通行止めになっています。,success,カウンターで工事のため上下線とも通行止めになっています。,False,27,28,1
,013_fmaichi_13597414_20260714082000_seg_00321,013_fmaichi_13597414_20260714082000,SPEAKER_03,4900.72,4915.819678,15.1,success,春日井市の県道うつつかち川線は勝川町5丁目交差点と勝川町6丁目交差点の間が故障車のため両方向とも通行止めになっていましたがこの通行止めは解除されています。,success,春日井市の県道うつつかち川線は勝川町5丁目交差点と勝川町6丁目交差点の間が故障車のため両方向とも通行止めになっていましたがこの通行止めは解除されています。,True,77,77,0
,013_fmaichi_13597414_20260714082000_seg_00322,013_fmaichi_13597414_20260714082000,SPEAKER_03,4920.88,4923.019873,2.14,success,京都伊勢道が工事のため渋滞に。,success,伊勢道が工事のため渋滞に。,False,15,13,-2
,013_fmaichi_13597414_20260714082000_seg_00323,013_fmaichi_13597414_20260714082000,SPEAKER_03,4925.2,4928.779639,3.58,success,一般道の亀山方面に向かう下り線はカニカマ。,success,一般道の亀山方面に向かう下り線はカニ。,False,21,19,-2
,013_fmaichi_13597414_20260714082000_seg_00324,013_fmaichi_13597414_20260714082000,SPEAKER_03,4931.380029,4936.459814,5.08,success,上り線が規制されていて4kmの渋滞通過におよそ20分かかっています。,success,上線が規制されていて4kmの渋滞通過におよそ20分かかっています。,False,34,33,-1
,013_fmaichi_13597414_20260714082000_seg_00325,013_fmaichi_13597414_20260714082000,SPEAKER_03,4938.16,4940.779639,2.62,success,今日の名古屋方面に向かう上り線は。,success,今日の名古屋方面に向かう上り線は。,True,17,17,0
,013_fmaichi_13597414_20260714082000_seg_00326,013_fmaichi_13597414_20260714082000,SPEAKER_03,4942.0,4946.539893,4.54,success,付近で工事のため追い越し車線が規制されていて1キロの渋滞。,success,付近で工事のため追い越し車線が規制されていて1キロの渋滞。,True,29,29,0
,013_fmaichi_13597414_20260714082000_seg_00327,013_fmaichi_13597414_20260714082000,SPEAKER_03,4949.68,4951.819678,2.14,success,豊田方面に向かう上り線は。,success,豊田方面に向かう上り線は。,True,13,13,0
,013_fmaichi_13597414_20260714082000_seg_00328,013_fmaichi_13597414_20260714082000,SPEAKER_03,4953.04,4954.220068,1.18,success,まで5キロ渋滞。,success,まで5キロ渋滞。,True,8,8,0
,013_fmaichi_13597414_20260714082000_seg_00329,013_fmaichi_13597414_20260714082000,SPEAKER_03,4956.88,4959.499854,2.62,success,道路交通情報センターの福永です。,success,道路交通情報センターの福永です。,True,16,16,0
,013_fmaichi_13597414_20260714082000_seg_00330,013_fmaichi_13597414_20260714082000,SPEAKER_03,4960.72,4962.859717,2.14,success,マイチトロフィック次の情報は。,success,ヒューマンエチトロフィック次の情報は。,False,15,19,4
,013_fmaichi_13597414_20260714082000_seg_00331,013_fmaichi_13597414_20260714082000,SPEAKER_03,4964.08,4965.259863,1.18,success,8分ごろお伝えします。,success,8分ごろお伝えします。,True,11,11,0
,013_fmaichi_13597414_20260714082000_seg_00332,013_fmaichi_13597414_20260714082000,SPEAKER_03,5003.92,5004.619971,0.7,success,担当の今井。,success,担当の今井さんです。,False,6,10,4
,013_fmaichi_13597414_20260714082000_seg_00333,013_fmaichi_13597414_20260714082000,SPEAKER_00,5087.380029,5089.099951,1.72,success,nftページからお願いします。,success,セーフティーページからお願いします。,False,15,18,3
,013_fmaichi_13597414_20260714082000_seg_00334,013_fmaichi_13597414_20260714082000,SPEAKER_00,5092.179834,5094.379736,2.2,success,皆さんからのメッセージを紹介しましょう。,success,皆さんからのメッセージを紹介しましょう。,True,20,20,0
,013_fmaichi_13597414_20260714082000_seg_00335,013_fmaichi_13597414_20260714082000,SPEAKER_00,5114.32,5115.019873,0.7,success,超える方が。,success,超える方が。,True,6,6,0
,013_fmaichi_13597414_20260714082000_seg_00336,013_fmaichi_13597414_20260714082000,SPEAKER_00,5120.019678,5120.779639,0.76,success,いとを正しく。,success,糸を正しく。,False,7,6,-1
,013_fmaichi_13597414_20260714082000_seg_00337,013_fmaichi_13597414_20260714082000,SPEAKER_00,5149.36,5150.539893,1.18,success,モーニンググリーズ水城。,success,モーニングブリーズ水城。,False,12,12,0
,013_fmaichi_13597414_20260714082000_seg_00338,013_fmaichi_13597414_20260714082000,SPEAKER_00,5151.699854,5154.379736,2.68,success,時間は日替わりで愛知県の最新トピックスを紹介。,success,時間は日替わりで愛知県の最新トピックスを紹介します。,False,23,26,3
,013_fmaichi_13597414_20260714082000_seg_00339,013_fmaichi_13597414_20260714082000,SPEAKER_00,5156.979639,5157.740088,0.76,success,開催中の。,success,開催中の。,True,5,5,0
,013_fmaichi_13597414_20260714082000_seg_00340,013_fmaichi_13597414_20260714082000,SPEAKER_00,5160.33999,5161.099951,0.76,success,なら参加できる。,success,なら参加できる。,True,8,8,0
,013_fmaichi_13597414_20260714082000_seg_00341,013_fmaichi_13597414_20260714082000,SPEAKER_00,5169.04,5169.740088,0.7,success,においを伺いました。,success,にお話を伺います。,False,10,9,-1
,013_fmaichi_13597414_20260714082000_seg_00342,013_fmaichi_13597414_20260714082000,SPEAKER_00,5171.44,5172.619971,1.18,success,今日はよろしくお願いします。,success,今日はよろしくお願いします。,True,14,14,0
,013_fmaichi_13597414_20260714082000_seg_00343,013_fmaichi_13597414_20260714082000,SPEAKER_01,5173.84,5175.76,1.92,success,よろしくお願いします。,success,よろしくお願いします。,True,11,11,0
,013_fmaichi_13597414_20260714082000_seg_00344,013_fmaichi_13597414_20260714082000,SPEAKER_00,5175.76,5176.459814,0.7,success,高野さんまずは。,success,高野さんまずは?,False,8,8,0
,013_fmaichi_13597414_20260714082000_seg_00345,013_fmaichi_13597414_20260714082000,SPEAKER_00,5177.68,5179.339697,1.66,success,ライトラリーの主宰をされている。,success,ポラリーの主宰をされている。,False,16,14,-2
,013_fmaichi_13597414_20260714082000_seg_00346,013_fmaichi_13597414_20260714082000,SPEAKER_00,5180.56,5181.259863,0.7,success,ポスト普及。,success,コースト普及。,False,6,7,1
,013_fmaichi_13597414_20260714082000_seg_00347,013_fmaichi_13597414_20260714082000,SPEAKER_00,5183.380029,5184.13999,0.76,success,なのか教えてください。,success,なのか教えて下さい。,False,11,10,-1
,013_fmaichi_13597414_20260714082000_seg_00348,013_fmaichi_13597414_20260714082000,SPEAKER_01,5186.8,5190.379736,3.58,success,研究委員会は喫茶店文化を盛り上げたいという思いで立ち上げました。,success,旧委員会は喫茶店文化を盛り上げたいという思いで立ち上げました。,False,32,31,-1
,013_fmaichi_13597414_20260714082000_seg_00349,013_fmaichi_13597414_20260714082000,SPEAKER_01,5192.08,5193.740088,1.66,success,憩いの場になっている私の。,success,憩いの場になっている昔の。,False,13,13,0
,013_fmaichi_13597414_20260714082000_seg_00350,013_fmaichi_13597414_20260714082000,SPEAKER_01,5195.44,5201.419775,5.98,success,snsで話題になっている新しいカフェまで、いろんなお店が一緒になって、この喫茶文化全体を盛り上げていける。,success,snsで話題になっている新しいカフェまでいろんなお店が一緒になってこの喫茶文化全体を盛り上げていけ。,False,53,50,-3
,013_fmaichi_13597414_20260714082000_seg_00351,013_fmaichi_13597414_20260714082000,SPEAKER_01,5203.12,5204.779639,1.66,success,と思って生まれたのがこの活動。,success,そう思って生まれたのがこの活動。,False,15,16,1
,013_fmaichi_13597414_20260714082000_seg_00352,013_fmaichi_13597414_20260714082000,SPEAKER_01,5206.96,5207.66001,0.7,success,都の給油委員会。,success,都の吸引会。,False,8,6,-2
,013_fmaichi_13597414_20260714082000_seg_00353,013_fmaichi_13597414_20260714082000,SPEAKER_01,5208.88,5210.539893,1.66,success,書店やカフェの店舗だけではなく。,success,喫茶店やカフェの店舗だけではなくて。,False,16,18,2
,013_fmaichi_13597414_20260714082000_seg_00354,013_fmaichi_13597414_20260714082000,SPEAKER_01,5211.76,5221.579932,9.82,success,支えてきた業務用のパンメーカーさんとか、製あん所さんにもスポットライトを当てて、新しい角度からも、この業界の魅力や楽しみ方を知ってもらいたいと思っています。,success,支えてきた業務用のパンメーカーさんとか製あん所さんにもスポットライトを当てて新しい角度からもこの業界の魅力や楽しみ方を知ってもらいたいと思っています。,False,78,75,-3
,013_fmaichi_13597414_20260714082000_seg_00355,013_fmaichi_13597414_20260714082000,SPEAKER_01,5222.8,5237.28,14.48,success,なので、小倉トーストもまだまだ知られざる魅力が、楽しみ方がたくさんあるので、小倉トーストをきっかけに、お客さんとお店の新しい出会いや、お店どうしの新しいつながりが生まれて、この業界がさらに盛り上がったらいいなと思っています。,success,小倉トーストまだまだ知られざる魅力が楽しみ方がたくさんあるので小倉トーストをきっかけにお客さんとお店の新しい出会いやお店同士の新しいつながりが生まれてこの業界が更に盛り上がったらいいなと思っています。,False,112,100,-12
,013_fmaichi_13597414_20260714082000_seg_00356,013_fmaichi_13597414_20260714082000,SPEAKER_00,5237.36,5238.859717,1.5,success,小 ?? 投手です。,success,はい小倉投手です。,False,10,9,-1
,013_fmaichi_13597414_20260714082000_seg_00357,013_fmaichi_13597414_20260714082000,SPEAKER_00,5240.56,5243.84,3.28,success,個性があってホントに楽しいですよね。,success,個性があってホントに楽しいですよね。,True,18,18,0
,013_fmaichi_13597414_20260714082000_seg_00358,013_fmaichi_13597414_20260714082000,SPEAKER_01,5243.84,5244.72,0.88,success,そうですね。,success,そうですね。,True,6,6,0
,013_fmaichi_13597414_20260714082000_seg_00359,013_fmaichi_13597414_20260714082000,SPEAKER_00,5244.96,5247.499854,2.54,success,では今回開催されるモグラダービー。,success,では今回開催される小倉さんの。,False,17,15,-2
,013_fmaichi_13597414_20260714082000_seg_00360,013_fmaichi_13597414_20260714082000,SPEAKER_00,5250.579736,5253.52,2.94,success,どんなイベントなのか概要を教えていただけますか?,success,どんなイベントなのか概要を教えて頂けますか?,False,24,22,-2
,013_fmaichi_13597414_20260714082000_seg_00361,013_fmaichi_13597414_20260714082000,SPEAKER_01,5253.68,5260.459814,6.78,success,はいこの小倉トーストスタンプラリーはですね7月の1日から9月の14日までの2カ月半の。,success,はいこの小倉トーストスタンプラリーはですね7月の1日から9月の14日までの2カ月半の。,True,43,43,0
,013_fmaichi_13597414_20260714082000_seg_00362,013_fmaichi_13597414_20260714082000,SPEAKER_01,5264.56,5266.700049,2.14,success,この店舗で小倉トーストを食べて、コース。,success,その店舗で小倉トーストを食べて、コース。,False,20,20,0
,013_fmaichi_13597414_20260714082000_seg_00363,013_fmaichi_13597414_20260714082000,SPEAKER_01,5268.4,5269.92,1.52,success,イベントになっています。,success,イベントになっています。,True,12,12,0
,013_fmaichi_13597414_20260714082000_seg_00364,013_fmaichi_13597414_20260714082000,SPEAKER_01,5270.24,5273.419775,3.18,success,これ、3年前にも一度、開催をしているんですけれども。,success,これ3年前にも一度開催をしているんですけれども。,False,26,24,-2
,013_fmaichi_13597414_20260714082000_seg_00365,013_fmaichi_13597414_20260714082000,SPEAKER_01,5279.44,5280.13999,0.7,success,この期間。,success,この期間中ですね。,False,5,9,4
,013_fmaichi_13597414_20260714082000_seg_00366,013_fmaichi_13597414_20260714082000,SPEAKER_01,5281.779932,5286.379736,4.6,success,95食、全体で小倉トーストを食べていただくことができます。,success,95食全体で小倉トーストを食べていただくことができます。,False,29,28,-1
,013_fmaichi_13597414_20260714082000_seg_00367,013_fmaichi_13597414_20260714082000,SPEAKER_01,5288.56,5289.740088,1.18,success,前回はこの食酢。,success,前回はこの食酢。,True,8,8,0
,013_fmaichi_13597414_20260714082000_seg_00368,013_fmaichi_13597414_20260714082000,SPEAKER_01,5290.96,5294.059912,3.1,success,1食当たり15円という形で寄付を頂いてですね。,success,1食当たり15円という形で寄付を頂いてですね。,True,23,23,0
,013_fmaichi_13597414_20260714082000_seg_00369,013_fmaichi_13597414_20260714082000,SPEAKER_01,5295.28,5300.56,5.28,success,小倉トーストの日という記念日を作る登録費用とさせていただいたんです。,success,愛する小倉トーストの日という記念日を作る登録費用とさせていただいたんです。,False,34,37,3
,013_fmaichi_13597414_20260714082000_seg_00370,013_fmaichi_13597414_20260714082000,SPEAKER_01,5301.04,5306.059912,5.02,success,ことしはもう記念日はすでにあるので、前回を上回る盛り上がり。,success,ことしはもう記念日はすでにあるので前回を上回る盛り上がり。,False,30,29,-1
,013_fmaichi_13597414_20260714082000_seg_00371,013_fmaichi_13597414_20260714082000,SPEAKER_01,5307.28,5319.76,12.48,success,店舗どうし、いろんな新しい企画が生まれたり、スタンプラリーには参加してないけど、ちょっと乗っかって、自分で企画してみようかなっていう、そういう方がどんどん新しい企画を生み出してくれたらいいなという期待もしながらやっております。,success,店舗同士色んな新しい企画が生まれたりスタンプラリーには参加してないけどちょっと乗っかって自分で企画してみようかなっていうそういう方がどんどん新しい企画を生み出してくれたらいいなという期待もしながらやっております。,False,113,106,-7
,013_fmaichi_13597414_20260714082000_seg_00372,013_fmaichi_13597414_20260714082000,SPEAKER_00,5319.84,5323.36,3.52,success,小倉トーストの日は何月何日なんですか?,success,小倉トーストの日は何月何日なんですか?,True,19,19,0
,013_fmaichi_13597414_20260714082000_seg_00373,013_fmaichi_13597414_20260714082000,SPEAKER_00,5329.36,5331.019873,1.66,success,これは何か語呂合わせだったりあるんですか?,success,これは何か語呂合わせだったりあるんですか?,True,21,21,0
,013_fmaichi_13597414_20260714082000_seg_00374,013_fmaichi_13597414_20260714082000,SPEAKER_00,5338.32,5340.16,1.84,success,トーストということなんですね。,success,トーストということなんですね。,True,15,15,0
,013_fmaichi_13597414_20260714082000_seg_00375,013_fmaichi_13597414_20260714082000,SPEAKER_00,5340.72,5343.499854,2.78,success,スタンプを集めるとどんな特典があるんですか?,success,スタンプを集めるとどんな特典があるんでしょうか?,False,22,24,2
,013_fmaichi_13597414_20260714082000_seg_00376,013_fmaichi_13597414_20260714082000,SPEAKER_01,5344.72,5347.339697,2.62,success,今回、スタンプを10個集めていただいた方。,success,今回スタンプを10個集めていただいた方。,False,21,20,-1
,013_fmaichi_13597414_20260714082000_seg_00377,013_fmaichi_13597414_20260714082000,SPEAKER_01,5350.96,5353.2,2.24,success,ペナルティホルダーをプレゼントしております。,success,ペタルキーホルダーをプレゼントしております。,False,22,22,0
,013_fmaichi_13597414_20260714082000_seg_00378,013_fmaichi_13597414_20260714082000,SPEAKER_00,5353.28,5354.539893,1.26,success,もうそれを持っていたら。,success,もうそれを持っていたら。,True,12,12,0
,013_fmaichi_13597414_20260714082000_seg_00379,013_fmaichi_13597414_20260714082000,SPEAKER_00,5355.699854,5357.6,1.9,success,ソースファンの証しっていうことですね。,success,そうするとファンの証しっていうことですね。,False,19,21,2
,013_fmaichi_13597414_20260714082000_seg_00380,013_fmaichi_13597414_20260714082000,SPEAKER_01,5358.08,5363.180029,5.1,success,グラトースの普及に一役買ったぞという証しとして、つけていただけたらと思います。,success,グラトースの普及に一役買ったぞという証しとしてつけていただけたらと思います。,False,39,38,-1
,013_fmaichi_13597414_20260714082000_seg_00381,013_fmaichi_13597414_20260714082000,SPEAKER_00,5364.819971,5367.019873,2.2,success,どうやったら参加できるんでしょうか?,success,どうやったら参加できるんでしょうか?,True,18,18,0
,013_fmaichi_13597414_20260714082000_seg_00382,013_fmaichi_13597414_20260714082000,SPEAKER_01,5368.24,5380.939795,12.7,success,小倉トーストスタンプラリー、ことしは現時点で全52店舗の参加をしていただいてますで、参加店舗に行って、小倉トーストを食べていただくと、そこでスタンプカードをもらうことができるので。,success,小倉トーストスタンプラリー、ことしは現時点で全52店舗の参加をしていただいてますで、参加店舗に行って、小倉トーストを食べていただくと、そこでスタンプカードをもらうことができるので。,True,90,90,0
,013_fmaichi_13597414_20260714082000_seg_00383,013_fmaichi_13597414_20260714082000,SPEAKER_01,5382.16,5382.859717,0.7,success,トースト1食。,success,トースト1食。,True,7,7,0
,013_fmaichi_13597414_20260714082000_seg_00384,013_fmaichi_13597414_20260714082000,SPEAKER_01,5384.56,5386.700049,2.14,success,押してもらうというシステムになってます。,success,押してもらうというシステムになってます。,True,20,20,0
,013_fmaichi_13597414_20260714082000_seg_00385,013_fmaichi_13597414_20260714082000,SPEAKER_01,5388.88,5396.299658,7.42,success,小倉トースト野球委員会の公式サイトで、店舗の一覧とマップを公開しておりますので、ぜひご覧いただければと思います。,success,小倉トースト復旧委員会の公式サイトで店舗の一覧とマップを公開しておりますのでぜひご覧いただければと思います。,False,56,54,-2
,013_fmaichi_13597414_20260714082000_seg_00386,013_fmaichi_13597414_20260714082000,SPEAKER_00,5397.52,5400.13999,2.62,success,最後に今ラジオをお聴きの皆さんにぜひひと言お願いします。,success,最後に今ラジオをお聴きの皆さんにぜひひと言お願いします。,True,28,28,0
,013_fmaichi_13597414_20260714082000_seg_00387,013_fmaichi_13597414_20260714082000,SPEAKER_01,5401.84,5403.499854,1.66,success,ぜひ新しい小倉と。,success,ぜひ新しい小倉と。,True,9,9,0
,013_fmaichi_13597414_20260714082000_seg_00388,013_fmaichi_13597414_20260714082000,SPEAKER_01,5404.659814,5405.419775,0.76,success,楽しんでいただきたい。,success,死んでいただきたい。,False,11,10,-1
,013_fmaichi_13597414_20260714082000_seg_00389,013_fmaichi_13597414_20260714082000,SPEAKER_00,5409.04,5411.180029,2.14,success,ハイチモーニングクイズ今日は現在開催中。,success,ハーイモーニンググリーンズ。,False,20,14,-6
,013_fmaichi_13597414_20260714082000_seg_00390,013_fmaichi_13597414_20260714082000,SPEAKER_00,5412.33999,5415.019873,2.68,success,深夜の喫茶文化を楽しみながら参加できる。,success,喫茶文化を楽しみながら参加できる。,False,20,17,-3
,013_fmaichi_13597414_20260714082000_seg_00391,013_fmaichi_13597414_20260714082000,SPEAKER_00,5417.2,5417.899756,0.7,success,ストスタンプラリーです。,success,ストスタンプラリー。,False,12,10,-2
,013_fmaichi_13597414_20260714082000_seg_00392,013_fmaichi_13597414_20260714082000,SPEAKER_00,5422.420068,5423.180029,0.76,success,お話を伺いました。,success,お話を伺いました。,True,9,9,0
,013_fmaichi_13597414_20260714082000_seg_00393,013_fmaichi_13597414_20260714082000,SPEAKER_00,5424.4,5425.6,1.2,success,ありがとうございました。,success,ありがとうございました。,True,12,12,0
,013_fmaichi_13597414_20260714082000_seg_00394,013_fmaichi_13597414_20260714082000,SPEAKER_01,5425.68,5427.68,2.0,success,ありがとうございました。,success,はいありがとうございました。,False,12,14,2
,013_fmaichi_13597414_20260714082000_seg_00395,013_fmaichi_13597414_20260714082000,SPEAKER_00,5861.619775,5862.859717,1.24,success,ミニのジグソーパズル。,success,ミニのジグソーパズル。,True,11,11,0
,013_fmaichi_13597414_20260714082000_seg_00396,013_fmaichi_13597414_20260714082000,SPEAKER_00,5900.499658,5901.259619,0.76,success,ピノ大樹。,success,美の大樹。,False,5,5,0
,013_fmaichi_13597414_20260714082000_seg_00397,013_fmaichi_13597414_20260714082000,SPEAKER_00,5969.2,5969.899756,0.7,success,コンテストに。,success,パンコンテストに。,False,7,9,2
,013_fmaichi_13597414_20260714082000_seg_00398,013_fmaichi_13597414_20260714082000,SPEAKER_03,5977.299951,5985.259619,7.96,success,あべっこあべっこあべっこらむねやっぱりうまいブドウ糖のあべっこラムネえがおいっぱい!,success,あべっこあべっこあべっこラムネやっぱりうまいブドウ糖のあべっこラムネえがおいっぱい!,False,42,42,0
,013_fmaichi_13597414_20260714082000_seg_00399,013_fmaichi_13597414_20260714082000,SPEAKER_03,5986.48,5987.04,0.56,success,ねっ。,success,ねっ!,False,3,3,0
,013_fmaichi_13597414_20260714082000_seg_00400,013_fmaichi_13597414_20260714082000,SPEAKER_00,5989.84,5990.96,1.12,success,マルゲリータに。,success,マルゲリータに。,True,8,8,0
,013_fmaichi_13597414_20260714082000_seg_00401,013_fmaichi_13597414_20260714082000,SPEAKER_00,5991.36,5991.92,0.56,success,ボスコ。,success,ボスコ。,True,4,4,0
,013_fmaichi_13597414_20260714082000_seg_00402,013_fmaichi_13597414_20260714082000,SPEAKER_00,5998.420068,5999.12,0.7,success,10時です。,success,10時です。,True,6,6,0
,013_fmaichi_13597414_20260714082000_seg_00403,013_fmaichi_13597414_20260714082000,SPEAKER_00,6022.56,6028.72,6.16,success,時刻は10時モーニングブリーズ今週のリクエストテーマは7月にちなんで7文字ソングです。,success,時刻は10時モーニングブリーズ今週のリクエストテーマは7月にちなんで7文字ソングです。,True,43,43,0
,013_fmaichi_13597414_20260714082000_seg_00404,013_fmaichi_13597414_20260714082000,SPEAKER_00,6029.44,6039.979834,10.54,success,色んなメッセージから皆さんしっかり数えてくださってるなっていう努力の跡がうかがえて大変嬉しいですありがとうございます絢香さんのリクエストお届けしましょうニュースチャンカパーツ。,success,色んなメッセージから皆さんしっかり数えてくださってるなっていう努力の跡がうかがえて大変嬉しいですありがとうございます絢香さんのリクエストお届けしましょうニュースチャンカパーン。,False,88,88,0
,013_fmaichi_13597414_20260714082000_seg_00405,013_fmaichi_13597414_20260714082000,SPEAKER_03,6306.099756,6307.339697,1.24,success,提供でお送りします。,success,提供でお送りします。,True,10,10,0
,013_fmaichi_13597414_20260714082000_seg_00406,013_fmaichi_13597414_20260714082000,SPEAKER_00,6317.2,6317.899756,0.7,success,保護者方に。,success,保者の方に。,False,6,6,0
,013_fmaichi_13597414_20260714082000_seg_00407,013_fmaichi_13597414_20260714082000,SPEAKER_00,6324.819971,6326.539893,1.72,success,文化共生推進月間。,success,文化共生推進月間。,True,9,9,0
,013_fmaichi_13597414_20260714082000_seg_00408,013_fmaichi_13597414_20260714082000,SPEAKER_00,6331.12,6332.299658,1.18,success,局地域振興課。,success,曲地域振興。,False,7,6,-1
,013_fmaichi_13597414_20260714082000_seg_00409,013_fmaichi_13597414_20260714082000,SPEAKER_00,6333.52,6334.220068,0.7,success,お話を伺った。,success,お話を伺って。,False,7,7,0
,013_fmaichi_13597414_20260714082000_seg_00410,013_fmaichi_13597414_20260714082000,SPEAKER_00,6335.92,6336.619971,0.7,success,ファンよろしくお願いします。,success,よろしくお願いします。,False,14,11,-3
,013_fmaichi_13597414_20260714082000_seg_00411,013_fmaichi_13597414_20260714082000,SPEAKER_00,6340.659814,6343.339697,2.68,success,多文化共生推進月間について教えてください。,success,多文化共生推進月間について教えて下さい。,False,21,20,-1
,013_fmaichi_13597414_20260714082000_seg_00412,013_fmaichi_13597414_20260714082000,SPEAKER_03,6367.84,6368.56,0.72,success,支え合え。,success,支え合え。,True,5,5,0
,013_fmaichi_13597414_20260714082000_seg_00413,013_fmaichi_13597414_20260714082000,SPEAKER_03,6375.84,6376.4,0.56,success,なんか強制。,success,画矯正。,False,6,4,-2
,013_fmaichi_13597414_20260714082000_seg_00414,013_fmaichi_13597414_20260714082000,SPEAKER_03,6379.84,6380.48,0.64,success,つかめることができた。,success,深めることができない。,False,11,11,0
,013_fmaichi_13597414_20260714082000_seg_00415,013_fmaichi_13597414_20260714082000,SPEAKER_00,6385.84,6387.019873,1.18,success,活動が行われている。,success,活動が行われている。,True,10,10,0
,013_fmaichi_13597414_20260714082000_seg_00416,013_fmaichi_13597414_20260714082000,SPEAKER_03,6392.08,6394.220068,2.14,success,上で踊ろうを開催してます。,success,上で踊ろうを開催します。,False,13,12,-1
,013_fmaichi_13597414_20260714082000_seg_00417,013_fmaichi_13597414_20260714082000,SPEAKER_03,6395.44,6396.619971,1.18,success,日本人市民と外国人。,success,近人市民と外国人。,False,10,9,-1
,013_fmaichi_13597414_20260714082000_seg_00418,013_fmaichi_13597414_20260714082000,SPEAKER_03,6398.739893,6399.979834,1.24,success,盆踊りをするイベント。,success,盆踊りを踊るイベントです。,False,11,13,2
,013_fmaichi_13597414_20260714082000_seg_00419,013_fmaichi_13597414_20260714082000,SPEAKER_03,6403.6,6404.779639,1.18,success,外国人も観光客も。,success,外国人も観光客も。,True,9,9,0
,013_fmaichi_13597414_20260714082000_seg_00420,013_fmaichi_13597414_20260714082000,SPEAKER_00,6409.36,6413.899756,4.54,success,今年も名古屋市多文化共生推進月間のイベントが行われるそうです。,success,今年も名古屋市多文化共生推進月間のイベントが行われるそうです。,True,31,31,0
,013_fmaichi_13597414_20260714082000_seg_00421,013_fmaichi_13597414_20260714082000,SPEAKER_03,6416.979639,6419.180029,2.2,success,国籍やルーツに関係なく参加できるイベント。,success,国籍やルーツに関係なく参加できるイベント。,True,21,21,0
,013_fmaichi_13597414_20260714082000_seg_00422,013_fmaichi_13597414_20260714082000,SPEAKER_00,6424.72,6425.899756,1.18,success,どんな内容になっているのでしょうか。,success,どんな内容になっているのでしょうか。,True,18,18,0
,013_fmaichi_13597414_20260714082000_seg_00423,013_fmaichi_13597414_20260714082000,SPEAKER_00,6447.28,6451.339697,4.06,success,にぎやかで楽しいイベントになりそうですよね。,success,にぎやかで楽しいイベントになりそうですよね。,True,22,22,0
,013_fmaichi_13597414_20260714082000_seg_00424,013_fmaichi_13597414_20260714082000,SPEAKER_00,6453.52,6456.13999,2.62,success,参加方法について教えてください。,success,参加方法について教えてください。,True,16,16,0
,013_fmaichi_13597414_20260714082000_seg_00425,013_fmaichi_13597414_20260714082000,SPEAKER_00,6500.56,6501.259619,0.7,success,お話を伺います。,success,お話を伺います。,True,8,8,0
,013_fmaichi_13597414_20260714082000_seg_00426,013_fmaichi_13597414_20260714082000,SPEAKER_00,6507.699854,6510.379736,2.68,success,コンテンツプラットフォームjfnのpoctでも。,success,コンテンツプラットフォームjfnpotsでも。,False,24,23,-1
,013_fmaichi_13597414_20260714082000_seg_00427,013_fmaichi_13597414_20260714082000,SPEAKER_00,6522.579736,6523.339697,0.76,success,さんのおすすめさん。,success,ほんのおすすめスポット。,False,10,12,2
,013_fmaichi_13597414_20260714082000_seg_00428,013_fmaichi_13597414_20260714082000,SPEAKER_03,6569.2,6569.899756,0.7,success,つれ。,success,ズレ!,False,3,3,0
,013_fmaichi_13597414_20260714082000_seg_00429,013_fmaichi_13597414_20260714082000,SPEAKER_00,7071.699854,7072.48,0.78,success,雑貨屋さん。,success,雑貨屋さん。,True,6,6,0
,013_fmaichi_13597414_20260714082000_seg_00430,013_fmaichi_13597414_20260714082000,SPEAKER_03,7137.459619,7139.68,2.22,success,いただきます!,success,いただきます!,True,7,7,0
,013_fmaichi_13597414_20260714082000_seg_00431,013_fmaichi_13597414_20260714082000,SPEAKER_03,7140.32,7142.96,2.64,success,のひと皿にきのこがあったら。,success,のひと皿にきのこがあったら。,True,14,14,0
,013_fmaichi_13597414_20260714082000_seg_00432,013_fmaichi_13597414_20260714082000,SPEAKER_03,7159.539697,7198.16,38.62,success,今ラジオを聞いているあなたお金を借りたことはありませんか自分のことだ!と思った方いますよね過払い金はもう取り戻しましたか払い金とは払いすぎた利息のことであなたに返されるべきお金ですでも手続きとか面倒そうだし大丈夫杉山事務所にお任せください相談は無料たったの3分過払い金の請求には期限があるので少しでも気になったら杉山事務所へお電話を司法書士法人杉山事務所。,success,今ラジオを聞いているあなたお金を借りたことはありませんか自分のことだ!と思った方いますよね過払い金はもう取り戻しましたか払い金とは払いすぎた利息のことであなたに返されるべきお金ですでも手続きとか面倒そうだし大丈夫杉山事務所にお任せください相談は無料たったの3分過払い金の請求には期限があるので少しでも気になったら杉山事務所へお電話を司法書士法人杉山事務所。,True,178,178,0
,013_fmaichi_13597414_20260714082000_seg_00433,013_fmaichi_13597414_20260714082000,SPEAKER_02,7211.44,7214.4,2.96,success,ジャパネット高田ラジオショッピングですが、今朝どんな商品でしょうか?,success,ジャパネット高田ラジオショッピングですが今朝どんな商品でしょうか?,False,34,33,-1
,013_fmaichi_13597414_20260714082000_seg_00434,013_fmaichi_13597414_20260714082000,SPEAKER_02,7215.44,7218.379736,2.94,success,よろしくお願いいたします。,success,こんにちはよろしくお願いいたします。,False,13,18,5
,013_fmaichi_13597414_20260714082000_seg_00435,013_fmaichi_13597414_20260714082000,SPEAKER_02,7219.6,7220.779639,1.18,success,今ジャパレットは。,success,今ジャパネットは。,False,9,9,0
,013_fmaichi_13597414_20260714082000_seg_00436,013_fmaichi_13597414_20260714082000,SPEAKER_02,7222.96,7224.619971,1.66,success,開催中でございます。,success,開催中でございます。,True,10,10,0
,013_fmaichi_13597414_20260714082000_seg_00437,013_fmaichi_13597414_20260714082000,SPEAKER_02,7225.84,7228.459814,2.62,success,本当にこれ5月の末から始まってもう。,success,本当にこれ5月の末から始まってもう。,True,18,18,0
,013_fmaichi_13597414_20260714082000_seg_00438,013_fmaichi_13597414_20260714082000,SPEAKER_02,7231.12,7231.819678,0.7,success,でしかないんですけど。,success,でしかないんですけど。,True,11,11,0
,013_fmaichi_13597414_20260714082000_seg_00439,013_fmaichi_13597414_20260714082000,SPEAKER_02,7233.04,7235.180029,2.14,success,本当に大変です。,success,そうなんですよほんとに大変です。,False,8,16,8
,013_fmaichi_13597414_20260714082000_seg_00440,013_fmaichi_13597414_20260714082000,SPEAKER_00,7242.8,7243.68,0.88,success,でもおまかせが2。,success,でもうまさそれが2年前。,False,9,12,3
,013_fmaichi_13597414_20260714082000_seg_00441,013_fmaichi_13597414_20260714082000,SPEAKER_00,7251.76,7252.8,1.04,success,けにはおそらく。,success,家には恐らく。,False,8,7,-1
,013_fmaichi_13597414_20260714082000_seg_00442,013_fmaichi_13597414_20260714082000,SPEAKER_00,7262.4,7263.979834,1.58,success,もちろんそれ自体はね環境にとって。,success,もちろんそれ自体はね環境にとってもいい。,False,17,20,3
,013_fmaichi_13597414_20260714082000_seg_00443,013_fmaichi_13597414_20260714082000,SPEAKER_00,7265.68,7269.44,3.76,success,この省エネ基準をクリアするために製造コストが上がるというのがありまして。,success,この省エネ基準をクリアするために製造コストが上がるというのがありまして。,True,36,36,0
,013_fmaichi_13597414_20260714082000_seg_00444,013_fmaichi_13597414_20260714082000,SPEAKER_00,7270.96,7274.539893,3.58,success,来年、これ、今さ、全く同じモデルですよ、同じグレード。,success,来年これ今さ全く同じモデルですよ同じグレードで。,False,27,24,-3
,013_fmaichi_13597414_20260714082000_seg_00445,013_fmaichi_13597414_20260714082000,SPEAKER_00,7277.04,7278.379736,1.34,success,2万3万は値段が。,success,2万3万は値段が高い。,False,9,11,2
,013_fmaichi_13597414_20260714082000_seg_00446,013_fmaichi_13597414_20260714082000,SPEAKER_00,7283.44,7284.0,0.56,success,あらもう。,success,あらもう。,True,5,5,0
,013_fmaichi_13597414_20260714082000_seg_00447,013_fmaichi_13597414_20260714082000,SPEAKER_00,7286.32,7287.499854,1.18,success,ゾウイモを3人も。,success,ゾウイモを3人も。,True,9,9,0
,013_fmaichi_13597414_20260714082000_seg_00448,013_fmaichi_13597414_20260714082000,SPEAKER_00,7288.72,7289.6,0.88,success,チェアコンタクト。,success,エアコンタクト。,False,9,8,-1
,013_fmaichi_13597414_20260714082000_seg_00449,013_fmaichi_13597414_20260714082000,SPEAKER_02,7289.6,7293.7396,4.14,success,うちもね10年ちょいたってたんでちょうどよかったんですよ買い替えが。,success,うちもね10年ちょい経ってたんでちょうどよかったんですよ開花式が。,False,34,33,-1
,013_fmaichi_13597414_20260714082000_seg_00450,013_fmaichi_13597414_20260714082000,SPEAKER_02,7294.96,7303.339697,8.38,success,タイミングはだけどやっぱりうんお待たせがっておっしゃられてそうなんです実はですね今エアコン祭り色んなメーカー色んなグレードをご紹介してます。,success,タイミングはだけどやっぱりうんお待たせがっておっしゃられてそうなんです実はですね今エアコン祭り色んなメーカー色んなグレードを紹介してるんです。,False,70,71,1
,013_fmaichi_13597414_20260714082000_seg_00451,013_fmaichi_13597414_20260714082000,SPEAKER_02,7308.88,7309.579932,0.7,success,かなりおそくない?,success,かなり遅くないですか?,False,9,11,2
,013_fmaichi_13597414_20260714082000_seg_00452,013_fmaichi_13597414_20260714082000,SPEAKER_02,7316.08,7316.779639,0.7,success,新潟。,success,新潟。,True,3,3,0
,013_fmaichi_13597414_20260714082000_seg_00453,013_fmaichi_13597414_20260714082000,SPEAKER_02,7318.0,7319.66001,1.66,success,先辺りはちょっとお待たせなんですがそれは。,success,先辺りはちょっとお待たせなんですがそれは。,True,21,21,0
,013_fmaichi_13597414_20260714082000_seg_00454,013_fmaichi_13597414_20260714082000,SPEAKER_02,7321.84,7324.939795,3.1,success,物がないんです、売れすぎていて。,success,はいはいはい物がないんです売れすぎていて。,False,16,21,5
,013_fmaichi_13597414_20260714082000_seg_00455,013_fmaichi_13597414_20260714082000,SPEAKER_02,7326.64,7327.819678,1.18,success,今日ご紹介するのは。,success,今日ご紹介するのは。,True,10,10,0
,013_fmaichi_13597414_20260714082000_seg_00456,013_fmaichi_13597414_20260714082000,SPEAKER_02,7331.92,7339.819678,7.9,success,シリーズという今年5月発売のモデルなんですけどこれ入荷がですね例えば6畳でいうと22日来週の水曜日に発売される。,success,シリーズという今年5月発売のモデルなんですけどこれ入荷がですね例えば6畳でいうと22日来週の水曜日に。,False,56,51,-5
,013_fmaichi_13597414_20260714082000_seg_00457,013_fmaichi_13597414_20260714082000,SPEAKER_02,7342.48,7344.0,1.52,success,来週末ぐらいにつきあおうかな。,success,ちょっと来週末ぐらいにつきあおうかな。,False,15,19,4
,013_fmaichi_13597414_20260714082000_seg_00458,013_fmaichi_13597414_20260714082000,SPEAKER_02,7425.6,7429.579932,3.98,success,最初からいろんな機能をつけてるのがすごいところなんですよ白バイ。,success,なんですが最初からいろんな機能をつけてるのがすごいところなんですよシロハリ。,False,32,38,6
,013_fmaichi_13597414_20260714082000_seg_00459,013_fmaichi_13597414_20260714082000,SPEAKER_02,7436.08,7438.21958,2.14,success,これがどうしてもカビとか嫌なニオイを生む。,success,これがどうしてもカビとか嫌なにおいを生んでしまう。,False,21,25,4
,013_fmaichi_13597414_20260714082000_seg_00460,013_fmaichi_13597414_20260714082000,SPEAKER_02,7439.52,7440.13999,0.62,success,それをですね。,success,それをです。,False,7,6,-1
,013_fmaichi_13597414_20260714082000_seg_00461,013_fmaichi_13597414_20260714082000,SPEAKER_02,7441.36,7442.539893,1.18,success,日立さんしか国内では。,success,常陸さんしか国内ではない。,False,11,13,2
,013_fmaichi_13597414_20260714082000_seg_00462,013_fmaichi_13597414_20260714082000,SPEAKER_02,7445.76,7447.819678,2.06,success,凍らせるその時に周りの空気を。,success,凍らせるその時に周りのものを。,False,15,15,0
,013_fmaichi_13597414_20260714082000_seg_00463,013_fmaichi_13597414_20260714082000,SPEAKER_02,7449.04,7449.7396,0.7,success,手のこおりを作る。,success,江戸氷を作る。,False,9,7,-2
,013_fmaichi_13597414_20260714082000_seg_00464,013_fmaichi_13597414_20260714082000,SPEAKER_02,7456.72,7460.299658,3.58,success,ですからいわゆる利きジャバー鉄。,success,はいはいはい。ですからいわゆる利きジャバー鉄。,False,16,23,7
,013_fmaichi_13597414_20260714082000_seg_00465,013_fmaichi_13597414_20260714082000,SPEAKER_02,7464.4,7471.339697,6.94,success,数十年後汚れのつき方が歴然と差が出てくるというそう我々がね手で掃除できない場所だからこういう技術で補っていく。,success,10年後汚れのつき方が歴然と差が出てくるというそう我々がね手で掃除できない場所だからこういう技術で補ってる。,False,55,54,-1
,013_fmaichi_13597414_20260714082000_seg_00466,013_fmaichi_13597414_20260714082000,SPEAKER_02,7472.56,7473.259619,0.7,success,ということでございます。,success,ところでございます。,False,12,10,-2
,013_fmaichi_13597414_20260714082000_seg_00467,013_fmaichi_13597414_20260714082000,SPEAKER_02,7474.48,7476.619971,2.14,success,終わらないからすごいわけなんですおわらない。,success,終わらないからすごいわけなんです終わらない。,False,22,22,0
,013_fmaichi_13597414_20260714082000_seg_00468,013_fmaichi_13597414_20260714082000,SPEAKER_02,7478.8,7482.859717,4.06,success,ドアタックという機能まで付いてるのがすごいところなんだそれはこれ!,success,アタックという機能まで付いてるのがすごいとこなんだなんだそれはこれ!,False,33,34,1
,013_fmaichi_13597414_20260714082000_seg_00469,013_fmaichi_13597414_20260714082000,SPEAKER_02,7486.899805,7487.66001,0.76,success,どうさせることに。,success,そうさせることに。,False,9,9,0
,013_fmaichi_13597414_20260714082000_seg_00470,013_fmaichi_13597414_20260714082000,SPEAKER_02,7489.36,7490.8,1.44,success,抑えていくという機能があるんです。,success,抑えていくっていう機能があるんです。,False,17,18,1
,013_fmaichi_13597414_20260714082000_seg_00471,013_fmaichi_13597414_20260714082000,SPEAKER_02,7491.6,7492.939795,1.34,success,ここまででもすごいんですけどまっすぐ。,success,ここまででもすごいんですけどまっすぐ。,True,19,19,0
,013_fmaichi_13597414_20260714082000_seg_00472,013_fmaichi_13597414_20260714082000,SPEAKER_02,7497.04,7499.180029,2.14,success,飛行機の羽根にあたるファンの部分を使います。,success,さっきの羽にあたるファンの部分の部分。,False,22,19,-3
,013_fmaichi_13597414_20260714082000_seg_00473,013_fmaichi_13597414_20260714082000,SPEAKER_02,7500.4,7506.859717,6.46,success,消してキレイにしようとしてくれるのがヒートアタックのすごいところなんですこれすごいっすね。,success,してキレイにしようとしてくれるのがヒートアタックのすごいところなんですこれすごいっすねぇ。,False,45,45,0
,013_fmaichi_13597414_20260714082000_seg_00474,013_fmaichi_13597414_20260714082000,SPEAKER_02,7509.04,7510.21958,1.18,success,ことあるかたはなんと!,success,ことある方はなんと!,False,11,10,-1
,013_fmaichi_13597414_20260714082000_seg_00475,013_fmaichi_13597414_20260714082000,SPEAKER_02,7511.92,7513.099951,1.18,success,くろいのがついてたり。,success,黒いのがついてたり。,False,11,10,-1
,013_fmaichi_13597414_20260714082000_seg_00476,013_fmaichi_13597414_20260714082000,SPEAKER_02,7515.699854,7520.779639,5.08,success,自分で熱してくれるからやっぱり5年後10年後汚れのつけ方全然変わってくるのが。,success,自分で熱してくれるからやっぱり5年後10年後汚れのつけ方が全然変わってくるのが。,False,39,40,1
,013_fmaichi_13597414_20260714082000_seg_00477,013_fmaichi_13597414_20260714082000,SPEAKER_02,7522.41958,7524.13999,1.72,success,プラスヒートアタックもう凍らせる。,success,トップラスヒータータップもう凍らせて。,False,17,19,2
,013_fmaichi_13597414_20260714082000_seg_00478,013_fmaichi_13597414_20260714082000,SPEAKER_02,7527.219873,7534.21958,7.0,success,これだけじゃないですよあのコストはかかるんですけども除菌効果のあるステンレスを羽根の部分とか風のところに使う。,success,これだけじゃないですよあのコストはかかるんですけども除菌効果のあるステンレスを羽根の部分とか風の通りに使って。,False,55,55,0
,013_fmaichi_13597414_20260714082000_seg_00479,013_fmaichi_13597414_20260714082000,SPEAKER_02,7535.92,7538.08,2.16,success,フィルターもステンレスで作ってるからああそうだ。,success,フィルターもステンレスで作ってるからああそうか。,False,24,24,0
,013_fmaichi_13597414_20260714082000_seg_00480,013_fmaichi_13597414_20260714082000,SPEAKER_02,7541.12,7544.779639,3.66,success,まあですんでねプラスチックに比べれば当然コストはかかるんですけど。,success,まあですんでねプラスチックに比べれば当然コストはかかるんですけど。,True,33,33,0
,013_fmaichi_13597414_20260714082000_seg_00481,013_fmaichi_13597414_20260714082000,SPEAKER_02,7546.48,7549.099951,2.62,success,ちがうから5年先10年先を見据えて。,success,違うから5年先10年先を見据えて。,False,18,17,-1
,013_fmaichi_13597414_20260714082000_seg_00482,013_fmaichi_13597414_20260714082000,SPEAKER_02,7550.32,7552.72,2.4,success,それからファンまで熱してなんてこともやります。,success,それからファンまで熱してなんてこともやりますよ。,False,23,24,1
,013_fmaichi_13597414_20260714082000_seg_00483,013_fmaichi_13597414_20260714082000,SPEAKER_02,7553.28,7561.579932,8.3,success,ステンレスクリーンだからこれね冷房暖房除湿の機能だけじゃなくてちゃんと清潔機能も使われてます。,success,機器ジャバ凍結洗浄もついてるでしょステンレスクリーンだからこれね冷房暖房除湿の機能だけじゃなくてちゃんと清潔機能も使われてます。,False,47,64,17
,013_fmaichi_13597414_20260714082000_seg_00484,013_fmaichi_13597414_20260714082000,SPEAKER_02,7563.28,7563.979834,0.7,success,おやすみ記録。,success,どうやすみきの。,False,7,8,1
,013_fmaichi_13597414_20260714082000_seg_00485,013_fmaichi_13597414_20260714082000,SPEAKER_02,7568.56,7569.6,1.04,success,寝られる方いると思うんです。,success,寝られる方いると思うんです。,True,14,14,0
,013_fmaichi_13597414_20260714082000_seg_00486,013_fmaichi_13597414_20260714082000,SPEAKER_02,7570.16,7570.699805,0.54,success,タイマーぎゅうぎゅう。,success,タイマーギュッ!,False,11,8,-3
,013_fmaichi_13597414_20260714082000_seg_00487,013_fmaichi_13597414_20260714082000,SPEAKER_02,7576.24,7577.419775,1.18,success,あれだと思うんですけど。,success,これだと思うんですけど。,False,12,12,0
,013_fmaichi_13597414_20260714082000_seg_00488,013_fmaichi_13597414_20260714082000,SPEAKER_02,7578.64,7583.6,4.96,success,勝手にエアコンがそれを見張っていて温度が上がったら勝手に自分で冷房。,success,勝手にエアコンがそれを見張っていて温度が上がったら勝手に自分で冷房を。,False,34,35,1
,013_fmaichi_13597414_20260714082000_seg_00489,013_fmaichi_13597414_20260714082000,SPEAKER_02,7583.92,7584.88,0.96,success,スタートさせちゃうんです。,success,スタートさせちゃうんです。,True,13,13,0
,013_fmaichi_13597414_20260714082000_seg_00490,013_fmaichi_13597414_20260714082000,SPEAKER_03,7585.12,7586.24,1.12,success,めっちゃいいっすね。,success,めっちゃいいっすね。,True,10,10,0
,013_fmaichi_13597414_20260714082000_seg_00491,013_fmaichi_13597414_20260714082000,SPEAKER_02,7586.24,7591.819678,5.58,success,でまた下がったら自動で清昇してくれるっていうところ要は寝てる間のね熱中症が心配な。,success,でまた下がったら自動で停止をしてくれるっていうところ要は寝てる間のね熱中症が心配な。,False,41,42,1
,013_fmaichi_13597414_20260714082000_seg_00492,013_fmaichi_13597414_20260714082000,SPEAKER_02,7596.48,7597.099951,0.62,success,安心!,success,安心!,True,3,3,0
,013_fmaichi_13597414_20260714082000_seg_00493,013_fmaichi_13597414_20260714082000,SPEAKER_02,7598.739893,7599.499854,0.76,success,船長もついて。,success,船長もついて。,True,7,7,0
,013_fmaichi_13597414_20260714082000_seg_00494,013_fmaichi_13597414_20260714082000,SPEAKER_02,7601.139795,7601.899756,0.76,success,めっちゃよくない?,success,めっちゃよかった。,False,9,9,0
,013_fmaichi_13597414_20260714082000_seg_00495,013_fmaichi_13597414_20260714082000,SPEAKER_02,7609.36,7610.059912,0.7,success,パンおおき!,success,アンおおき!,False,6,6,0
,013_fmaichi_13597414_20260714082000_seg_00496,013_fmaichi_13597414_20260714082000,SPEAKER_02,7611.68,7612.939795,1.26,success,8万4000円!,success,8万4000!,False,8,7,-1
,013_fmaichi_13597414_20260714082000_seg_00497,013_fmaichi_13597414_20260714082000,SPEAKER_02,7616.08,7622.539893,6.46,success,これむちゃくちゃコスパよくないですかとすごいの出しましたねこれ分割使えますもちろん36カメ筋肉。,success,これむちゃくちゃコスパ良くないですかとすごいの出しましたねこれ分割使えますもちろん36カメ金肉。,False,48,48,0
,013_fmaichi_13597414_20260714082000_seg_00498,013_fmaichi_13597414_20260714082000,SPEAKER_02,7623.699854,7624.459814,0.76,success,1700円。,success,1700円!,False,6,6,0
,013_fmaichi_13597414_20260714082000_seg_00499,013_fmaichi_13597414_20260714082000,SPEAKER_02,7627.6,7628.779639,1.18,success,やだすごい!,success,本当にですからね。,False,6,9,3
,013_fmaichi_13597414_20260714082000_seg_00500,013_fmaichi_13597414_20260714082000,SPEAKER_02,7630.96,7635.019873,4.06,success,ああ今売れに売れてる設置も早いっていうのもありますんで。,success,ああ今売れに売れてるスイッチも早いっていうのもありますんですごいな!,False,28,34,6
,013_fmaichi_13597414_20260714082000_seg_00501,013_fmaichi_13597414_20260714082000,SPEAKER_02,7636.179834,7639.819678,3.64,success,23畳まで出てますが例えばリビングサイズの14畳。,success,10畳23畳まで出てますが例えばリビングサイズの住宅。,False,25,27,2
,013_fmaichi_13597414_20260714082000_seg_00502,013_fmaichi_13597414_20260714082000,SPEAKER_02,7640.979639,7641.7396,0.76,success,20万ぐらいだと。,success,20万ぐらいだと思う。,False,9,11,2
,013_fmaichi_13597414_20260714082000_seg_00503,013_fmaichi_13597414_20260714082000,SPEAKER_02,7645.52,7647.68,2.16,success,14万4800円になってる。,success,14万4800円だって。,False,14,12,-2
,013_fmaichi_13597414_20260714082000_seg_00504,013_fmaichi_13597414_20260714082000,SPEAKER_02,7649.2,7649.899756,0.7,success,あのここまでやる!,success,ってあのここまでやった!,False,9,12,3
,013_fmaichi_13597414_20260714082000_seg_00505,013_fmaichi_13597414_20260714082000,SPEAKER_02,7652.08,7653.7396,1.66,success,買い替えの場合はこれさ。,success,買い替えの場合はこれ多分。,False,12,13,1
,013_fmaichi_13597414_20260714082000_seg_00506,013_fmaichi_13597414_20260714082000,SPEAKER_02,7669.779932,7670.539893,0.76,success,1450円です。,success,1450でございます。,False,8,11,3
,013_fmaichi_13597414_20260714082000_seg_00507,013_fmaichi_13597414_20260714082000,SPEAKER_02,7673.68,7674.379736,0.7,success,部長見えてます。,success,部長見えてますけど。,False,8,10,2
,013_fmaichi_13597414_20260714082000_seg_00508,013_fmaichi_13597414_20260714082000,SPEAKER_02,7676.56,7677.259619,0.7,success,もっとうしろにき!,success,もっと後ろに行きます。,False,9,11,2
,013_fmaichi_13597414_20260714082000_seg_00509,013_fmaichi_13597414_20260714082000,SPEAKER_02,7680.88,7682.059912,1.18,success,12041。,success,120−44!,False,6,7,1
,013_fmaichi_13597414_20260714082000_seg_00510,013_fmaichi_13597414_20260714082000,SPEAKER_02,7686.64,7687.339697,0.7,success,くまくんのd。,success,熊くんのd。,False,7,6,-1
,013_fmaichi_13597414_20260714082000_seg_00511,013_fmaichi_13597414_20260714082000,SPEAKER_03,7688.56,7691.66001,3.1,success,5800円で手に入るチャンス6畳タイプぜひハピモニキーを気の方に。,success,5800円で手に入るチャンス6畳タイプぜひハピモニキーとお気の毒。,False,33,33,0
,013_fmaichi_13597414_20260714082000_seg_00512,013_fmaichi_13597414_20260714082000,SPEAKER_03,7694.32,7697.6,3.28,success,1−5554415番までいます。,success,1−554415−555番までいます。,False,16,19,3
,013_fmaichi_13597414_20260714082000_seg_00513,013_fmaichi_13597414_20260714082000,SPEAKER_02,7699.12,7700.08,0.96,success,新ラジオショッピングよ。,success,またラジオショッピングよ。,False,12,13,1
,013_fmaichi_13597414_20260714082000_seg_00514,013_fmaichi_13597414_20260714082000,SPEAKER_02,7700.48,7701.7396,1.26,success,ありがとうございました。,success,ありがとうございました!,False,12,12,0
,013_fmaichi_13597414_20260714082000_seg_00515,013_fmaichi_13597414_20260714082000,SPEAKER_03,7715.86001,7719.979834,4.12,success,市の国道23号線が工事のため通行止めになっています。,success,市の国道23号線が工事のため通行止めになっています。,True,26,26,0
,013_fmaichi_13597414_20260714082000_seg_00516,013_fmaichi_13597414_20260714082000,SPEAKER_03,7725.52,7728.13999,2.62,success,工事のため上下線とも通行止めになります。,success,手工事のため上下線とも通行止めに。,False,20,17,-3
,013_fmaichi_13597414_20260714082000_seg_00517,013_fmaichi_13597414_20260714082000,SPEAKER_03,7729.84,7732.459814,2.62,success,そのため上下線とも渋滞しています。,success,このため上下線とも渋滞しています。,False,17,17,0
,013_fmaichi_13597414_20260714082000_seg_00518,013_fmaichi_13597414_20260714082000,SPEAKER_03,7737.52,7739.66001,2.14,success,京都伊勢道が工事のため渋滞。,success,京都伊勢道が工事のため渋滞。,True,14,14,0
,013_fmaichi_13597414_20260714082000_seg_00519,013_fmaichi_13597414_20260714082000,SPEAKER_03,7742.32,7744.939795,2.62,success,亀山方面に向かう下り線は。,success,亀山方面に向かう下り線は。,True,13,13,0
,013_fmaichi_13597414_20260714082000_seg_00520,013_fmaichi_13597414_20260714082000,SPEAKER_03,7746.16,7746.859717,0.7,success,工事のため。,success,鉄工所の地域。,False,6,7,1
,013_fmaichi_13597414_20260714082000_seg_00521,013_fmaichi_13597414_20260714082000,SPEAKER_03,7748.08,7750.21958,2.14,success,運転が規制されていて4キロの渋滞。,success,運転が規制されていて4キロの渋滞。,True,17,17,0
,013_fmaichi_13597414_20260714082000_seg_00522,013_fmaichi_13597414_20260714082000,SPEAKER_03,7751.92,7754.539893,2.62,success,通過におよそ20分かかっています。,success,通過におよそ20分かかっています。,True,17,17,0
,013_fmaichi_13597414_20260714082000_seg_00523,013_fmaichi_13597414_20260714082000,SPEAKER_03,7755.76,7758.859717,3.1,success,伊勢堂の名古屋方面に向かう上り線は。,success,伊勢堂の名古屋方面に向かう上り線。,False,18,17,-1
,013_fmaichi_13597414_20260714082000_seg_00524,013_fmaichi_13597414_20260714082000,SPEAKER_03,7760.08,7764.619971,4.54,success,現場付近で工事のため、追い越し車線が規制されていて、1キロの渋滞。,success,付近で工事のため追い越し車線が規制されていて1キロの渋滞。,False,33,29,-4
,013_fmaichi_13597414_20260714082000_seg_00525,013_fmaichi_13597414_20260714082000,SPEAKER_03,7766.739893,7769.899756,3.16,success,伊勢湾岸道の豊田方面に向かう上り線は。,success,伊勢湾岸道の豊田方面に向かう上り線は。,True,19,19,0
,013_fmaichi_13597414_20260714082000_seg_00526,013_fmaichi_13597414_20260714082000,SPEAKER_03,7771.12,7772.779639,1.66,success,出口で1キロ半中。,success,そんな出口で1km半住宅。,False,9,13,4
,013_fmaichi_13597414_20260714082000_seg_00527,013_fmaichi_13597414_20260714082000,SPEAKER_03,7776.88,7777.579932,0.7,success,僕の状況。,success,直の状況。,False,5,5,0
,013_fmaichi_13597414_20260714082000_seg_00528,013_fmaichi_13597414_20260714082000,SPEAKER_03,7779.28,7781.419775,2.14,success,東山線の西行きは。,success,東山線の西行きは。,True,9,9,0
,013_fmaichi_13597414_20260714082000_seg_00529,013_fmaichi_13597414_20260714082000,SPEAKER_03,7783.6,7786.699805,3.1,success,行われていた影響で3km渋滞しています。,success,行われていた影響で3キロ渋滞しています。,False,20,20,0
,013_fmaichi_13597414_20260714082000_seg_00530,013_fmaichi_13597414_20260714082000,SPEAKER_03,7790.32,7792.459814,2.14,success,でも熱中症になる恐れがあります。,success,でも熱中症になる恐れがあります。,True,16,16,0
,013_fmaichi_13597414_20260714082000_seg_00531,013_fmaichi_13597414_20260714082000,SPEAKER_03,7794.64,7796.779639,2.14,success,水分補給を心がけましょう。,success,水分補給を心掛けましょう。,False,13,13,0
,013_fmaichi_13597414_20260714082000_seg_00532,013_fmaichi_13597414_20260714082000,SPEAKER_03,7799.44,7802.539893,3.1,success,選挙情報センターの福永でした。,success,ニュース情報センターの福永でした。,False,15,17,2
,013_fmaichi_13597414_20260714082000_seg_00533,013_fmaichi_13597414_20260714082000,SPEAKER_03,7804.8,7807.28,2.48,success,11時40分ごろお伝えします。,success,11時40分ごろお伝えします。,True,15,15,0
,013_fmaichi_13597414_20260714082000_seg_00534,013_fmaichi_13597414_20260714082000,SPEAKER_00,8259.220117,8260.940039,1.72,success,住んでいる桑名市の家の近郊。,success,住んでいる桑名市の家の近郊。,True,14,14,0
,013_fmaichi_13597414_20260714082000_seg_00535,013_fmaichi_13597414_20260714082000,SPEAKER_00,8274.100488,8274.860449,0.76,success,子供が通っている小学校。,success,息子が通っている小学校。,False,12,12,0
,013_fmaichi_13597414_20260714082000_seg_00536,013_fmaichi_13597414_20260714082000,SPEAKER_00,8284.180078,8291.180273,7.0,success,人が育てているイチゴをサルが拝借しに来ますおお近い距離だそしてイノシシは。,success,テントが育てているイチゴをサルが拝借しに来ますおお近い距離だそしてイノシシは。,False,37,39,2
,013_fmaichi_13597414_20260714082000_seg_00537,013_fmaichi_13597414_20260714082000,SPEAKER_00,8292.340234,8297.28,4.94,success,時代にもキツネもいてクマも出たという話です。,success,ダイニングキツネもいてクマも出たという話です。,False,22,23,1
,013_fmaichi_13597414_20260714082000_seg_00538,013_fmaichi_13597414_20260714082000,SPEAKER_00,8298.580469,8300.32,1.74,success,小学校の男性の先生。,success,小学校の男性の先生。,True,10,10,0
,013_fmaichi_13597414_20260714082000_seg_00539,013_fmaichi_13597414_20260714082000,SPEAKER_00,8302.48,8304.140234,1.66,success,雰囲気を醸し出していたからだ。,success,雰囲気を醸し出していたからだ。,True,15,15,0
,013_fmaichi_13597414_20260714082000_seg_00540,013_fmaichi_13597414_20260714082000,SPEAKER_00,8322.580469,8323.34043,0.76,success,パンにのせて危ない。,success,馬に乗せて危なくない。,False,10,11,1
,013_fmaichi_13597414_20260714082000_seg_00541,013_fmaichi_13597414_20260714082000,SPEAKER_00,8325.460352,8327.180273,1.72,success,車を挟んで反対側に拡大する。,success,車を挟んで反対側に隠れる。,False,14,13,-1
,013_fmaichi_13597414_20260714082000_seg_00542,013_fmaichi_13597414_20260714082000,SPEAKER_00,8342.260156,8348.300391,6.04,success,そーっと後ずさりをしてにらめっこ猿は威嚇していましたが私の方へは来ず立ち去りました。,success,ボーっと後ずさりをしてにらめっこ猿は威嚇していましたが私の方へは来ず立ち去りました。,False,42,42,0
,013_fmaichi_13597414_20260714082000_seg_00543,013_fmaichi_13597414_20260714082000,SPEAKER_00,8349.460352,8353.580176,4.12,success,私は襲われても、車の中にいた子どもらに危害がなかったこと。,success,私は襲われても車の中にいた子どもらに危害がなかったことは。,False,29,29,0
,013_fmaichi_13597414_20260714082000_seg_00544,013_fmaichi_13597414_20260714082000,SPEAKER_00,8354.8,8356.460059,1.66,success,危なかったですよね、でもね。,success,危なかったですよねでもね。,False,14,13,-1
,013_fmaichi_13597414_20260714082000_seg_00545,013_fmaichi_13597414_20260714082000,SPEAKER_00,8357.620508,8361.260352,3.64,success,子どもらは楽しそうにしていて先生が必死に逃げている。,success,子どもらは楽しそうにしていて先生が必死に逃げている。,True,26,26,0
,013_fmaichi_13597414_20260714082000_seg_00546,013_fmaichi_13597414_20260714082000,SPEAKER_00,8362.48,8364.140234,1.66,success,ないよねーなんて話をしています。,success,ないよねなんて話をしていました。,False,16,16,0
,013_fmaichi_13597414_20260714082000_seg_00547,013_fmaichi_13597414_20260714082000,SPEAKER_00,8396.980371,8397.740332,0.76,success,あの7文字。,success,この7文字線。,False,6,7,1
,013_fmaichi_13597414_20260714082000_seg_00548,013_fmaichi_13597414_20260714082000,SPEAKER_00,8934.100488,8936.300391,2.2,success,表現力が豊かで見たら。,success,表現力が豊かで見たら面白い。,False,11,14,3
,013_fmaichi_13597414_20260714082000_seg_00549,013_fmaichi_13597414_20260714082000,SPEAKER_00,8968.180078,8970.380469,2.2,success,ポジソングのリクエストたくさんありがとうございました。,success,推しソングのリクエストたくさんありがとうございました。,False,27,27,0
,013_fmaichi_13597414_20260714082000_seg_00550,013_fmaichi_13597414_20260714082000,SPEAKER_00,8972.56,8973.740332,1.18,success,暑いですからね水分。,success,暑いですからね水分とって。,False,10,13,3
