segment_index,segment_id,target_id,speaker,start_sec,end_sec,duration_sec,parakeet_exact_status,parakeet_exact_text,parakeet_silence2_status,parakeet_silence2_text,texts_match,exact_chars,silence2_chars,char_diff
,016_ibs_13555969_20260713220000_seg_00000,016_ibs_13555969_20260713220000,SPEAKER_00,3.44,6.32,2.88,success,京都出身の松岡です。,success,京都出身の松岡です。,True,10,10,0
,016_ibs_13555969_20260713220000_seg_00001,016_ibs_13555969_20260713220000,SPEAKER_00,6.72,8.88,2.16,success,お前らいつまでもいつまでも。,success,お前らいつまでもいつまでも。,True,14,14,0
,016_ibs_13555969_20260713220000_seg_00002,016_ibs_13555969_20260713220000,SPEAKER_00,9.44,13.12,3.68,success,調子に乗ってんじゃねえかなどういうことなの?,success,調子に乗ってんじゃねえかなどういうことなの?,True,22,22,0
,016_ibs_13555969_20260713220000_seg_00003,016_ibs_13555969_20260713220000,SPEAKER_00,14.32,16.4,2.08,success,今日赤プルさんが。,success,今日赤プルさんが。,True,9,9,0
,016_ibs_13555969_20260713220000_seg_00004,016_ibs_13555969_20260713220000,SPEAKER_00,16.8,18.16,1.36,success,鈴木奈々ちゃんと。,success,鈴木奈々ちゃんと。,True,9,9,0
,016_ibs_13555969_20260713220000_seg_00005,016_ibs_13555969_20260713220000,SPEAKER_00,18.8,19.6,0.8,success,同じ。,success,同じ。,True,3,3,0
,016_ibs_13555969_20260713220000_seg_00006,016_ibs_13555969_20260713220000,SPEAKER_00,20.16,22.32,2.16,success,美容院に行って髪を切ってきました。,success,美容院に行って髪を切ってきました。,True,17,17,0
,016_ibs_13555969_20260713220000_seg_00007,016_ibs_13555969_20260713220000,SPEAKER_00,22.96,29.68,6.72,success,なんか奈々ちゃんにここで切ると仕事が増えるって言って行ったらしいんですけど、その料金がおかしくて。,success,なんかななちゃんに、ここで着ると仕事が増えるって言って行ったらしいんですけど、その料金がおかしくて。,False,49,50,1
,016_ibs_13555969_20260713220000_seg_00008,016_ibs_13555969_20260713220000,SPEAKER_00,30.72,36.0,5.28,success,10円でしたさてこの10円は何なんだろう?,success,10円でした、さて、この10円は何なんだろう。,False,21,23,2
,016_ibs_13555969_20260713220000_seg_00009,016_ibs_13555969_20260713220000,SPEAKER_00,36.72,38.0,1.28,success,おめえらいつまでもいつまでも。,success,おめえらいつまでもいつまでも。,True,15,15,0
,016_ibs_13555969_20260713220000_seg_00010,016_ibs_13555969_20260713220000,SPEAKER_01,42.56,44.48,1.92,success,この謎はこの番組が終わる。,success,この謎はこの番組が終わるまで解けない。,False,13,19,6
,016_ibs_13555969_20260713220000_seg_00011,016_ibs_13555969_20260713220000,SPEAKER_00,46.0,46.88,0.88,success,10円って?,success,10円って?,True,6,6,0
,016_ibs_13555969_20260713220000_seg_00012,016_ibs_13555969_20260713220000,SPEAKER_01,47.44,52.16,4.72,success,教えて下さい!ということで今夜はね短縮放送になります。,success,教えて下さい!ということで今夜はね短縮放送になります。,True,27,27,0
,016_ibs_13555969_20260713220000_seg_00013,016_ibs_13555969_20260713220000,SPEAKER_01,52.96,61.52,8.56,success,濃縮でやっていきたいと思いますということで今夜はあっそれでは張り切ってまいりましょう一緒によろしくお願いします今夜はラッキーナイトアカプルー!,success,濃縮でやっていきたいと思いますということで今夜はあっそれでは張り切ってまいりましょう一緒によろしくお願いします今夜はラッキーナイトアカプルー!,True,71,71,0
,016_ibs_13555969_20260713220000_seg_00014,016_ibs_13555969_20260713220000,SPEAKER_01,85.84,86.540003,0.7,success,月曜日夜。,success,月曜日夜。,True,5,5,0
,016_ibs_13555969_20260713220000_seg_00015,016_ibs_13555969_20260713220000,SPEAKER_01,91.6,93.260001,1.66,success,いつまでもいつまでも調子に乗って苦手な!,success,いつまでもいつまでも調子に乗って逃げんな!,False,20,21,1
,016_ibs_13555969_20260713220000_seg_00016,016_ibs_13555969_20260713220000,SPEAKER_01,97.300001,97.92,0.62,success,スタジオから。,success,1スタジオから。,False,7,8,1
,016_ibs_13555969_20260713220000_seg_00017,016_ibs_13555969_20260713220000,SPEAKER_01,98.56,99.980002,1.42,success,はい、生放送でお届けしています。,success,はい生放送でお届けしています。,False,16,15,-1
,016_ibs_13555969_20260713220000_seg_00018,016_ibs_13555969_20260713220000,SPEAKER_01,102.16,103.44,1.28,success,あのバレてるから大丈夫です。,success,あのバレてるから大丈夫です。,True,14,14,0
,016_ibs_13555969_20260713220000_seg_00019,016_ibs_13555969_20260713220000,SPEAKER_01,103.92,108.88,4.96,success,今月のパートナーは、もう私よりも主役をいく、もう相方の松岡さんが。,success,別のパートナーはもう私よりも主役をいくもう相方の松岡さんが。,False,33,30,-3
,016_ibs_13555969_20260713220000_seg_00020,016_ibs_13555969_20260713220000,SPEAKER_01,110.56,111.500002,0.94,success,登場しております。,success,登場しております。,True,9,9,0
,016_ibs_13555969_20260713220000_seg_00021,016_ibs_13555969_20260713220000,SPEAKER_00,113.140001,115.820002,2.68,success,さあ何かこう毎週仕事があるっていいじゃないですか。,success,さ何かこう毎週仕事があるっていいじゃないですか。,False,25,24,-1
,016_ibs_13555969_20260713220000_seg_00022,016_ibs_13555969_20260713220000,SPEAKER_00,122.48,123.980002,1.5,success,なんかちょっとね、思うよね。,success,何かちょっとね思うよね。,False,14,12,-2
,016_ibs_13555969_20260713220000_seg_00023,016_ibs_13555969_20260713220000,SPEAKER_01,132.339998,133.099989,0.76,success,先輩芸人。,success,まあ先輩芸人なんで。,False,5,10,5
,016_ibs_13555969_20260713220000_seg_00024,016_ibs_13555969_20260713220000,SPEAKER_01,134.8,139.76,4.96,success,捕まって次の方が亡くなって、陰でデスノートと呼ばれていて、そして今、ウーバーイーツというね。,success,捕まって次の館亡くなって陰でデスノートと呼ばれていてそして今ウーバーイーツというね。,False,46,42,-4
,016_ibs_13555969_20260713220000_seg_00025,016_ibs_13555969_20260713220000,SPEAKER_01,140.88,142.699995,1.82,success,ってことを一生懸命やってお笑いよりも大きい。,success,ってことを一生懸命やってお笑いよりもお笑い。,False,22,22,0
,016_ibs_13555969_20260713220000_seg_00026,016_ibs_13555969_20260713220000,SPEAKER_00,144.88,146.539992,1.66,success,最近はね、陰でデスの音じゃなくてね。,success,君はね陰でデスの音じゃなくてね。,False,18,16,-2
,016_ibs_13555969_20260713220000_seg_00027,016_ibs_13555969_20260713220000,SPEAKER_00,148.179994,150.56,2.38,success,角都って言われてるから、大丈夫ですよ。,success,角戸って言われてるから大丈夫ですよ。,False,19,18,-1
,016_ibs_13555969_20260713220000_seg_00028,016_ibs_13555969_20260713220000,SPEAKER_01,150.72,152.299994,1.58,success,まあちょっとでもね最近は服装。,success,まあちょっとでもね最近は服装。,True,15,15,0
,016_ibs_13555969_20260713220000_seg_00029,016_ibs_13555969_20260713220000,SPEAKER_01,154.0,155.04,1.04,success,ちゃんと呼ばれてますから、私。,success,ちゃんと呼ばれてますから私。,False,15,14,-1
,016_ibs_13555969_20260713220000_seg_00030,016_ibs_13555969_20260713220000,SPEAKER_00,158.739992,160.48,1.74,success,皆さん、サッカーの時間に来ましたよ。,success,皆さんサッカーの時間に来ましたよ。,False,18,17,-1
,016_ibs_13555969_20260713220000_seg_00031,016_ibs_13555969_20260713220000,SPEAKER_01,162.48,163.36,0.88,success,はいはいはいはいはいはいはい。,success,はいはいはいはいはい。,False,15,11,-4
,016_ibs_13555969_20260713220000_seg_00032,016_ibs_13555969_20260713220000,SPEAKER_01,167.76,168.48,0.72,success,まっいっか。,success,まっいっか。,True,6,6,0
,016_ibs_13555969_20260713220000_seg_00033,016_ibs_13555969_20260713220000,SPEAKER_00,174.16,176.299994,2.14,success,なんかもうレフェリーがもう。,success,なんかもうレフェリーがもう。,True,14,14,0
,016_ibs_13555969_20260713220000_seg_00034,016_ibs_13555969_20260713220000,SPEAKER_00,179.859987,181.04,1.18,success,あなたシート。,success,甚だしいと?,False,7,6,-1
,016_ibs_13555969_20260713220000_seg_00035,016_ibs_13555969_20260713220000,SPEAKER_00,181.52,185.899992,4.38,success,でも見ててファウルとかあってレッドカードとか出すのはまあそれレストラン。,success,でも見ててファウルとかあってレッドカードとか出すのはまあそれ。,False,36,31,-5
,016_ibs_13555969_20260713220000_seg_00036,016_ibs_13555969_20260713220000,SPEAKER_00,187.539995,194.059996,6.52,success,やっぱああいうの南米でやってるわけやん。,success,けどやっぱああいう何ていうの南米でやってるわけやん。,False,20,26,6
,016_ibs_13555969_20260713220000_seg_00037,016_ibs_13555969_20260713220000,SPEAKER_00,205.299989,206.059996,0.76,success,くず寿司しか残ってない。,success,遺伝子が残ってる。,False,12,9,-3
,016_ibs_13555969_20260713220000_seg_00038,016_ibs_13555969_20260713220000,SPEAKER_00,208.8,209.36,0.56,success,ポーランドにある。,success,グラウンドにある。,False,9,9,0
,016_ibs_13555969_20260713220000_seg_00039,016_ibs_13555969_20260713220000,SPEAKER_00,209.84,212.48,2.64,success,してしまったら、ヨーロッパ同士の決勝戦になるわけよ。,success,行ってしまったらヨーロッパ同士の決勝戦になるわけよ。,False,26,26,0
,016_ibs_13555969_20260713220000_seg_00040,016_ibs_13555969_20260713220000,SPEAKER_01,212.56,213.12,0.56,success,はいはいはい。,success,はいはいはい。,True,7,7,0
,016_ibs_13555969_20260713220000_seg_00041,016_ibs_13555969_20260713220000,SPEAKER_00,213.2,214.219992,1.02,success,これは多分ね避けたい。,success,これは多分ね避けたい。,True,11,11,0
,016_ibs_13555969_20260713220000_seg_00042,016_ibs_13555969_20260713220000,SPEAKER_00,216.88,222.859991,5.98,success,たぶん、次の準決勝のイングランドとアルゼンチンの試合は、もう俺、どこかでレッドカードがいる。,success,多分次の準決勝のイングランドとアルゼンチンの試合はもう俺どこかでレッドカードがいけるんじゃないかなと。,False,46,51,5
,016_ibs_13555969_20260713220000_seg_00043,016_ibs_13555969_20260713220000,SPEAKER_00,224.499986,225.04,0.54,success,かなと。,success,タナト。,False,4,4,0
,016_ibs_13555969_20260713220000_seg_00044,016_ibs_13555969_20260713220000,SPEAKER_01,225.36,226.72,1.36,success,そんな審判しますか?,success,そんな審判しますか?,True,10,10,0
,016_ibs_13555969_20260713220000_seg_00045,016_ibs_13555969_20260713220000,SPEAKER_00,227.28,228.16,0.88,success,1個あるで。,success,こわるで!,False,6,5,-1
,016_ibs_13555969_20260713220000_seg_00046,016_ibs_13555969_20260713220000,SPEAKER_01,228.24,231.76,3.52,success,でもなんか2人笑ってるってことは、ここ、ほら、信頼できる差。,success,でも何か2人笑ってるってことはここほら信頼できるさ。,False,30,26,-4
,016_ibs_13555969_20260713220000_seg_00047,016_ibs_13555969_20260713220000,SPEAKER_01,234.8,236.77999,1.98,success,だってねいつも以上に。,success,だからだってねいつも以上に。,False,11,14,3
,016_ibs_13555969_20260713220000_seg_00048,016_ibs_13555969_20260713220000,SPEAKER_01,237.939989,239.76,1.82,success,サッカーっていう言葉が出ただけでさ不思議。,success,サッカーっていう言葉が出ただけでさ不思議な。,False,21,22,1
,016_ibs_13555969_20260713220000_seg_00049,016_ibs_13555969_20260713220000,SPEAKER_01,240.08,241.04,0.96,success,目が輝くじゃないですか。,success,目が輝くじゃないですか。,True,12,12,0
,016_ibs_13555969_20260713220000_seg_00050,016_ibs_13555969_20260713220000,SPEAKER_00,241.28,246.4,5.12,success,ごめんなさい、忙しそうにメールしてたのに、メール見てたのに、なんか俺がサッカーって言った瞬間、ぱんって置いたからね、こうやって。,success,ごめんなさい忙しそうにメールしてたのにメール見てたのになんか俺がサッカーって言った瞬間パンッと置いたからね。,False,64,54,-10
,016_ibs_13555969_20260713220000_seg_00051,016_ibs_13555969_20260713220000,SPEAKER_01,247.92,249.44,1.52,success,いやいやちょっとサッカーの話は?,success,いやいやもうちょっとサッカーの話は?,False,16,18,2
,016_ibs_13555969_20260713220000_seg_00052,016_ibs_13555969_20260713220000,SPEAKER_00,250.32,252.619994,2.3,success,本当にでも、本当、今、最高ですよ。,success,本当にでも本当今最高ですよ。,False,17,14,-3
,016_ibs_13555969_20260713220000_seg_00053,016_ibs_13555969_20260713220000,SPEAKER_00,253.779985,257.44,3.66,success,スペインとフランス、こんなもんもう、普通の決勝戦でもおかしくない。,success,スペインとフランスこんなもんもう普通の決勝戦でもおかしくない。,False,33,31,-2
,016_ibs_13555969_20260713220000_seg_00054,016_ibs_13555969_20260713220000,SPEAKER_00,258.0,260.4,2.4,success,イングランドとアルゼンチン、これは決勝でもおかしくないわけです。,success,イングランドとアルゼンチン、これは決勝でもおかしくないわけです。,True,32,32,0
,016_ibs_13555969_20260713220000_seg_00055,016_ibs_13555969_20260713220000,SPEAKER_01,260.48,261.12,0.64,success,そうなんだ。,success,そうなんだ。,True,6,6,0
,016_ibs_13555969_20260713220000_seg_00056,016_ibs_13555969_20260713220000,SPEAKER_00,261.12,264.4,3.28,success,だからこれはもう3位決定戦まで絶対盛り上がるから。,success,だからこれはもう3位決定戦まで絶対盛り上がるから。,True,25,25,0
,016_ibs_13555969_20260713220000_seg_00057,016_ibs_13555969_20260713220000,SPEAKER_01,264.56,265.12,0.56,success,なるほど。,success,なるほど。,True,5,5,0
,016_ibs_13555969_20260713220000_seg_00058,016_ibs_13555969_20260713220000,SPEAKER_01,265.68,269.2,3.52,success,私なんかもうちょっととっくに終わったのかと思ってました。,success,私なんかもうちょっととっくに終わったのかと思ってました。,True,28,28,0
,016_ibs_13555969_20260713220000_seg_00059,016_ibs_13555969_20260713220000,SPEAKER_00,270.8,271.340002,0.54,success,知ってるわ。,success,では。,False,6,3,-3
,016_ibs_13555969_20260713220000_seg_00060,016_ibs_13555969_20260713220000,SPEAKER_01,272.56,274.08,1.52,success,常宮さん、白熱している。,success,常々白熱している。,False,12,9,-3
,016_ibs_13555969_20260713220000_seg_00061,016_ibs_13555969_20260713220000,SPEAKER_01,277.6,279.76,2.16,success,茨城熱も白熱してますから。,success,茨城熱も白熱してますから。,True,13,13,0
,016_ibs_13555969_20260713220000_seg_00062,016_ibs_13555969_20260713220000,SPEAKER_01,284.32,285.68,1.36,success,先週に来てくれた。,success,先週に来てくれた。,True,9,9,0
,016_ibs_13555969_20260713220000_seg_00063,016_ibs_13555969_20260713220000,SPEAKER_01,288.0,288.8,0.8,success,もうお茶してきます。,success,もうお茶してきます。,True,10,10,0
,016_ibs_13555969_20260713220000_seg_00064,016_ibs_13555969_20260713220000,SPEAKER_00,289.28,289.92,0.64,success,そうなの?,success,そうなの?,True,5,5,0
,016_ibs_13555969_20260713220000_seg_00065,016_ibs_13555969_20260713220000,SPEAKER_01,290.08,291.500006,1.42,success,菊間さんと仲良くなりたいな。,success,菊前さんと仲良くなりたいな。,False,14,14,0
,016_ibs_13555969_20260713220000_seg_00066,016_ibs_13555969_20260713220000,SPEAKER_01,295.6,296.32,0.72,success,月曜日だから。,success,月曜日だから。,True,7,7,0
,016_ibs_13555969_20260713220000_seg_00067,016_ibs_13555969_20260713220000,SPEAKER_01,297.940012,298.700003,0.76,success,収録があるから。,success,収録があるから。,True,8,8,0
,016_ibs_13555969_20260713220000_seg_00068,016_ibs_13555969_20260713220000,SPEAKER_01,299.92,302.539999,2.62,success,3時間だったんですけどなんかお茶できるところをでも探して。,success,時間だったんですけど何かお茶できるところをでも探してたんですよ。,False,29,32,3
,016_ibs_13555969_20260713220000_seg_00069,016_ibs_13555969_20260713220000,SPEAKER_01,303.76,307.340002,3.58,success,熊井さんがここがいいですよって表参道だったりをすてきなカフェをいっぱい探してくれたんだ。,success,隈さんがここがいいですよって表参道をなんかすてきなカフェをいっぱい探してくれたんだ。,False,44,42,-2
,016_ibs_13555969_20260713220000_seg_00070,016_ibs_13555969_20260713220000,SPEAKER_01,309.04,310.24,1.2,success,6時ぐらいで終わってて。,success,6時ぐらいで終わってて。,True,12,12,0
,016_ibs_13555969_20260713220000_seg_00071,016_ibs_13555969_20260713220000,SPEAKER_00,310.24,311.68,1.44,success,そっか早いんだね。,success,そっか早いんだね。,True,9,9,0
,016_ibs_13555969_20260713220000_seg_00072,016_ibs_13555969_20260713220000,SPEAKER_01,311.92,315.500006,3.58,success,びっくりして、そんできょう、やっと見つけましたって言って、青山さん。,success,びっくりしてそんで今日やっと見つけましたって言って青山さん。,False,34,30,-4
,016_ibs_13555969_20260713220000_seg_00073,016_ibs_13555969_20260713220000,SPEAKER_00,317.68,318.379996,0.7,success,ああ何か?,success,オニ!,False,5,3,-2
,016_ibs_13555969_20260713220000_seg_00074,016_ibs_13555969_20260713220000,SPEAKER_01,320.08,322.700003,2.62,success,今回、茨城の石岡フラワーパークを訪問。,success,今回茨城のししおかフラワーパークを訪問した。,False,19,22,3
,016_ibs_13555969_20260713220000_seg_00075,016_ibs_13555969_20260713220000,SPEAKER_01,323.92,328.940009,5.02,success,でそこに私がちょっと早めに着いてはいって言おうと思ったら。,success,ずっとさせるようなカフェがあったのねでそこに私がちょっと早めに着いて入っていようと思ったら。,False,29,46,17
,016_ibs_13555969_20260713220000_seg_00076,016_ibs_13555969_20260713220000,SPEAKER_01,331.28,333.12,1.84,success,入ることができませんでした。,success,入ることができませんでした。,True,14,14,0
,016_ibs_13555969_20260713220000_seg_00077,016_ibs_13555969_20260713220000,SPEAKER_00,333.12,334.48,1.36,success,えっキクどうしたの?,success,えっキックどうしたの?,False,10,11,1
,016_ibs_13555969_20260713220000_seg_00078,016_ibs_13555969_20260713220000,SPEAKER_01,334.72,339.500006,4.78,success,そこの近くにあった救いのお店みたいな茨城の人たち。,success,すぐそこの近くにあったなんか福井のお店みたいななんか茨城の人たち。,False,25,33,8
,016_ibs_13555969_20260713220000_seg_00079,016_ibs_13555969_20260713220000,SPEAKER_01,340.660013,344.300009,3.64,success,福井のなんかこう、アンテナショップみたいな、でもすてきな方。,success,宇井のなんかこうアンテナショップみたいなでもすてきな方。,False,30,28,-2
,016_ibs_13555969_20260713220000_seg_00080,016_ibs_13555969_20260713220000,SPEAKER_01,347.2,348.48,1.28,success,盛り上がってきましたので。,success,盛り上がってきましたので。,True,13,13,0
,016_ibs_13555969_20260713220000_seg_00081,016_ibs_13555969_20260713220000,SPEAKER_00,348.64,349.580008,0.94,success,仲よくなってうれしいね。,success,仲良くなってうれしいね。,False,12,12,0
,016_ibs_13555969_20260713220000_seg_00082,016_ibs_13555969_20260713220000,SPEAKER_01,350.8,352.940009,2.14,success,輪が広がって私今日だってねゲストに。,success,波輪が広がってだって今日だってねゲストに。,False,18,21,3
,016_ibs_13555969_20260713220000_seg_00083,016_ibs_13555969_20260713220000,SPEAKER_01,354.579996,355.44,0.86,success,ファンが来てくれてる。,success,母が来てくれてるわけ。,False,11,11,0
,016_ibs_13555969_20260713220000_seg_00084,016_ibs_13555969_20260713220000,SPEAKER_00,356.32,359.68,3.36,success,本当ね、きょうのゲストにはね、いろいろお願い事がいっぱいあるから。,success,もう本当ね、きょうのゲストにはね、いろいろお願い事がいっぱいあるから。,False,33,35,2
,016_ibs_13555969_20260713220000_seg_00085,016_ibs_13555969_20260713220000,SPEAKER_01,365.12,365.68,0.56,success,やめます。,success,やめる。,False,5,4,-1
,016_ibs_13555969_20260713220000_seg_00086,016_ibs_13555969_20260713220000,SPEAKER_00,366.72,369.12,2.4,success,お願いして、分かりましたって言っても、さ、言ってないって言うやん。,success,お願いして分かりましたって言ってもさ言ってないって言うやん。,False,33,30,-3
,016_ibs_13555969_20260713220000_seg_00087,016_ibs_13555969_20260713220000,SPEAKER_00,369.84,371.44,1.6,success,だったら絶対にじゃあラジオ聴けと。,success,そしたら絶対にじゃあラジオ聴けと。,False,17,17,0
,016_ibs_13555969_20260713220000_seg_00088,016_ibs_13555969_20260713220000,SPEAKER_01,371.44,372.16,0.72,success,ねえちょっと。,success,ねえちょっと。,True,7,7,0
,016_ibs_13555969_20260713220000_seg_00089,016_ibs_13555969_20260713220000,SPEAKER_01,374.32,376.0,1.68,success,苦笑いですよ。,success,ああ苦笑いですよ。,False,7,9,2
,016_ibs_13555969_20260713220000_seg_00090,016_ibs_13555969_20260713220000,SPEAKER_01,379.28,382.56,3.28,success,打ち合わせで全然しゃべんないなと思ってたらもう本番に取っとくために。,success,打ち合わせで全然しゃべんないなと思ってたらもう本番に取っとくために。,True,34,34,0
,016_ibs_13555969_20260713220000_seg_00091,016_ibs_13555969_20260713220000,SPEAKER_01,383.6,385.580008,1.98,success,でもねすごいxだってねもうね。,success,でもねすごいxだってねもうね。,True,15,15,0
,016_ibs_13555969_20260713220000_seg_00092,016_ibs_13555969_20260713220000,SPEAKER_01,387.22001,388.8,1.58,success,チビです!っていうのが結構ポスターがあって。,success,チミです!っていうのが結構ポスター上がってて。,False,22,23,1
,016_ibs_13555969_20260713220000_seg_00093,016_ibs_13555969_20260713220000,SPEAKER_00,389.76,393.260001,3.5,success,草間家のね、赤プルさんのね、草間家でいいじゃないですか。,success,草間家のね赤プルさんのね草間家でいいじゃないですか。,False,28,26,-2
,016_ibs_13555969_20260713220000_seg_00094,016_ibs_13555969_20260713220000,SPEAKER_00,394.420007,397.580008,3.16,success,結婚して松岡になりましたけど草間さんの。,success,ここで結婚して松岡になりましたけど草間さんのあの。,False,20,25,5
,016_ibs_13555969_20260713220000_seg_00095,016_ibs_13555969_20260713220000,SPEAKER_00,400.24,401.420004,1.18,success,なあ言ったらもう俺の。,success,なあ言うたらもう俺の。,False,11,11,0
,016_ibs_13555969_20260713220000_seg_00096,016_ibs_13555969_20260713220000,SPEAKER_00,402.72,404.56,1.84,success,もうしんちゃんおもしろい、俺のこと。,success,もう信ちゃん面白い俺のこと面白い。,False,18,17,-1
,016_ibs_13555969_20260713220000_seg_00097,016_ibs_13555969_20260713220000,SPEAKER_00,405.84,411.04,5.2,success,やったら言ったのに、最近、俺の名前なんか全く出ないです、足立雄人君の名前ばっかり出してたの。,success,あったら言うたのに、最近、俺の名前なんか全く出ないです、安達祐人君の名前ばっかり出すの、お前。,False,46,47,1
,016_ibs_13555969_20260713220000_seg_00098,016_ibs_13555969_20260713220000,SPEAKER_01,411.12,412.96,1.84,success,本当、足立雄人一択。,success,本当、足立雄人一択。,True,10,10,0
,016_ibs_13555969_20260713220000_seg_00099,016_ibs_13555969_20260713220000,SPEAKER_00,413.36,420.24,6.88,success,ほいでおいっ子に陽堂っていうんだけど陽堂も俺のことなんかもう安達祐人さん優人さんってね。,success,ほいでおいっ子に陽堂っていうんだけど陽堂もう俺のことなんかもう安達祐人さん優人さんってね。,False,44,45,1
,016_ibs_13555969_20260713220000_seg_00100,016_ibs_13555969_20260713220000,SPEAKER_00,421.52,423.28,1.76,success,本当にだからそれもちょっと。,success,本当に、きょう、だから、それはちょっと。,False,14,20,6
,016_ibs_13555969_20260713220000_seg_00101,016_ibs_13555969_20260713220000,SPEAKER_01,424.32,425.9,1.58,success,きのうも実家で盛り上がっちゃってます。,success,昨日も実家で盛り上がっちゃってます。,False,19,18,-1
,016_ibs_13555969_20260713220000_seg_00102,016_ibs_13555969_20260713220000,SPEAKER_01,427.060007,431.76,4.7,success,踊るなんて思わなかったわよねっつってもう誰のライブに行ってもふらふらして。,success,踊るなんて思わなかったわよねっつってもう誰のライブに行ってもフラフラして。,False,37,37,0
,016_ibs_13555969_20260713220000_seg_00103,016_ibs_13555969_20260713220000,SPEAKER_01,432.24,435.02001,2.78,success,集中しても見てない私たちのライブとかに来てもあれお父さん何?,success,集中しても見てない私たちのライブとかに来てもあれお父さん何?,True,30,30,0
,016_ibs_13555969_20260713220000_seg_00104,016_ibs_13555969_20260713220000,SPEAKER_00,436.24,439.04,2.8,success,見るのはミニスカートのなんか女の人しか見ない。,success,俺らが見るのはミニスカートの女の人しか見ない。,False,23,23,0
,016_ibs_13555969_20260713220000_seg_00105,016_ibs_13555969_20260713220000,SPEAKER_01,440.72,441.84,1.12,success,一生懸命踊ってましたよ。,success,一生懸命踊ってましたよ。,True,12,12,0
,016_ibs_13555969_20260713220000_seg_00106,016_ibs_13555969_20260713220000,SPEAKER_00,442.0,443.659995,1.66,success,足立中徳の場合は見てたわけです。,success,足立十徳の場合は見てたわけです。,False,16,16,0
,016_ibs_13555969_20260713220000_seg_00107,016_ibs_13555969_20260713220000,SPEAKER_01,444.56,446.4,1.84,success,あの盛り上げはすごい。,success,いやあの盛り上げはすごいですね。,False,11,16,5
,016_ibs_13555969_20260713220000_seg_00108,016_ibs_13555969_20260713220000,SPEAKER_01,447.76,448.48,0.72,success,そして。,success,そして。,True,4,4,0
,016_ibs_13555969_20260713220000_seg_00109,016_ibs_13555969_20260713220000,SPEAKER_01,451.060007,456.140005,5.08,success,みたいな、それをすごく楽しみにしてたんですけど、またいろんな告知があるので、またね、見に行けると。,success,見に来るんでしょみたいなそれをすごく楽しみにしてたんですけどまたいろんな告知があるのでまたね見に行けると楽しみです。,False,49,58,9
,016_ibs_13555969_20260713220000_seg_00110,016_ibs_13555969_20260713220000,SPEAKER_01,457.84,459.52,1.68,success,産んでからね、またお話ししたいと思うんですけど。,success,ほんでからねまたお話ししたいと思うんですけど。,False,24,23,-1
,016_ibs_13555969_20260713220000_seg_00111,016_ibs_13555969_20260713220000,SPEAKER_01,459.84,464.0,4.16,success,ちょっと今ね、私が謎の1万10円の話もちょっとしてもいいですか?,success,ちょっと今ね私が謎の1万10円の話もちょっとしてもいいですか?,False,32,31,-1
,016_ibs_13555969_20260713220000_seg_00112,016_ibs_13555969_20260713220000,SPEAKER_00,464.16,465.12,0.96,success,あっお願いします。,success,あっお願いします。,True,9,9,0
,016_ibs_13555969_20260713220000_seg_00113,016_ibs_13555969_20260713220000,SPEAKER_01,465.12,466.56,1.44,success,あのね答え出ました。,success,あのね答え出ました?,False,10,10,0
,016_ibs_13555969_20260713220000_seg_00114,016_ibs_13555969_20260713220000,SPEAKER_01,467.28,470.539999,3.26,success,これどっちかかなと思うんですけどxで省吾さん。,success,これどっちかかなと思うんですけどxで省吾さん。,True,23,23,0
,016_ibs_13555969_20260713220000_seg_00115,016_ibs_13555969_20260713220000,SPEAKER_01,472.24,473.6,1.36,success,まあ、指名医療じゃないですか。,success,指名医療じゃないですか?,False,15,12,-3
,016_ibs_13555969_20260713220000_seg_00116,016_ibs_13555969_20260713220000,SPEAKER_01,476.0,476.88,0.88,success,なわけねえだろ!,success,んなわけねえだろ!,False,8,9,1
,016_ibs_13555969_20260713220000_seg_00117,016_ibs_13555969_20260713220000,SPEAKER_00,477.04,478.72,1.68,success,あのさ、カリスマも超カリスマ。,success,あのさカリスマも超カリスマ。,False,15,14,-1
,016_ibs_13555969_20260713220000_seg_00118,016_ibs_13555969_20260713220000,SPEAKER_01,481.92,482.8,0.88,success,いっぱいやってる人なんで。,success,いっぱいやってる人なんで。,True,13,13,0
,016_ibs_13555969_20260713220000_seg_00119,016_ibs_13555969_20260713220000,SPEAKER_01,483.2,484.939993,1.74,success,言ってないんですけどここはちょっと言えない。,success,じゃないんですけどここはちょっと言えない。,False,22,21,-1
,016_ibs_13555969_20260713220000_seg_00120,016_ibs_13555969_20260713220000,SPEAKER_01,486.1,487.28,1.18,success,の窓口さんからもうよ。,success,こっちの窓口さんからも。,False,11,12,1
,016_ibs_13555969_20260713220000_seg_00121,016_ibs_13555969_20260713220000,SPEAKER_01,490.0,491.179999,1.18,success,いわゆる1てん1商品。,success,l1てん1商品。,False,11,8,-3
,016_ibs_13555969_20260713220000_seg_00122,016_ibs_13555969_20260713220000,SPEAKER_01,494.8,495.6,0.8,success,はい。,success,はい。,True,3,3,0
,016_ibs_13555969_20260713220000_seg_00123,016_ibs_13555969_20260713220000,SPEAKER_01,500.500009,506.56,6.06,success,連れてった友達の中で、赤プルさんが一番安くしてもらってますって言ってたんで、短かったからかな、だって、お金持ちじゃないから。,success,連れてった友達の中で赤プルさんが一番安くしてもらってますって言ってたんで短かったからかなだってお金持ち。,False,62,52,-10
,016_ibs_13555969_20260713220000_seg_00124,016_ibs_13555969_20260713220000,SPEAKER_00,508.24,511.52,3.28,success,そうだったからだよ、確実にそうだよ、もうそんなの。,success,そうだったからだよ確実にそうだよもうそんなの。,False,25,23,-2
,016_ibs_13555969_20260713220000_seg_00125,016_ibs_13555969_20260713220000,SPEAKER_00,513.04,514.699988,1.66,success,女優さんとか相手にしてるからあれだけど。,success,女優さんとか相手にしてるからあれだけど。,True,20,20,0
,016_ibs_13555969_20260713220000_seg_00126,016_ibs_13555969_20260713220000,SPEAKER_01,515.92,532.32,16.4,success,謎がちょっと解けたんじゃないかと思われますけれどもね、ますますちょっとここからね、もしかしたら、どなたかが、別の方からも違うご意見があるかもしれませんけれども、ちょっときょうはね、短縮の1時間で、足立さん、来てくれるので、もう本当に皆さんの謎解きはしなくて大丈夫ですから。,success,謎がちょっと解けたんじゃないかと思われますけれどもね、ますますちょっとここからね、もしかしたら、どなたかが、別の方からも違うご意見があるかもしれませんけれども、ちょっときょうはね、短縮の1時間で、足立さん来てくれるので、もう本当に皆さんの謎解きはしなくて大丈夫ですから。,False,136,135,-1
,016_ibs_13555969_20260713220000_seg_00127,016_ibs_13555969_20260713220000,SPEAKER_01,532.72,544.8,12.08,success,ここからですね11時までの濃縮放送ですが素敵なゲスト安達祐人さんはこれから登場していただきます声優俳優アーティストそして町おこしの。,success,聴いていただきたいなっていうふうにも思いますはいここからですね11時までの濃縮放送ですが素敵なゲスト安達祐人さんはこれから登場していただきます声優俳優アーティストそして町おこしの。,False,66,90,24
,016_ibs_13555969_20260713220000_seg_00128,016_ibs_13555969_20260713220000,SPEAKER_01,545.76,546.96,1.2,success,テイストといっても買えない。,success,リストといってもかわいい。,False,14,13,-1
,016_ibs_13555969_20260713220000_seg_00129,016_ibs_13555969_20260713220000,SPEAKER_01,547.36,548.779974,1.42,success,ではないんじゃないでしょうか。,success,ではないんじゃないでしょうか?,False,15,15,0
,016_ibs_13555969_20260713220000_seg_00130,016_ibs_13555969_20260713220000,SPEAKER_01,550.0,554.72,4.72,success,もう終わり、ね、本当にうちの町にも来てほしいっていうね、なんかオファーが増えちゃうんじゃないか。,success,もうあれねっ本当にうちの町にも来てほしいっていうねなんかオファーが増えちゃうんじゃないか。,False,48,45,-3
,016_ibs_13555969_20260713220000_seg_00131,016_ibs_13555969_20260713220000,SPEAKER_01,556.08,558.37998,2.3,success,ものすごいあちこちの町を町おこししてます。,success,ものすごいあちこちの町を町おこししてます。,True,21,21,0
,016_ibs_13555969_20260713220000_seg_00132,016_ibs_13555969_20260713220000,SPEAKER_01,559.539972,561.52,1.98,success,優斗さんへの質問、私もいっぱいあるんですけども。,success,優斗さんへの質問私もいっぱいあるんですけども。,False,24,23,-1
,016_ibs_13555969_20260713220000_seg_00133,016_ibs_13555969_20260713220000,SPEAKER_01,561.92,563.76,1.84,success,メッセージ皆様からもお待ちしております。,success,メッセージ皆様からもお待ちしております。,True,20,20,0
,016_ibs_13555969_20260713220000_seg_00134,016_ibs_13555969_20260713220000,SPEAKER_01,564.8,579.12,14.32,success,メールが生まれた方の中から1名の方に番組ステッカーをプレゼントしますのでステッカーが欲しい方はメールに住所氏名もお忘れなくということでこれは申し訳ないんですけどアカプルマンデーのステッカーですから足立さんのステッカーがもらえると思って応募してきた方はちょっとがっかりしちゃうと思うんでね。,success,メールが読まれた方の中から1名の方に番組ステッカーをプレゼントしますのでステッカーが欲しい方はメールに住所氏名もお忘れなくということでこれは申し訳ないんですけどアカプルマンデーのステッカーですから足立さんのステッカーがもらえると思って応募してきた方はちょっとがっかりしちゃうと思うんでね。,False,144,144,0
,016_ibs_13555969_20260713220000_seg_00135,016_ibs_13555969_20260713220000,SPEAKER_00,582.72,583.52,0.8,success,ブタメンの野郎が。,success,ブタメンの野郎が。,True,9,9,0
,016_ibs_13555969_20260713220000_seg_00136,016_ibs_13555969_20260713220000,SPEAKER_01,585.68,586.32,0.64,success,乗っかったんだよ。,success,どこ乗っかんだよ。,False,9,9,0
,016_ibs_13555969_20260713220000_seg_00137,016_ibs_13555969_20260713220000,SPEAKER_01,588.88,604.939978,16.06,success,リアクションや感想メールクリームメールもねお待ちしておりますということでメールアドレスは全てアルファベットの小文字でプルアットマークラッキーハイフン茨城ドットコムプルはpuruです詳しくは番組xの固定ポストをご覧くださいそしてえっと#はですね。,success,リアクションは感想メールフリーメールもねお待ちしておりますということでメールアドレスは全てアルファベットの小文字でプルアットマークラッキーハイフン茨城ドットコムプルはpuruです詳しくは番組xの固定ポストをご覧くださいそしてえっと#。,False,122,117,-5
,016_ibs_13555969_20260713220000_seg_00138,016_ibs_13555969_20260713220000,SPEAKER_01,606.099969,608.779974,2.68,success,投稿頂きますと私たちも。,success,投稿頂きますと私たちも。,True,12,12,0
,016_ibs_13555969_20260713220000_seg_00139,016_ibs_13555969_20260713220000,SPEAKER_01,610.0,614.059973,4.06,success,見ております、皆さんとね、絡みながら、そしてユウトさんとね、皆さんと一緒に。,success,見ております、皆さんとね、絡みながら、そしてユウトさんとね、皆さんと一緒に。,True,38,38,0
,016_ibs_13555969_20260713220000_seg_00140,016_ibs_13555969_20260713220000,SPEAKER_01,615.28,616.459967,1.18,success,リアクションもね楽しみです。,success,リアクションもね楽しみですね。,False,14,15,1
,016_ibs_13555969_20260713220000_seg_00141,016_ibs_13555969_20260713220000,SPEAKER_01,620.08,630.32,10.24,success,それでは1曲目なんですが早速 ?? さん土浦のミスター将軍さんからのリクエストで安達雄太さんでonway。,success,最後までおつきあい下さいそれでは1曲目なんですが早速?? さん土浦のミスター将軍さんからのリクエストで安達雄太さんでonway。,False,53,64,11
,016_ibs_13555969_20260713220000_seg_00142,016_ibs_13555969_20260713220000,SPEAKER_01,912.4,920.48,8.08,success,はいということで皆様お待たせいたしました今夜のゲストを紹介しましょう茨城出身の安達祐人さんです。,success,はいということで皆様お待たせいたしました今夜のゲストを紹介しましょう茨城出身の安達祐人さんです。,True,48,48,0
,016_ibs_13555969_20260713220000_seg_00143,016_ibs_13555969_20260713220000,SPEAKER_02,920.48,922.88,2.4,success,どうもアロハ足立とです。,success,どうもアロハ足立雄斗です。,False,12,13,1
,016_ibs_13555969_20260713220000_seg_00144,016_ibs_13555969_20260713220000,SPEAKER_03,925.04,930.24,5.2,success,いやー、これ、すごいっすね、もうめちゃめちゃ都会で撮ってるっすね。,success,いやー、これ、すごいっすね、もうめちゃめちゃ都会で撮ってるっすね。,True,33,33,0
,016_ibs_13555969_20260713220000_seg_00145,016_ibs_13555969_20260713220000,SPEAKER_01,930.24,930.96,0.72,success,そうそうそう。,success,そうそうそう!,False,7,7,0
,016_ibs_13555969_20260713220000_seg_00146,016_ibs_13555969_20260713220000,SPEAKER_01,934.32,936.24,1.92,success,そうなんですよ足立さんの番組は。,success,そうなんですよ足立さんの番組は。,True,16,16,0
,016_ibs_13555969_20260713220000_seg_00147,016_ibs_13555969_20260713220000,SPEAKER_01,936.56,937.28,0.72,success,土曜日。,success,土曜日。,True,4,4,0
,016_ibs_13555969_20260713220000_seg_00148,016_ibs_13555969_20260713220000,SPEAKER_03,937.36,944.16,6.8,success,僕、毎週木曜19時から全然違いますね。,success,僕、毎週木曜19時から全然違いますね。,True,19,19,0
,016_ibs_13555969_20260713220000_seg_00149,016_ibs_13555969_20260713220000,SPEAKER_00,946.16,947.12,0.96,success,ちょっとこの。,success,じゃあこの。,False,7,6,-1
,016_ibs_13555969_20260713220000_seg_00150,016_ibs_13555969_20260713220000,SPEAKER_00,947.36,948.8,1.44,success,さんとマツコさんの子。,success,さんとマツコさんの子。,True,11,11,0
,016_ibs_13555969_20260713220000_seg_00151,016_ibs_13555969_20260713220000,SPEAKER_03,949.44,950.8,1.36,success,松岡さん、結構出てるんですか?,success,松岡さんって結構出てるんですか?,False,15,16,1
,016_ibs_13555969_20260713220000_seg_00152,016_ibs_13555969_20260713220000,SPEAKER_00,951.2,956.56,5.36,success,僕はね、本当はね、5週目しか出ないの、だから年に4回ぐらいしか出ません。,success,彼、本当はね、5週目しか出ないの、だから年に4回ぐらいしか出ません。,False,36,34,-2
,016_ibs_13555969_20260713220000_seg_00153,016_ibs_13555969_20260713220000,SPEAKER_03,956.64,958.48,1.84,success,めちゃめちゃレアな回じゃないですか。,success,めちゃめちゃレアな回じゃないですか。,True,18,18,0
,016_ibs_13555969_20260713220000_seg_00154,016_ibs_13555969_20260713220000,SPEAKER_01,959.44,960.0,0.56,success,ガツはこれ。,success,ガッツはこっち。,False,6,8,2
,016_ibs_13555969_20260713220000_seg_00155,016_ibs_13555969_20260713220000,SPEAKER_01,960.24,961.28,1.04,success,短縮になったので。,success,合宿になったので。,False,9,9,0
,016_ibs_13555969_20260713220000_seg_00156,016_ibs_13555969_20260713220000,SPEAKER_01,961.52,964.32,2.8,success,ほかのパートナーさんがいつも太田プロの後輩とかが来てるんですけど。,success,他のパートナーさんがいつも太田プロの後輩とかが来てるんですけど。,False,33,32,-1
,016_ibs_13555969_20260713220000_seg_00157,016_ibs_13555969_20260713220000,SPEAKER_01,964.72,966.32,1.6,success,先輩とか先輩とか時々来てくれてるんで。,success,先輩とか先輩とか時々来てくれてるので。,False,19,19,0
,016_ibs_13555969_20260713220000_seg_00158,016_ibs_13555969_20260713220000,SPEAKER_01,966.56,971.2,4.64,success,松岡さん、短縮になってる時間帯は、もう全部松岡さん。,success,松岡さん短縮になってる時間帯はもう全部松岡さん。,False,26,24,-2
,016_ibs_13555969_20260713220000_seg_00159,016_ibs_13555969_20260713220000,SPEAKER_00,971.84,973.52,1.68,success,いや、なんか後輩呼んで。,success,ゆいやん何か後輩呼んで。,False,12,12,0
,016_ibs_13555969_20260713220000_seg_00160,016_ibs_13555969_20260713220000,SPEAKER_00,973.76,975.12,1.36,success,1時間しかないっていうのも悪いから。,success,1時間しかないっていうのも悪いからね。,False,18,19,1
,016_ibs_13555969_20260713220000_seg_00161,016_ibs_13555969_20260713220000,SPEAKER_00,975.68,978.48,2.8,success,いや、俺、やるよみたいな感じになって。,success,ああいや俺やるよみたいな感じになって。,False,19,19,0
,016_ibs_13555969_20260713220000_seg_00162,016_ibs_13555969_20260713220000,SPEAKER_01,979.6,981.28,1.68,success,痛くて足立さんに会いたくて会いたくて。,success,会いたくて足立さんに会いたくて会いたくて。,False,19,21,2
,016_ibs_13555969_20260713220000_seg_00163,016_ibs_13555969_20260713220000,SPEAKER_03,981.44,986.72,5.28,success,僕ももう、このラッキーナイトとか、もうこの赤プルまめに出るのが夢だったんで。,success,僕もこのラッキーナイトとかこの赤プルまめに出るのが夢だったんで。,False,38,32,-6
,016_ibs_13555969_20260713220000_seg_00164,016_ibs_13555969_20260713220000,SPEAKER_03,986.96,987.92,0.96,success,ために芸能界入ってた。,success,ために芸能界入ってたもん。,False,11,13,2
,016_ibs_13555969_20260713220000_seg_00165,016_ibs_13555969_20260713220000,SPEAKER_01,989.44,990.72,1.28,success,あっこの手口でやってるんだ。,success,あっこの手口でやってんだ。,False,14,13,-1
,016_ibs_13555969_20260713220000_seg_00166,016_ibs_13555969_20260713220000,SPEAKER_01,991.6,992.72,1.12,success,足立雄人。,success,安達雄斗。,False,5,5,0
,016_ibs_13555969_20260713220000_seg_00167,016_ibs_13555969_20260713220000,SPEAKER_03,993.76,994.8,1.04,success,楽しみにしてたんですよ。,success,楽しみにしてたんですよ。,True,12,12,0
,016_ibs_13555969_20260713220000_seg_00168,016_ibs_13555969_20260713220000,SPEAKER_00,996.4,998.16,1.76,success,さっき言ったけど、本当、草間家が。,success,さっき言ったけどほんと草間家が。,False,17,16,-1
,016_ibs_13555969_20260713220000_seg_00169,016_ibs_13555969_20260713220000,SPEAKER_00,1002.32,1003.6,1.28,success,一瞬思いしてるのよ今本当に。,success,一生思いしてんのよ、今、本当に。,False,14,16,2
,016_ibs_13555969_20260713220000_seg_00170,016_ibs_13555969_20260713220000,SPEAKER_03,1003.68,1005.28,1.6,success,いやいやいやもう本当にすごい。,success,いやいやいやもう本当にあのすごい。,False,15,17,2
,016_ibs_13555969_20260713220000_seg_00171,016_ibs_13555969_20260713220000,SPEAKER_03,1005.6,1006.88,1.28,success,粋なご家族である。,success,すてきなご家族である。,False,9,11,2
,016_ibs_13555969_20260713220000_seg_00172,016_ibs_13555969_20260713220000,SPEAKER_01,1007.12,1008.24,1.12,success,あ恥ずかしい。,success,あ恥ずかしい。,True,7,7,0
,016_ibs_13555969_20260713220000_seg_00173,016_ibs_13555969_20260713220000,SPEAKER_01,1008.48,1009.12,0.64,success,あんまりやってないかな。,success,あんまりやってないかな。,True,12,12,0
,016_ibs_13555969_20260713220000_seg_00174,016_ibs_13555969_20260713220000,SPEAKER_00,1009.44,1012.72,3.28,success,平気でさ、写真撮ってとか言って、断られたって言ったり。,success,平気でさ写真撮ってとか言って断られたって言ったりするの?,False,27,28,1
,016_ibs_13555969_20260713220000_seg_00175,016_ibs_13555969_20260713220000,SPEAKER_01,1013.44,1015.6,2.16,success,いやだから気軽に取っちゃダメなのよ。,success,いやだから気軽に雇っちゃダメなのよ。,False,18,18,0
,016_ibs_13555969_20260713220000_seg_00176,016_ibs_13555969_20260713220000,SPEAKER_01,1016.4,1017.68,1.28,success,やっぱイベントでねあだ名。,success,やっぱイベントでねあだ名。,True,13,13,0
,016_ibs_13555969_20260713220000_seg_00177,016_ibs_13555969_20260713220000,SPEAKER_01,1021.12,1030.08,8.96,success,誰にも怒られてはいないんですけどそうでも本当に私ね足立さんとは一番最初に会ったのがもう記憶が定かじゃないんですけど。,success,誰にも怒られてはいないんですけどそうでも本当に私ね足立さんとは一番最初に会ったのが記憶が定かじゃないんですけど。,False,58,56,-2
,016_ibs_13555969_20260713220000_seg_00178,016_ibs_13555969_20260713220000,SPEAKER_01,1030.32,1032.4,2.08,success,ラーメンフェスだったんですつくばの。,success,ラーメンフェスだったんですつくばの。,True,18,18,0
,016_ibs_13555969_20260713220000_seg_00179,016_ibs_13555969_20260713220000,SPEAKER_03,1032.4,1034.08,1.68,success,結構昔ですよね。,success,結構昔ですよね。,True,8,8,0
,016_ibs_13555969_20260713220000_seg_00180,016_ibs_13555969_20260713220000,SPEAKER_01,1037.04,1039.92,2.88,success,それで本当にすれ違ってあいさつした。,success,それで本当にすれ違ってあいさつした。,True,18,18,0
,016_ibs_13555969_20260713220000_seg_00181,016_ibs_13555969_20260713220000,SPEAKER_01,1040.16,1043.36,3.2,success,時々すれ違うと会釈するぐらいの関係性。,success,時々すれ違うと会釈するぐらいの関係性。,True,19,19,0
,016_ibs_13555969_20260713220000_seg_00182,016_ibs_13555969_20260713220000,SPEAKER_03,1043.36,1045.52,2.16,success,徐々に距離は縮まってったんです。,success,徐々に距離は縮まってったんす。,False,16,15,-1
,016_ibs_13555969_20260713220000_seg_00183,016_ibs_13555969_20260713220000,SPEAKER_01,1049.28,1051.28,2.0,success,なんか興奮しちゃうんです、そういう話聞くと。,success,たかが興奮しちゃうんですそういう話聞くと。,False,22,21,-1
,016_ibs_13555969_20260713220000_seg_00184,016_ibs_13555969_20260713220000,SPEAKER_03,1051.76,1052.88,1.12,success,詳しく聞かせて。,success,詳しく聞かせて。,True,8,8,0
,016_ibs_13555969_20260713220000_seg_00185,016_ibs_13555969_20260713220000,SPEAKER_01,1053.04,1056.08,3.04,success,そんでさそのあとで。,success,そうそんでさあのそのあとで。,False,10,14,4
,016_ibs_13555969_20260713220000_seg_00186,016_ibs_13555969_20260713220000,SPEAKER_01,1056.56,1057.84,1.28,success,忍たま乱太郎に行かせてもらって。,success,忍たま乱太郎を見に行かせてもらった。,False,16,18,2
,016_ibs_13555969_20260713220000_seg_00187,016_ibs_13555969_20260713220000,SPEAKER_03,1058.32,1059.28,0.96,success,ミュージカルの忍耐。,success,ミュージカルの認定。,False,10,10,0
,016_ibs_13555969_20260713220000_seg_00188,016_ibs_13555969_20260713220000,SPEAKER_03,1060.08,1061.36,1.28,success,tiktokで予約やってて。,success,小さくてようやくやってて。,False,14,13,-1
,016_ibs_13555969_20260713220000_seg_00189,016_ibs_13555969_20260713220000,SPEAKER_01,1063.36,1065.92,2.56,success,であのそうすごいすてきだなと思って。,success,であのそうすごいすてきだなと思って。,True,18,18,0
,016_ibs_13555969_20260713220000_seg_00190,016_ibs_13555969_20260713220000,SPEAKER_01,1067.36,1069.44,2.08,success,でも何となくなれなれしくは話しかけられなかった。,success,でも何となくなれなれしくは話しかけられなかった。,True,24,24,0
,016_ibs_13555969_20260713220000_seg_00191,016_ibs_13555969_20260713220000,SPEAKER_00,1070.4,1072.0,1.6,success,お互いは知ってたんだもう。,success,お互いは知ってたんだもう。,True,13,13,0
,016_ibs_13555969_20260713220000_seg_00192,016_ibs_13555969_20260713220000,SPEAKER_03,1073.76,1075.6,1.84,success,僕見てましたもんずっと開けて。,success,僕見てましたもんずっと明るい。,False,15,15,0
,016_ibs_13555969_20260713220000_seg_00193,016_ibs_13555969_20260713220000,SPEAKER_03,1078.16,1079.36,1.2,success,レッドカーペットとか見てましたもん。,success,レッドカーペットとか見てましたもん。,True,18,18,0
,016_ibs_13555969_20260713220000_seg_00194,016_ibs_13555969_20260713220000,SPEAKER_01,1079.68,1081.28,1.6,success,タイからね、学生時代。,success,タイからね学生時代。,False,11,10,-1
,016_ibs_13555969_20260713220000_seg_00195,016_ibs_13555969_20260713220000,SPEAKER_00,1082.08,1083.92,1.84,success,ごめんなさい、本当、今、いくつ?,success,ごめんなさい本当今いくつ?,False,16,13,-3
,016_ibs_13555969_20260713220000_seg_00196,016_ibs_13555969_20260713220000,SPEAKER_03,1083.92,1085.44,1.52,success,37です。,success,37です。,True,5,5,0
,016_ibs_13555969_20260713220000_seg_00197,016_ibs_13555969_20260713220000,SPEAKER_01,1088.0,1089.6,1.6,success,でも学生時代に見てたってこと。,success,でも学生時代に見てたってこと。,True,15,15,0
,016_ibs_13555969_20260713220000_seg_00198,016_ibs_13555969_20260713220000,SPEAKER_01,1091.36,1094.96,3.6,success,決めて、それで30歳ぐらいでさ、エンタとかに出させてもらう。,success,始めてそれで30歳ぐらいでさエンタとかに出させてもらう。,False,30,28,-2
,016_ibs_13555969_20260713220000_seg_00199,016_ibs_13555969_20260713220000,SPEAKER_01,1096.16,1098.4,2.24,success,レッドカーペットとか。,success,レッドカーペットとか。,True,11,11,0
,016_ibs_13555969_20260713220000_seg_00200,016_ibs_13555969_20260713220000,SPEAKER_01,1099.12,1100.32,1.2,success,高校生とかなんですよ、きっと。,success,高校生とかなんですよきっと。,False,15,14,-1
,016_ibs_13555969_20260713220000_seg_00201,016_ibs_13555969_20260713220000,SPEAKER_01,1101.6,1106.4,4.8,success,こんなに仲良くならせてもらったのはあそこまでまだ仲良くなってないかもしれないけど。,success,でこんなに仲良くならせてもらったのはあそこまでまだ仲良くなってないかもしれないけど。,False,41,42,1
,016_ibs_13555969_20260713220000_seg_00202,016_ibs_13555969_20260713220000,SPEAKER_01,1108.8,1112.08,3.28,success,キューピッドがいるんですよね、鈴木奈々ちゃんっていう。,success,キューピッドがいるんですよね鈴木奈々ちゃんっていう。,False,27,26,-1
,016_ibs_13555969_20260713220000_seg_00203,016_ibs_13555969_20260713220000,SPEAKER_01,1113.6,1114.96,1.36,success,うんななちゃんが。,success,うん奈々ちゃんが。,False,9,9,0
,016_ibs_13555969_20260713220000_seg_00204,016_ibs_13555969_20260713220000,SPEAKER_01,1115.36,1117.12,1.76,success,去年足立さんのフェス出て。,success,去年足立さんのフェス出て。,True,13,13,0
,016_ibs_13555969_20260713220000_seg_00205,016_ibs_13555969_20260713220000,SPEAKER_03,1117.36,1117.92,0.56,success,アンドニー。,success,アンドニー。,True,6,6,0
,016_ibs_13555969_20260713220000_seg_00206,016_ibs_13555969_20260713220000,SPEAKER_01,1119.12,1120.56,1.44,success,すごいんだ、2万人。,success,すごいんで2万人。,False,10,9,-1
,016_ibs_13555969_20260713220000_seg_00207,016_ibs_13555969_20260713220000,SPEAKER_03,1120.56,1121.28,0.72,success,いまに。,success,今に。,False,4,3,-1
,016_ibs_13555969_20260713220000_seg_00208,016_ibs_13555969_20260713220000,SPEAKER_01,1125.28,1127.04,1.76,success,赤ペルさん!って電話かかってきて。,success,アカペルさん!って電話かかってきて。,False,17,18,1
,016_ibs_13555969_20260713220000_seg_00209,016_ibs_13555969_20260713220000,SPEAKER_01,1127.28,1134.0,6.72,success,足立さんのペースすごいです絶対出たほうがいいですよっつってえっそんなんで出れんの?みたいな。,success,足立さんのフェスすごいです絶対出た方がいいですよってえっそんなんで出れるの?みたいな。,False,46,43,-3
,016_ibs_13555969_20260713220000_seg_00210,016_ibs_13555969_20260713220000,SPEAKER_00,1134.32,1135.92,1.6,success,ナナちゃんってすげえ軽く言うよね。,success,ナナちゃんってすげえ軽く言うよね。,True,17,17,0
,016_ibs_13555969_20260713220000_seg_00211,016_ibs_13555969_20260713220000,SPEAKER_01,1136.08,1137.6,1.52,success,さっきも出たいですね。,success,おっさっきも出たいですね。,False,11,13,2
,016_ibs_13555969_20260713220000_seg_00212,016_ibs_13555969_20260713220000,SPEAKER_01,1139.84,1145.84,6.0,success,line送ったら楽しそう行きたい!って来たからこの1時間の間にもしかしたら来てくれるかもしれない。,success,line送ったら楽しそう行きたい!って来たからこの1時間の中にもしかしたら来てるかもしれない。,False,49,47,-2
,016_ibs_13555969_20260713220000_seg_00213,016_ibs_13555969_20260713220000,SPEAKER_03,1146.0,1147.36,1.36,success,来れこれ。,success,これこれ。,False,5,5,0
,016_ibs_13555969_20260713220000_seg_00214,016_ibs_13555969_20260713220000,SPEAKER_03,1148.4,1154.4,6.0,success,めちゃめちゃ僕ドリームランドと初対面だったんですよそしたらめちゃめちゃフレンドリーにしてくれて本番中も。,success,めちゃめちゃ僕dreamerdと初対面だったんですよ。めちゃめちゃフレンドリーにしてくれて本番中も。,False,52,50,-2
,016_ibs_13555969_20260713220000_seg_00215,016_ibs_13555969_20260713220000,SPEAKER_03,1154.64,1159.52,4.88,success,そこからもうみんなの前でトークショーで焼き肉みんなで食べに行こうっつって。,success,そこからもうみんなの前でトークショーで焼き肉みんなで食べに行こうっつって。,True,37,37,0
,016_ibs_13555969_20260713220000_seg_00216,016_ibs_13555969_20260713220000,SPEAKER_03,1160.4,1161.52,1.12,success,で実現して焼き上げる。,success,で実現して焼き肉。,False,11,9,-2
,016_ibs_13555969_20260713220000_seg_00217,016_ibs_13555969_20260713220000,SPEAKER_03,1162.48,1164.64,2.16,success,そこから本当にね、仲よくさせてもらってて。,success,そこから本当にね仲良くさせてもらってて。,False,21,20,-1
,016_ibs_13555969_20260713220000_seg_00218,016_ibs_13555969_20260713220000,SPEAKER_00,1164.96,1166.96,2.0,success,もうね、実は俺ね、誘われたのよ、奈々ちゃんに。,success,実は俺ね誘われたのよななちゃんに。,False,23,17,-6
,016_ibs_13555969_20260713220000_seg_00219,016_ibs_13555969_20260713220000,SPEAKER_00,1167.76,1168.72,0.96,success,皆さんも一緒に行きましょうって言ったら。,success,皆さんも一緒に行きましょうって言ったら。,True,20,20,0
,016_ibs_13555969_20260713220000_seg_00220,016_ibs_13555969_20260713220000,SPEAKER_00,1169.6,1173.2,3.6,success,タイトルが茨城界やったからやめとくわっつって。,success,タイトルが茨城回やったからやめとくわっつってさすがに。,False,23,27,4
,016_ibs_13555969_20260713220000_seg_00221,016_ibs_13555969_20260713220000,SPEAKER_01,1175.04,1176.0,0.96,success,しかも水炭スイカ。,success,しかも水炭水。,False,9,7,-2
,016_ibs_13555969_20260713220000_seg_00222,016_ibs_13555969_20260713220000,SPEAKER_01,1177.28,1179.04,1.76,success,いつもイベントの司会とかやられたり。,success,いつもイベントの司会とかやられたり?,False,18,18,0
,016_ibs_13555969_20260713220000_seg_00223,016_ibs_13555969_20260713220000,SPEAKER_01,1182.1,1183.92,1.82,success,もうそこの座を奪いに行こうと思ってて私。,success,もうそこの座を奪いに行こうと思ってて私は。,False,20,21,1
,016_ibs_13555969_20260713220000_seg_00224,016_ibs_13555969_20260713220000,SPEAKER_00,1184.56,1189.76,5.2,success,赤プロさん、でもね、本当にね、俺も安達祐人君についていったほうがいいと思うよ。,success,赤プロさん、でもね、本当に俺、もう安達祐人君についていったほうがいいと思うよ。,False,39,39,0
,016_ibs_13555969_20260713220000_seg_00225,016_ibs_13555969_20260713220000,SPEAKER_01,1191.44,1196.8,5.36,success,腰が半端ないから、どうやったらそんな茨城を盛り上げられるのかなみたいなのも憧れ。,success,闘志が半端ないからどうやったらそんな茨城を盛り上げられるのかなみたいなのも憧れましたし。,False,40,44,4
,016_ibs_13555969_20260713220000_seg_00226,016_ibs_13555969_20260713220000,SPEAKER_00,1197.76,1201.04,3.28,success,でもね、ちょっとね、これ、やり過ぎると、本当にあんときの猪木になっちゃうから。,success,でもねちょっとねこれやり過ぎると本当にあん時の猪木になっちゃうから。,False,39,34,-5
,016_ibs_13555969_20260713220000_seg_00227,016_ibs_13555969_20260713220000,SPEAKER_01,1202.0,1205.84,3.84,success,いいね、どいてくださいね、ちょっと入ってんだから、もう。,success,いい家といてくださいねちょっと入ってんだからもう。,False,28,25,-3
,016_ibs_13555969_20260713220000_seg_00228,016_ibs_13555969_20260713220000,SPEAKER_00,1207.36,1208.08,0.72,success,出ていいよ。,success,ベスティーヤンジュ。,False,6,10,4
,016_ibs_13555969_20260713220000_seg_00229,016_ibs_13555969_20260713220000,SPEAKER_01,1208.8,1209.44,0.64,success,本当にそうやって何?,success,本当にそうやって何をしてるの?,False,10,15,5
,016_ibs_13555969_20260713220000_seg_00230,016_ibs_13555969_20260713220000,SPEAKER_01,1209.76,1212.16,2.4,success,ファンからのご紹介で、なんか本当に気持ちで。,success,からのご紹介で何か本当に気持ちで。,False,22,17,-5
,016_ibs_13555969_20260713220000_seg_00231,016_ibs_13555969_20260713220000,SPEAKER_01,1212.56,1219.12,6.56,success,出るんだっていうところから何かその時ゴールデンウイークが近くてそれで常総道の駅の。,success,出るんだっていうところから何かその時ゴールデンウイークが近くてそれで常総道の駅まで。,False,41,42,1
,016_ibs_13555969_20260713220000_seg_00232,016_ibs_13555969_20260713220000,SPEAKER_01,1222.64,1236.0,13.36,success,私の地元ですってなって私も出たいですって言ったらチラシを自ら作成して下さって知んなかったんだけど何かすごいコラボステージみたいなこと書いて下さって行かせて頂いたんですよ。,success,で私の地元ですってなって私も出たいですって言ったらチラシを自ら作成して下さって知んなかったんだけど何かすごいコラボステージみたいなこと書いて下さって行かせて頂いたんですよ。,False,85,86,1
,016_ibs_13555969_20260713220000_seg_00233,016_ibs_13555969_20260713220000,SPEAKER_00,1238.24,1243.2,4.96,success,俺も家でウーバーイーツしてたら、すごい楽しいとか、いっぱい写真とか送ってきて。,success,俺も家でウーバーイーツしてたらすごい楽しいとかいっぱい写真とか送ってきて。,False,39,37,-2
,016_ibs_13555969_20260713220000_seg_00234,016_ibs_13555969_20260713220000,SPEAKER_01,1246.16,1248.0,1.84,success,ちょっとその時来てくれた。,success,ちょっとその時来てくれた。,True,13,13,0
,016_ibs_13555969_20260713220000_seg_00235,016_ibs_13555969_20260713220000,SPEAKER_01,1250.08,1251.6,1.52,success,書いてあるのでちょっと2人を読ませていただいて。,success,頂いてるのでちょっと2人読ませて頂いて。,False,24,20,-4
,016_ibs_13555969_20260713220000_seg_00236,016_ibs_13555969_20260713220000,SPEAKER_01,1252.4,1256.08,3.68,success,ゴスペルラブさんより来ていただいてありがとうございました栃木からね来てくれてありがとうございました。,success,ゴスペルラブさんよりね来ていただいてありがとうございました栃木からね来てくれてありがとうございました。,False,50,51,1
,016_ibs_13555969_20260713220000_seg_00237,016_ibs_13555969_20260713220000,SPEAKER_01,1256.96,1275.44,18.48,success,5月3日道の駅常総で開催した安達祐人さんのイベント赤プルさんの応援に母と見に行きましたが安達祐人さんを見た母があらあの人イケメンねと興奮していました母は目をキラキラと輝かせて何だかとってもかわいかったです。,success,5月3日道の駅常総で開催した安達祐人さんのイベント赤プルさんの応援に母と見に行きましたが安達祐人さんを見た母があらーあの人イケメンねと興奮していました母は目をキラキラと輝かせて何だかとってもかわいかったです。,False,103,104,1
,016_ibs_13555969_20260713220000_seg_00238,016_ibs_13555969_20260713220000,SPEAKER_01,1275.68,1278.8,3.12,success,ということでやっぱみんなね通りすがりの人までファンになっちゃうような。,success,やっぱみんなね通りすがりの人までファンになっちゃうような。,False,35,29,-6
,016_ibs_13555969_20260713220000_seg_00239,016_ibs_13555969_20260713220000,SPEAKER_00,1280.0,1280.64,0.64,success,オーラあっ。,success,ポーランにアフリカ。,False,6,10,4
,016_ibs_13555969_20260713220000_seg_00240,016_ibs_13555969_20260713220000,SPEAKER_03,1281.52,1282.32,0.8,success,あふれちゃってます。,success,あふれちゃってます。,True,10,10,0
,016_ibs_13555969_20260713220000_seg_00241,016_ibs_13555969_20260713220000,SPEAKER_01,1283.68,1289.28,5.6,success,ほんでさ、いい歌歌ってんじゃん、ほんで、なんかすごくせりふとかも感動しちゃうのね。,success,ほんでさいい歌歌ってんじゃんほんで何かすごくセリフとかも感動しちゃうのね。,False,41,37,-4
,016_ibs_13555969_20260713220000_seg_00242,016_ibs_13555969_20260713220000,SPEAKER_00,1289.36,1290.0,0.64,success,ああそうなんだ。,success,ああそうなんだ。,True,8,8,0
,016_ibs_13555969_20260713220000_seg_00243,016_ibs_13555969_20260713220000,SPEAKER_01,1290.48,1302.16,11.68,success,でも何か熱いものが込み上げるっつうか何かちょっとさ何て言うのかなこれちょっとあんまり言うと怒られちゃうかもしれないんですけど何か聞いてられないみたいな時人もいるじゃないですか。,success,でも何か熱いものが込み上げるっつうか何かちょっとさ何て言うのかなこれちょっとあんまり言うと怒られちゃうかもしれないんですけど何か聞いてられないみたいな人もいるじゃないですか臭すぎて。,False,88,91,3
,016_ibs_13555969_20260713220000_seg_00244,016_ibs_13555969_20260713220000,SPEAKER_01,1305.04,1306.96,1.92,success,やめてやめてやめてやめて。,success,やめてやめてやめてやめて。,True,13,13,0
,016_ibs_13555969_20260713220000_seg_00245,016_ibs_13555969_20260713220000,SPEAKER_01,1308.24,1313.12,4.88,success,ちょっとなんかお笑いのネタかなって、このあと笑わせてくれるのかなみたいなぐらい、振りになっちゃうみたいなぐらい。,success,ちょっとなんかお笑いのネタかなってこのあと笑わせてくれるのかなみたいなぐらい振りになっちゃうみたいなぐらい。,False,56,54,-2
,016_ibs_13555969_20260713220000_seg_00246,016_ibs_13555969_20260713220000,SPEAKER_01,1316.24,1318.96,2.72,success,そういうことは言っちゃダメなの。,success,そういうことは言っちゃダメなの。,True,16,16,0
,016_ibs_13555969_20260713220000_seg_00247,016_ibs_13555969_20260713220000,SPEAKER_01,1320.16,1323.84,3.68,success,わあ、すごい、なんか感動するんだけど、なんかお笑いの振りみたいになっちゃう。,success,わあすごい何か感動するんだけど何かお笑いの振りみたいになっちゃう。,False,38,33,-5
,016_ibs_13555969_20260713220000_seg_00248,016_ibs_13555969_20260713220000,SPEAKER_01,1324.24,1328.08,3.84,success,みたいに、ちょっとなんかこう、このあと、なんかそういうのネタにつながりそう。,success,待ってるなみたいにちょっと何かこうこのあとそういうのネタにつながりそうな。,False,38,37,-1
,016_ibs_13555969_20260713220000_seg_00249,016_ibs_13555969_20260713220000,SPEAKER_00,1332.64,1334.24,1.6,success,ラストのとき、2人でにやにやしてたのに。,success,テストの時2人でニヤニヤしてたのに。,False,20,18,-2
,016_ibs_13555969_20260713220000_seg_00250,016_ibs_13555969_20260713220000,SPEAKER_01,1334.8,1338.4,3.6,success,なんかそう、ちょっとなんか、ネタが、ネタが始まりそうな雰囲気。,success,なんかそう、なんかネタが、ネタが始まりそうな雰囲気。,False,31,26,-5
,016_ibs_13555969_20260713220000_seg_00251,016_ibs_13555969_20260713220000,SPEAKER_01,1338.72,1346.88,8.16,success,そういうのがあって、そういうのがあったんですけど、本当に足立さんのこの胸を打つあのメッセージは、なんかちょっと涙出て、恥ずかしい。,success,そういうのがあってそういうのがあったんですけど本当に安達さんのこの胸を打つあのメッセージは何かちょっと涙出て恥ずかしい。,False,65,60,-5
,016_ibs_13555969_20260713220000_seg_00252,016_ibs_13555969_20260713220000,SPEAKER_01,1348.96,1359.44,10.48,success,そしてはっつくんからも頂いてますんでね、カップルさん、松岡さん、足立さん、プルナーの皆さん、こんばんは、私は5月の常総道の駅で足立さんのライブ、初参加でした。,success,そしてはっつくんからもいただいてますんでねカップルさん松岡さん足立さんプルナーの皆さんこんばんは私は5月の上総道の駅で足立さんのライブ初参加でした。,False,79,74,-5
,016_ibs_13555969_20260713220000_seg_00253,016_ibs_13555969_20260713220000,SPEAKER_01,1359.76,1380.48,20.72,success,安達ファミリーの盛り上がり温かさに感じたあっ温かさを感じた素敵なライブでした勘違いかもしれませんが私達が見てきた近くに足立さんのご両親?もいらっしゃったのかな私たち夫婦は赤プルさんのご両親ご姉妹とともに赤プルファミリーを楽しく応援できましたこれからも赤プルさんとともに茨城を盛り上げてくださいと。,success,足立ファミリーの盛り上がりと温かさに感じた温かさを感じたすてきなライブでした勘違いかもしれませんが私たちが見てきた近くに足立さんのご両親もいらっしゃったのかな私たち夫婦は赤プルさんのご両親ご姉妹とともに赤プルファミリーを楽しく応援できましたこれからも赤プルさんとともに茨城を盛り上げてくださいと。,False,148,148,0
,016_ibs_13555969_20260713220000_seg_00254,016_ibs_13555969_20260713220000,SPEAKER_01,1380.88,1383.44,2.56,success,私がね、ついていきたいなというふうに思ってるんですけども。,success,私がねついていきたいなというふうに思ってるんですけども。,False,29,28,-1
,016_ibs_13555969_20260713220000_seg_00255,016_ibs_13555969_20260713220000,SPEAKER_01,1384.0,1385.12,1.12,success,本当にいらしてたんだ。,success,ほんとにいらしてたの?,False,11,11,0
,016_ibs_13555969_20260713220000_seg_00256,016_ibs_13555969_20260713220000,SPEAKER_02,1386.08,1387.12,1.04,success,勘違いですね。,success,勘違いですね。,True,7,7,0
,016_ibs_13555969_20260713220000_seg_00257,016_ibs_13555969_20260713220000,SPEAKER_03,1389.28,1390.24,0.96,success,いなかったっす。,success,いなかったっす。,True,8,8,0
,016_ibs_13555969_20260713220000_seg_00258,016_ibs_13555969_20260713220000,SPEAKER_01,1390.96,1400.88,9.92,success,ファミリーは、もう年齢層が幅広いから、ご両親かなと思われるような方たちも、すてきなね、ご家族連れの方が多くて。,success,ガチファミリーは、もう年齢層が幅広いから、ご両親かなと思われるような方たちも、すてきなね、ご家族連れの方が多くって。,False,55,58,3
,016_ibs_13555969_20260713220000_seg_00259,016_ibs_13555969_20260713220000,SPEAKER_03,1401.12,1403.84,2.72,success,境内がやっぱり僕のファンの方々広くて。,success,藝大がやっぱり僕のファンの方が広くて。,False,19,19,0
,016_ibs_13555969_20260713220000_seg_00260,016_ibs_13555969_20260713220000,SPEAKER_03,1404.72,1409.419958,4.7,success,お年寄りからもう大先輩から本当、子どもたちまで結構いるので。,success,お年寄りからもう大先輩方本当子どもたちまで結構いるので。,False,30,28,-2
,016_ibs_13555969_20260713220000_seg_00261,016_ibs_13555969_20260713220000,SPEAKER_03,1410.64,1414.4,3.76,success,本当におばあちゃんとかも、70代ぐらいの方も、もうめちゃめちゃ。,success,もうほんとにおばあちゃんとかも70代ぐらいの方ももうめちゃめちゃ。,False,32,33,1
,016_ibs_13555969_20260713220000_seg_00262,016_ibs_13555969_20260713220000,SPEAKER_00,1416.24,1416.8,0.56,success,あっそうなの?,success,あっそうなの?,True,7,7,0
,016_ibs_13555969_20260713220000_seg_00263,016_ibs_13555969_20260713220000,SPEAKER_01,1417.04,1418.64,1.6,success,その何かだからその多分。,success,その何かその多分。,False,12,9,-3
,016_ibs_13555969_20260713220000_seg_00264,016_ibs_13555969_20260713220000,SPEAKER_01,1419.2,1422.88,3.68,success,いっぱいいる中の2人がうちの母と父ですから70代の母と。,success,いっぱいいる中の2人がうちの母と父ですから70代の母。,False,28,27,-1
,016_ibs_13555969_20260713220000_seg_00265,016_ibs_13555969_20260713220000,SPEAKER_03,1423.76,1424.64,0.88,success,めっちゃ盛り上がっていただいて。,success,めっちゃ盛り上がっていただいて。,True,16,16,0
,016_ibs_13555969_20260713220000_seg_00266,016_ibs_13555969_20260713220000,SPEAKER_01,1427.2,1436.96,9.76,success,そう、だからね、私もね、なんかね、私たちの両親ぐらいの世代の方たちもいっぱいいたんですけど、何人かいらしたんですけど、私のことをかわいそうと思ったのか、チップくれたりして。,success,そうだからね私もねなんかね私たちの両親ぐらいの世代の方たちもいっぱいいたんですけど何人かいらしたんですけど私のことをかわいそうと思ったのかチップくれたりして。,False,86,79,-7
,016_ibs_13555969_20260713220000_seg_00267,016_ibs_13555969_20260713220000,SPEAKER_01,1438.32,1441.44,3.12,success,なんかあとね、このね、買えないと思われたのか、このなんていうんですか?,success,何かあとねこのね買えないと思われたのかこの何て言うんですか?,False,35,30,-5
,016_ibs_13555969_20260713220000_seg_00268,016_ibs_13555969_20260713220000,SPEAKER_01,1443.6,1444.32,0.72,success,くれたりして。,success,くれたりして。,True,7,7,0
,016_ibs_13555969_20260713220000_seg_00269,016_ibs_13555969_20260713220000,SPEAKER_01,1444.56,1446.16,1.6,success,お恵みを巡る。,success,お恵みを巡って。,False,7,8,1
,016_ibs_13555969_20260713220000_seg_00270,016_ibs_13555969_20260713220000,SPEAKER_00,1447.84,1448.88,1.04,success,すごい、グッズない。,success,すごいグッズない。,False,10,9,-1
,016_ibs_13555969_20260713220000_seg_00271,016_ibs_13555969_20260713220000,SPEAKER_03,1450.0,1450.56,0.56,success,めちゃめちゃあります。,success,めっちゃあります。,False,11,9,-2
,016_ibs_13555969_20260713220000_seg_00272,016_ibs_13555969_20260713220000,SPEAKER_03,1452.56,1455.76,3.2,success,本当、何十種類、結構ありますね。,success,本当、何十種類、結構ありますね。,True,16,16,0
,016_ibs_13555969_20260713220000_seg_00273,016_ibs_13555969_20260713220000,SPEAKER_01,1455.92,1459.6,3.68,success,行列でした、だからメロンも買いたいけど、足立さんのグッズも買いたいということで。,success,行列でした、だからメロンも買いたいけど、足立さんのグッズも買いたいということで。,True,40,40,0
,016_ibs_13555969_20260713220000_seg_00274,016_ibs_13555969_20260713220000,SPEAKER_00,1460.56,1461.52,0.96,success,なんかこう持ってたやんか。,success,何かこう持ってたやんか。,False,13,12,-1
,016_ibs_13555969_20260713220000_seg_00275,016_ibs_13555969_20260713220000,SPEAKER_00,1462.0,1462.72,0.72,success,トメロン。,success,メロン。,False,5,4,-1
,016_ibs_13555969_20260713220000_seg_00276,016_ibs_13555969_20260713220000,SPEAKER_03,1463.76,1467.92,4.16,success,いやいや、あれはもう、道の駅で売ってたので、それをちょっと一日店長みたいな形で。,success,いやいやあれはもう道の駅で売ってたのでそれをちょっと一日店長みたいな形で。,False,40,37,-3
,016_ibs_13555969_20260713220000_seg_00277,016_ibs_13555969_20260713220000,SPEAKER_03,1469.28,1470.96,1.68,success,そういう活動を。,success,そういう活動を。,True,8,8,0
,016_ibs_13555969_20260713220000_seg_00278,016_ibs_13555969_20260713220000,SPEAKER_03,1472.8,1482.24,9.44,success,一日店長とかいろんな施設に行ってライブする時にファンの方結構いらっしゃってくれるのでそこでまあ売り上げが上がったらいいなっていう。,success,送ってもらったやつも一日店長とかいろんな施設に行ってライブする時にファンの方結構いらっしゃってくれるのでそこでまあ売り上げが上がったらいいなっていう。,False,65,75,10
,016_ibs_13555969_20260713220000_seg_00279,016_ibs_13555969_20260713220000,SPEAKER_00,1482.72,1484.0,1.28,success,あの変な話。,success,もう変な話。,False,6,6,0
,016_ibs_13555969_20260713220000_seg_00280,016_ibs_13555969_20260713220000,SPEAKER_00,1484.32,1485.28,0.96,success,そのギャラとか。,success,そのギャラとか。,True,8,8,0
,016_ibs_13555969_20260713220000_seg_00281,016_ibs_13555969_20260713220000,SPEAKER_03,1486.64,1487.44,0.8,success,チャンスもらってないです。,success,ダンスもらってないです。,False,13,12,-1
,016_ibs_13555969_20260713220000_seg_00282,016_ibs_13555969_20260713220000,SPEAKER_00,1487.44,1489.52,2.08,success,どうやってどうやって稼ぐっていう言い方。,success,どうやってどうやって稼ぐっていう言い方。,True,20,20,0
,016_ibs_13555969_20260713220000_seg_00283,016_ibs_13555969_20260713220000,SPEAKER_01,1491.52,1493.52,2.0,success,こんなに折れるんだ!?君ができてるっていう。,success,こんなに折れんだ!,False,22,9,-13
,016_ibs_13555969_20260713220000_seg_00284,016_ibs_13555969_20260713220000,SPEAKER_03,1493.84,1495.12,1.28,success,ありがたいことです。,success,いやありがたいことです。,False,10,12,2
,016_ibs_13555969_20260713220000_seg_00285,016_ibs_13555969_20260713220000,SPEAKER_03,1497.04,1497.68,0.64,success,はい。,success,はい。,True,3,3,0
,016_ibs_13555969_20260713220000_seg_00286,016_ibs_13555969_20260713220000,SPEAKER_00,1497.76,1498.88,1.12,success,もう十分、そのギャップ。,success,もう十分その逆。,False,12,8,-4
,016_ibs_13555969_20260713220000_seg_00287,016_ibs_13555969_20260713220000,SPEAKER_03,1499.2,1501.04,1.84,success,ちゃんと生活できるぐらいというか。,success,ちゃんと生活できるぐらいというか。,True,17,17,0
,016_ibs_13555969_20260713220000_seg_00288,016_ibs_13555969_20260713220000,SPEAKER_01,1502.48,1509.04,6.56,success,だから私もさ足立さんに感化されてさわあいいなって私もそんな活動がしたいと思ってさ行ったんだけど売るもんがないから。,success,だから私もさ足立さんに感化されてさわあいいなって私もそんな活動がしたいと思ってさ行ったんだけど売るもんがないから。,True,57,57,0
,016_ibs_13555969_20260713220000_seg_00289,016_ibs_13555969_20260713220000,SPEAKER_03,1509.52,1512.48,2.96,success,ホントの赤字で帰ってくるみたいな作りましょうよ何かね。,success,ほんとの赤字で帰ってくるみたいな作りましょうよ何かね。,False,27,27,0
,016_ibs_13555969_20260713220000_seg_00290,016_ibs_13555969_20260713220000,SPEAKER_00,1514.24,1515.6,1.36,success,ただのボランティアで帰ってくるんだけど。,success,ただのボランティアで帰ってくるんだけどいつも。,False,20,23,3
,016_ibs_13555969_20260713220000_seg_00291,016_ibs_13555969_20260713220000,SPEAKER_01,1516.64,1524.56,7.92,success,楽しくてさ、本当にそこにいられることがすごいうれしいから、でもね、やっぱりボランティアをやったら、やっぱりそれがすごく達成感みたいなものがあって。,success,楽しくてさほんとにそこにいられることがすごいうれしいからでもねやっぱりボランティアをやったらそれがすごく達成感みたいなものあって。,False,73,65,-8
,016_ibs_13555969_20260713220000_seg_00292,016_ibs_13555969_20260713220000,SPEAKER_01,1525.04,1528.32,3.28,success,最近は結構多くなっちゃったんですけどなんかフレイルサポーターとか。,success,最近は結構多くなっちゃったんですけどなんかフレイルサポーターとか。,True,33,33,0
,016_ibs_13555969_20260713220000_seg_00293,016_ibs_13555969_20260713220000,SPEAKER_01,1528.8,1535.76,6.96,success,防災のほうでも結構いろいろやらせてもらってるんですけど、やっぱその資金を稼ぐのは、なかなか難しいなっていうのは、すごく感じていて。,success,防災のほうでも結構いろいろやらせてもらってるんですけどやっぱその資金を稼ぐのはなかなか難しいなっていうのはすごく感じていて。,False,65,62,-3
,016_ibs_13555969_20260713220000_seg_00294,016_ibs_13555969_20260713220000,SPEAKER_01,1536.4,1539.84,3.44,success,できるってことはそういうご身分になったんだなって自分の中で。,success,できるってことはそういうご身分になったんだなって自分の中で。,True,30,30,0
,016_ibs_13555969_20260713220000_seg_00295,016_ibs_13555969_20260713220000,SPEAKER_00,1541.2,1542.32,1.12,success,えっでもそれって最初。,success,えっでもそれって最初の。,False,11,12,1
,016_ibs_13555969_20260713220000_seg_00296,016_ibs_13555969_20260713220000,SPEAKER_00,1543.2,1544.88,1.68,success,なかったわけじゃない、売れなかったわけじゃないです。,success,なかったわけじゃない売れなかったわけじゃないです。,False,26,25,-1
,016_ibs_13555969_20260713220000_seg_00297,016_ibs_13555969_20260713220000,SPEAKER_03,1545.52,1546.88,1.36,success,5人ぐらいしかいなかったですかね。,success,5人ぐらいしかいなかったですかね。,True,17,17,0
,016_ibs_13555969_20260713220000_seg_00298,016_ibs_13555969_20260713220000,SPEAKER_00,1547.6,1550.96,3.36,success,そのときから一応、でも、あれですか、ボランティアとかはやってたんですか?,success,その時から一応でもあれですかボランティアとかはやってたんですか?,False,36,32,-4
,016_ibs_13555969_20260713220000_seg_00299,016_ibs_13555969_20260713220000,SPEAKER_03,1551.04,1555.76,4.72,success,もちろんやってましたね、なんか僕、町おこしっていうか、茨城が大好きすぎて。,success,もちろんやってましたね、なんか僕、町おこしっていうか、茨城が大好きすぎて。,True,37,37,0
,016_ibs_13555969_20260713220000_seg_00300,016_ibs_13555969_20260713220000,SPEAKER_03,1556.32,1560.08,3.76,success,きっかけも小学校のときにやっぱり茨城で。,success,きっかけも小学校の時にやっぱり茨城で。,False,20,19,-1
,016_ibs_13555969_20260713220000_seg_00301,016_ibs_13555969_20260713220000,SPEAKER_03,1560.32,1563.76,3.44,success,歌手になる、俳優になるってときに、やっぱばかにされたんですよね。,success,歌手になる俳優になるって時やっぱバカにされたんですよね。,False,32,28,-4
,016_ibs_13555969_20260713220000_seg_00302,016_ibs_13555969_20260713220000,SPEAKER_03,1564.24,1564.8,0.56,success,無理だぞ。,success,いや無理だと思う。,False,5,9,4
,016_ibs_13555969_20260713220000_seg_00303,016_ibs_13555969_20260713220000,SPEAKER_03,1570.88,1578.48,7.6,success,でそれで悔しくてじゃあこれはほんとに大人になった時にまたいろんな子どもたちとか次の世代の人が。,success,それで悔しくてじゃあこれはほんとに大人になった時にまたいろんな子どもたちとか次の世代の人が。,False,47,46,-1
,016_ibs_13555969_20260713220000_seg_00304,016_ibs_13555969_20260713220000,SPEAKER_03,1578.8,1588.72,9.92,success,こんなことできる、かっこいいこと、楽しいことできる、夢かなうっていう、励みにもなれる、歌手にもなれるっていうものを作りたくて、今の活動、僕、してるんですよ。,success,いつでもこんないいことできるかっこいいこと楽しいことできる夢かなうっていう励みにもなれる歌手にもなれるっていうものを作りたくて今の活動を僕してるんですよね。,False,78,78,0
,016_ibs_13555969_20260713220000_seg_00305,016_ibs_13555969_20260713220000,SPEAKER_01,1589.52,1592.16,2.64,success,はじめましての方もいないかもしれないんですけれど。,success,はじめましての方もいないかもしれないんですけれど。,True,25,25,0
,016_ibs_13555969_20260713220000_seg_00306,016_ibs_13555969_20260713220000,SPEAKER_01,1592.48,1593.6,1.12,success,あのもう。,success,あのもう。,True,5,5,0
,016_ibs_13555969_20260713220000_seg_00307,016_ibs_13555969_20260713220000,SPEAKER_01,1594.0,1595.44,1.44,success,茨城の大スターですから。,success,茨城の大スターですから。,True,12,12,0
,016_ibs_13555969_20260713220000_seg_00308,016_ibs_13555969_20260713220000,SPEAKER_01,1597.36,1600.08,2.72,success,私よりもずいぶん長く、もう2020年からね、木曜日。,success,それよりも随分長くもう2020年からね木曜日。,False,26,23,-3
,016_ibs_13555969_20260713220000_seg_00309,016_ibs_13555969_20260713220000,SPEAKER_01,1600.96,1610.08,9.12,success,知っているのできっと知らない方はいないと思うんですけども一応プロフィールのご紹介ということでさせて頂きたいと思うんですけども茨城県桜川市のご紹介。,success,知っているのできっと知らない方はいないと思うんですけども一応プロフィールのご紹介ということでさせて頂きたいと思うんですけども茨城県桜川市のご紹介。,True,73,73,0
,016_ibs_13555969_20260713220000_seg_00310,016_ibs_13555969_20260713220000,SPEAKER_01,1611.12,1615.68,4.56,success,声優俳優アーティストということで、もともとはなんかね、スカウトされて、俳優さんで。,success,声優俳優アーティストっていうことでもともとはなんかねスカウトされて俳優さんで。,False,41,39,-2
,016_ibs_13555969_20260713220000_seg_00311,016_ibs_13555969_20260713220000,SPEAKER_01,1617.68,1618.56,0.88,success,忘れてもらったんですけど。,success,会わせてもらったんですけど。,False,13,14,1
,016_ibs_13555969_20260713220000_seg_00312,016_ibs_13555969_20260713220000,SPEAKER_03,1618.96,1623.2,4.24,success,一番、あんまプロフィール書いてないんですけど、雑誌のモデルだったんですよ。,success,えっと一番そのあんまプロフィール書いてないんですけど雑誌のモデルだったんですよ。,False,37,40,3
,016_ibs_13555969_20260713220000_seg_00313,016_ibs_13555969_20260713220000,SPEAKER_01,1625.28,1628.08,2.8,success,表参道歩いてる時にスカウトされた。,success,表参道歩いてる時にスカウトされた。,True,17,17,0
,016_ibs_13555969_20260713220000_seg_00314,016_ibs_13555969_20260713220000,SPEAKER_03,1630.32,1633.12,2.8,success,絶対だまされてたなと思ったんですけど。,success,絶対だまされてたなと思ったんですけど。,True,19,19,0
,016_ibs_13555969_20260713220000_seg_00315,016_ibs_13555969_20260713220000,SPEAKER_03,1634.24,1635.36,1.12,success,中長で。,success,師匠で。,False,4,4,0
,016_ibs_13555969_20260713220000_seg_00316,016_ibs_13555969_20260713220000,SPEAKER_01,1636.08,1637.04,0.96,success,いうことだった。,success,いうことだったんだ。,False,8,10,2
,016_ibs_13555969_20260713220000_seg_00317,016_ibs_13555969_20260713220000,SPEAKER_03,1637.44,1638.72,1.28,success,fanっていう雑誌だったんですけど。,success,fineっていう雑誌だったんですけど。,False,18,19,1
,016_ibs_13555969_20260713220000_seg_00318,016_ibs_13555969_20260713220000,SPEAKER_03,1639.6,1640.4,0.8,success,不計な感じなんです。,success,不敬な感じなんですよ。,False,10,11,1
,016_ibs_13555969_20260713220000_seg_00319,016_ibs_13555969_20260713220000,SPEAKER_00,1641.04,1642.0,0.96,success,ちょっとでも確かにね。,success,ちょっとでも確かにね。,True,11,11,0
,016_ibs_13555969_20260713220000_seg_00320,016_ibs_13555969_20260713220000,SPEAKER_03,1642.8,1645.52,2.72,success,運転するの持ってなくて、とりあえずはいろいろ借りて。,success,点数の持ってなくてとりあえずはいろいろ借りて。,False,26,23,-3
,016_ibs_13555969_20260713220000_seg_00321,016_ibs_13555969_20260713220000,SPEAKER_01,1648.72,1650.48,1.76,success,でもじゃあそのそこから。,success,でもじゃあそこから。,False,12,10,-2
,016_ibs_13555969_20260713220000_seg_00322,016_ibs_13555969_20260713220000,SPEAKER_01,1650.72,1694.88,44.16,success,俳優や俳優やアーティストというふうになって東名阪zeppツアーをはじめ全国ツアー海外ツアーを成功させ現在は茨城県を拠点に全国へ活動を展開ということでちょっとはしょってしまってるんですけどもそして毎年約2万人を動員する茨城県最大規模の町おこしフェス茨城ドリームランドの主催者としても注目を集めています音楽活動のみならず茨城県内でカフェ足立ちハウスドライブインファッションブランドayhouta夏祭りなど総合プロデュースも手がけるなど多方面で活動ということで茨城県まちおこしエンターテインメント茨城県×町おこし×エンターテインメントをテーマに茨城から全国へそして世界へ地域とエンターテインメントをつなぎ新たなカルチャーを発信し続けるアーティスト。,success,俳優や俳優やアーティストっていうふうになって東名阪zeppツアーをはじめ全国ツアー海外ツアーを成功させ現在は茨城県を拠点に全国へ活動を展開ということでちょっとはしょってしまってるんですけどもそして毎年約2万人を動員する茨城県最大規模の町おこしフェス茨城ドリームランドの主催者としても注目を集めています音楽活動のみならず茨城県内でカフェ足立ちハウスドライブインファッションブランドayhouta夏祭りなど総合プロデュースも手がけるなど多方面で活動ということで茨城県まちおこしエンターテインメント茨城県×町おこし×エンターテインメントをテーマに茨城から全国へそして世界へ地域とエンターテインメントをつなぎ新たなカルチャーを発信し続けるアーティスト。,False,321,322,1
,016_ibs_13555969_20260713220000_seg_00323,016_ibs_13555969_20260713220000,SPEAKER_01,1698.4,1701.84,3.44,success,あっファンが5人のところからって始まりましたけどこれは一体?,success,あっファンが5人のところからって始まりましたけどこれは一体?,True,30,30,0
,016_ibs_13555969_20260713220000_seg_00324,016_ibs_13555969_20260713220000,SPEAKER_01,1702.48,1704.0,1.52,success,話ですか、会員の雑誌のころの話。,success,話ですかパインの雑誌の頃の話。,False,16,15,-1
,016_ibs_13555969_20260713220000_seg_00325,016_ibs_13555969_20260713220000,SPEAKER_03,1705.04,1706.88,1.84,success,14歳ぐらいのとき。,success,僕4歳ぐらいの時。,False,10,9,-1
,016_ibs_13555969_20260713220000_seg_00326,016_ibs_13555969_20260713220000,SPEAKER_00,1707.52,1708.24,0.72,success,とネバー際。,success,どうもネバー際。,False,6,8,2
,016_ibs_13555969_20260713220000_seg_00327,016_ibs_13555969_20260713220000,SPEAKER_03,1708.4,1709.92,1.52,success,アイドルグループをやってたんですけど。,success,でアイドルグループをやってたんですけど。,False,19,20,1
,016_ibs_13555969_20260713220000_seg_00328,016_ibs_13555969_20260713220000,SPEAKER_03,1713.6,1716.64,3.04,success,もうギブアップしたんですけど。,success,うわもうギブアップですねもうギブアップしたんですけど。,False,15,27,12
,016_ibs_13555969_20260713220000_seg_00329,016_ibs_13555969_20260713220000,SPEAKER_03,1721.12,1724.0,2.88,success,いやもう東京でやってて全然ファンの方いなくて。,success,いやもう東京でやってて全然ファンの方いなくて。,True,23,23,0
,016_ibs_13555969_20260713220000_seg_00330,016_ibs_13555969_20260713220000,SPEAKER_03,1724.32,1725.92,1.6,success,たまたま茨城、僕、観光。,success,たまたま茨城僕観光地。,False,12,11,-1
,016_ibs_13555969_20260713220000_seg_00331,016_ibs_13555969_20260713220000,SPEAKER_03,1726.16,1726.8,0.64,success,師匠さま。,success,秘書かさま官僚。,False,5,8,3
,016_ibs_13555969_20260713220000_seg_00332,016_ibs_13555969_20260713220000,SPEAKER_03,1727.6,1730.96,3.36,success,その時に茨城に行ってそこから5人ぐらいから。,success,でその時に茨城に行ってそこから5人ぐらいから。,False,22,23,1
,016_ibs_13555969_20260713220000_seg_00333,016_ibs_13555969_20260713220000,SPEAKER_03,1731.2,1734.8,3.6,success,いやこれもう笠間のイオンがあるんですけど。,success,あのいやこれもう笠間のイオンがあるんですけど。,False,21,23,2
,016_ibs_13555969_20260713220000_seg_00334,016_ibs_13555969_20260713220000,SPEAKER_03,1735.28,1736.24,0.96,success,レッテっていうところが。,success,これっていうところが。,False,12,11,-1
,016_ibs_13555969_20260713220000_seg_00335,016_ibs_13555969_20260713220000,SPEAKER_03,1737.68,1740.32,2.64,success,それが5人から30人、50人、最後。,success,それが5人から30人50人最後。,False,18,16,-2
,016_ibs_13555969_20260713220000_seg_00336,016_ibs_13555969_20260713220000,SPEAKER_00,1741.12,1741.84,0.72,success,うわ!,success,うわ!,True,3,3,0
,016_ibs_13555969_20260713220000_seg_00337,016_ibs_13555969_20260713220000,SPEAKER_01,1744.24,1745.6,1.36,success,オリポレさんでよくやってる。,success,ポリポレさんでよくやってる。,False,14,14,0
,016_ibs_13555969_20260713220000_seg_00338,016_ibs_13555969_20260713220000,SPEAKER_01,1747.04,1748.72,1.68,success,私茨城県出身なのに。,success,私茨城県出身なのに。,True,10,10,0
,016_ibs_13555969_20260713220000_seg_00339,016_ibs_13555969_20260713220000,SPEAKER_01,1749.04,1752.0,2.96,success,申し訳ないことに、やっぱりけん制地域以外の地域があんまり。,success,申し訳ないことにやっぱり県政地域以外の地域があんまりない。,False,29,29,0
,016_ibs_13555969_20260713220000_seg_00340,016_ibs_13555969_20260713220000,SPEAKER_01,1752.96,1754.88,1.92,success,ポレポレさんという場所があることを。,success,ポレポレさんという場所があることを。,True,18,18,0
,016_ibs_13555969_20260713220000_seg_00341,016_ibs_13555969_20260713220000,SPEAKER_01,1758.48,1761.52,3.04,success,女性のこの名前の認知度の貢献にもやっぱり。,success,女性のこの名前の認知度の貢献にもやっぱり。,True,21,21,0
,016_ibs_13555969_20260713220000_seg_00342,016_ibs_13555969_20260713220000,SPEAKER_01,1763.12,1764.96,1.84,success,いいところから2000人集めてるっていうね。,success,市のところから2000人集めてるっていうね。,False,22,22,0
,016_ibs_13555969_20260713220000_seg_00343,016_ibs_13555969_20260713220000,SPEAKER_00,1766.8,1767.44,0.64,success,ギャラとか。,success,ギャラとか。,True,6,6,0
,016_ibs_13555969_20260713220000_seg_00344,016_ibs_13555969_20260713220000,SPEAKER_00,1767.76,1768.4,0.64,success,失敗してたけど。,success,失敗してたけど。,True,8,8,0
,016_ibs_13555969_20260713220000_seg_00345,016_ibs_13555969_20260713220000,SPEAKER_00,1768.72,1770.88,2.16,success,こんなに立ち上げてんの、いろんなことを。,success,こんなに立ち上げてんのいろんなことを。,False,20,19,-1
,016_ibs_13555969_20260713220000_seg_00346,016_ibs_13555969_20260713220000,SPEAKER_00,1772.16,1773.12,0.96,success,することなかったわ。,success,言ってることなかったわよ。,False,10,13,3
,016_ibs_13555969_20260713220000_seg_00347,016_ibs_13555969_20260713220000,SPEAKER_00,1773.36,1775.28,1.92,success,ファッションブランドもやってるの?,success,ファッションブランドもやってんの?,False,17,17,0
,016_ibs_13555969_20260713220000_seg_00348,016_ibs_13555969_20260713220000,SPEAKER_03,1775.6,1779.36,3.76,success,そうですね、なんかあと、街みたいなのを作りたくて、昔から。,success,そうですねなんかあと街みたいのをつくりたくて昔から。,False,29,26,-3
,016_ibs_13555969_20260713220000_seg_00349,016_ibs_13555969_20260713220000,SPEAKER_03,1779.68,1784.32,4.64,success,足立ハウス、いろんなそういうカフェとか、ファッションブランドとか、なんか自分が楽しめる場所。,success,足立アウスいろんなそういうカフェとかファッションブランドとか何か自分が楽しめる。,False,46,40,-6
,016_ibs_13555969_20260713220000_seg_00350,016_ibs_13555969_20260713220000,SPEAKER_03,1785.44,1786.88,1.44,success,それで町おこしができたら。,success,それで町おこしができたら。,True,13,13,0
,016_ibs_13555969_20260713220000_seg_00351,016_ibs_13555969_20260713220000,SPEAKER_01,1786.88,1789.92,3.04,success,じゃあ、あれですね、ザ広沢シティに住む足立です。,success,じゃああれですねザ広沢シティに住む足立じゃ。,False,24,22,-2
,016_ibs_13555969_20260713220000_seg_00352,016_ibs_13555969_20260713220000,SPEAKER_03,1791.36,1792.8,1.44,success,そんなでかい感じじゃないですけど。,success,そんなでかい感じじゃないですけど。,True,17,17,0
,016_ibs_13555969_20260713220000_seg_00353,016_ibs_13555969_20260713220000,SPEAKER_01,1795.04,1797.84,2.8,success,スーパー市民はまだ行ったことないんですけど足立七の方が今近いかな。,success,パシティはまだ行ったことないんですけど足立七人の方が今近いかな。,False,33,32,-1
,016_ibs_13555969_20260713220000_seg_00354,016_ibs_13555969_20260713220000,SPEAKER_01,1798.32,1800.64,2.32,success,ちょっとメールもたくさんいいので。,success,ぜひ行かせて頂きたい。,False,17,11,-6
,016_ibs_13555969_20260713220000_seg_00355,016_ibs_13555969_20260713220000,SPEAKER_01,1802.32,1804.64,2.32,success,たくさんね、なんかやっぱファンの方がたくさんいますので。,success,はいたくさんね何かやっぱファンの方がたくさんいますので。,False,28,28,0
,016_ibs_13555969_20260713220000_seg_00356,016_ibs_13555969_20260713220000,SPEAKER_01,1805.28,1824.16,18.88,success,ネームションさんからいただいています、足立さん、赤プルさん、こんばんは、僕は安達雄太さんを本格的に拝見したのは、水戸黄門の舞台でした、そしてラジオ祭りでも拝見し、僕にとって安達さんは侮れない存在です、僕が水戸黄門の舞台を拝見したのは歴史好きで、歴史小説を書いているからでもあります、また舞台など幅広く活躍されることを期待しております。,success,ネームショーさんからいただいています安達さん赤プルさんこんばんは僕は安達雄太さんを本格的に拝見したのは水戸黄門の舞台でしたそしてラジオ祭りでも拝見し僕にとって安達さんは侮れない存在です僕が水戸黄門の舞台を拝見したのは歴史好きで歴史小説を書いているからでもありますまた舞台など幅広く活躍されることを期待しております。,False,167,157,-10
,016_ibs_13555969_20260713220000_seg_00357,016_ibs_13555969_20260713220000,SPEAKER_03,1826.08,1828.4,2.32,success,また秋から夜のピクニックっていう。,success,また秋から夜のピクニックっていう。,True,17,17,0
,016_ibs_13555969_20260713220000_seg_00358,016_ibs_13555969_20260713220000,SPEAKER_03,1829.04,1830.88,1.84,success,美術館で安比戸市民会館です。,success,美術館で安孫子市民会館で。,False,14,13,-1
,016_ibs_13555969_20260713220000_seg_00359,016_ibs_13555969_20260713220000,SPEAKER_01,1834.0,1835.92,1.92,success,それはどういう形でやるんですか?,success,それはどういう方たちとやるんですか?,False,16,18,2
,016_ibs_13555969_20260713220000_seg_00360,016_ibs_13555969_20260713220000,SPEAKER_03,1836.8,1841.04,4.24,success,弟の加藤諒介君とか、吉川優ちゃんとか、もうずっと。,success,元の加藤諒介君とか吉川優ちゃんとかもう。,False,25,20,-5
,016_ibs_13555969_20260713220000_seg_00361,016_ibs_13555969_20260713220000,SPEAKER_03,1841.6,1842.56,0.96,success,ちの。,success,真の。,False,3,3,0
,016_ibs_13555969_20260713220000_seg_00362,016_ibs_13555969_20260713220000,SPEAKER_03,1843.04,1843.76,0.72,success,女優さんとか。,success,女優さんとか。,True,7,7,0
,016_ibs_13555969_20260713220000_seg_00363,016_ibs_13555969_20260713220000,SPEAKER_00,1844.08,1845.2,1.12,success,ちょっと赤プロ入れて。,success,ちょっと赤プリ入れてみよう。,False,11,14,3
,016_ibs_13555969_20260713220000_seg_00364,016_ibs_13555969_20260713220000,SPEAKER_03,1846.48,1847.04,0.56,success,ぜひぜひ。,success,ぜひぜひ。,True,5,5,0
,016_ibs_13555969_20260713220000_seg_00365,016_ibs_13555969_20260713220000,SPEAKER_00,1847.84,1849.04,1.2,success,すごいから班長に出てる。,success,すごいから班長に出てる。,True,12,12,0
,016_ibs_13555969_20260713220000_seg_00366,016_ibs_13555969_20260713220000,SPEAKER_01,1849.92,1860.0,10.08,success,ドラマは出させてもらったことあるんですけどでもちょっとやっぱ舞台はあんまり練習が行かなくていいやつの役だったらネタを1個やるとこだったらいいんですけど本人役とかだったらいいんですけどね。,success,ドラマは出させてもらったことあるんですけどでもちょっとやっぱ舞台はあんまり練習が行かなくていいやつの役だったらネタを1個やるとこだったらいいんですけど本人役とかだったらいいんですけどね。,True,93,93,0
,016_ibs_13555969_20260713220000_seg_00367,016_ibs_13555969_20260713220000,SPEAKER_01,1860.8,1861.68,0.88,success,ねえ演劇は。,success,a演劇は。,False,6,5,-1
,016_ibs_13555969_20260713220000_seg_00368,016_ibs_13555969_20260713220000,SPEAKER_00,1862.4,1863.92,1.52,success,ぜひ見てほしいわ、あの演技ね。,success,是非見てほしいわあの演技ね。,False,15,14,-1
,016_ibs_13555969_20260713220000_seg_00369,016_ibs_13555969_20260713220000,SPEAKER_01,1865.6,1876.8,11.2,success,いやいや、もうお恥ずかしいです、ちょっといっぱい来てますのでね、頂きますよ、呼んでいきますよ、ラジオネーム、かんなさんから、ありがとうございます、やっと安達祐人さんがゲストで登場です。,success,いやいや、もうお恥ずかしいです、ちょっといっぱい来てますのでね、頂きますよ、呼んでいきますよ、ラジオネーム、かんなさんから、ありがとうございます、やっと安達祐人さんがゲストで登場です。,True,92,92,0
,016_ibs_13555969_20260713220000_seg_00370,016_ibs_13555969_20260713220000,SPEAKER_01,1879.04,1883.04,4.0,success,お二人には茨城県ヤンキーあるあるでトークしてほしいです。,success,お二人には茨城県ヤンキーあるあるでトークしてほしいです。,True,28,28,0
,016_ibs_13555969_20260713220000_seg_00371,016_ibs_13555969_20260713220000,SPEAKER_01,1883.76,1889.68,5.92,success,プルさん、早速、足立さんにアイス買っていこうとか言ってませんか、そんな2人の光景が目に浮かんでにまにましています。,success,プルさん、早速、足立さんにアイス買っていこうとか言ってませんか、そんなお二人の光景が目に浮かんでにまにましています。,False,57,58,1
,016_ibs_13555969_20260713220000_seg_00372,016_ibs_13555969_20260713220000,SPEAKER_01,1890.0,1892.4,2.4,success,アカップルさん参加による茨城ドリームランド。,success,赤プルさん参加による茨城ドリームランド。,False,22,20,-2
,016_ibs_13555969_20260713220000_seg_00373,016_ibs_13555969_20260713220000,SPEAKER_01,1892.64,1894.96,2.32,success,さらなる成功を今から期待していますということで。,success,さらなる成功を今から期待していますということで。,True,24,24,0
,016_ibs_13555969_20260713220000_seg_00374,016_ibs_13555969_20260713220000,SPEAKER_01,1895.84,1896.72,0.88,success,10月。,success,10月。,True,4,4,0
,016_ibs_13555969_20260713220000_seg_00375,016_ibs_13555969_20260713220000,SPEAKER_01,1897.04,1897.68,0.64,success,18。,success,18位。,False,3,4,1
,016_ibs_13555969_20260713220000_seg_00376,016_ibs_13555969_20260713220000,SPEAKER_02,1898.8,1900.0,1.2,success,今年も開催しますね。,success,今年も開催しますね。,True,10,10,0
,016_ibs_13555969_20260713220000_seg_00377,016_ibs_13555969_20260713220000,SPEAKER_01,1900.0,1902.48,2.48,success,私も出演させていただけるってことで。,success,私も出演させていただけるということで。,False,18,19,1
,016_ibs_13555969_20260713220000_seg_00378,016_ibs_13555969_20260713220000,SPEAKER_01,1902.96,1906.56,3.6,success,ちょっとこのチケット10枚ぐらい売ってこような。,success,ちょっとこのチケット10枚ぐらい売ってこような。,True,24,24,0
,016_ibs_13555969_20260713220000_seg_00379,016_ibs_13555969_20260713220000,SPEAKER_01,1906.88,1910.64,3.76,success,これヤンキーヤンキーがパー券売るっていうねちょっとコントやってみましたけども。,success,これヤンキーヤンキーがパー犬売るっていうねちょっとコントやってきましたけども。,False,39,39,0
,016_ibs_13555969_20260713220000_seg_00380,016_ibs_13555969_20260713220000,SPEAKER_00,1910.8,1914.0,3.2,success,ちょっとさ、ドリームランドでちょっと話があるんだけど。,success,ちょっとさドリームランドでちょっと話があんだけど。,False,27,25,-2
,016_ibs_13555969_20260713220000_seg_00381,016_ibs_13555969_20260713220000,SPEAKER_01,1914.56,1915.36,0.8,success,あの。,success,まあ!,False,3,3,0
,016_ibs_13555969_20260713220000_seg_00382,016_ibs_13555969_20260713220000,SPEAKER_00,1915.6,1916.88,1.28,success,じゃああの今俺。,success,じゃああの今俺。,True,8,8,0
,016_ibs_13555969_20260713220000_seg_00383,016_ibs_13555969_20260713220000,SPEAKER_00,1917.44,1918.72,1.28,success,バンドやってるのよ、アカップルバンド。,success,バンドやってんのよアカップルバンド。,False,19,18,-1
,016_ibs_13555969_20260713220000_seg_00384,016_ibs_13555969_20260713220000,SPEAKER_03,1918.88,1921.28,2.4,success,いやいや、僕はめちゃめちゃ。,success,いやいや僕はあのめちゃめちゃ。,False,14,15,1
,016_ibs_13555969_20260713220000_seg_00385,016_ibs_13555969_20260713220000,SPEAKER_00,1923.84,1926.16,2.32,success,やってるんだけどそのバンドで。,success,やってんだけどそのバンドで。,False,15,14,-1
,016_ibs_13555969_20260713220000_seg_00386,016_ibs_13555969_20260713220000,SPEAKER_00,1926.72,1927.52,0.8,success,ブランド2位。,success,プランドニー。,False,7,7,0
,016_ibs_13555969_20260713220000_seg_00387,016_ibs_13555969_20260713220000,SPEAKER_00,1927.76,1932.0,4.24,success,ちょっとスケジュール空いてるなって言ってて、ちょっと、だから、どう。,success,ちょっとスケジュール空いてるなって言っててちょっとだからどうする?,False,34,33,-1
,016_ibs_13555969_20260713220000_seg_00388,016_ibs_13555969_20260713220000,SPEAKER_01,1932.0,1935.76,3.76,success,スケジュールが空いてても、ステージが空いていません、ステージが空いていませんので。,success,スケジュールが空いてても、ステージが空いていません、ステージが空いていませんので。,True,41,41,0
,016_ibs_13555969_20260713220000_seg_00389,016_ibs_13555969_20260713220000,SPEAKER_03,1938.4,1942.0,3.6,success,それこそ僕、本当に一緒になんかご一緒できたらうれしいなと思ってて。,success,それこそ僕本当に一緒にご一緒できたらうれしいなと思ってて。,False,33,29,-4
,016_ibs_13555969_20260713220000_seg_00390,016_ibs_13555969_20260713220000,SPEAKER_03,1942.48,1946.96,4.48,success,僕、本当、考えてたんですよ、ドリームランドの本当に結構、taisukeが結構、がちがちに決まっちゃって。,success,僕ほんと考えてたんですよ。でドリームランドはほんとに結構大輔が結構ガチガチに決まっちゃって。,False,52,46,-6
,016_ibs_13555969_20260713220000_seg_00391,016_ibs_13555969_20260713220000,SPEAKER_03,1947.6,1951.12,3.52,success,いつかは絶対あると思うんですけど、なんかイベント一緒にやりません?,success,いつかは絶対あると思うんですけど何かイベント一緒にやりません?,False,33,31,-2
,016_ibs_13555969_20260713220000_seg_00392,016_ibs_13555969_20260713220000,SPEAKER_03,1951.6,1952.8,1.2,success,茨城で、はい。,success,茨城で?,False,7,4,-3
,016_ibs_13555969_20260713220000_seg_00393,016_ibs_13555969_20260713220000,SPEAKER_01,1954.4,1957.04,2.64,success,うわっすごっドリームランドと別にね。,success,うわっすごっ!ドリームランドと別にね。,False,18,19,1
,016_ibs_13555969_20260713220000_seg_00394,016_ibs_13555969_20260713220000,SPEAKER_03,1957.12,1957.68,0.56,success,純烈に。,success,全然。,False,4,3,-1
,016_ibs_13555969_20260713220000_seg_00395,016_ibs_13555969_20260713220000,SPEAKER_00,1957.76,1959.04,1.28,success,阿部さんがだからその。,success,安田さんだからその。,False,11,10,-1
,016_ibs_13555969_20260713220000_seg_00396,016_ibs_13555969_20260713220000,SPEAKER_00,1959.84,1960.8,0.96,success,あなた分かってるから。,success,絶対分かってるから。,False,11,10,-1
,016_ibs_13555969_20260713220000_seg_00397,016_ibs_13555969_20260713220000,SPEAKER_00,1961.52,1963.28,1.76,success,カップルさんってやりたいっつってもどうやって?,success,カップルさんってそのやりたいっつってもどうやって?,False,23,25,2
,016_ibs_13555969_20260713220000_seg_00398,016_ibs_13555969_20260713220000,SPEAKER_01,1964.24,1965.28,1.04,success,絵があるんです。,success,絵があるんです。,True,8,8,0
,016_ibs_13555969_20260713220000_seg_00399,016_ibs_13555969_20260713220000,SPEAKER_03,1965.28,1966.0,0.72,success,何ですか?,success,何ですか?,True,5,5,0
,016_ibs_13555969_20260713220000_seg_00400,016_ibs_13555969_20260713220000,SPEAKER_01,1966.64,1967.36,0.72,success,ひしげの。,success,重信。,False,5,3,-2
,016_ibs_13555969_20260713220000_seg_00401,016_ibs_13555969_20260713220000,SPEAKER_01,1967.6,1968.8,1.2,success,人でやりたいっていう。,success,ここでやりたいっていう。,False,11,12,1
,016_ibs_13555969_20260713220000_seg_00402,016_ibs_13555969_20260713220000,SPEAKER_00,1968.88,1970.56,1.68,success,あ石江の城であろう国立。,success,ああ石江の白太郎国立。,False,12,11,-1
,016_ibs_13555969_20260713220000_seg_00403,016_ibs_13555969_20260713220000,SPEAKER_01,1975.36,1976.08,0.72,success,ちょっと待って。,success,ちょっと待って。,True,8,8,0
,016_ibs_13555969_20260713220000_seg_00404,016_ibs_13555969_20260713220000,SPEAKER_00,1979.52,1980.16,0.64,success,白バンドとか。,success,白バンドとか。,True,7,7,0
,016_ibs_13555969_20260713220000_seg_00405,016_ibs_13555969_20260713220000,SPEAKER_00,1982.72,1984.32,1.6,success,やって赤プラさんのネタとかはチェックして。,success,やって赤プラさんのネタとかはちゃんと。,False,21,19,-2
,016_ibs_13555969_20260713220000_seg_00406,016_ibs_13555969_20260713220000,SPEAKER_01,1986.16,1986.88,0.72,success,うれしいでも早く。,success,うれしいでも早く!,False,9,9,0
,016_ibs_13555969_20260713220000_seg_00407,016_ibs_13555969_20260713220000,SPEAKER_01,1987.28,1988.56,1.28,success,足立さんのハンガーあるそうです。,success,多分足立さんのファンガキだそうです。,False,16,18,2
,016_ibs_13555969_20260713220000_seg_00408,016_ibs_13555969_20260713220000,SPEAKER_01,1989.44,1996.96,7.52,success,だって1100人しか入れないんですよ、だから、1100人収容のキャパなんですよ、だから、足立さんのファンは来ちゃだめってことでしょ。,success,私、1100人しか入れないんですよ、だから、1100人収容のキャパなんですよ、だから、足立さんのファンは来ちゃだめってことですよね。,False,66,66,0
,016_ibs_13555969_20260713220000_seg_00409,016_ibs_13555969_20260713220000,SPEAKER_00,1997.52,1998.32,0.8,success,ヘヘヘヘヘヘヘ。,success,ヘヘヘヘヘ。,False,8,6,-2
,016_ibs_13555969_20260713220000_seg_00410,016_ibs_13555969_20260713220000,SPEAKER_00,2000.08,2001.12,1.04,success,チケットを何?,success,1キロと何ていうんですか。,False,7,13,6
,016_ibs_13555969_20260713220000_seg_00411,016_ibs_13555969_20260713220000,SPEAKER_00,2002.32,2003.52,1.2,success,借りるお金も全然。,success,絵借りるお金も全然ない。,False,9,12,3
,016_ibs_13555969_20260713220000_seg_00412,016_ibs_13555969_20260713220000,SPEAKER_01,2005.92,2006.48,0.56,success,ちょっと待って。,success,ちょっと待って!,False,8,8,0
,016_ibs_13555969_20260713220000_seg_00413,016_ibs_13555969_20260713220000,SPEAKER_01,2009.04,2014.24,5.2,success,えっ、もう打ち合わせが始まっちゃうの?今日はちょっとじゃあ、後ほど、きょう、1時間放送ですから。,success,えっ、もう打ち合わせが始まっちゃうの?きょうはちょっとじゃあ、後ほど、ねっ、きょう、1時間放送ですから。,False,48,52,4
,016_ibs_13555969_20260713220000_seg_00414,016_ibs_13555969_20260713220000,SPEAKER_01,2014.8,2015.36,0.56,success,終わってからずっとずっと。,success,終わってからずっと。,False,13,10,-3
,016_ibs_13555969_20260713220000_seg_00415,016_ibs_13555969_20260713220000,SPEAKER_01,2015.92,2020.96,5.04,success,いや、うれしい、でもドリームランドもね、私、ちょっと奈々ちゃんからの推薦で、ことし出させていただける。,success,いやうれしいでもドリームランドもね私ちょっと奈々ちゃんからの推薦で今年出させて頂けて。,False,51,43,-8
,016_ibs_13555969_20260713220000_seg_00416,016_ibs_13555969_20260713220000,SPEAKER_01,2021.76,2024.16,2.4,success,今年はすごいバンドさんもね結構出られる。,success,今年はすごいバンドさんもね結構出られる。,True,20,20,0
,016_ibs_13555969_20260713220000_seg_00417,016_ibs_13555969_20260713220000,SPEAKER_03,2026.24,2027.2,0.96,success,なんとかはいまだ。,success,なんとかはいまだ。,True,9,9,0
,016_ibs_13555969_20260713220000_seg_00418,016_ibs_13555969_20260713220000,SPEAKER_02,2028.24,2029.36,1.12,success,結構出ますね。,success,結構出ますね。,True,7,7,0
,016_ibs_13555969_20260713220000_seg_00419,016_ibs_13555969_20260713220000,SPEAKER_01,2029.52,2035.2,5.68,success,ぜひ楽しみにね、そちらもね、松岡さんには見に来ていただきたいというふうに思いますけど、よろしくお願いいたします。,success,もうぜひ楽しみにねそちらもね松岡さんには見に来ていただきたいというふうに思いますけどよろしくお願いいたします。,False,56,55,-1
,016_ibs_13555969_20260713220000_seg_00420,016_ibs_13555969_20260713220000,SPEAKER_01,2035.92,2043.84,7.92,success,そしてラジオネームたえさんから頂いております赤プルさんのラジオに安達祐斗君がご出演とのこと。,success,ありがとうございます、そしてラジオネーム、たえさんから頂いております、赤プルさんのラジオに、安達祐人君がご出演とのこと。,False,46,60,14
,016_ibs_13555969_20260713220000_seg_00421,016_ibs_13555969_20260713220000,SPEAKER_01,2044.08,2062.96,18.88,success,とってもうれしいです、ふだんゆうとくんのラジオ、iveharaの中の胸キュンビッグウエーブのコーナーでは、声優でもあるゆうとくんがお題に沿ってかっこよくてキュンとくるせりふを考案し、甘い声でリスナーを大変ときめかせていますが、今回、ぜひラッキーアイテムでも赤プルさんからお題をいただき、,success,とてもうれしいです、ふだん、ゆうとくんのラジオ、iveharaの中の胸キュンビッグウエーブのコーナーでは、声優でもあるゆうとくんが、お題に沿ってかっこよくてキュンとくるせりふを考案し、甘い声でリスナーを大変ときめかせていますが、今回、ぜひラッキーアイテムでも赤プルさんからお題をいただき、,False,143,144,1
,016_ibs_13555969_20260713220000_seg_00422,016_ibs_13555969_20260713220000,SPEAKER_01,2063.28,2065.2,1.92,success,大波を起こしてほしいです。,success,大波を起こしてほしいです。,True,13,13,0
,016_ibs_13555969_20260713220000_seg_00423,016_ibs_13555969_20260713220000,SPEAKER_01,2066.64,2067.84,1.2,success,となりますように。,success,そうなりますように。,False,9,10,1
,016_ibs_13555969_20260713220000_seg_00424,016_ibs_13555969_20260713220000,SPEAKER_01,2068.16,2069.76,1.6,success,胸キュンビッグウェーブ。,success,胸キュンビッグウェーブ!,False,12,12,0
,016_ibs_13555969_20260713220000_seg_00425,016_ibs_13555969_20260713220000,SPEAKER_03,2073.44,2076.24,2.8,success,みんな楽しみにしてるんですけど。,success,みんな楽しみにしてるんすけど。,False,16,15,-1
,016_ibs_13555969_20260713220000_seg_00426,016_ibs_13555969_20260713220000,SPEAKER_00,2076.48,2077.6,1.12,success,どういう感じなの?,success,どういう感じなの?,True,9,9,0
,016_ibs_13555969_20260713220000_seg_00427,016_ibs_13555969_20260713220000,SPEAKER_03,2079.2,2086.56,7.36,success,みたいなのが視聴者の方とかから頂いて最後要は声優としてなんかキュンとさせるような。,success,脚本みたいのが視聴者の方とかから頂いて最後要は声優として何かキュンとさせるような。,False,41,41,0
,016_ibs_13555969_20260713220000_seg_00428,016_ibs_13555969_20260713220000,SPEAKER_03,2088.4,2090.48,2.08,success,全然キュンとさせらんないじゃねえか。,success,全然キュンとさせらんないじゃん。,False,18,16,-2
,016_ibs_13555969_20260713220000_seg_00429,016_ibs_13555969_20260713220000,SPEAKER_01,2091.12,2092.24,1.12,success,いやいやしてると思いますよ。,success,いやいやしてると思いますよ。,True,14,14,0
,016_ibs_13555969_20260713220000_seg_00430,016_ibs_13555969_20260713220000,SPEAKER_00,2095.04,2095.84,0.8,success,待ち合わせ場所に。,success,待ち合わせ場所に。,True,9,9,0
,016_ibs_13555969_20260713220000_seg_00431,016_ibs_13555969_20260713220000,SPEAKER_00,2096.24,2100.4,4.16,success,なんかちょっと、5分ぐらい遅れてきた男の人の。,success,何かちょっと5分ぐらい遅れてきた男の人の。,False,23,21,-2
,016_ibs_13555969_20260713220000_seg_00432,016_ibs_13555969_20260713220000,SPEAKER_00,2100.64,2102.64,2.0,success,言い訳でキュンとさせてとか、そういうこと?,success,言い訳でキュンとさせてとかそういうこと?,False,21,20,-1
,016_ibs_13555969_20260713220000_seg_00433,016_ibs_13555969_20260713220000,SPEAKER_03,2102.64,2103.28,0.64,success,そうですそうです。,success,サレステレス。,False,9,7,-2
,016_ibs_13555969_20260713220000_seg_00434,016_ibs_13555969_20260713220000,SPEAKER_01,2106.56,2107.6,1.04,success,一番キュンとする。,success,はい一番キュンとする。,False,9,11,2
,016_ibs_13555969_20260713220000_seg_00435,016_ibs_13555969_20260713220000,SPEAKER_00,2108.8,2109.36,0.56,success,ですよ。,success,ですよ。,True,4,4,0
,016_ibs_13555969_20260713220000_seg_00436,016_ibs_13555969_20260713220000,SPEAKER_01,2109.44,2112.0,2.56,success,あのお笑い芸人の赤プルさんが。,success,あのお笑い芸人の赤プルさんが。,True,15,15,0
,016_ibs_13555969_20260713220000_seg_00437,016_ibs_13555969_20260713220000,SPEAKER_01,2112.48,2114.64,2.16,success,舞台上でネタが飛んでしまいました。,success,舞台上でネタが飛んでしまいました。,True,17,17,0
,016_ibs_13555969_20260713220000_seg_00438,016_ibs_13555969_20260713220000,SPEAKER_01,2115.04,2116.72,1.68,success,これはもう大ピンチ。,success,これはもう大ピンチ。,True,10,10,0
,016_ibs_13555969_20260713220000_seg_00439,016_ibs_13555969_20260713220000,SPEAKER_00,2116.72,2117.44,0.72,success,もうピンですからね。,success,もうピンですからね。,True,10,10,0
,016_ibs_13555969_20260713220000_seg_00440,016_ibs_13555969_20260713220000,SPEAKER_01,2118.48,2125.36,6.88,success,袖で次の出番を待っていた安達雄太さん、赤プロ救いたい、ここでちょっと舞台に出て、茨城あるあるを一発。,success,袖で次の出番を待っていた安達雄太さん赤プロ救いたいここでちょっと舞台に出て茨城あるあるを一発!,False,50,47,-3
,016_ibs_13555969_20260713220000_seg_00441,016_ibs_13555969_20260713220000,SPEAKER_01,2126.08,2127.44,1.36,success,赤プロの代わりにかまして。,success,赤プロの代わりにかまして。,True,13,13,0
,016_ibs_13555969_20260713220000_seg_00442,016_ibs_13555969_20260713220000,SPEAKER_03,2127.44,2128.4,0.96,success,おかしい、おかしい、おかしい。,success,いやおかしいおかしいおかしい。,False,15,15,0
,016_ibs_13555969_20260713220000_seg_00443,016_ibs_13555969_20260713220000,SPEAKER_01,2129.28,2129.92,0.64,success,キュンとする!,success,キュンとする!,True,7,7,0
,016_ibs_13555969_20260713220000_seg_00444,016_ibs_13555969_20260713220000,SPEAKER_00,2130.08,2132.56,2.48,success,バラエティあるあるなの?,success,えっバラキあるあるなの?,False,12,12,0
,016_ibs_13555969_20260713220000_seg_00445,016_ibs_13555969_20260713220000,SPEAKER_01,2132.8,2134.56,1.76,success,そういう茨城出身のって。,success,そういう茨城出身のってと。,False,12,13,1
,016_ibs_13555969_20260713220000_seg_00446,016_ibs_13555969_20260713220000,SPEAKER_00,2135.04,2136.64,1.6,success,優しい言葉かけるんじゃないの?,success,優しい言葉かけるんじゃないの?,True,15,15,0
,016_ibs_13555969_20260713220000_seg_00447,016_ibs_13555969_20260713220000,SPEAKER_01,2138.24,2142.0,3.76,success,そうなの、いや、私の代わりに、茨城あるある一発をかましてくれたら、どうするの?,success,そうなの!?いや私の代わりに茨城あるある一発をかましてくれたらどうなの?,False,39,36,-3
,016_ibs_13555969_20260713220000_seg_00448,016_ibs_13555969_20260713220000,SPEAKER_00,2143.12,2145.6,2.48,success,ある、いや、茨城あるあるって、キュンとこないでしょ。,success,いや茨城あるあるってキュンとこないでしょ。,False,26,21,-5
,016_ibs_13555969_20260713220000_seg_00449,016_ibs_13555969_20260713220000,SPEAKER_03,2147.12,2148.96,1.84,success,もう茨城あるあるって結構。,success,もう茨城あるあるって結構。,True,13,13,0
,016_ibs_13555969_20260713220000_seg_00450,016_ibs_13555969_20260713220000,SPEAKER_01,2151.68,2152.48,0.8,success,もう本当に。,success,もう本当に。,True,6,6,0
,016_ibs_13555969_20260713220000_seg_00451,016_ibs_13555969_20260713220000,SPEAKER_01,2153.6,2155.2,1.6,success,じゃあじゃあもらっちゃうよ1個。,success,えっじゃあじゃあもらっちゃうよ1個。,False,16,18,2
,016_ibs_13555969_20260713220000_seg_00452,016_ibs_13555969_20260713220000,SPEAKER_03,2157.52,2158.8,1.28,success,僕、本当に思うんですけど。,success,僕本当に思うんすけど。,False,13,11,-2
,016_ibs_13555969_20260713220000_seg_00453,016_ibs_13555969_20260713220000,SPEAKER_03,2160.08,2163.12,3.04,success,毎回12時ぐらいから暴走族本気出しません?,success,毎回12時ぐらいから暴走族本気出しません?,True,21,21,0
,016_ibs_13555969_20260713220000_seg_00454,016_ibs_13555969_20260713220000,SPEAKER_01,2166.32,2166.96,0.64,success,バナナ。,success,あんなのはな!,False,4,7,3
,016_ibs_13555969_20260713220000_seg_00455,016_ibs_13555969_20260713220000,SPEAKER_00,2167.84,2168.72,0.88,success,9時ぐらいまで。,success,9時ぐらい!,False,8,6,-2
,016_ibs_13555969_20260713220000_seg_00456,016_ibs_13555969_20260713220000,SPEAKER_03,2170.24,2172.08,1.84,success,今日2時間クラゲダダダダダダダダダダダダダダダダダダダダダダダダダ,success,急に時間がドダドダ!,False,33,10,-23
,016_ibs_13555969_20260713220000_seg_00457,016_ibs_13555969_20260713220000,SPEAKER_00,2176.0,2177.6,1.6,success,仕事でホテルに泊まるときがあって。,success,仕事でホテルに泊まる時があって。,False,17,16,-1
,016_ibs_13555969_20260713220000_seg_00458,016_ibs_13555969_20260713220000,SPEAKER_00,2178.24,2182.32,4.08,success,そのときに必ず12時とか、11時45分ぐらいから。,success,その時に必ず12時とか11時45分ぐらいから。,False,25,23,-2
,016_ibs_13555969_20260713220000_seg_00459,016_ibs_13555969_20260713220000,SPEAKER_03,2182.4,2183.52,1.12,success,始まるんですよね。,success,始まるんですよね。,True,9,9,0
,016_ibs_13555969_20260713220000_seg_00460,016_ibs_13555969_20260713220000,SPEAKER_00,2183.76,2184.8,1.04,success,いや俺もだからあの。,success,いや俺もだからあの。,True,10,10,0
,016_ibs_13555969_20260713220000_seg_00461,016_ibs_13555969_20260713220000,SPEAKER_00,2186.56,2195.84,9.28,success,だから正月に赤プロさんと一緒に車で帰ったの茨城に行こうって言って行った時にすごい静かだったのであっさすがに正月ねっ。,success,だから正月に赤プロさんと一緒に車で帰ったの茨城に行こうっつって行った時にすごい静かだったのね。であっさすがに正月ねっ。,False,58,59,1
,016_ibs_13555969_20260713220000_seg_00462,016_ibs_13555969_20260713220000,SPEAKER_00,2196.24,2202.16,5.92,success,1日だから、あっ、暴走族もお休みかなって言ってたら、100台ぐらいに抜かれてたら、わーって。,success,日立だからあっ暴走族もお休みかなって言ってたら100台ぐらいに抜かれてたのわー!,False,46,40,-6
,016_ibs_13555969_20260713220000_seg_00463,016_ibs_13555969_20260713220000,SPEAKER_01,2203.12,2204.32,1.2,success,いやすごいんですよ。,success,いやすごいんですよ。,True,10,10,0
,016_ibs_13555969_20260713220000_seg_00464,016_ibs_13555969_20260713220000,SPEAKER_00,2205.6,2206.16,0.56,success,地と思って。,success,チート持って。,False,6,7,1
,016_ibs_13555969_20260713220000_seg_00465,016_ibs_13555969_20260713220000,SPEAKER_00,2208.16,2208.8,0.64,success,すごいよね、やっぱ。,success,すごいよねやっぱ。,False,10,9,-1
,016_ibs_13555969_20260713220000_seg_00466,016_ibs_13555969_20260713220000,SPEAKER_03,2209.6,2210.24,0.64,success,っぽいっすね。,success,すごいっすね。,False,7,7,0
,016_ibs_13555969_20260713220000_seg_00467,016_ibs_13555969_20260713220000,SPEAKER_00,2210.48,2211.92,1.44,success,昨日何かね僕。,success,昨日何かね僕。,True,7,7,0
,016_ibs_13555969_20260713220000_seg_00468,016_ibs_13555969_20260713220000,SPEAKER_00,2212.16,2212.8,0.64,success,得だから。,success,毒だから。,False,5,5,0
,016_ibs_13555969_20260713220000_seg_00469,016_ibs_13555969_20260713220000,SPEAKER_01,2213.12,2214.48,1.36,success,何ですか、足立さんの。,success,何ですか足立さんの。,False,11,10,-1
,016_ibs_13555969_20260713220000_seg_00470,016_ibs_13555969_20260713220000,SPEAKER_01,2215.12,2215.92,0.8,success,新時代は。,success,新時代は。,True,5,5,0
,016_ibs_13555969_20260713220000_seg_00471,016_ibs_13555969_20260713220000,SPEAKER_02,2216.48,2217.2,0.72,success,いやもう!,success,いやーも!,False,5,5,0
,016_ibs_13555969_20260713220000_seg_00472,016_ibs_13555969_20260713220000,SPEAKER_03,2217.44,2222.8,5.36,success,わしが本当に遊び人で、うちは、えっ!?もう女大好き。,success,親父が本当にもう遊び人でうちは。えっ!?もう女大好き。,False,26,27,1
,016_ibs_13555969_20260713220000_seg_00473,016_ibs_13555969_20260713220000,SPEAKER_03,2223.36,2224.0,0.64,success,けだいすき。,success,芸大好き。,False,6,5,-1
,016_ibs_13555969_20260713220000_seg_00474,016_ibs_13555969_20260713220000,SPEAKER_00,2226.32,2227.52,1.2,success,受け継いでますね、これは。,success,受け継いでますねこれは。,False,13,12,-1
,016_ibs_13555969_20260713220000_seg_00475,016_ibs_13555969_20260713220000,SPEAKER_03,2229.2,2230.56,1.36,success,大変なんですよ。,success,大変なんですよ。,True,8,8,0
,016_ibs_13555969_20260713220000_seg_00476,016_ibs_13555969_20260713220000,SPEAKER_01,2231.28,2232.72,1.44,success,厳しい方だったんじゃなかったでしたっけ?,success,厳しい方だったんじゃなかったでしたっけ?,True,20,20,0
,016_ibs_13555969_20260713220000_seg_00477,016_ibs_13555969_20260713220000,SPEAKER_03,2232.96,2233.84,0.88,success,いやおやじは。,success,いやおやじは。,True,7,7,0
,016_ibs_13555969_20260713220000_seg_00478,016_ibs_13555969_20260713220000,SPEAKER_03,2234.08,2238.0,3.92,success,遊び人でおふくろがもうど真面目天然なんです。,success,遊び人でおふくろがもうど真面目天然なんです。,True,22,22,0
,016_ibs_13555969_20260713220000_seg_00479,016_ibs_13555969_20260713220000,SPEAKER_03,2239.6,2241.92,2.32,success,もう本当、どっちに行ってるか分かんないから。,success,もうほんとどっち行ってるか分かんないぐらいな。,False,22,23,1
,016_ibs_13555969_20260713220000_seg_00480,016_ibs_13555969_20260713220000,SPEAKER_00,2242.72,2244.48,1.76,success,自分自身はグレたりはしてないの?,success,自分自身はグレたりはしてないの?,True,16,16,0
,016_ibs_13555969_20260713220000_seg_00481,016_ibs_13555969_20260713220000,SPEAKER_03,2244.56,2247.28,2.72,success,グレたりはしてなかったっすね。,success,グレたりはしてなかったっすね。,True,15,15,0
,016_ibs_13555969_20260713220000_seg_00482,016_ibs_13555969_20260713220000,SPEAKER_00,2247.36,2248.0,0.64,success,こんな悪いことした。,success,そんな悪いことした。,False,10,10,0
,016_ibs_13555969_20260713220000_seg_00483,016_ibs_13555969_20260713220000,SPEAKER_03,2248.24,2249.12,0.88,success,悪いことはしてなかった。,success,悪いことはしてなかった。,True,12,12,0
,016_ibs_13555969_20260713220000_seg_00484,016_ibs_13555969_20260713220000,SPEAKER_03,2250.24,2250.8,0.56,success,はい。,success,はい。,True,3,3,0
,016_ibs_13555969_20260713220000_seg_00485,016_ibs_13555969_20260713220000,SPEAKER_01,2251.12,2252.72,1.6,success,あれ、梅スポーツ少年だったんですもんね。,success,あれスポーツ少年だったんですもんね。,False,20,18,-2
,016_ibs_13555969_20260713220000_seg_00486,016_ibs_13555969_20260713220000,SPEAKER_03,2252.88,2253.6,0.72,success,運動やってたんです、僕。,success,剣道やってたんです僕。,False,12,11,-1
,016_ibs_13555969_20260713220000_seg_00487,016_ibs_13555969_20260713220000,SPEAKER_03,2254.64,2255.44,0.8,success,そうなんすよ。,success,そうなんすよ。,True,7,7,0
,016_ibs_13555969_20260713220000_seg_00488,016_ibs_13555969_20260713220000,SPEAKER_00,2255.6,2256.56,0.96,success,おっいいね。,success,おっいいね。,True,6,6,0
,016_ibs_13555969_20260713220000_seg_00489,016_ibs_13555969_20260713220000,SPEAKER_01,2256.96,2258.4,1.44,success,けんかは強いんですよ、自分は。,success,けんかは強いんですよ。,False,15,11,-4
,016_ibs_13555969_20260713220000_seg_00490,016_ibs_13555969_20260713220000,SPEAKER_01,2258.72,2261.36,2.64,success,けんかってね、あっ、けんかじゃない。,success,けんかってねあっけんか。,False,18,12,-6
,016_ibs_13555969_20260713220000_seg_00491,016_ibs_13555969_20260713220000,SPEAKER_01,2262.0,2265.36,3.36,success,剣道って何かボクシングにも通じるぐらい。,success,剣道って何かボクシングにも通じるぐらい。,True,20,20,0
,016_ibs_13555969_20260713220000_seg_00492,016_ibs_13555969_20260713220000,SPEAKER_03,2266.08,2266.64,0.56,success,結構ある。,success,パケックある?,False,5,7,2
,016_ibs_13555969_20260713220000_seg_00493,016_ibs_13555969_20260713220000,SPEAKER_03,2268.0,2268.96,0.96,success,ねえ。,success,ねえ。,True,3,3,0
,016_ibs_13555969_20260713220000_seg_00494,016_ibs_13555969_20260713220000,SPEAKER_01,2269.12,2270.24,1.12,success,だから強いんすよ。,success,だから強いんですよ。,False,9,10,1
,016_ibs_13555969_20260713220000_seg_00495,016_ibs_13555969_20260713220000,SPEAKER_03,2270.24,2270.96,0.72,success,いやいやいや。,success,いやいやいや。,True,7,7,0
,016_ibs_13555969_20260713220000_seg_00496,016_ibs_13555969_20260713220000,SPEAKER_01,2271.04,2272.48,1.44,success,に全国優秀。,success,ねえ全国優勝。,False,6,7,1
,016_ibs_13555969_20260713220000_seg_00497,016_ibs_13555969_20260713220000,SPEAKER_02,2272.56,2273.12,0.56,success,いちご全然。,success,いいえ全然。,False,6,6,0
,016_ibs_13555969_20260713220000_seg_00498,016_ibs_13555969_20260713220000,SPEAKER_01,2277.28,2285.52,8.24,success,すみません、ちょっとね、フライングしちゃったんですけど、ラジオネーム、きらめきの真ん本人、課長補佐さんからいただきました、赤プルさん、旦那さん、だな松岡さん、ゲストの足立さん、こんばんは。,success,すいませんちょっとねフライングしちゃったんですけどラジオネームきらめきのシンフォニー勝さんから頂きました赤プルさん旦那さんだな松岡さんゲストの足立さんこんばんは。,False,94,81,-13
,016_ibs_13555969_20260713220000_seg_00499,016_ibs_13555969_20260713220000,SPEAKER_01,2285.84,2287.04,1.2,success,遠藤三段。,success,遠藤三段!,False,5,5,0
,016_ibs_13555969_20260713220000_seg_00500,016_ibs_13555969_20260713220000,SPEAKER_01,2288.96,2296.88,7.92,success,優勝経験があると知って驚きました、今でも剣道は続けていますか、芸能界で生きた剣道の精神やエピソードがあったら教えてくださいということで。,success,優勝経験があると知って驚きました、今でも剣道は続けていますか、芸能界で生きた剣道の精神やエピソードがあったら教えてくださいということで。,True,68,68,0
,016_ibs_13555969_20260713220000_seg_00501,016_ibs_13555969_20260713220000,SPEAKER_01,2297.12,2298.56,1.44,success,下ぜひ教えていただきたいですね。,success,下関教えていただきたいですね。,False,16,15,-1
,016_ibs_13555969_20260713220000_seg_00502,016_ibs_13555969_20260713220000,SPEAKER_03,2299.28,2301.52,2.24,success,本当に幼稚園からやってたんで、幼稚園から。,success,本当に幼稚園からやってたんで幼稚園から。,False,21,20,-1
,016_ibs_13555969_20260713220000_seg_00503,016_ibs_13555969_20260713220000,SPEAKER_03,2301.92,2304.48,2.56,success,高校3年生でおやじが剣道先生だったんですよ。,success,高校3年生でおやじが剣の先生だったんですよ。,False,22,22,0
,016_ibs_13555969_20260713220000_seg_00504,016_ibs_13555969_20260713220000,SPEAKER_03,2308.0,2318.96,10.96,success,それで剣道がすごい好きだったんですけど結構つらくてでもなんか唯一おやじとの約束が高校時代は引退だけど全国teppen取ったらいいよみたいな。,success,それで剣道がすごい好きだったんですけど結構つらくてでも何か唯一おやじとの約束が高校時代は引退だけど全国てっぺん取ったらいいよみたいな。,False,70,67,-3
,016_ibs_13555969_20260713220000_seg_00505,016_ibs_13555969_20260713220000,SPEAKER_03,2319.2,2326.32,7.12,success,よし来て俺はもうそこでじゃあトップ取ったらっつって本当死ぬ気だったら本当に全国優勝してます。,success,3の時にやんなくてっつってよし来て俺はもうそこでじゃあトップ取ったらっつって本当死ぬ気だったら本当に全国優勝してます。,False,46,59,13
,016_ibs_13555969_20260713220000_seg_00506,016_ibs_13555969_20260713220000,SPEAKER_00,2326.72,2327.44,0.72,success,すごっ!,success,うごっ!,False,4,4,0
,016_ibs_13555969_20260713220000_seg_00507,016_ibs_13555969_20260713220000,SPEAKER_00,2328.0,2330.8,2.8,success,なんかそういうあれなかったの、引き抜きみたいな、大学から。,success,何かそういうあれなかったの引き抜きみたいな大学から。,False,29,26,-3
,016_ibs_13555969_20260713220000_seg_00508,016_ibs_13555969_20260713220000,SPEAKER_03,2331.12,2332.24,1.12,success,ましてやめちゃめちゃあの。,success,ましてやめちゃめちゃあの。,True,13,13,0
,016_ibs_13555969_20260713220000_seg_00509,016_ibs_13555969_20260713220000,SPEAKER_03,2332.64,2333.2,0.56,success,いゆう。,success,いゆ。,False,4,3,-1
,016_ibs_13555969_20260713220000_seg_00510,016_ibs_13555969_20260713220000,SPEAKER_03,2333.84,2338.24,4.4,success,僕、頭ついていかないから、もういいです、剣道推薦は全部断って。,success,僕、頭ついていかないから、もういいです、剣道推薦は全部断って。,True,31,31,0
,016_ibs_13555969_20260713220000_seg_00511,016_ibs_13555969_20260713220000,SPEAKER_01,2338.4,2340.0,1.6,success,頭関係ないんじゃないですかだって頭。,success,頭関係ないんじゃないですかだって。,False,18,17,-1
,016_ibs_13555969_20260713220000_seg_00512,016_ibs_13555969_20260713220000,SPEAKER_03,2341.2,2346.4,5.2,success,スポーツ行ったら、剣道やらなきゃいけないじゃないですか、僕、もう大学でやりたかった、もう高校で終わりたかったんです、僕は。,success,スポーツいったら剣道やんなきゃいけないじゃないですか、だから僕、もう大学でやりたかった、もう高校で終わりたかったんです、僕。,False,61,62,1
,016_ibs_13555969_20260713220000_seg_00513,016_ibs_13555969_20260713220000,SPEAKER_00,2346.96,2349.36,2.4,success,剣道の頂点っていう。,success,剣道のその頂点って。,False,10,10,0
,016_ibs_13555969_20260713220000_seg_00514,016_ibs_13555969_20260713220000,SPEAKER_00,2349.6,2351.04,1.44,success,なんかサッカーやったら。,success,何かサッカーやったら。,False,12,11,-1
,016_ibs_13555969_20260713220000_seg_00515,016_ibs_13555969_20260713220000,SPEAKER_00,2352.08,2353.6,1.52,success,剣道プロってあんの?,success,剣道プロってあるの?,False,10,10,0
,016_ibs_13555969_20260713220000_seg_00516,016_ibs_13555969_20260713220000,SPEAKER_03,2353.6,2356.32,2.72,success,意外とやっぱ実業団とか警視庁。,success,意外とやっぱその実業団とか警視庁。,False,15,17,2
,016_ibs_13555969_20260713220000_seg_00517,016_ibs_13555969_20260713220000,SPEAKER_03,2359.52,2360.88,1.36,success,知らなかったので、僕は。,success,知らなかったので僕は。,False,12,11,-1
,016_ibs_13555969_20260713220000_seg_00518,016_ibs_13555969_20260713220000,SPEAKER_03,2361.92,2364.24,2.32,success,オリンピックとかも、剣道の競技にならないんですよ。,success,ピックとかもう剣道の競技にならないんですよ。,False,25,22,-3
,016_ibs_13555969_20260713220000_seg_00519,016_ibs_13555969_20260713220000,SPEAKER_00,2364.32,2365.6,1.28,success,オリンピックそうないです。,success,オリンピックそうないですよね。,False,13,15,2
,016_ibs_13555969_20260713220000_seg_00520,016_ibs_13555969_20260713220000,SPEAKER_03,2366.8,2374.08,7.28,success,精神が武士の精神みたいなのがあってなのでこれやっても僕はやっぱこの先ないなっていうか僕はもう見当は尽きたんです。,success,精神が武士の精神みたいなのがあってなのでこれやっても僕はこの先ないなっていうか僕はもう見当は尽きたんです。,False,56,53,-3
,016_ibs_13555969_20260713220000_seg_00521,016_ibs_13555969_20260713220000,SPEAKER_00,2374.48,2376.72,2.24,success,今でもなんか竹刀とかぽんって持ったら。,success,今でもなんか竹刀とかぽんって持ったら。,True,19,19,0
,016_ibs_13555969_20260713220000_seg_00522,016_ibs_13555969_20260713220000,SPEAKER_00,2377.04,2378.32,1.28,success,負ける気しない。,success,やっぱ負ける気しない。,False,8,11,3
,016_ibs_13555969_20260713220000_seg_00523,016_ibs_13555969_20260713220000,SPEAKER_03,2378.4,2380.4,2.0,success,棒があれば何か。,success,まあ棒があれば何か。,False,8,10,2
,016_ibs_13555969_20260713220000_seg_00524,016_ibs_13555969_20260713220000,SPEAKER_03,2381.68,2382.32,0.64,success,全部ハブリ。,success,全部省いて。,False,6,6,0
,016_ibs_13555969_20260713220000_seg_00525,016_ibs_13555969_20260713220000,SPEAKER_03,2382.88,2384.64,1.76,success,あんまり戦ってないですけど、いろいろ。,success,あんまり戦ってないですけどいろいろ。,False,19,18,-1
,016_ibs_13555969_20260713220000_seg_00526,016_ibs_13555969_20260713220000,SPEAKER_03,2387.12,2388.88,1.76,success,街なかではやってないので。,success,街なかではやってないので。,True,13,13,0
,016_ibs_13555969_20260713220000_seg_00527,016_ibs_13555969_20260713220000,SPEAKER_01,2390.72,2394.48,3.76,success,日本一ですから、だからやっぱり、そこの精神に鍛えられてるってところは、きっと現役。,success,日本一ですからだからやっぱりそこの精神に鍛えられてるってところは現役。,False,41,35,-6
,016_ibs_13555969_20260713220000_seg_00528,016_ibs_13555969_20260713220000,SPEAKER_03,2395.52,2396.24,0.72,success,だったっすね。,success,そうですね。,False,7,6,-1
,016_ibs_13555969_20260713220000_seg_00529,016_ibs_13555969_20260713220000,SPEAKER_03,2396.64,2402.08,5.44,success,世界でデビューしても、今、町おこししてても、剣道よりつらいものないですね。,success,世界でデビューしても今町おこししてても剣道よりつらいものないですね。,False,37,34,-3
,016_ibs_13555969_20260713220000_seg_00530,016_ibs_13555969_20260713220000,SPEAKER_01,2402.16,2402.88,0.72,success,すげえ!,success,すげえ!,True,4,4,0
,016_ibs_13555969_20260713220000_seg_00531,016_ibs_13555969_20260713220000,SPEAKER_01,2404.64,2409.52,4.88,success,男にボコられてつらかったこと以上には、もうなんかつらいことがないと思うのと同じような。,success,男にボコられてつらかったこと以上にはもうなんかつらいことがないと思うのと同じような。,False,43,42,-1
,016_ibs_13555969_20260713220000_seg_00532,016_ibs_13555969_20260713220000,SPEAKER_00,2410.4,2415.6,5.2,success,大河ドラマ見てて、なんか、織田信長がぼんぼん部下を殴ってるのを見て。,success,大河ドラマ見ててなんか織田信長がボンボン部下を殴ってるのを見て。,False,34,32,-2
,016_ibs_13555969_20260713220000_seg_00533,016_ibs_13555969_20260713220000,SPEAKER_01,2419.2,2421.28,2.08,success,思い出しちゃって怖かった。,success,けど思い出しちゃって怖かった!,False,13,15,2
,016_ibs_13555969_20260713220000_seg_00534,016_ibs_13555969_20260713220000,SPEAKER_01,2421.92,2426.4,4.48,success,なんかうわっこれやられたこれやられたみたいなのが足を触る。,success,何かうわっこれやられたこれやられたみたいな足をさ。,False,29,25,-4
,016_ibs_13555969_20260713220000_seg_00535,016_ibs_13555969_20260713220000,SPEAKER_01,2427.28,2430.48,3.2,success,やっぱね、蹴り、足蹴りでね、腹とかなんか蹴られるんでね。,success,やっぱね蹴り足蹴りでね腹とかなんか蹴られるんでね。,False,28,25,-3
,016_ibs_13555969_20260713220000_seg_00536,016_ibs_13555969_20260713220000,SPEAKER_03,2430.64,2431.44,0.8,success,なつかしい!,success,懐かしい!,False,6,5,-1
,016_ibs_13555969_20260713220000_seg_00537,016_ibs_13555969_20260713220000,SPEAKER_01,2431.84,2435.44,3.6,success,今ねメールがいっぱい来てます。,success,いやいやいやいや怖い怖いっつってすいませんごめんなさい今ねメールがいっぱい来て。,False,15,40,25
,016_ibs_13555969_20260713220000_seg_00538,016_ibs_13555969_20260713220000,SPEAKER_01,2436.32,2437.12,0.8,success,立て続けに。,success,立て続けに。,True,6,6,0
,016_ibs_13555969_20260713220000_seg_00539,016_ibs_13555969_20260713220000,SPEAKER_01,2437.76,2444.64,6.88,success,いらっしゃいますけども、ラジオネーム、ことさんからもいたまいっています、今夜は和田由斗君をゲストに呼んでいただき、ありがとうございます。,success,違いますけどもラジオネームことさんから持ってまいっています今夜は和田優斗君をゲストに呼んでいただきありがとうございます。,False,68,60,-8
,016_ibs_13555969_20260713220000_seg_00540,016_ibs_13555969_20260713220000,SPEAKER_01,2445.2,2448.16,2.96,success,赤プルさんも裕太君も県政出身、そう、けん制なんです。,success,はい赤プルさんも裕太君も憲政出身そうけん制なんです。,False,26,26,0
,016_ibs_13555969_20260713220000_seg_00541,016_ibs_13555969_20260713220000,SPEAKER_01,2448.56,2467.44,18.88,success,同じ茨城県でも地域によって茨城弁が違いますね、赤プルさんはかなりなまって聞こえるけど、それは営業ですよね、益子達郎さんも営業ですよ、話題、あるいはラジオ用のなまり、違うの、みんなね、分かります、営業用じゃなくて、基本、持ってんの、足立さん、ごめんなさい、ごめんなさい、ちょっと待ってくださいね、アカプルさんとユウト君、どちらがなまっているか大変。,success,同じ茨城県でも地域によって茨城弁が違いますね、赤プルさんはかなりなまって聞こえるけど、それは営業ですよね、益子達郎さんも営業ですよ、話題、あるいはラジオ用のなまり、違うの、みんなね、分かります、営業用じゃなくて、基本、持ってんの、足立さん、あっ、ごめんなさい、ごめんなさい、ちょっと待ってくださいね、アカプルさんとゆうと君、どちらがなまっているか大変。,False,173,176,3
,016_ibs_13555969_20260713220000_seg_00542,016_ibs_13555969_20260713220000,SPEAKER_01,2468.0,2468.8,0.8,success,くださいって書いたんですけど。,success,くださいって書いたんですけど。,True,15,15,0
,016_ibs_13555969_20260713220000_seg_00543,016_ibs_13555969_20260713220000,SPEAKER_01,2469.68,2471.2,1.52,success,うちの予想ではカップル3だと思います。,success,私の予想ではカップルさんだと思います。,False,19,19,0
,016_ibs_13555969_20260713220000_seg_00544,016_ibs_13555969_20260713220000,SPEAKER_01,2471.52,2474.72,3.2,success,今夜はリア隊で配置すっかんねっちゃ帰ってどうもっつうことでことさんから頂いた。,success,今夜はリア隊で配長すっかんねんちゃん帰ってどうもっつうことでコトさんから頂いた。,False,39,40,1
,016_ibs_13555969_20260713220000_seg_00545,016_ibs_13555969_20260713220000,SPEAKER_01,2475.52,2486.8,11.28,success,私とか益子さんは、かなりたぶん、もともと盛ってるものが、たぶん解放されるって感じなんですよ、で、足立さんは、もうずっと解放され続けてる、ナチュラルななまりが。,success,私とか益子さんは、かなりたぶん、もともと盛ってるものが、たぶん解放されるって感じなんですよ、で、足立さんは、もうずっと解放され続けてる、ナチュラルななまりが。,True,79,79,0
,016_ibs_13555969_20260713220000_seg_00546,016_ibs_13555969_20260713220000,SPEAKER_03,2486.96,2490.0,3.04,success,赤ぶるさん、結構いつもこんな感じですね。,success,もうあの赤ぶさん結構いつもこんな感じですね。,False,20,22,2
,016_ibs_13555969_20260713220000_seg_00547,016_ibs_13555969_20260713220000,SPEAKER_03,2490.64,2492.24,1.6,success,なまってますよね、ふだん。,success,なまってますよねふだん。,False,13,12,-1
,016_ibs_13555969_20260713220000_seg_00548,016_ibs_13555969_20260713220000,SPEAKER_01,2492.24,2495.44,3.2,success,でも、松岡さんには恥ずかしいとか、怖い。,success,でも松岡さんには何か恥ずかしいとか怖い。,False,20,20,0
,016_ibs_13555969_20260713220000_seg_00549,016_ibs_13555969_20260713220000,SPEAKER_00,2496.48,2499.84,3.36,success,ってなまると、すげえ声の、てめえとか。,success,ってなまるとすげえ声のてめえとか。,False,19,17,-2
,016_ibs_13555969_20260713220000_seg_00550,016_ibs_13555969_20260713220000,SPEAKER_00,2501.44,2502.08,0.64,success,そうそう、大丈夫。,success,どうぞ大丈夫です。,False,9,9,0
,016_ibs_13555969_20260713220000_seg_00551,016_ibs_13555969_20260713220000,SPEAKER_01,2503.12,2504.64,1.52,success,言っちゃうよね。,success,言っちゃうよね。,True,8,8,0
,016_ibs_13555969_20260713220000_seg_00552,016_ibs_13555969_20260713220000,SPEAKER_01,2506.16,2506.8,0.64,success,じゃあ茨城。,success,それじゃ茨城県。,False,6,8,2
,016_ibs_13555969_20260713220000_seg_00553,016_ibs_13555969_20260713220000,SPEAKER_01,2507.12,2508.48,1.36,success,すずちゃん急に何か。,success,すずちゃん急に何か泣いてる。,False,10,14,4
,016_ibs_13555969_20260713220000_seg_00554,016_ibs_13555969_20260713220000,SPEAKER_01,2509.2,2514.0,4.8,success,おめえっつうの普通だからおめえって言っちゃうと怒った時とかてめえとかなっちゃうでしょ。,success,おめえっつうの普通だからおめえって言っちゃうと怒った時とかてめえとかなっちゃうでしょ。,True,43,43,0
,016_ibs_13555969_20260713220000_seg_00555,016_ibs_13555969_20260713220000,SPEAKER_01,2514.24,2515.44,1.2,success,こんなとこがダメだっつうの。,success,こういうのとかダメだっつうの。,False,14,15,1
,016_ibs_13555969_20260713220000_seg_00556,016_ibs_13555969_20260713220000,SPEAKER_00,2515.44,2516.24,0.8,success,だからもう決めようと。,success,だからもう決めようと。,True,11,11,0
,016_ibs_13555969_20260713220000_seg_00557,016_ibs_13555969_20260713220000,SPEAKER_00,2516.88,2519.92,3.04,success,うちはけんかするときはお主っていう。,success,うちはけんかする時はお主っていう。,False,18,17,-1
,016_ibs_13555969_20260713220000_seg_00558,016_ibs_13555969_20260713220000,SPEAKER_00,2522.08,2522.64,0.56,success,かつて。,success,立つっていう。,False,4,7,3
,016_ibs_13555969_20260713220000_seg_00559,016_ibs_13555969_20260713220000,SPEAKER_00,2523.04,2524.56,1.52,success,だったらなんかあんまりけんかしない。,success,だったら何かあんまりけんかしない。,False,18,17,-1
,016_ibs_13555969_20260713220000_seg_00560,016_ibs_13555969_20260713220000,SPEAKER_02,2525.6,2526.24,0.64,success,時代が一気に。,success,誰が行け!,False,7,5,-2
,016_ibs_13555969_20260713220000_seg_00561,016_ibs_13555969_20260713220000,SPEAKER_01,2526.32,2532.0,5.68,success,っていうのがあって、だからやっぱり、両親、うちではでも父がなまってるけど、母はね、あんまなまってないんだけど。,success,っていうのがあってだからやっぱりその両親うちではでも父がなまってるけど母はねあんまなまってないんだけど。,False,55,52,-3
,016_ibs_13555969_20260713220000_seg_00562,016_ibs_13555969_20260713220000,SPEAKER_01,2532.24,2534.64,2.4,success,なんかやっぱりこう、おじいちゃんとかおばあちゃん。,success,何かやっぱりこうおじいちゃんとかおばあちゃん。,False,25,23,-2
,016_ibs_13555969_20260713220000_seg_00563,016_ibs_13555969_20260713220000,SPEAKER_01,2535.12,2538.96,3.84,success,近くにいると、どうしても同じことばでしゃべるじゃないですか。,success,近くにいるとどうしても同じ言葉でしゃべるじゃないですか。,False,30,28,-2
,016_ibs_13555969_20260713220000_seg_00564,016_ibs_13555969_20260713220000,SPEAKER_02,2538.96,2539.84,0.88,success,はいはいはい。,success,はいはいはい。,True,7,7,0
,016_ibs_13555969_20260713220000_seg_00565,016_ibs_13555969_20260713220000,SPEAKER_01,2539.92,2540.64,0.72,success,どんなかんじですか?,success,どんな感じですか?,False,10,9,-1
,016_ibs_13555969_20260713220000_seg_00566,016_ibs_13555969_20260713220000,SPEAKER_02,2544.32,2548.64,4.32,success,何してんの?とかあれこまっちなみたいな。,success,何してんの?とかおれこまっちなみたいな。,False,20,20,0
,016_ibs_13555969_20260713220000_seg_00567,016_ibs_13555969_20260713220000,SPEAKER_01,2548.8,2549.36,0.56,success,そう。,success,そう!,False,3,3,0
,016_ibs_13555969_20260713220000_seg_00568,016_ibs_13555969_20260713220000,SPEAKER_00,2550.08,2558.16,8.08,success,なんかやっぱ、分かんないことばとかはあるかな、東京の人だと、難しい、俺、赤プルさんのお父さんがしゃべってること、半分以上分からへんの、本当に。,success,なんかやっぱ、分かんないことばとかはあるかな、東京の人だと、難しい、俺、赤プルさんのお父さんがしゃべってること、半分以上分からへんの、本当に。,True,71,71,0
,016_ibs_13555969_20260713220000_seg_00569,016_ibs_13555969_20260713220000,SPEAKER_03,2560.72,2561.92,1.2,success,ジャッペとかも分かんなかったですね、僕。,success,ジャッペとかも分かんなかったですね、昔。,False,20,20,0
,016_ibs_13555969_20260713220000_seg_00570,016_ibs_13555969_20260713220000,SPEAKER_00,2562.32,2564.0,1.68,success,全然分かんない、だから全部聞いてて、ずっと。,success,全然分かんないだから全部聞いててずっと。,False,22,20,-2
,016_ibs_13555969_20260713220000_seg_00571,016_ibs_13555969_20260713220000,SPEAKER_01,2566.32,2573.36,7.04,success,でも大体、けん制の人のあまりは、私たちはなんか、分かる、ちょっとちょいちょい出てるのが、ホスタッケみたく出てますね。,success,でも大体、けん制の人のあまりは、私たちはなんか、分かる、ちょっとちょいちょい出てるのが、ホスタッケみたく出てますね。,True,58,58,0
,016_ibs_13555969_20260713220000_seg_00572,016_ibs_13555969_20260713220000,SPEAKER_01,2574.96,2576.16,1.2,success,そしたらみたいなことを欲しい。,success,そしたらみたいなこと欲しい。,False,15,14,-1
,016_ibs_13555969_20260713220000_seg_00573,016_ibs_13555969_20260713220000,SPEAKER_01,2576.56,2577.76,1.2,success,なんか本になっちゃう、そういうこと。,success,何か本になっちゃうんですよ。,False,18,14,-4
,016_ibs_13555969_20260713220000_seg_00574,016_ibs_13555969_20260713220000,SPEAKER_01,2578.16,2582.72,4.56,success,なんかねちょいちょい茨城弁は私よりナチュラルに出る。,success,なっちゃうとか何かねちょいちょい茨城弁は私よりナチュラルに出る。,False,26,32,6
,016_ibs_13555969_20260713220000_seg_00575,016_ibs_13555969_20260713220000,SPEAKER_01,2584.72,2586.24,1.52,success,こまゆこまゆ私はね。,success,こんま言うこま言う私はね。,False,10,13,3
,016_ibs_13555969_20260713220000_seg_00576,016_ibs_13555969_20260713220000,SPEAKER_00,2586.24,2587.68,1.44,success,それ東京の人って。,success,それ東京の人って。,True,9,9,0
,016_ibs_13555969_20260713220000_seg_00577,016_ibs_13555969_20260713220000,SPEAKER_00,2589.28,2591.12,1.84,success,取り込むってこと?,success,取り込むってこと?,True,9,9,0
,016_ibs_13555969_20260713220000_seg_00578,016_ibs_13555969_20260713220000,SPEAKER_01,2597.6,2602.56,4.96,success,さあそして焼き弁太郎さんからも頂いてますちょっとメールが来てるので結構ねたくさん来てくださってます。,success,さあそして焼き弁太郎さんからも頂いてます。,False,50,21,-29
,016_ibs_13555969_20260713220000_seg_00579,016_ibs_13555969_20260713220000,SPEAKER_01,2603.76,2614.4,10.64,success,よね、焼き弁太郎さん、きょうはゆうと君がいいんじゃ、赤プルちゃんはテンションアゲアゲだっぺなっつうことで、松岡さんもアゲアゲ、昔、足立雄人の足立ハウス行ったらよかっぺよっつう番組があったっけが。,success,よね焼き弁太郎さん今日は裕斗君がいいんじゃ赤プルちゃんはテンションアゲアゲだっぺなっつうことで松岡さんもアゲアゲ昔安達祐人の足立ハウス行ったらよかっぺよっつう番組があったっけが。,False,97,89,-8
,016_ibs_13555969_20260713220000_seg_00580,016_ibs_13555969_20260713220000,SPEAKER_01,2614.72,2618.96,4.24,success,そこで安達祐人君がすんげえなまってたコーナー頭燃やした。,success,そこで安達勇人君がすんげえなってたコーナー頭燃やした。,False,28,27,-1
,016_ibs_13555969_20260713220000_seg_00581,016_ibs_13555969_20260713220000,SPEAKER_01,2619.2,2637.76,18.56,success,そんで赤プルちゃんも相当なまってっから2人で伊庭弁当食っちゃやってくんねえかなこれじゃ保存版になっかもよ赤プルちゃん高校野球で母校勝ったっぺああ見つかるように行こう明日東洋大牛久とやるみてえだな相手は強えから応援してやってくんちょねっつうことでもう野球の話出たらうちのおいっ子が。,success,そんで赤プルちゃんも相当なまってっから2人でイバ弁当食っちゃやってくんねえかなこれじゃ保存版になっかもよ赤プルちゃん高校野球で母校勝ったっぺああ見つかるように行こう明日東洋大牛久とやるみてえだな相手は強えから応援してやってくんちょねっつうことでもう野球の話出たらうちのおいっ子が。,False,140,140,0
,016_ibs_13555969_20260713220000_seg_00582,016_ibs_13555969_20260713220000,SPEAKER_01,2639.6,2640.32,0.72,success,後輩だから。,success,後輩だから。,True,6,6,0
,016_ibs_13555969_20260713220000_seg_00583,016_ibs_13555969_20260713220000,SPEAKER_03,2641.28,2641.84,0.56,success,言わせにし。,success,岩瀬にしろ。,False,6,6,0
,016_ibs_13555969_20260713220000_seg_00584,016_ibs_13555969_20260713220000,SPEAKER_01,2642.24,2644.0,1.76,success,では岩瀬日大、去年は。,success,岩瀬日大去年は。,False,11,8,-3
,016_ibs_13555969_20260713220000_seg_00585,016_ibs_13555969_20260713220000,SPEAKER_00,2645.44,2647.36,1.92,success,エイト?ぐらいまでいったよね。,success,デイト?ぐらいまでいったよね。,False,15,15,0
,016_ibs_13555969_20260713220000_seg_00586,016_ibs_13555969_20260713220000,SPEAKER_01,2647.44,2649.44,2.0,success,うちのおいっ子キャプテンやってたんですよ。,success,うちのおいっ子キャプテンやってたんですよ。,True,21,21,0
,016_ibs_13555969_20260713220000_seg_00587,016_ibs_13555969_20260713220000,SPEAKER_03,2649.92,2653.04,3.12,success,えもう家から5分さ歩いてえっ!?,success,えもう家から5分さ歩いて。,False,16,13,-3
,016_ibs_13555969_20260713220000_seg_00588,016_ibs_13555969_20260713220000,SPEAKER_01,2653.36,2655.44,2.08,success,先輩うちのおいっ子やりましたよ先輩!,success,先輩うちのおいっ子やりましたよ先輩!,True,18,18,0
,016_ibs_13555969_20260713220000_seg_00589,016_ibs_13555969_20260713220000,SPEAKER_00,2657.52,2659.52,2.0,success,強いチームとやって、ベスト8でね。,success,強いチームとやってベスト8でね。,False,17,16,-1
,016_ibs_13555969_20260713220000_seg_00590,016_ibs_13555969_20260713220000,SPEAKER_00,2660.56,2670.4,9.84,success,もう0対0で、最後に回ってきたの、キャプテンの、そのおいっ子に、それでもう、俺やとどうせ無理やろうと思ったら、ばちん打ってね、勝ったの。,success,もう0対0で、でも最後に回ってきたの、キャプテンの、そのおいっ子に、それでもう、俺やと、どうせ無理やろうと思ったら、ばちん打ってね、勝ったの。,False,68,71,3
,016_ibs_13555969_20260713220000_seg_00591,016_ibs_13555969_20260713220000,SPEAKER_01,2674.72,2677.52,2.8,success,本当に岩手日大やりました、去年。,success,やっていただいて、もう本当に岩手日大、やりました、去年。,False,16,28,12
,016_ibs_13555969_20260713220000_seg_00592,016_ibs_13555969_20260713220000,SPEAKER_01,2679.76,2689.52,9.76,success,そして、ちょっといっぱい頂いてますんで、読ませていただいちゃいます、昼はカボ、失礼しました、昼はカルボナーラ派の塩路さん、赤プルさん、ゲストの足立さん、お番です。,success,さあ、そしてちょっといっぱい頂いてますんで、読ませていただいちゃいます、昼はカボ、失礼しました、昼はカルボナーラ派の塩路さん、赤プルさん、ゲストの足立さん、お番です。,False,81,83,2
,016_ibs_13555969_20260713220000_seg_00593,016_ibs_13555969_20260713220000,SPEAKER_01,2690.32,2693.52,3.2,success,今回足立さんがゲストで来るっちゅうことで初めてメールを送らせていただきました。,success,今回足立さんがゲストで来るっちゅうことで初めてメールを送らせて頂きました。,False,39,37,-2
,016_ibs_13555969_20260713220000_seg_00594,016_ibs_13555969_20260713220000,SPEAKER_01,2694.56,2701.12,6.56,success,私は北海道に住んでるものでほぼ毎月1回は足立さんのライブに行くために北海道と茨城に行きます。,success,私は北海道に住んでるものでほぼ毎月1回は足立さんのライブに行くために北海道と茨城に行きます。,True,46,46,0
,016_ibs_13555969_20260713220000_seg_00595,016_ibs_13555969_20260713220000,SPEAKER_01,2703.52,2721.28,17.76,success,茨城に通い始めて1年5か月たちましたが今年に入ってから茨城の魅力をたくさんの人に伝えていつか友達を茨城に連れていきたいという夢を掲げそのためにはまず茨城について詳しく知らなきゃいけないと考えて茨城観光マイスターの資格を取ることを決めました。,success,茨城に通い始めて1年5か月たちましたが今年に入ってから茨城の魅力をたくさんの人に伝えていつか友達を茨城に連れていきたいという夢を掲げそのためにはまず茨城について詳しく知らなきゃいけないと考えて茨城観光マイスターの資格を取ることを決めました。,True,120,120,0
,016_ibs_13555969_20260713220000_seg_00596,016_ibs_13555969_20260713220000,SPEAKER_01,2721.92,2740.32,18.4,success,すげえ合格を勝ち取るために2か月前から毎日勉強頑張っていて茨城県44市町村を全部覚えましたいつも仲よくしてくれてる足立ファミリーのみんなの応援やライブの特典会で足立さんが書いてくれたメッセージが勉強のモチベーションになってますここで質問なんですが足立さんは過去に受けたことがある?,success,すげえ合格勝ち取るために2か月前から毎日勉強頑張っていて茨城県44市町村を全部覚えましたいつも仲よくしてくれてる足立ファミリーのみんなの応援やライブの特典会で足立さんが書いてくれたメッセージが勉強のモチベーションになってますここで質問なんですが足立さんは過去に受けたことがある?,False,140,139,-1
,016_ibs_13555969_20260713220000_seg_00597,016_ibs_13555969_20260713220000,SPEAKER_01,2741.04,2743.2,2.16,success,いつか取ってみたい資格はあったりしますか?っつうことで。,success,いつか取ってみたい資格はあったりしますか?ってことで。,False,28,27,-1
,016_ibs_13555969_20260713220000_seg_00598,016_ibs_13555969_20260713220000,SPEAKER_02,2743.6,2746.16,2.56,success,マジでみんな結構ファンの方が。,success,マジでみんな結構ファンの方が。,True,15,15,0
,016_ibs_13555969_20260713220000_seg_00599,016_ibs_13555969_20260713220000,SPEAKER_02,2746.4,2748.88,2.48,success,茨城観光マイスター取るんですよ。,success,茨城観光マイスター取るんですよ。,True,16,16,0
,016_ibs_13555969_20260713220000_seg_00600,016_ibs_13555969_20260713220000,SPEAKER_02,2751.44,2758.48,7.04,success,困るんですよ、みんな詳しくなっちゃうんですよ、俺より詳しく、そこまで細かいこと言われても。,success,困るんですよ、みんな詳しくなっちゃうんですよ、俺より詳しく、そこまで細かいこと言われても。,True,45,45,0
,016_ibs_13555969_20260713220000_seg_00601,016_ibs_13555969_20260713220000,SPEAKER_00,2758.64,2759.28,0.64,success,ねっ。,success,目は?,False,3,3,0
,016_ibs_13555969_20260713220000_seg_00602,016_ibs_13555969_20260713220000,SPEAKER_02,2759.92,2762.0,2.08,success,マウント取ってくるんですよみんな。,success,マウント取ってくれですよみんな。,False,17,16,-1
,016_ibs_13555969_20260713220000_seg_00603,016_ibs_13555969_20260713220000,SPEAKER_02,2762.4,2763.12,0.72,success,おい。,success,ほら。,False,3,3,0
,016_ibs_13555969_20260713220000_seg_00604,016_ibs_13555969_20260713220000,SPEAKER_02,2763.6,2764.96,1.36,success,いやいやいややめてくれと。,success,いやいやいややめてくれと。,True,13,13,0
,016_ibs_13555969_20260713220000_seg_00605,016_ibs_13555969_20260713220000,SPEAKER_01,2768.32,2768.96,0.64,success,どうだね。,success,そうだね。,False,5,5,0
,016_ibs_13555969_20260713220000_seg_00606,016_ibs_13555969_20260713220000,SPEAKER_01,2770.64,2775.44,4.8,success,でもこれマイスター取ったらネタできっかな私そしたら取りたいなでも難しいんすよね。,success,えでもこれマイスター取ったらネタできっかな私そしたら取りたいなでも難しいんすよね。,False,40,41,1
,016_ibs_13555969_20260713220000_seg_00607,016_ibs_13555969_20260713220000,SPEAKER_03,2776.0,2776.72,0.72,success,細かいところで。,success,すごい細かいとこで。,False,8,10,2
,016_ibs_13555969_20260713220000_seg_00608,016_ibs_13555969_20260713220000,SPEAKER_02,2776.72,2777.28,0.56,success,うん。,success,うん。,True,3,3,0
,016_ibs_13555969_20260713220000_seg_00609,016_ibs_13555969_20260713220000,SPEAKER_03,2777.52,2778.56,1.04,success,なんか人工だら。,success,何だか人口だら。,False,8,8,0
,016_ibs_13555969_20260713220000_seg_00610,016_ibs_13555969_20260713220000,SPEAKER_01,2779.28,2780.24,0.96,success,いろんな。,success,いろんな。,True,5,5,0
,016_ibs_13555969_20260713220000_seg_00611,016_ibs_13555969_20260713220000,SPEAKER_00,2781.52,2784.4,2.88,success,多分それ取ると嫌いになると思うで。,success,多分それ取ると嫌いになると思うで。,True,17,17,0
,016_ibs_13555969_20260713220000_seg_00612,016_ibs_13555969_20260713220000,SPEAKER_00,2785.6,2789.6,4.0,success,いろいろ調べてでも結構ファンの方それで取って合格して撮って。,success,いろいろ調べてでも結構ファンの方それで撮って合格して撮って。,False,30,30,0
,016_ibs_13555969_20260713220000_seg_00613,016_ibs_13555969_20260713220000,SPEAKER_00,2792.08,2795.28,3.2,success,それ結構視覚の登竜門みたいになっててそれ。,success,それ結構視覚の登竜門みたいになっててそれ。,True,21,21,0
,016_ibs_13555969_20260713220000_seg_00614,016_ibs_13555969_20260713220000,SPEAKER_01,2796.0,2797.76,1.76,success,応援するには茨城マイスターを作ろう。,success,応援するには茨城マイスターを使う。,False,18,17,-1
,016_ibs_13555969_20260713220000_seg_00615,016_ibs_13555969_20260713220000,SPEAKER_02,2799.52,2800.32,0.8,success,過ぎないでください、本当に。,success,過ぎないでください本当に。,False,14,13,-1
,016_ibs_13555969_20260713220000_seg_00616,016_ibs_13555969_20260713220000,SPEAKER_01,2802.32,2805.76,3.44,success,足立さん、すごい、茨城大使回ってる茨城新聞親善大使。,success,足立さんすごいいばらき大使回ってる茨城新聞親善大使。,False,26,26,0
,016_ibs_13555969_20260713220000_seg_00617,016_ibs_13555969_20260713220000,SPEAKER_01,2806.48,2808.32,1.84,success,笠間特別観光大使。,success,笠間特別観光大使。,True,9,9,0
,016_ibs_13555969_20260713220000_seg_00618,016_ibs_13555969_20260713220000,SPEAKER_01,2808.8,2810.16,1.36,success,福田川応援大使。,success,くだがわ応援大使。,False,8,9,1
,016_ibs_13555969_20260713220000_seg_00619,016_ibs_13555969_20260713220000,SPEAKER_01,2810.64,2813.44,2.8,success,そして北茨城観光大使実況。,success,そして茨城観光大使自身。,False,13,12,-1
,016_ibs_13555969_20260713220000_seg_00620,016_ibs_13555969_20260713220000,SPEAKER_01,2814.4,2815.44,1.04,success,やってるんですもんね。,success,やってるんですもんね。,True,11,11,0
,016_ibs_13555969_20260713220000_seg_00621,016_ibs_13555969_20260713220000,SPEAKER_02,2818.8,2821.76,2.96,success,いやもう、大使はもう、なんか名前だけになるのが嫌なので。,success,いやもう、大使はもう、なんか、名前だけになるのが嫌なので。,False,28,29,1
,016_ibs_13555969_20260713220000_seg_00622,016_ibs_13555969_20260713220000,SPEAKER_02,2822.48,2823.52,1.04,success,そうだからもう。,success,そうだからもう。,True,8,8,0
,016_ibs_13555969_20260713220000_seg_00623,016_ibs_13555969_20260713220000,SPEAKER_02,2823.84,2828.32,4.48,success,そうですね、でも、だからこそ、できるかぎり、いろんなね、耐震の家。,success,そうですねでもだからこそできるかぎりそのいろんなね耐震の。,False,33,29,-4
,016_ibs_13555969_20260713220000_seg_00624,016_ibs_13555969_20260713220000,SPEAKER_00,2833.2,2835.68,2.48,success,痛いやつある、なんかこの、これはさすがにみたいな。,success,なんかこれはさすがにみたいな。,False,25,15,-10
,016_ibs_13555969_20260713220000_seg_00625,016_ibs_13555969_20260713220000,SPEAKER_02,2835.84,2838.08,2.24,success,結構ありますね。,success,あでも結構ありますね。,False,8,11,3
,016_ibs_13555969_20260713220000_seg_00626,016_ibs_13555969_20260713220000,SPEAKER_00,2838.08,2839.28,1.2,success,どういう対一が消えた?,success,どういう退治が聞いてる?,False,11,12,1
,016_ibs_13555969_20260713220000_seg_00627,016_ibs_13555969_20260713220000,SPEAKER_02,2840.88,2842.56,1.68,success,田んぼ大使みたいに。,success,田んぼ大使みたい。,False,10,9,-1
,016_ibs_13555969_20260713220000_seg_00628,016_ibs_13555969_20260713220000,SPEAKER_00,2843.84,2845.44,1.6,success,なるほどなるほど。,success,なるほどなるほど。,True,9,9,0
,016_ibs_13555969_20260713220000_seg_00629,016_ibs_13555969_20260713220000,SPEAKER_01,2845.68,2847.68,2.0,success,いつも田んぼの前で写真撮ってっから。,success,いつも田んぼの前で写真撮ってっから。,True,18,18,0
,016_ibs_13555969_20260713220000_seg_00630,016_ibs_13555969_20260713220000,SPEAKER_02,2847.92,2849.52,1.6,success,だから軽トラライブっていって軽トラに乗る。,success,だから軽トラライブって軽トラに乗る。,False,21,18,-3
,016_ibs_13555969_20260713220000_seg_00631,016_ibs_13555969_20260713220000,SPEAKER_02,2850.0,2853.6,3.6,success,するので、それを見た人が、なんか田んぼの結構、地主さんがいて。,success,するのでそれを見た人が何かその田んぼの結構地主さんがいて。,False,31,29,-2
,016_ibs_13555969_20260713220000_seg_00632,016_ibs_13555969_20260713220000,SPEAKER_02,2853.92,2856.96,3.04,success,その方が、林君、田んぼ大使なんてできない。,success,その方が有吉君田んぼ大使なんてできない。,False,21,20,-1
,016_ibs_13555969_20260713220000_seg_00633,016_ibs_13555969_20260713220000,SPEAKER_02,2858.0,2861.84,3.84,success,どうするんですかと、田んぼを耕す人を増やしたいんです。,success,どうするんですかと田んぼを耕す人を増やしたいんですと。,False,27,27,0
,016_ibs_13555969_20260713220000_seg_00634,016_ibs_13555969_20260713220000,SPEAKER_01,2862.08,2862.88,0.8,success,いいでもそれいい。,success,いいでもそれいい。,True,9,9,0
,016_ibs_13555969_20260713220000_seg_00635,016_ibs_13555969_20260713220000,SPEAKER_00,2862.96,2864.8,1.84,success,ああでもいいかもね俺は好きだけどな。,success,ああでもいいかもな俺は好きだけどな。,False,18,18,0
,016_ibs_13555969_20260713220000_seg_00636,016_ibs_13555969_20260713220000,SPEAKER_01,2866.16,2869.12,2.96,success,今出た軽トラライブの話聞きたかったんですよ。,success,今出た軽トラライブの話聞きたかったんですよ。,True,22,22,0
,016_ibs_13555969_20260713220000_seg_00637,016_ibs_13555969_20260713220000,SPEAKER_01,2869.52,2871.36,1.84,success,でなんか道の駅を回ったっておっしゃって。,success,それで何か道の駅を回ったっておっしゃってましたね。,False,20,25,5
,016_ibs_13555969_20260713220000_seg_00638,016_ibs_13555969_20260713220000,SPEAKER_02,2871.52,2872.4,0.88,success,若ん時に。,success,バカの時に。,False,5,6,1
,016_ibs_13555969_20260713220000_seg_00639,016_ibs_13555969_20260713220000,SPEAKER_02,2872.8,2873.6,0.8,success,仕事ができなくなっちゃって。,success,できなくなっちゃって。,False,14,11,-3
,016_ibs_13555969_20260713220000_seg_00640,016_ibs_13555969_20260713220000,SPEAKER_02,2874.0,2876.24,2.24,success,軽トラが目の前の僕の実家にあったので。,success,軽トラが目の前僕の実家にあったので。,False,19,18,-1
,016_ibs_13555969_20260713220000_seg_00641,016_ibs_13555969_20260713220000,SPEAKER_02,2877.76,2878.8,1.04,success,宮城を回ったんですよ。,success,会議を回ったんですよ。,False,11,11,0
,016_ibs_13555969_20260713220000_seg_00642,016_ibs_13555969_20260713220000,SPEAKER_02,2879.2,2887.76,8.56,success,そしたら結構やっぱ、女性ファン、男性のファンの方が特に増えて、そのおかげで毎月、毎年、男祭りっていう男性限定ライブが。,success,そしたら結構やっぱ女性ファン男性のファンの方が特に増えてそのおかげで毎年男祭りっていう男性限定ライブが。,False,59,52,-7
,016_ibs_13555969_20260713220000_seg_00643,016_ibs_13555969_20260713220000,SPEAKER_02,2888.88,2891.36,2.48,success,めっちゃ男が今日泣きながらライブを。,success,めっちゃ男が今日泣きながらライブを。,True,18,18,0
,016_ibs_13555969_20260713220000_seg_00644,016_ibs_13555969_20260713220000,SPEAKER_02,2894.0,2894.64,0.64,success,ダウンなんですけど。,success,ダーツなんですけど。,False,10,10,0
,016_ibs_13555969_20260713220000_seg_00645,016_ibs_13555969_20260713220000,SPEAKER_02,2895.84,2896.72,0.88,success,2月やるんですけど。,success,2月やるんすけど。,False,10,9,-1
,016_ibs_13555969_20260713220000_seg_00646,016_ibs_13555969_20260713220000,SPEAKER_01,2896.88,2898.08,1.2,success,ここ行っちゃうね松岡さん。,success,ここ行っちゃうね松岡さん。,True,13,13,0
,016_ibs_13555969_20260713220000_seg_00647,016_ibs_13555969_20260713220000,SPEAKER_01,2899.36,2900.64,1.28,success,あっ泣きながらさ。,success,あっ泣きながらさ。,True,9,9,0
,016_ibs_13555969_20260713220000_seg_00648,016_ibs_13555969_20260713220000,SPEAKER_01,2902.32,2902.96,0.64,success,どうぞ。,success,ミックスできる?,False,4,8,4
,016_ibs_13555969_20260713220000_seg_00649,016_ibs_13555969_20260713220000,SPEAKER_00,2903.28,2905.12,1.84,success,なんかみんなで、わー、おおみたいな。,success,なんかみんなでワオワオみたいな。,False,18,16,-2
,016_ibs_13555969_20260713220000_seg_00650,016_ibs_13555969_20260713220000,SPEAKER_02,2905.28,2907.84,2.56,success,結構、熱い男の方がうちのファンの方が多いので。,success,結構熱い男の方がうちのファンの方が多いので。,False,23,22,-1
,016_ibs_13555969_20260713220000_seg_00651,016_ibs_13555969_20260713220000,SPEAKER_02,2909.2,2915.04,5.84,success,人の夢を応援する町おこしをするって方も女性の3割ぐらいいるんですよね。,success,とにかく夢を応援する町おこしをするって方も女性の3割ぐらいいるんですよね。,False,35,37,2
,016_ibs_13555969_20260713220000_seg_00652,016_ibs_13555969_20260713220000,SPEAKER_01,2918.4,2920.48,2.08,success,一緒に楽しめる曲がすごく多くって。,success,一緒に楽しめる曲がすごく多くって。,True,17,17,0
,016_ibs_13555969_20260713220000_seg_00653,016_ibs_13555969_20260713220000,SPEAKER_00,2920.72,2923.36,2.64,success,俺ね、その曲をね、まだ生で見たことない。,success,俺はねその曲をねまだ生で見たことない。,False,20,19,-1
,016_ibs_13555969_20260713220000_seg_00654,016_ibs_13555969_20260713220000,SPEAKER_00,2923.6,2926.08,2.48,success,みんなでおいおい!とかいうのが盛り上がるんでしょ?,success,みんなでおいおい!とかいうのが盛り上がるんでしょ?,True,25,25,0
,016_ibs_13555969_20260713220000_seg_00655,016_ibs_13555969_20260713220000,SPEAKER_01,2927.84,2931.68,3.84,success,踊ったり、なんか、私、あれすごい好きで、人生、あっ。,success,踊ったりなんか私あれすごい好きで人生あっ。,False,26,21,-5
,016_ibs_13555969_20260713220000_seg_00656,016_ibs_13555969_20260713220000,SPEAKER_02,2938.8,2939.52,0.72,success,囲碁みたいな感じが。,success,皮膚みたいな感じが。,False,10,10,0
,016_ibs_13555969_20260713220000_seg_00657,016_ibs_13555969_20260713220000,SPEAKER_01,2941.68,2943.44,1.76,success,大波小波の大航海。,success,大波小波の大航海。,True,9,9,0
,016_ibs_13555969_20260713220000_seg_00658,016_ibs_13555969_20260713220000,SPEAKER_01,2943.68,2947.36,3.68,success,何かそれ何て言ってんだろうってずっと何かこう口ずさんじゃって。,success,何かそれ何て言ってんだろうってずっとなんかこう口ずさんじゃって。,False,31,32,1
,016_ibs_13555969_20260713220000_seg_00659,016_ibs_13555969_20260713220000,SPEAKER_01,2947.6,2953.2,5.6,success,あれがすごく頭に残ってでも何か歌詞を適当に歌ってたんだけど何で歌ってんのかなと思って聴き直して。,success,あれがすごく頭に残ってでも何か歌詞を適当に歌ってたんだけど何で歌ってんのかなと思って聴き直して。,True,48,48,0
,016_ibs_13555969_20260713220000_seg_00660,016_ibs_13555969_20260713220000,SPEAKER_01,2953.6,2955.04,1.44,success,愛航海かみたいな。,success,大航海かみたいな。,False,9,9,0
,016_ibs_13555969_20260713220000_seg_00661,016_ibs_13555969_20260713220000,SPEAKER_01,2955.36,2958.08,2.72,success,なみこなみのなんうんみたいな感じ。,success,ナミコ波のなんうんみたいな感じ。,False,17,16,-1
,016_ibs_13555969_20260713220000_seg_00662,016_ibs_13555969_20260713220000,SPEAKER_02,2960.16,2961.52,1.36,success,結構ありますね。,success,結構ありますね。,True,8,8,0
,016_ibs_13555969_20260713220000_seg_00663,016_ibs_13555969_20260713220000,SPEAKER_01,2961.6,2964.16,2.56,success,みんながねぐるぐる回って踊るのそれ。,success,みんながねぐるぐる回って踊るのそれ。,True,18,18,0
,016_ibs_13555969_20260713220000_seg_00664,016_ibs_13555969_20260713220000,SPEAKER_02,2965.6,2966.48,0.88,success,電話結構痛いと。,success,じゃあ飛行機は一体とはいえ。,False,8,14,6
,016_ibs_13555969_20260713220000_seg_00665,016_ibs_13555969_20260713220000,SPEAKER_01,2966.8,2967.44,0.64,success,そう。,success,そう。,True,3,3,0
,016_ibs_13555969_20260713220000_seg_00666,016_ibs_13555969_20260713220000,SPEAKER_00,2969.68,2971.84,2.16,success,いや、本当、おいっ子がすごい楽しみです。,success,いや本当おいっ子がすごい楽しんでたよ。,False,20,19,-1
,016_ibs_13555969_20260713220000_seg_00667,016_ibs_13555969_20260713220000,SPEAKER_00,2974.32,2975.04,0.72,success,びっくりした。,success,びっくりした。,True,7,7,0
,016_ibs_13555969_20260713220000_seg_00668,016_ibs_13555969_20260713220000,SPEAKER_01,2976.48,2981.76,5.28,success,ライブにライブとかイベントにね行かせて頂きますんでちょっとメールいっぱい頂いてるからちょっと読みましょう。,success,ライブにライブとかイベントにね行かせて頂きますんでちょっとメールいっぱい頂いてるからちょっと読みましょう。,True,53,53,0
,016_ibs_13555969_20260713220000_seg_00669,016_ibs_13555969_20260713220000,SPEAKER_01,2982.64,2985.68,3.04,success,どんどん脱線しちゃうんですけど、もうほら、時間がなかなかね、押せ押せに。,success,どんどん脱線しちゃうんですけどもうほら時間がなかなかね押せ押せにして。,False,36,35,-1
,016_ibs_13555969_20260713220000_seg_00670,016_ibs_13555969_20260713220000,SPEAKER_01,2986.32,2992.16,5.84,success,ラジオネーム、ゆきさんからです、カップルさん、ゆうと君、いや、どうも、茨城の大スターであられる安達祐人様。,success,ラジオネーム、ゆきさんからです、カップルさん、ゆうとくん、いやどうも、茨城の大スターであられる安達祐人様。,False,53,53,0
,016_ibs_13555969_20260713220000_seg_00671,016_ibs_13555969_20260713220000,SPEAKER_01,2992.56,2999.12,6.56,success,きのうはまくらがの里こが、13周年記念ライブ、お疲れさまでしたっていうか、毎日ライブやってますよね、本当に。,success,きのうはまくらがの里こが13周年記念ライブお疲れさまでしたっていうか毎日ライブやってますよね本当に。,False,54,50,-4
,016_ibs_13555969_20260713220000_seg_00672,016_ibs_13555969_20260713220000,SPEAKER_02,2999.12,3000.88,1.76,success,もう毎週土日はどこかでやってますね。,success,もう毎週土日はどこかでやってますね。,True,18,18,0
,016_ibs_13555969_20260713220000_seg_00673,016_ibs_13555969_20260713220000,SPEAKER_01,3002.0,3007.92,5.92,success,あると思って、コロナ禍から始まった軽トラライブをずっと支えてくれた場所への特別な思いが伝わるすてきなライブです。,success,コロナ禍から始まった軽トラライブをずっと支えてくれた場所への特別な思いが伝わるすてきなライブでした。,False,56,50,-6
,016_ibs_13555969_20260713220000_seg_00674,016_ibs_13555969_20260713220000,SPEAKER_01,3008.24,3017.68,9.44,success,でもとにかく暑かった気温や湿度が高いだけでなくユウトくんのmcも熱かった現場の熱気もすごくて暑い熱い方の熱いと熱気の熱い。,success,でもとにかく暑かった気温や湿度が高いだけでなくユウトくんのmcも熱かった現場の熱気もすごくて暑い熱い方の熱いと熱気の熱い。,True,61,61,0
,016_ibs_13555969_20260713220000_seg_00675,016_ibs_13555969_20260713220000,SPEAKER_01,3018.0,3036.8,18.8,success,詰まった夏の幕開けでした、ゆうと君は夏のライブやロケではどんな熱中症対策をしてますか、そして防災士でもある赤プルさん、これは効果的という熱中症対策があったらぜひ教えてください、ちなみにわが家では、塩バナナ、実践中です、あっ、いいよね、塩バナナもね、塩にバナナを、バナナに塩かけて食べるっていうね。,success,詰まった夏の幕開けでしたゆうとくんは夏のライブやロケではどんな熱中症対策をしてますかそして防災士でもある赤プルさんこれは効果的という熱中症対策があったらぜひ教えてくださいちなみにわが家では塩バナナ実践中ですあっいいよね塩バナナもね塩にバナナをバナナに塩かけて食べるっていうね。,False,148,138,-10
,016_ibs_13555969_20260713220000_seg_00676,016_ibs_13555969_20260713220000,SPEAKER_01,3037.84,3038.4,0.56,success,うんゆだ。,success,あっうんユド。,False,5,7,2
,016_ibs_13555969_20260713220000_seg_00677,016_ibs_13555969_20260713220000,SPEAKER_01,3040.4,3042.4,2.0,success,あの汗は尋常じゃないですね。,success,あの汗は尋常じゃないですね。,True,14,14,0
,016_ibs_13555969_20260713220000_seg_00678,016_ibs_13555969_20260713220000,SPEAKER_03,3046.0,3047.36,1.36,success,汗かかずにライブ。,success,汗かかずにライブで。,False,9,10,1
,016_ibs_13555969_20260713220000_seg_00679,016_ibs_13555969_20260713220000,SPEAKER_03,3048.64,3057.04,8.4,success,なんでアイドル、汗かかないの、君沢さん、汗かく君さんもかきますけど、でもきれいなんですよ、汗が、俺、どるっどろですからね。,success,なんでアイドル君沢さんとか汗かかないの君沢さん汗かく君ちゃんもかきますけどでもきれいなんですよ汗が俺ドゥルッドルっすかね。,False,61,61,0
,016_ibs_13555969_20260713220000_seg_00680,016_ibs_13555969_20260713220000,SPEAKER_00,3058.32,3059.92,1.6,success,あれまいたらなんだっけ?,success,あれまいたらあの何だっけ?,False,12,13,1
,016_ibs_13555969_20260713220000_seg_00681,016_ibs_13555969_20260713220000,SPEAKER_01,3060.16,3060.72,0.56,success,知ってるよね?,success,いるよね?,False,7,5,-2
,016_ibs_13555969_20260713220000_seg_00682,016_ibs_13555969_20260713220000,SPEAKER_03,3061.68,3062.8,1.12,success,いやあのもうオレンジの花。,success,いやあのもうオレンジの花。,True,13,13,0
,016_ibs_13555969_20260713220000_seg_00683,016_ibs_13555969_20260713220000,SPEAKER_03,3063.36,3064.64,1.28,success,バンダナみたいに巻いてます。,success,バンダナみたいに巻いてます。,True,14,14,0
,016_ibs_13555969_20260713220000_seg_00684,016_ibs_13555969_20260713220000,SPEAKER_00,3064.64,3065.68,1.04,success,巻いててもだめ、やっぱ。,success,行ってても駄目やっぱ。,False,12,11,-1
,016_ibs_13555969_20260713220000_seg_00685,016_ibs_13555969_20260713220000,SPEAKER_03,3065.76,3066.48,0.72,success,そしたらちょっと。,success,そしたらちょっと。,True,9,9,0
,016_ibs_13555969_20260713220000_seg_00686,016_ibs_13555969_20260713220000,SPEAKER_03,3067.28,3068.16,0.88,success,すいませんそれは。,success,するの好き。,False,9,6,-3
,016_ibs_13555969_20260713220000_seg_00687,016_ibs_13555969_20260713220000,SPEAKER_00,3069.68,3072.32,2.64,success,メークとかすると、目に入ったり痛いとき。,success,こうやってメークとかすると目に入ったり痛いって。,False,20,24,4
,016_ibs_13555969_20260713220000_seg_00688,016_ibs_13555969_20260713220000,SPEAKER_00,3073.76,3079.12,5.36,success,足立さんすごいもうこれ俺もこれ聴きたいなっていうのいいラジオネームケツメイトさんからです決定。,success,すごいもうこれ俺もこれ聴きたいなっていうのいいラジオネームケツメイトさんからです決定。,False,47,43,-4
,016_ibs_13555969_20260713220000_seg_00689,016_ibs_13555969_20260713220000,SPEAKER_00,3080.56,3083.76,3.2,success,好きなavのジャンルはなんですか?,success,ほんで好きなavのジャンルは何ですか?,False,17,19,2
,016_ibs_13555969_20260713220000_seg_00690,016_ibs_13555969_20260713220000,SPEAKER_00,3085.52,3086.24,0.72,success,いや、本当。,success,いや本当!,False,6,5,-1
,016_ibs_13555969_20260713220000_seg_00691,016_ibs_13555969_20260713220000,SPEAKER_00,3087.44,3088.16,0.72,success,来てるの、本当、来て。,success,来てんの本当来た。,False,11,9,-2
,016_ibs_13555969_20260713220000_seg_00692,016_ibs_13555969_20260713220000,SPEAKER_01,3088.32,3089.36,1.04,success,聞いてもらえるんですか?,success,聞いてもらえるんですか?,True,12,12,0
,016_ibs_13555969_20260713220000_seg_00693,016_ibs_13555969_20260713220000,SPEAKER_01,3089.92,3090.56,0.64,success,行ってもらえるんですか?,success,行ってもらえるんですか?,True,12,12,0
,016_ibs_13555969_20260713220000_seg_00694,016_ibs_13555969_20260713220000,SPEAKER_03,3090.8,3092.4,1.6,success,最近見てないですね、僕。,success,最近見てないですね僕。,False,12,11,-1
,016_ibs_13555969_20260713220000_seg_00695,016_ibs_13555969_20260713220000,SPEAKER_01,3095.28,3097.04,1.76,success,ロリコンか熟女系か。,success,ロリコンか熟女系か。,True,10,10,0
,016_ibs_13555969_20260713220000_seg_00696,016_ibs_13555969_20260713220000,SPEAKER_00,3097.28,3097.84,0.56,success,ジャージー。,success,ジョージ。,False,6,5,-1
,016_ibs_13555969_20260713220000_seg_00697,016_ibs_13555969_20260713220000,SPEAKER_03,3098.16,3098.72,0.56,success,僕っすか?,success,僕っすか?,True,5,5,0
,016_ibs_13555969_20260713220000_seg_00698,016_ibs_13555969_20260713220000,SPEAKER_00,3099.2,3099.92,0.72,success,どっちかっていうと。,success,どっちかっていうと。,True,10,10,0
,016_ibs_13555969_20260713220000_seg_00699,016_ibs_13555969_20260713220000,SPEAKER_03,3100.16,3101.2,1.04,success,僕おっぱいです。,success,僕おっぱいです。,True,8,8,0
,016_ibs_13555969_20260713220000_seg_00700,016_ibs_13555969_20260713220000,SPEAKER_01,3103.36,3108.64,5.28,success,いい答えを頂いたところでねまだまだちょっと最後までおつきあいいただきたいと思うんですけどもその前にね一曲を。,success,いい答えを頂いたところでねまだまだちょっと最後までおつきあい頂きたいと思うんですけどもその前にね一曲を。,False,54,52,-2
,016_ibs_13555969_20260713220000_seg_00701,016_ibs_13555969_20260713220000,SPEAKER_01,3110.72,3112.88,2.16,success,ちょっと何か曲の名前みたいに言うのやめて下さい。,success,ちょっと何か曲の名前みたいに言うのやめて下さい。,True,24,24,0
,016_ibs_13555969_20260713220000_seg_00702,016_ibs_13555969_20260713220000,SPEAKER_02,3114.16,3114.88,0.72,success,えっ違う?,success,やだやだ!,False,5,5,0
,016_ibs_13555969_20260713220000_seg_00703,016_ibs_13555969_20260713220000,SPEAKER_02,3115.36,3116.96,1.6,success,違いますよやめて下さい。,success,違いますよやめて下さいよ。,False,12,13,1
,016_ibs_13555969_20260713220000_seg_00704,016_ibs_13555969_20260713220000,SPEAKER_01,3117.28,3120.4,3.12,success,曲紹介をお願いしたいんですけども、これね、足立さんから。,success,曲紹介をお願いしたいんですけどもこれね安達さんから。,False,28,26,-2
,016_ibs_13555969_20260713220000_seg_00705,016_ibs_13555969_20260713220000,SPEAKER_01,3120.8,3121.92,1.12,success,お願いしたいと思います。,success,お願いしたいと思いますよ。,False,12,13,1
,016_ibs_13555969_20260713220000_seg_00706,016_ibs_13555969_20260713220000,SPEAKER_01,3123.76,3125.36,1.6,success,ちょっと待ってよもう。,success,ちょっと待ってよもう。,True,11,11,0
,016_ibs_13555969_20260713220000_seg_00707,016_ibs_13555969_20260713220000,SPEAKER_02,3126.64,3130.32,3.68,success,じゃあ僕からぜひ聴いて下さいアラチュートで変身。,success,じゃあ僕からぜひ聴いて下さいアラチュートで変身。,True,24,24,0
,016_ibs_13555969_20260713220000_seg_00708,016_ibs_13555969_20260713220000,SPEAKER_01,3336.88,3337.579932,0.7,success,横島町に。,success,横小路町。,False,5,5,0
,016_ibs_13555969_20260713220000_seg_00709,016_ibs_13555969_20260713220000,SPEAKER_01,3338.8,3345.52,6.72,success,今夜はラッキーナイトカップルマンデーエンディングのお時間ですということでまだ足立さんも残ってくださっています。,success,生放送でお送りしてきました今夜はラッキーナイダッカプルマンデーエンディングのお時間ですということでまだ足立さんも残ってくださっています。,False,55,68,13
,016_ibs_13555969_20260713220000_seg_00710,016_ibs_13555969_20260713220000,SPEAKER_01,3346.0,3353.9,7.9,success,ちょっと申し訳ないんですけど、来週のゲストを紹介させていただきます、来週もまたゲストの方が来ていただきます。,success,ちょっと申し訳ないんですけど、来週のゲストを紹介させていただきます。,False,54,34,-20
,016_ibs_13555969_20260713220000_seg_00711,016_ibs_13555969_20260713220000,SPEAKER_01,3355.68,3359.66001,3.98,success,この間、ヒロシさんと椿さん、来てくれてましたけれども、今回。,success,この間ヒロシさんと椿さん来てくれてましたけれども今回。,False,30,27,-3
,016_ibs_13555969_20260713220000_seg_00712,016_ibs_13555969_20260713220000,SPEAKER_01,3360.88,3367.819922,6.94,success,阿部さんとドラムのreinaさんをお迎えします来週も1時間の短縮放送ですが皆さんからのね阿部さんとれいなさんの質問。,success,阿部さんとドラムのreinaさんをお迎えします来週も1時間の短縮放送ですが皆さんからのね阿部さんとれいなさんの質問。,True,58,58,0
,016_ibs_13555969_20260713220000_seg_00713,016_ibs_13555969_20260713220000,SPEAKER_01,3369.52,3374.059912,4.54,success,メールが読まれた方の中から1名の方に番組ステッカーをプレゼントしますので住所指名をお願いいたします。,success,メールが読まれた方の中から1名の方に番組ステッカーをプレゼントしますので住所氏名をお届けします。,False,50,48,-2
,016_ibs_13555969_20260713220000_seg_00714,016_ibs_13555969_20260713220000,SPEAKER_01,3376.72,3378.88,2.16,success,今回のステッカーの当せん者は。,success,今回のステッカーの当せん者は。,True,15,15,0
,016_ibs_13555969_20260713220000_seg_00715,016_ibs_13555969_20260713220000,SPEAKER_01,3379.12,3384.56,5.44,success,足立さんにとんでもない質問を投げてくださったケツメドさんにプレゼントします。,success,足立さんにとんでもない質問を投げてくださったケツメドさんにプレゼントします。,True,38,38,0
,016_ibs_13555969_20260713220000_seg_00716,016_ibs_13555969_20260713220000,SPEAKER_02,3384.72,3385.92,1.2,success,おはようございます。,success,ただいま!,False,10,5,-5
,016_ibs_13555969_20260713220000_seg_00717,016_ibs_13555969_20260713220000,SPEAKER_01,3386.72,3392.299902,5.58,success,あっ、おっぱいステッカーじゃないですよ。ということで、ちょっとね、先ほどのお話の中で、ちょっと聞き忘れちゃったこと言って。,success,おっぱいステッカーじゃないですよ。ということでちょっとね先ほどのお話の中でちょっと聞き忘れちゃって。,False,61,50,-11
,016_ibs_13555969_20260713220000_seg_00718,016_ibs_13555969_20260713220000,SPEAKER_00,3394.88,3397.76,2.88,success,もう今週末、ファッションクルーズ。,success,もう今週末ファッションクルーズ。,False,17,16,-1
,016_ibs_13555969_20260713220000_seg_00719,016_ibs_13555969_20260713220000,SPEAKER_02,3401.68,3403.819922,2.14,success,日曜20日正午。,success,日曜20日正月。,False,8,8,0
,016_ibs_13555969_20260713220000_seg_00720,016_ibs_13555969_20260713220000,SPEAKER_02,3405.52,3409.099951,3.58,success,実はことし、夏祭り、3つ作ります。,success,実は今年夏祭り3つ作ります。,False,17,14,-3
,016_ibs_13555969_20260713220000_seg_00721,016_ibs_13555969_20260713220000,SPEAKER_02,3410.32,3410.96,0.64,success,ボンドリー。,success,ズボンどおり。,False,6,7,1
,016_ibs_13555969_20260713220000_seg_00722,016_ibs_13555969_20260713220000,SPEAKER_02,3411.2,3413.36,2.16,success,8月8日10日が笠間温量防衛。,success,8月8日10日が草間の旅行です。,False,15,16,1
,016_ibs_13555969_20260713220000_seg_00723,016_ibs_13555969_20260713220000,SPEAKER_00,3413.92,3415.04,1.12,success,呼んでよ、ちょっと。,success,呼んでよちょっと。,False,10,9,-1
,016_ibs_13555969_20260713220000_seg_00724,016_ibs_13555969_20260713220000,SPEAKER_02,3415.92,3420.13999,4.22,success,9月21が鹿島アントラーズさんと。,success,9月21が鹿島アントラーズさんと。,True,17,17,0
,016_ibs_13555969_20260713220000_seg_00725,016_ibs_13555969_20260713220000,SPEAKER_02,3422.32,3423.28,0.96,success,ちょっと取材班。,success,ちょっと取材をね。,False,8,9,1
,016_ibs_13555969_20260713220000_seg_00726,016_ibs_13555969_20260713220000,SPEAKER_01,3424.32,3426.56,2.24,success,釣りをさ、主催するってどういうことなの?,success,釣りをさ主催するってどういうことなの?って。,False,20,22,2
,016_ibs_13555969_20260713220000_seg_00727,016_ibs_13555969_20260713220000,SPEAKER_02,3428.56,3430.32,1.76,success,本当実現しましょう。,success,本当実現しましょう。,True,10,10,0
,016_ibs_13555969_20260713220000_seg_00728,016_ibs_13555969_20260713220000,SPEAKER_01,3431.52,3432.16,0.64,success,行ってくれるとこだ。,success,行ってくれるとこだから。,False,10,12,2
,016_ibs_13555969_20260713220000_seg_00729,016_ibs_13555969_20260713220000,SPEAKER_02,3432.24,3433.04,0.8,success,いえいえ。,success,いえいえ。,True,5,5,0
,016_ibs_13555969_20260713220000_seg_00730,016_ibs_13555969_20260713220000,SPEAKER_01,3434.8,3441.739844,6.94,success,私、9月27日に下妻のイオンさんかな、間違っちゃったらちょっとあれなんですけど。,success,私、9月27日に下妻のイオンさんかなで間違っちゃったらちょっとあれなんですけど。,False,40,40,0
,016_ibs_13555969_20260713220000_seg_00731,016_ibs_13555969_20260713220000,SPEAKER_01,3445.04,3447.979834,2.94,success,告知していいよって言われたので、そこに母がもう楽しみにしてますので。,success,告知していいよって言われたのでそこに母がもう楽しみにしてますので。,False,34,33,-1
,016_ibs_13555969_20260713220000_seg_00732,016_ibs_13555969_20260713220000,SPEAKER_01,3449.2,3452.48,3.28,success,皆さんも来てくださいということで、けん制でやるっていうのが、なんか熱くなっちゃって。,success,皆さんも来てくださいっていうことで牽制でやるっていうのがなんか熱くなりました。,False,42,39,-3
,016_ibs_13555969_20260713220000_seg_00733,016_ibs_13555969_20260713220000,SPEAKER_00,3453.44,3454.0,0.56,success,え。,success,え。,True,2,2,0
,016_ibs_13555969_20260713220000_seg_00734,016_ibs_13555969_20260713220000,SPEAKER_01,3457.36,3458.539893,1.18,success,けん制から一緒に。,success,けん制から一緒に。,True,9,9,0
,016_ibs_13555969_20260713220000_seg_00735,016_ibs_13555969_20260713220000,SPEAKER_01,3460.0,3461.36,1.36,success,これからも仲良くしてください。,success,これからも仲良くしてください。,True,15,15,0
,016_ibs_13555969_20260713220000_seg_00736,016_ibs_13555969_20260713220000,SPEAKER_00,3464.56,3465.739844,1.18,success,強い男だとは思わなかった?,success,強い男だとは思わなかった?,True,13,13,0
,016_ibs_13555969_20260713220000_seg_00737,016_ibs_13555969_20260713220000,SPEAKER_01,3469.12,3470.96,1.84,success,そうだそうだ釣りも好きなのよ。,success,自分も好きなの。,False,15,8,-7
,016_ibs_13555969_20260713220000_seg_00738,016_ibs_13555969_20260713220000,SPEAKER_00,3471.12,3472.939795,1.82,success,俺あの社長がいつも。,success,俺あの社長がいつも。,True,10,10,0
,016_ibs_13555969_20260713220000_seg_00739,016_ibs_13555969_20260713220000,SPEAKER_02,3477.04,3478.24,1.2,success,ごめんなさいちょっと行ってきますよ。,success,俺たちちょっと行ってきますよ。,False,18,15,-3
,016_ibs_13555969_20260713220000_seg_00740,016_ibs_13555969_20260713220000,SPEAKER_02,3479.04,3480.4,1.36,success,魚釣ってきますんで。,success,魚釣ってきますんで。,True,10,10,0
,016_ibs_13555969_20260713220000_seg_00741,016_ibs_13555969_20260713220000,SPEAKER_01,3481.84,3483.04,1.2,success,あそうですね魚は。,success,ああそうですね魚は。,False,9,10,1
,016_ibs_13555969_20260713220000_seg_00742,016_ibs_13555969_20260713220000,SPEAKER_01,3486.08,3491.179907,5.1,success,ちょっとね、奈々ちゃんが間に合わなかったということでね、もうやってしまいますけど。,success,ちょっとね奈々ちゃんが間に合わなかったということでねもうないますけど。,False,41,35,-6
,016_ibs_13555969_20260713220000_seg_00743,016_ibs_13555969_20260713220000,SPEAKER_03,3496.24,3496.939795,0.7,success,はい大丈夫。,success,はい大丈夫です。,False,6,8,2
,016_ibs_13555969_20260713220000_seg_00744,016_ibs_13555969_20260713220000,SPEAKER_01,3500.08,3500.779883,0.7,success,で今夜はラッキーな。,success,で今夜はラッキーアイテム。,False,10,13,3
,016_ibs_13555969_20260713220000_seg_00745,016_ibs_13555969_20260713220000,SPEAKER_01,3504.33999,3508.16,3.82,success,お相手は赤プルと。,success,ありがとうございましたはいお相手は赤プルと。,False,9,22,13
,016_ibs_13555969_20260713220000_seg_00746,016_ibs_13555969_20260713220000,SPEAKER_00,3508.24,3509.84,1.6,success,旦那松岡とそして!,success,旦那松岡とそして!,True,9,9,0
,016_ibs_13555969_20260713220000_seg_00747,016_ibs_13555969_20260713220000,SPEAKER_02,3510.0,3511.2,1.2,success,安達雄斗でした。,success,安達祐人でした!,False,8,8,0
,016_ibs_13555969_20260713220000_seg_00748,016_ibs_13555969_20260713220000,SPEAKER_01,3513.04,3513.739844,0.7,success,さようなら。,success,さようなら。,True,6,6,0
,016_ibs_13555969_20260713220000_seg_00749,016_ibs_13555969_20260713220000,SPEAKER_02,3514.96,3516.13999,1.18,success,楽しかったです。,success,楽しかったです!,False,8,8,0
