segment_index,segment_id,target_id,speaker,start_sec,end_sec,duration_sec,parakeet_exact_status,parakeet_exact_text,parakeet_silence2_status,parakeet_silence2_text,texts_match,exact_chars,silence2_chars,char_diff
,027_rcc_13595865_20260714090000_seg_00000,027_rcc_13595865_20260714090000,SPEAKER_00,29.68,30.38,0.7,success,アカゴー!,success,ギョギョッ!,False,5,6,1
,027_rcc_13595865_20260714090000_seg_00001,027_rcc_13595865_20260714090000,SPEAKER_00,35.84,37.099999,1.26,success,暑苦しいけど始まるよ。,success,暑苦しいけど始まるよ。,True,11,11,0
,027_rcc_13595865_20260714090000_seg_00002,027_rcc_13595865_20260714090000,SPEAKER_00,52.18,52.939999,0.76,success,iog!,success,太陽光!,False,4,4,0
,027_rcc_13595865_20260714090000_seg_00003,027_rcc_13595865_20260714090000,SPEAKER_00,57.459999,58.699997,1.24,success,富山でございます。,success,富山でございます。,True,9,9,0
,027_rcc_13595865_20260714090000_seg_00004,027_rcc_13595865_20260714090000,SPEAKER_01,59.859998,60.619999,0.76,success,おはようございます。,success,おはようございます。,True,10,10,0
,027_rcc_13595865_20260714090000_seg_00005,027_rcc_13595865_20260714090000,SPEAKER_00,73.84,74.540003,0.7,success,あっ!,success,あっ!,True,3,3,0
,027_rcc_13595865_20260714090000_seg_00006,027_rcc_13595865_20260714090000,SPEAKER_00,80.08,80.780001,0.7,success,ちょびちょな。,success,ドミチョな。,False,7,6,-1
,027_rcc_13595865_20260714090000_seg_00007,027_rcc_13595865_20260714090000,SPEAKER_00,83.12,83.660002,0.54,success,もっとも。,success,もっとも!,False,5,5,0
,027_rcc_13595865_20260714090000_seg_00008,027_rcc_13595865_20260714090000,SPEAKER_00,85.36,86.540003,1.18,success,え?ってなるぐらいもう。,success,え!?ってなるぐらいもう。,False,12,13,1
,027_rcc_13595865_20260714090000_seg_00009,027_rcc_13595865_20260714090000,SPEAKER_01,89.140001,90.0,0.86,success,つけてない。,success,つけてない。,True,6,6,0
,027_rcc_13595865_20260714090000_seg_00010,027_rcc_13595865_20260714090000,SPEAKER_00,90.08,91.12,1.04,success,やっこつけたり。,success,やっこつけたり。,True,8,8,0
,027_rcc_13595865_20260714090000_seg_00011,027_rcc_13595865_20260714090000,SPEAKER_00,94.32,95.04,0.72,success,できれば。,success,できれば。,True,5,5,0
,027_rcc_13595865_20260714090000_seg_00012,027_rcc_13595865_20260714090000,SPEAKER_00,109.36,110.06,0.7,success,合ってきてるときに。,success,買ってきてる時に。,False,10,9,-1
,027_rcc_13595865_20260714090000_seg_00013,027_rcc_13595865_20260714090000,SPEAKER_00,112.72,113.44,0.72,success,目が覚め!,success,目が覚め!,True,5,5,0
,027_rcc_13595865_20260714090000_seg_00014,027_rcc_13595865_20260714090000,SPEAKER_00,120.820001,122.08,1.26,success,目が覚めたのよ。,success,目が覚めたのよ。,True,8,8,0
,027_rcc_13595865_20260714090000_seg_00015,027_rcc_13595865_20260714090000,SPEAKER_00,128.16,130.16,2.0,success,ほぼ冷水を浴びたのに。,success,ほぼ冷水を浴びたのに!,False,11,11,0
,027_rcc_13595865_20260714090000_seg_00016,027_rcc_13595865_20260714090000,SPEAKER_00,130.56,132.0,1.44,success,風呂上がりまだ汗が止まらない。,success,風呂上がりまだ汗が止まらない。,True,15,15,0
,027_rcc_13595865_20260714090000_seg_00017,027_rcc_13595865_20260714090000,SPEAKER_01,135.76,136.45999,0.7,success,お風呂入って。,success,おふろはいって。,False,7,8,1
,027_rcc_13595865_20260714090000_seg_00018,027_rcc_13595865_20260714090000,SPEAKER_01,138.08,138.64,0.56,success,きますよね、また。,success,できますよねまた。,False,9,9,0
,027_rcc_13595865_20260714090000_seg_00019,027_rcc_13595865_20260714090000,SPEAKER_01,139.2,140.48,1.28,success,気持ちよくなったと思ったら。,success,気持ちよくなったと思ったら。,True,14,14,0
,027_rcc_13595865_20260714090000_seg_00020,027_rcc_13595865_20260714090000,SPEAKER_00,140.56,141.2,0.64,success,そっからさ。,success,そっからさ。,True,6,6,0
,027_rcc_13595865_20260714090000_seg_00021,027_rcc_13595865_20260714090000,SPEAKER_00,145.36,146.0,0.64,success,浮気さ。,success,わけさ。,False,4,4,0
,027_rcc_13595865_20260714090000_seg_00022,027_rcc_13595865_20260714090000,SPEAKER_01,146.08,146.64,0.56,success,シャレです。,success,しゃれですね。,False,6,7,1
,027_rcc_13595865_20260714090000_seg_00023,027_rcc_13595865_20260714090000,SPEAKER_00,147.76,149.2,1.44,success,食べて飲んでる間も。,success,食べて飲んでる間も。,True,10,10,0
,027_rcc_13595865_20260714090000_seg_00024,027_rcc_13595865_20260714090000,SPEAKER_00,152.56,154.219992,1.66,success,水温浴びたよねって思う。,success,水曜浴びたよねって思って。,False,12,13,1
,027_rcc_13595865_20260714090000_seg_00025,027_rcc_13595865_20260714090000,SPEAKER_00,157.84,158.539992,0.7,success,ペテルダンク。,success,ペテル団。,False,7,5,-2
,027_rcc_13595865_20260714090000_seg_00026,027_rcc_13595865_20260714090000,SPEAKER_00,160.72,161.419997,0.7,success,あったまった。,success,あったまった!,False,7,7,0
,027_rcc_13595865_20260714090000_seg_00027,027_rcc_13595865_20260714090000,SPEAKER_01,164.08,165.739989,1.66,success,もうホントに寝起きで。,success,もう本当に寝起きで。,False,11,10,-1
,027_rcc_13595865_20260714090000_seg_00028,027_rcc_13595865_20260714090000,SPEAKER_00,173.44,175.339995,1.9,success,番組のオープニングのサウンドステッカー。,success,番組のオープニングのサウンドステッカー。,True,20,20,0
,027_rcc_13595865_20260714090000_seg_00029,027_rcc_13595865_20260714090000,SPEAKER_01,180.72,181.579993,0.86,success,ハハハハ!,success,ハハハハハ!,False,5,6,1
,027_rcc_13595865_20260714090000_seg_00030,027_rcc_13595865_20260714090000,SPEAKER_01,182.8,185.419997,2.62,success,本当、最近、暑すぎてなんかエアコン。,success,ホント最近暑すぎてなんかエアコン。,False,18,17,-1
,027_rcc_13595865_20260714090000_seg_00031,027_rcc_13595865_20260714090000,SPEAKER_01,190.32,191.179991,0.86,success,もうエアコンつけたもん。,success,もうエアコンつけたまま。,False,12,12,0
,027_rcc_13595865_20260714090000_seg_00032,027_rcc_13595865_20260714090000,SPEAKER_01,194.32,195.12,0.8,success,できました。,success,できました。,True,6,6,0
,027_rcc_13595865_20260714090000_seg_00033,027_rcc_13595865_20260714090000,SPEAKER_00,195.12,196.88,1.76,success,あそう俺ね。,success,あそう俺ね。,True,6,6,0
,027_rcc_13595865_20260714090000_seg_00034,027_rcc_13595865_20260714090000,SPEAKER_00,198.64,199.44,0.8,success,弱いのよ。,success,弱いのよ!,False,5,5,0
,027_rcc_13595865_20260714090000_seg_00035,027_rcc_13595865_20260714090000,SPEAKER_01,199.52,200.299986,0.78,success,はいはい分かります。,success,はいはい分かります。,True,10,10,0
,027_rcc_13595865_20260714090000_seg_00036,027_rcc_13595865_20260714090000,SPEAKER_00,203.84,206.059996,2.22,success,エアコンもじかに風を!,success,エアコンもじかに風を!,True,11,11,0
,027_rcc_13595865_20260714090000_seg_00037,027_rcc_13595865_20260714090000,SPEAKER_00,208.24,209.28,1.04,success,で浴びたいぐらい。,success,で浴びたいぐらい。,True,9,9,0
,027_rcc_13595865_20260714090000_seg_00038,027_rcc_13595865_20260714090000,SPEAKER_01,209.36,210.16,0.8,success,スタジオでもね。,success,スタジオでもね。,True,8,8,0
,027_rcc_13595865_20260714090000_seg_00039,027_rcc_13595865_20260714090000,SPEAKER_00,212.56,213.52,0.96,success,紺の風を!,success,日本の風を!,False,5,6,1
,027_rcc_13595865_20260714090000_seg_00040,027_rcc_13595865_20260714090000,SPEAKER_00,213.76,214.96,1.2,success,追っかけて動くぐらい。,success,追っかけて動くぐらい。,True,11,11,0
,027_rcc_13595865_20260714090000_seg_00041,027_rcc_13595865_20260714090000,SPEAKER_00,216.88,217.579993,0.7,success,パーティー。,success,パーティ。,False,6,5,-1
,027_rcc_13595865_20260714090000_seg_00042,027_rcc_13595865_20260714090000,SPEAKER_00,221.52,222.56,1.04,success,出るときだけ。,success,出る時だけ。,False,7,6,-1
,027_rcc_13595865_20260714090000_seg_00043,027_rcc_13595865_20260714090000,SPEAKER_00,225.76,226.72,0.96,success,ベタカセで寝る。,success,ベタカセで寝る。,True,8,8,0
,027_rcc_13595865_20260714090000_seg_00044,027_rcc_13595865_20260714090000,SPEAKER_00,230.32,231.019987,0.7,success,本当繰り返す!,success,本当これか?,False,7,6,-1
,027_rcc_13595865_20260714090000_seg_00045,027_rcc_13595865_20260714090000,SPEAKER_01,234.64,235.2,0.56,success,ああ!,success,ああ!,True,3,3,0
,027_rcc_13595865_20260714090000_seg_00046,027_rcc_13595865_20260714090000,SPEAKER_00,235.2,237.259993,2.06,success,暑くて目が覚めて、ぴってやって。,success,熱くて目が覚めてピッてやって。,False,16,15,-1
,027_rcc_13595865_20260714090000_seg_00047,027_rcc_13595865_20260714090000,SPEAKER_00,242.32,243.12,0.8,success,何か。,success,何か。,True,3,3,0
,027_rcc_13595865_20260714090000_seg_00048,027_rcc_13595865_20260714090000,SPEAKER_00,243.36,244.45999,1.1,success,エアコンで体が冷えてくる。,success,エアコンで体が冷えてきた。,False,13,13,0
,027_rcc_13595865_20260714090000_seg_00049,027_rcc_13595865_20260714090000,SPEAKER_00,246.16,248.24,2.08,success,雨ピッて消し。,success,雨ピッて消し。,True,7,7,0
,027_rcc_13595865_20260714090000_seg_00050,027_rcc_13595865_20260714090000,SPEAKER_00,248.64,249.259993,0.62,success,また寝る。,success,また寝る。,True,5,5,0
,027_rcc_13595865_20260714090000_seg_00051,027_rcc_13595865_20260714090000,SPEAKER_00,250.48,253.099989,2.62,success,あっ、暑いと思ったら、起きて、ピッて。,success,あっ暑いと思ったら起きて。,False,19,13,-6
,027_rcc_13595865_20260714090000_seg_00052,027_rcc_13595865_20260714090000,SPEAKER_01,254.72,255.980002,1.26,success,えっ目覚めるの嫌じゃないですか?,success,えっ目覚めるの嫌じゃないですか?,True,16,16,0
,027_rcc_13595865_20260714090000_seg_00053,027_rcc_13595865_20260714090000,SPEAKER_00,257.68,258.56,0.88,success,売れるってもう。,success,売れる!って思う。,False,8,9,1
,027_rcc_13595865_20260714090000_seg_00054,027_rcc_13595865_20260714090000,SPEAKER_01,260.0,260.780005,0.78,success,ポジティブ!,success,ポジティブ!,True,6,6,0
,027_rcc_13595865_20260714090000_seg_00055,027_rcc_13595865_20260714090000,SPEAKER_01,263.44,264.08,0.64,success,ああはいはい。,success,ああはいはい。,True,7,7,0
,027_rcc_13595865_20260714090000_seg_00056,027_rcc_13595865_20260714090000,SPEAKER_00,264.08,266.539999,2.46,success,トイレで目が覚めるじゃんで今大体2回。,success,トイレで目が覚めるじゃんで今大体2階。,False,19,19,0
,027_rcc_13595865_20260714090000_seg_00057,027_rcc_13595865_20260714090000,SPEAKER_00,270.16,271.2,1.04,success,しか寝ないのに。,success,朝しか寝ないのに!,False,8,9,1
,027_rcc_13595865_20260714090000_seg_00058,027_rcc_13595865_20260714090000,SPEAKER_01,271.2,271.819998,0.62,success,ああ。,success,あっ!,False,3,3,0
,027_rcc_13595865_20260714090000_seg_00059,027_rcc_13595865_20260714090000,SPEAKER_00,274.48,276.620001,2.14,success,こう切ったり消したりもあるけど。,success,こう切ったり蹴ったりもあるけど。,False,16,16,0
,027_rcc_13595865_20260714090000_seg_00060,027_rcc_13595865_20260714090000,SPEAKER_00,277.780008,278.72,0.94,success,目覚める。,success,で目覚める。,False,5,6,1
,027_rcc_13595865_20260714090000_seg_00061,027_rcc_13595865_20260714090000,SPEAKER_00,286.900003,289.68,2.78,success,カニを目に入れたら目が覚めるかもしれないけどちょっと薄め。,success,カニを目に入れたら目が覚めるかもしれないけどちょっと薄め。,True,29,29,0
,027_rcc_13595865_20260714090000_seg_00062,027_rcc_13595865_20260714090000,SPEAKER_00,291.2,291.980002,0.78,success,薄めて。,success,薄めて。,True,4,4,0
,027_rcc_13595865_20260714090000_seg_00063,027_rcc_13595865_20260714090000,SPEAKER_01,296.08,296.780005,0.7,success,はいはい。,success,はいはい。,True,5,5,0
,027_rcc_13595865_20260714090000_seg_00064,027_rcc_13595865_20260714090000,SPEAKER_00,302.16,302.72,0.56,success,どうも。,success,どう思う?,False,4,5,1
,027_rcc_13595865_20260714090000_seg_00065,027_rcc_13595865_20260714090000,SPEAKER_00,303.04,303.84,0.8,success,ブルン!,success,ブルン!,True,4,4,0
,027_rcc_13595865_20260714090000_seg_00066,027_rcc_13595865_20260714090000,SPEAKER_00,305.68,308.300009,2.62,success,本能寺の変みたいな、もうなんか、小栗旬みたいな。,success,本能寺の変みたいなもう何か小栗旬みたいな。,False,24,21,-3
,027_rcc_13595865_20260714090000_seg_00067,027_rcc_13595865_20260714090000,SPEAKER_01,310.08,310.700003,0.62,success,夜戦った。,success,夜戦った。,True,5,5,0
,027_rcc_13595865_20260714090000_seg_00068,027_rcc_13595865_20260714090000,SPEAKER_00,312.4,313.099997,0.7,success,夢のまんま。,success,夢のまんまや。,False,6,7,1
,027_rcc_13595865_20260714090000_seg_00069,027_rcc_13595865_20260714090000,SPEAKER_00,316.72,319.52,2.8,success,売れるって思うタイプなのよ。,success,寝る?って思うタイプなのよ。,False,14,14,0
,027_rcc_13595865_20260714090000_seg_00070,027_rcc_13595865_20260714090000,SPEAKER_01,319.52,322.4,2.88,success,いいですね、明るくて。,success,いいですね明るくて。,False,11,10,-1
,027_rcc_13595865_20260714090000_seg_00071,027_rcc_13595865_20260714090000,SPEAKER_01,325.36,326.4,1.04,success,もう朝だから。,success,もう朝だ。,False,7,5,-2
,027_rcc_13595865_20260714090000_seg_00072,027_rcc_13595865_20260714090000,SPEAKER_01,329.620004,331.6,1.98,success,暑すぎて炊き汗じゃないですか?,success,次って炊き汗じゃないですか。,False,15,14,-1
,027_rcc_13595865_20260714090000_seg_00073,027_rcc_13595865_20260714090000,SPEAKER_00,331.84,333.28,1.44,success,休めばいいのに。,success,休めばいいのに。,True,8,8,0
,027_rcc_13595865_20260714090000_seg_00074,027_rcc_13595865_20260714090000,SPEAKER_01,335.44,336.56,1.12,success,でもせめて。,success,でもせめて!,False,6,6,0
,027_rcc_13595865_20260714090000_seg_00075,027_rcc_13595865_20260714090000,SPEAKER_01,336.88,344.300009,7.42,success,ラジオ始まるこの時間帯だけは皆様に元気をお届けしたいと思ってこう歩いて会社行ってる間に。,success,ラジオ始まるこの時間帯だけは皆様に元気をお届けしたいと思ってこう歩いて会社行ってる間に。,True,44,44,0
,027_rcc_13595865_20260714090000_seg_00076,027_rcc_13595865_20260714090000,SPEAKER_01,345.92,354.4,8.48,success,でもラジオの最初のオープニングのところだけは元気にいきたいその気持ちを乗せたい今日はなんて言おうかなとか。,success,でもラジオの最初のオープニングのところだけは元気にいきたいその気持ちを乗せたい今日はなんて言おうかなとか。,True,53,53,0
,027_rcc_13595865_20260714090000_seg_00077,027_rcc_13595865_20260714090000,SPEAKER_01,356.08,356.780005,0.7,success,暑いですよね。,success,いいですよね。,False,7,7,0
,027_rcc_13595865_20260714090000_seg_00078,027_rcc_13595865_20260714090000,SPEAKER_00,360.4,360.96,0.56,success,100年強化。,success,役員協会!,False,7,5,-2
,027_rcc_13595865_20260714090000_seg_00079,027_rcc_13595865_20260714090000,SPEAKER_00,361.6,363.76,2.16,success,あとみんな暑い時期言うなよ!,success,あとみんな暑い時期言うなよ!,True,14,14,0
,027_rcc_13595865_20260714090000_seg_00080,027_rcc_13595865_20260714090000,SPEAKER_01,366.0,368.300009,2.3,success,ちょっと気持ち分かってもらえるかなと思って。,success,ちょっと気持ち分かってもらえるかなと思って。,True,22,22,0
,027_rcc_13595865_20260714090000_seg_00081,027_rcc_13595865_20260714090000,SPEAKER_01,370.08,371.179999,1.1,success,今日最初の。,success,今日最初の。,True,6,6,0
,027_rcc_13595865_20260714090000_seg_00082,027_rcc_13595865_20260714090000,SPEAKER_00,380.08,380.780005,0.7,success,俺も今度から!,success,俺も今度から!,True,7,7,0
,027_rcc_13595865_20260714090000_seg_00083,027_rcc_13595865_20260714090000,SPEAKER_00,382.48,383.04,0.56,success,えっと。,success,えっ?,False,4,3,-1
,027_rcc_13595865_20260714090000_seg_00084,027_rcc_13595865_20260714090000,SPEAKER_00,386.32,387.36,1.04,success,痛くないね!とか。,success,見たくないね!とか。,False,9,10,1
,027_rcc_13595865_20260714090000_seg_00085,027_rcc_13595865_20260714090000,SPEAKER_01,388.72,390.24,1.52,success,元気が出るひと言!,success,元気が出るひと言!,True,9,9,0
,027_rcc_13595865_20260714090000_seg_00086,027_rcc_13595865_20260714090000,SPEAKER_00,390.8,391.819998,1.02,success,いやでもさ。,success,いやでもさ。,True,6,6,0
,027_rcc_13595865_20260714090000_seg_00087,027_rcc_13595865_20260714090000,SPEAKER_00,398.8,399.36,0.56,success,フフッ。,success,フッ。,False,4,3,-1
,027_rcc_13595865_20260714090000_seg_00088,027_rcc_13595865_20260714090000,SPEAKER_00,402.16,404.300009,2.14,success,口を下げるっていうのを飲んで。,success,口を下げるっていうのを飲んで。,True,15,15,0
,027_rcc_13595865_20260714090000_seg_00089,027_rcc_13595865_20260714090000,SPEAKER_00,406.0,407.2,1.2,success,じゃあ、会社行きましょうか。,success,じゃあ会社行きましょうか。,False,14,13,-1
,027_rcc_13595865_20260714090000_seg_00090,027_rcc_13595865_20260714090000,SPEAKER_00,407.68,409.580008,1.9,success,車乗り込んで俺は車乗って。,success,車乗り込んでほら車乗って。,False,13,13,0
,027_rcc_13595865_20260714090000_seg_00091,027_rcc_13595865_20260714090000,SPEAKER_00,420.08,420.64,0.56,success,がやってる?,success,いややってる?,False,6,7,1
,027_rcc_13595865_20260714090000_seg_00092,027_rcc_13595865_20260714090000,SPEAKER_00,428.019998,428.780005,0.76,success,からスタート。,success,からスタート。,True,7,7,0
,027_rcc_13595865_20260714090000_seg_00093,027_rcc_13595865_20260714090000,SPEAKER_00,433.36,435.500006,2.14,success,呼ばれて御前様様がいよいよ来週。,success,呼ばれて御前様様がいよいよ来週。,True,16,16,0
,027_rcc_13595865_20260714090000_seg_00094,027_rcc_13595865_20260714090000,SPEAKER_00,449.92,450.96,1.04,success,迎えるんですと。,success,迎えるんですと。,True,8,8,0
,027_rcc_13595865_20260714090000_seg_00095,027_rcc_13595865_20260714090000,SPEAKER_00,451.2,453.6,2.4,success,ただ、なんの予定もございません。,success,ただ何の予定もございません。,False,16,14,-2
,027_rcc_13595865_20260714090000_seg_00096,027_rcc_13595865_20260714090000,SPEAKER_01,456.96,458.72,1.76,success,私たちの番組と絡めて。,success,私たちの番組と絡めて。,True,11,11,0
,027_rcc_13595865_20260714090000_seg_00097,027_rcc_13595865_20260714090000,SPEAKER_01,459.12,460.4,1.28,success,お話ししてくださって。,success,お話ししてくださって。,True,11,11,0
,027_rcc_13595865_20260714090000_seg_00098,027_rcc_13595865_20260714090000,SPEAKER_00,461.52,462.16,0.64,success,すぐに。,success,すぐに!,False,4,4,0
,027_rcc_13595865_20260714090000_seg_00099,027_rcc_13595865_20260714090000,SPEAKER_00,462.48,463.04,0.56,success,lineで。,success,バインデー。,False,6,6,0
,027_rcc_13595865_20260714090000_seg_00100,027_rcc_13595865_20260714090000,SPEAKER_00,474.64,475.819998,1.18,success,上がりました!みたいな。,success,上がりましたみたいな。,False,12,11,-1
,027_rcc_13595865_20260714090000_seg_00101,027_rcc_13595865_20260714090000,SPEAKER_00,477.52,478.219992,0.7,success,ラインが。,success,ブラインガー。,False,5,7,2
,027_rcc_13595865_20260714090000_seg_00102,027_rcc_13595865_20260714090000,SPEAKER_01,483.76,484.459998,0.7,success,アハハハ。,success,ハハハハ!,False,5,5,0
,027_rcc_13595865_20260714090000_seg_00103,027_rcc_13595865_20260714090000,SPEAKER_00,486.16,486.8,0.64,success,だろうなとか。,success,だろうなとか言って。,False,7,10,3
,027_rcc_13595865_20260714090000_seg_00104,027_rcc_13595865_20260714090000,SPEAKER_01,487.04,490.08,3.04,success,小山さんからline来たら、ちょっとびっくりしたんじゃないですか?,success,小山さんからline来たらちょっとびっくりしたんじゃないですか?,False,33,32,-1
,027_rcc_13595865_20260714090000_seg_00105,027_rcc_13595865_20260714090000,SPEAKER_01,490.96,494.24,3.28,success,ちょっとすぐ返さなきゃみたいな珍しいから。,success,ちょっとすぐ返さなきゃみたいな珍しいから。,True,21,21,0
,027_rcc_13595865_20260714090000_seg_00106,027_rcc_13595865_20260714090000,SPEAKER_00,495.84,497.9,2.06,success,あまりのにも早い変身。,success,あまりのにも早い変身。,True,11,11,0
,027_rcc_13595865_20260714090000_seg_00107,027_rcc_13595865_20260714090000,SPEAKER_00,503.44,504.32,0.88,success,当たり前ですよ。,success,当たり前ですよ。,True,8,8,0
,027_rcc_13595865_20260714090000_seg_00108,027_rcc_13595865_20260714090000,SPEAKER_00,507.219995,509.12,1.9,success,2500回ぐらいは、もう僕は聞いていますよ。,success,1500回ぐらいはもう僕は聞いていますよ。,False,22,21,-1
,027_rcc_13595865_20260714090000_seg_00109,027_rcc_13595865_20260714090000,SPEAKER_01,509.36,510.32,0.96,success,多いな。,success,多いな。,True,4,4,0
,027_rcc_13595865_20260714090000_seg_00110,027_rcc_13595865_20260714090000,SPEAKER_00,511.44,513.259985,1.82,success,今日もお互いに頑張りましょう。,success,今日もお互いに頑張りましょう。,True,15,15,0
,027_rcc_13595865_20260714090000_seg_00111,027_rcc_13595865_20260714090000,SPEAKER_01,518.32,520.459967,2.14,success,c聞いてないんだって、ちょっと思いましたけど。,success,c聞いてないんだってちょっと思いましたけど。,False,23,22,-1
,027_rcc_13595865_20260714090000_seg_00112,027_rcc_13595865_20260714090000,SPEAKER_00,521.68,522.37998,0.7,success,c?,success,おいしい!,False,2,5,3
,027_rcc_13595865_20260714090000_seg_00113,027_rcc_13595865_20260714090000,SPEAKER_01,523.6,524.16,0.56,success,エサハハハ。,success,ハハハハ!,False,6,5,-1
,027_rcc_13595865_20260714090000_seg_00114,027_rcc_13595865_20260714090000,SPEAKER_01,525.6,527.659949,2.06,success,爽やかにお届けしてますよ、朝からおはよう。,success,爽やかにお届けしてますよ朝からおはよう。,False,21,20,-1
,027_rcc_13595865_20260714090000_seg_00115,027_rcc_13595865_20260714090000,SPEAKER_00,531.76,532.459967,0.7,success,松兄。,success,松兄。,True,3,3,0
,027_rcc_13595865_20260714090000_seg_00116,027_rcc_13595865_20260714090000,SPEAKER_00,535.84,536.779974,0.94,success,乃木坂46。,success,乃木坂46。,True,6,6,0
,027_rcc_13595865_20260714090000_seg_00117,027_rcc_13595865_20260714090000,SPEAKER_00,552.4,553.84,1.44,success,楠本はねられたっす。,success,楠本はねられた。,False,10,8,-2
,027_rcc_13595865_20260714090000_seg_00118,027_rcc_13595865_20260714090000,SPEAKER_00,555.28,557.899969,2.62,success,バレたから悔しいから大阪に。,success,誰だから悔しいから大阪に。,False,14,13,-1
,027_rcc_13595865_20260714090000_seg_00119,027_rcc_13595865_20260714090000,SPEAKER_01,559.12,560.8,1.68,success,今週あるんですよね?,success,今週あるんですよねお一人。,False,10,13,3
,027_rcc_13595865_20260714090000_seg_00120,027_rcc_13595865_20260714090000,SPEAKER_00,560.96,562.48,1.52,success,1人ずつしか入れなかったんだよね。,success,プリズムスしか入らなかったんだよね。,False,17,18,1
,027_rcc_13595865_20260714090000_seg_00121,027_rcc_13595865_20260714090000,SPEAKER_01,562.72,563.92,1.2,success,なんですよね。,success,なんですよね。,True,7,7,0
,027_rcc_13595865_20260714090000_seg_00122,027_rcc_13595865_20260714090000,SPEAKER_00,564.16,565.92,1.76,success,すごいお客さんだから。,success,すごいお客さんだから。,True,11,11,0
,027_rcc_13595865_20260714090000_seg_00123,027_rcc_13595865_20260714090000,SPEAKER_00,567.28,567.979956,0.7,success,アリーナが。,success,ダリーナが。,False,6,6,0
,027_rcc_13595865_20260714090000_seg_00124,027_rcc_13595865_20260714090000,SPEAKER_01,570.64,572.72,2.08,success,うん、もう熱気すごかったですよ。,success,うんもう熱気すごかったですよ。,False,16,15,-1
,027_rcc_13595865_20260714090000_seg_00125,027_rcc_13595865_20260714090000,SPEAKER_00,577.84,579.92,2.08,success,分からないみたいな状態だったけど。,success,分からないみたいな状態だったけど。,True,17,17,0
,027_rcc_13595865_20260714090000_seg_00126,027_rcc_13595865_20260714090000,SPEAKER_00,584.019983,584.779974,0.76,success,されるスタート。,success,されるスタート。,True,8,8,0
,027_rcc_13595865_20260714090000_seg_00127,027_rcc_13595865_20260714090000,SPEAKER_00,586.419977,587.659949,1.24,success,コンサートなんだろうなと思って見て。,success,コンサートなんだろうなと思って見て。,True,18,18,0
,027_rcc_13595865_20260714090000_seg_00128,027_rcc_13595865_20260714090000,SPEAKER_00,591.04,593.419958,2.38,success,大変申し訳ないけど詳しいわけでもない。,success,大変申し訳ないけど詳しいわけでもない。,True,19,19,0
,027_rcc_13595865_20260714090000_seg_00129,027_rcc_13595865_20260714090000,SPEAKER_00,597.04,598.219977,1.18,success,ファンの人がいるわけでもない。,success,ファンの人がいるわけでもない。,True,15,15,0
,027_rcc_13595865_20260714090000_seg_00130,027_rcc_13595865_20260714090000,SPEAKER_00,600.4,601.579962,1.18,success,どんなコンサートなのか。,success,どんなコンサートなのか。,True,12,12,0
,027_rcc_13595865_20260714090000_seg_00131,027_rcc_13595865_20260714090000,SPEAKER_00,611.04,612.56,1.52,success,してほしいことを。,success,してほしいことを。,True,9,9,0
,027_rcc_13595865_20260714090000_seg_00132,027_rcc_13595865_20260714090000,SPEAKER_00,613.12,615.44,2.32,success,うちわに書いて見せるんだね。,success,うちわに描いて見せるんだね。,False,14,14,0
,027_rcc_13595865_20260714090000_seg_00133,027_rcc_13595865_20260714090000,SPEAKER_01,615.44,618.88,3.44,success,そうですよしかももう1枚じゃなくてペラペラめくれるような。,success,そうですよしかももう1枚じゃなくてペラペラめくれるように。,False,29,29,0
,027_rcc_13595865_20260714090000_seg_00134,027_rcc_13595865_20260714090000,SPEAKER_00,620.56,621.259985,0.7,success,首のエンジン!,success,首のエンジン!,True,7,7,0
,027_rcc_13595865_20260714090000_seg_00135,027_rcc_13595865_20260714090000,SPEAKER_01,627.68,628.64,0.96,success,パート作って!とか。,success,ハート作って!とか。,False,10,10,0
,027_rcc_13595865_20260714090000_seg_00136,027_rcc_13595865_20260714090000,SPEAKER_01,629.28,631.52,2.24,success,人によってパターンをいろいろ。,success,人によってパターンをこういろいろ。,False,15,17,2
,027_rcc_13595865_20260714090000_seg_00137,027_rcc_13595865_20260714090000,SPEAKER_01,632.08,632.88,0.8,success,合ってるんですよね。,success,合ってるんですよね?,False,10,10,0
,027_rcc_13595865_20260714090000_seg_00138,027_rcc_13595865_20260714090000,SPEAKER_00,639.699976,640.459967,0.76,success,そになっててさ。,success,うそになっててさ。,False,8,9,1
,027_rcc_13595865_20260714090000_seg_00139,027_rcc_13595865_20260714090000,SPEAKER_00,652.72,653.419958,0.7,success,おっと!,success,おっと!,True,4,4,0
,027_rcc_13595865_20260714090000_seg_00140,027_rcc_13595865_20260714090000,SPEAKER_00,657.04,658.4,1.36,success,ずっとまっすぐあって。,success,ずっとまっすぐあって。,True,11,11,0
,027_rcc_13595865_20260714090000_seg_00141,027_rcc_13595865_20260714090000,SPEAKER_00,658.64,660.32,1.68,success,でそこに今度は円形のバター。,success,でそこに今度は円形のバター。,True,14,14,0
,027_rcc_13595865_20260714090000_seg_00142,027_rcc_13595865_20260714090000,SPEAKER_00,662.32,663.499976,1.18,success,そこにもバーンと出てくる。,success,そこにもバーンと出てきた。,False,13,13,0
,027_rcc_13595865_20260714090000_seg_00143,027_rcc_13595865_20260714090000,SPEAKER_01,665.6,666.72,1.12,success,演出でね。,success,演出でね。,True,5,5,0
,027_rcc_13595865_20260714090000_seg_00144,027_rcc_13595865_20260714090000,SPEAKER_00,666.8,668.56,1.76,success,すっげえ!と思って。,success,すげえ!と思って。,False,10,9,-1
,027_rcc_13595865_20260714090000_seg_00145,027_rcc_13595865_20260714090000,SPEAKER_01,668.64,670.0,1.36,success,なんかワープしたみたいな感じ。,success,何かワープしたみたいな感じ。,False,15,14,-1
,027_rcc_13595865_20260714090000_seg_00146,027_rcc_13595865_20260714090000,SPEAKER_01,671.12,672.13996,1.02,success,いつ移動したの?,success,いつ移動した?,False,8,7,-1
,027_rcc_13595865_20260714090000_seg_00147,027_rcc_13595865_20260714090000,SPEAKER_00,673.36,674.72,1.36,success,移動車みたいなのに。,success,移動車みたいなのに。,True,10,10,0
,027_rcc_13595865_20260714090000_seg_00148,027_rcc_13595865_20260714090000,SPEAKER_00,677.2,679.339972,2.14,success,近いところまでゴロゴロゴロゴロゴロゴロゴロってこう。,success,近いとこまでゴロゴロゴロゴロゴロゴロゴロってこう。,False,26,25,-1
,027_rcc_13595865_20260714090000_seg_00149,027_rcc_13595865_20260714090000,SPEAKER_00,682.0,683.659949,1.66,success,みたいなのであの。,success,みたいなのであの。,True,9,9,0
,027_rcc_13595865_20260714090000_seg_00150,027_rcc_13595865_20260714090000,SPEAKER_00,690.16,690.859961,0.7,success,なので。,success,変なことで。,False,4,6,2
,027_rcc_13595865_20260714090000_seg_00151,027_rcc_13595865_20260714090000,SPEAKER_00,693.12,694.24,1.12,success,近くまで来るんだよね。,success,近くまで来るんだよね?,False,11,11,0
,027_rcc_13595865_20260714090000_seg_00152,027_rcc_13595865_20260714090000,SPEAKER_01,700.72,704.779974,4.06,success,ので移動式のねステージみたいなのがあったりして。,success,ので移動式のねステージみたいなのがあったりして。,True,24,24,0
,027_rcc_13595865_20260714090000_seg_00153,027_rcc_13595865_20260714090000,SPEAKER_00,708.08,709.92,1.84,success,で俺たちのサイドと。,success,で俺たちのサイドと。,True,10,10,0
,027_rcc_13595865_20260714090000_seg_00154,027_rcc_13595865_20260714090000,SPEAKER_00,711.76,712.459967,0.7,success,何か1人2人。,success,何か1人2人。,True,7,7,0
,027_rcc_13595865_20260714090000_seg_00155,027_rcc_13595865_20260714090000,SPEAKER_00,713.619958,718.24,4.62,success,1人2人3人ガーッつって今度はステージの一番見えないとこ遠いとこ。,success,1人2人3人ガーッつって今度はステージの一番見えないとこ遠いとこ。,True,33,33,0
,027_rcc_13595865_20260714090000_seg_00156,027_rcc_13595865_20260714090000,SPEAKER_00,718.48,723.76,5.28,success,多くのお客さんの近くまでずっとさコロコロコロコロコロコロコロって滑車みたいなの載せられて。,success,多くのお客さんの近くまでずっとさコロコロコロコロコロコロコロって滑車みたいなの載せられて。,True,45,45,0
,027_rcc_13595865_20260714090000_seg_00157,027_rcc_13595865_20260714090000,SPEAKER_00,724.24,725.419958,1.18,success,でまたそこでガチンと。,success,でまたそこでガチーンと。,False,11,12,1
,027_rcc_13595865_20260714090000_seg_00158,027_rcc_13595865_20260714090000,SPEAKER_01,728.64,729.259955,0.62,success,まんなか。,success,真ん中。,False,5,4,-1
,027_rcc_13595865_20260714090000_seg_00159,027_rcc_13595865_20260714090000,SPEAKER_00,731.44,735.979956,4.54,success,だよね、1人ずつが乗ってた滑車みたいなのが、そこが簡易ステージみたいになって。,success,だよね1人ずつが乗ってた滑車みたいなのがでそこが会員ステージみたいになって。,False,39,38,-1
,027_rcc_13595865_20260714090000_seg_00160,027_rcc_13595865_20260714090000,SPEAKER_00,738.57998,739.339972,0.76,success,近くで見られるみたいな。,success,近くで見られる。,False,12,8,-4
,027_rcc_13595865_20260714090000_seg_00161,027_rcc_13595865_20260714090000,SPEAKER_00,740.56,741.739966,1.18,success,その時に!,success,そん時に!,False,5,5,0
,027_rcc_13595865_20260714090000_seg_00162,027_rcc_13595865_20260714090000,SPEAKER_00,750.16,752.64,2.48,success,いっぱいみんなでこう見せたらしてくれるんだよ。,success,いっぱいみんなにこう見せたらしてくれるんだよ。,False,23,23,0
,027_rcc_13595865_20260714090000_seg_00163,027_rcc_13595865_20260714090000,SPEAKER_01,752.64,753.92,1.28,success,ファンサービスがすごいんです。,success,ファンサービスがすごいんです。,True,15,15,0
,027_rcc_13595865_20260714090000_seg_00164,027_rcc_13595865_20260714090000,SPEAKER_00,755.36,759.499976,4.14,success,いちいち指さしてあなたにしてるからねハトとかさ。,success,いちいち指さしてあなたにしてるからねハトとかさ。,True,24,24,0
,027_rcc_13595865_20260714090000_seg_00165,027_rcc_13595865_20260714090000,SPEAKER_00,763.12,763.92,0.8,success,えったまらん!,success,えったまらん!,True,7,7,0
,027_rcc_13595865_20260714090000_seg_00166,027_rcc_13595865_20260714090000,SPEAKER_01,766.48,768.56,2.08,success,この子目当てで来てる!っていう。,success,ないですかこの子目当てで来てるっていう。,False,16,20,4
,027_rcc_13595865_20260714090000_seg_00167,027_rcc_13595865_20260714090000,SPEAKER_01,768.88,772.88,4.0,success,いたりするからその子に向かって例えばハト作って!とか。,success,いたりするからその子に向かって例えばハト作って!とか。,True,27,27,0
,027_rcc_13595865_20260714090000_seg_00168,027_rcc_13595865_20260714090000,SPEAKER_01,775.12,775.76,0.64,success,もらう!,success,もらう!,True,4,4,0
,027_rcc_13595865_20260714090000_seg_00169,027_rcc_13595865_20260714090000,SPEAKER_01,781.92,784.459967,2.54,success,確認するために周りを見ます。,success,確認するために周りを見てみましょう。,False,14,18,4
,027_rcc_13595865_20260714090000_seg_00170,027_rcc_13595865_20260714090000,SPEAKER_01,789.459955,790.699957,1.24,success,ないかどうか確認して。,success,ないかどうか確認して。,True,11,11,0
,027_rcc_13595865_20260714090000_seg_00171,027_rcc_13595865_20260714090000,SPEAKER_01,792.4,793.2,0.8,success,さあ。,success,だっ!,False,3,3,0
,027_rcc_13595865_20260714090000_seg_00172,027_rcc_13595865_20260714090000,SPEAKER_01,795.44,796.56,1.12,success,チニー向かってや!,success,向かって!,False,9,5,-4
,027_rcc_13595865_20260714090000_seg_00173,027_rcc_13595865_20260714090000,SPEAKER_00,797.28,799.2,1.92,success,間違いない私へのファンサービス。,success,間違いない私へのファンサービス。,True,16,16,0
,027_rcc_13595865_20260714090000_seg_00174,027_rcc_13595865_20260714090000,SPEAKER_01,799.36,801.28,1.92,success,そうそうそう!っていうのが分かれば。,success,そうそうそう!っていうのが分かれば。,True,18,18,0
,027_rcc_13595865_20260714090000_seg_00175,027_rcc_13595865_20260714090000,SPEAKER_01,801.52,802.219946,0.7,success,もう余計に!,success,もう余計に。,False,6,6,0
,027_rcc_13595865_20260714090000_seg_00176,027_rcc_13595865_20260714090000,SPEAKER_00,803.84,804.88,1.04,success,刺してくれるからね!,success,刺してくれるからね!,True,10,10,0
,027_rcc_13595865_20260714090000_seg_00177,027_rcc_13595865_20260714090000,SPEAKER_00,806.8,809.419958,2.62,success,俺に!って思うじゃん。,success,クソ俺に!って思うじゃん。,False,11,13,2
,027_rcc_13595865_20260714090000_seg_00178,027_rcc_13595865_20260714090000,SPEAKER_00,813.04,813.739966,0.7,success,つけする前。,success,つけする前!,False,6,6,0
,027_rcc_13595865_20260714090000_seg_00179,027_rcc_13595865_20260714090000,SPEAKER_00,814.96,816.88,1.92,success,お客さんが多かったじゃない?,success,お客さんが多かったじゃない?,True,14,14,0
,027_rcc_13595865_20260714090000_seg_00180,027_rcc_13595865_20260714090000,SPEAKER_01,816.88,818.0,1.12,success,本当、あふれ返ってます。,success,私は本当あふれかえってます。,False,12,14,2
,027_rcc_13595865_20260714090000_seg_00181,027_rcc_13595865_20260714090000,SPEAKER_00,818.24,819.979956,1.74,success,会えるのも俺さ実は。,success,会えるのも俺さ実は。,True,10,10,0
,027_rcc_13595865_20260714090000_seg_00182,027_rcc_13595865_20260714090000,SPEAKER_00,821.139978,823.52,2.38,success,途中のうちに一回、グリーンアリーナの前を通ったのよ。,success,途中のうちに一回グリーンアリーナの前を通ったのよ。,False,26,25,-1
,027_rcc_13595865_20260714090000_seg_00183,027_rcc_13595865_20260714090000,SPEAKER_01,823.52,824.48,0.96,success,ああそうなんですね。,success,ああそうなんですね。,True,10,10,0
,027_rcc_13595865_20260714090000_seg_00184,027_rcc_13595865_20260714090000,SPEAKER_00,824.56,825.2,0.64,success,用事があって。,success,用事があって。,True,7,7,0
,027_rcc_13595865_20260714090000_seg_00185,027_rcc_13595865_20260714090000,SPEAKER_00,825.68,826.699957,1.02,success,その時からもう。,success,そん時からもう一人。,False,8,10,2
,027_rcc_13595865_20260714090000_seg_00186,027_rcc_13595865_20260714090000,SPEAKER_00,829.779962,830.539954,0.76,success,ちはんから始まる。,success,じゃあ半から始まる。,False,9,10,1
,027_rcc_13595865_20260714090000_seg_00187,027_rcc_13595865_20260714090000,SPEAKER_00,836.56,837.6,1.04,success,すごいなガタック。,success,すごいなガタッと!,False,9,9,0
,027_rcc_13595865_20260714090000_seg_00188,027_rcc_13595865_20260714090000,SPEAKER_01,839.379968,840.16,0.78,success,バレたら嫌だから。,success,バレたら嫌だから。,True,9,9,0
,027_rcc_13595865_20260714090000_seg_00189,027_rcc_13595865_20260714090000,SPEAKER_01,840.56,841.579962,1.02,success,朝から並んでるんです。,success,朝から並んでるんです。,True,11,11,0
,027_rcc_13595865_20260714090000_seg_00190,027_rcc_13595865_20260714090000,SPEAKER_00,846.16,848.56,2.4,success,しゃべったりとかして楽しいんだろうなとか。,success,しゃべったりとかして楽しいんだろうなとか。,True,21,21,0
,027_rcc_13595865_20260714090000_seg_00191,027_rcc_13595865_20260714090000,SPEAKER_00,848.88,849.739966,0.86,success,思いながら。,success,思いながら。,True,6,6,0
,027_rcc_13595865_20260714090000_seg_00192,027_rcc_13595865_20260714090000,SPEAKER_00,850.96,852.619971,1.66,success,行ったほうがいいのかなとかって思いながら。,success,行ったほうがいいのかなとかって思いながら。,True,21,21,0
,027_rcc_13595865_20260714090000_seg_00193,027_rcc_13595865_20260714090000,SPEAKER_00,856.24,856.939978,0.7,success,気付けてというところ。,success,受付っていうところ。,False,11,10,-1
,027_rcc_13595865_20260714090000_seg_00194,027_rcc_13595865_20260714090000,SPEAKER_00,859.6,860.779944,1.18,success,ああ関係者の方。,success,ああ関係者の。,False,8,7,-1
,027_rcc_13595865_20260714090000_seg_00195,027_rcc_13595865_20260714090000,SPEAKER_00,862.96,863.659949,0.7,success,で一方。,success,で一方。,True,4,4,0
,027_rcc_13595865_20260714090000_seg_00196,027_rcc_13595865_20260714090000,SPEAKER_00,865.84,867.92,2.08,success,ここ間違って並んでも俺入れないよとか。,success,ここ間違って並んでたら俺入れないよとか。,False,19,20,1
,027_rcc_13595865_20260714090000_seg_00197,027_rcc_13595865_20260714090000,SPEAKER_00,868.88,869.899969,1.02,success,ドキドキしながらその感覚。,success,ドキドキしながらその感情。,False,13,13,0
,027_rcc_13595865_20260714090000_seg_00198,027_rcc_13595865_20260714090000,SPEAKER_00,872.56,874.219946,1.66,success,あのさファンの。,success,あのさファンの。,True,8,8,0
,027_rcc_13595865_20260714090000_seg_00199,027_rcc_13595865_20260714090000,SPEAKER_00,875.859949,876.48,0.62,success,開いてさ。,success,大抵さ。,False,5,4,-1
,027_rcc_13595865_20260714090000_seg_00200,027_rcc_13595865_20260714090000,SPEAKER_01,884.8,885.36,0.56,success,フフフ。,success,フフフ。,True,4,4,0
,027_rcc_13595865_20260714090000_seg_00201,027_rcc_13595865_20260714090000,SPEAKER_00,885.52,888.4,2.88,success,なんで俺が入る場所が分かったん?っていうところと。,success,なんで俺が入る場所がわかったん?っていうところと。,False,25,25,0
,027_rcc_13595865_20260714090000_seg_00202,027_rcc_13595865_20260714090000,SPEAKER_00,889.2,891.499976,2.3,success,なんで俺に気付いたの?みたいな男の子。,success,なんで俺に気付いたの?みたいな男の子。,True,19,19,0
,027_rcc_13595865_20260714090000_seg_00203,027_rcc_13595865_20260714090000,SPEAKER_00,893.139978,894.37998,1.24,success,10代真ん中。,success,10代真ん中。,True,7,7,0
,027_rcc_13595865_20260714090000_seg_00204,027_rcc_13595865_20260714090000,SPEAKER_00,902.88,903.92,1.04,success,手渡してくれてさ。,success,手渡してくれてさ。,True,9,9,0
,027_rcc_13595865_20260714090000_seg_00205,027_rcc_13595865_20260714090000,SPEAKER_00,911.6,913.6,2.0,success,横山さんも一緒に応援してもらおうと思って。,success,横山さんも一緒に応援してもらおうと思って。,True,21,21,0
,027_rcc_13595865_20260714090000_seg_00206,027_rcc_13595865_20260714090000,SPEAKER_00,918.64,919.339941,0.7,success,アングリ言って。,success,アングリフット?,False,8,8,0
,027_rcc_13595865_20260714090000_seg_00207,027_rcc_13595865_20260714090000,SPEAKER_00,923.44,924.32,0.88,success,彼は多分。,success,彼は多分彼。,False,5,6,1
,027_rcc_13595865_20260714090000_seg_00208,027_rcc_13595865_20260714090000,SPEAKER_00,924.72,927.84,3.12,success,検査受付のとこにいたら俺が来ると思ったんだよ。,success,社付のとこにいたら俺が来ると思ったんだよ。,False,23,21,-2
,027_rcc_13595865_20260714090000_seg_00209,027_rcc_13595865_20260714090000,SPEAKER_01,928.56,929.68,1.12,success,すごいです。,success,すごいですね。,False,6,7,1
,027_rcc_13595865_20260714090000_seg_00210,027_rcc_13595865_20260714090000,SPEAKER_00,929.84,930.96,1.12,success,びっくりしてさ。,success,びっくりしてさ。,True,8,8,0
,027_rcc_13595865_20260714090000_seg_00211,027_rcc_13595865_20260714090000,SPEAKER_01,931.12,931.92,0.8,success,はいうんうん。,success,はいうんうん。,True,7,7,0
,027_rcc_13595865_20260714090000_seg_00212,027_rcc_13595865_20260714090000,SPEAKER_00,932.0,935.6,3.6,success,乃木坂のコンサートこれまあ俺乃木坂最終まで残ったけど。,success,乃木坂のコンサートこれまあ俺乃木坂最終まで残ったけど。,True,27,27,0
,027_rcc_13595865_20260714090000_seg_00213,027_rcc_13595865_20260714090000,SPEAKER_00,939.28,940.24,0.96,success,年齢で引っかかった。,success,年齢で引っ掛かった。,False,10,10,0
,027_rcc_13595865_20260714090000_seg_00214,027_rcc_13595865_20260714090000,SPEAKER_00,945.939966,947.179968,1.24,success,勝者までもらうところを。,success,勝者までもらうところを。,True,12,12,0
,027_rcc_13595865_20260714090000_seg_00215,027_rcc_13595865_20260714090000,SPEAKER_00,948.88,951.019965,2.14,success,いいですか?って言ったらええー!ってみんなが言って。,success,っつっていいですか?って言ったらええっ!?ってみんなで言って。,False,26,31,5
,027_rcc_13595865_20260714090000_seg_00216,027_rcc_13595865_20260714090000,SPEAKER_01,969.04,970.699957,1.66,success,夢でよかった、夢でよかった。,success,よかった夢でよかった。,False,14,11,-3
,027_rcc_13595865_20260714090000_seg_00217,027_rcc_13595865_20260714090000,SPEAKER_00,976.24,978.0,1.76,success,でもらったのさタオルを。,success,でもらったのさタオルを。,True,12,12,0
,027_rcc_13595865_20260714090000_seg_00218,027_rcc_13595865_20260714090000,SPEAKER_00,979.6,980.16,0.56,success,おはようございます。,success,おはようございます。,True,10,10,0
,027_rcc_13595865_20260714090000_seg_00219,027_rcc_13595865_20260714090000,SPEAKER_00,980.72,982.219946,1.5,success,で、その受付の方も。,success,でその受付の方もですね。,False,10,12,2
,027_rcc_13595865_20260714090000_seg_00220,027_rcc_13595865_20260714090000,SPEAKER_01,986.32,988.939978,2.62,success,来たのに横山さん目当ての方が1人。,success,見に来たのに横山さん目当ての方が1人。,False,17,19,2
,027_rcc_13595865_20260714090000_seg_00221,027_rcc_13595865_20260714090000,SPEAKER_00,992.64,993.259955,0.62,success,つねつ。,success,レッツゴー!,False,4,6,2
,027_rcc_13595865_20260714090000_seg_00222,027_rcc_13595865_20260714090000,SPEAKER_01,1006.48,1007.179968,0.7,success,ねえお名前。,success,ねえお名前。,True,6,6,0
,027_rcc_13595865_20260714090000_seg_00223,027_rcc_13595865_20260714090000,SPEAKER_00,1016.499963,1017.259955,0.76,success,南国城主。,success,南国城下。,False,5,5,0
,027_rcc_13595865_20260714090000_seg_00224,027_rcc_13595865_20260714090000,SPEAKER_00,1019.859949,1020.96,1.1,success,無理なのかな?とか。,success,無理なのかな?とか。,True,10,10,0
,027_rcc_13595865_20260714090000_seg_00225,027_rcc_13595865_20260714090000,SPEAKER_01,1020.96,1021.6,0.64,success,ああ。,success,ああ。,True,3,3,0
,027_rcc_13595865_20260714090000_seg_00226,027_rcc_13595865_20260714090000,SPEAKER_00,1026.57998,1031.76,5.18,success,なんか上司みたいにふるまってる真央さんっていう人のタオルなのかなと思って。,success,上司みたいに振る舞ってる真央さんっていう人のタオルなのかなと思って。,False,37,34,-3
,027_rcc_13595865_20260714090000_seg_00227,027_rcc_13595865_20260714090000,SPEAKER_00,1032.32,1034.4,2.08,success,それをコンサートのとき分からずに。,success,それをコンサートの時分からずに。,False,17,16,-1
,027_rcc_13595865_20260714090000_seg_00228,027_rcc_13595865_20260714090000,SPEAKER_01,1034.48,1035.499976,1.02,success,勘違いです。,success,勘違いです。,True,6,6,0
,027_rcc_13595865_20260714090000_seg_00229,027_rcc_13595865_20260714090000,SPEAKER_00,1042.08,1043.179907,1.1,success,関係者席だけ。,success,関係者席だ。,False,7,6,-1
,027_rcc_13595865_20260714090000_seg_00230,027_rcc_13595865_20260714090000,SPEAKER_00,1056.56,1057.2,0.64,success,思いながら。,success,思いながら。,True,6,6,0
,027_rcc_13595865_20260714090000_seg_00231,027_rcc_13595865_20260714090000,SPEAKER_00,1057.52,1058.059912,0.54,success,途中で。,success,途中で!,False,4,4,0
,027_rcc_13595865_20260714090000_seg_00232,027_rcc_13595865_20260714090000,SPEAKER_01,1064.08,1064.780005,0.7,success,ありましたね。,success,ありましたね。,True,7,7,0
,027_rcc_13595865_20260714090000_seg_00233,027_rcc_13595865_20260714090000,SPEAKER_00,1069.92,1071.76,1.84,success,500城って書いてあった。,success,500城って書いてある。,False,13,12,-1
,027_rcc_13595865_20260714090000_seg_00234,027_rcc_13595865_20260714090000,SPEAKER_01,1077.52,1078.48,0.96,success,1人だけパッて見ると。,success,1回だけパッて見ると。,False,11,11,0
,027_rcc_13595865_20260714090000_seg_00235,027_rcc_13595865_20260714090000,SPEAKER_00,1080.88,1083.499976,2.62,success,人?って思いながら、結局。,success,人って思いながら結局。,False,13,11,-2
,027_rcc_13595865_20260714090000_seg_00236,027_rcc_13595865_20260714090000,SPEAKER_00,1084.72,1085.92,1.2,success,が終わってから。,success,全部が終わってから。,False,8,10,2
,027_rcc_13595865_20260714090000_seg_00237,027_rcc_13595865_20260714090000,SPEAKER_01,1085.92,1086.72,0.8,success,えっ終わってから?,success,えっ終わってから?,True,9,9,0
,027_rcc_13595865_20260714090000_seg_00238,027_rcc_13595865_20260714090000,SPEAKER_00,1086.72,1087.339941,0.62,success,終わってから。,success,割ってか?,False,7,5,-2
,027_rcc_13595865_20260714090000_seg_00239,027_rcc_13595865_20260714090000,SPEAKER_00,1089.44,1090.219946,0.78,success,コンサートの会場。,success,コンサートの会場。,True,9,9,0
,027_rcc_13595865_20260714090000_seg_00240,027_rcc_13595865_20260714090000,SPEAKER_00,1092.88,1094.059912,1.18,success,録音とか録画とかしてるし。,success,文とか録画とかしてるし。,False,13,12,-1
,027_rcc_13595865_20260714090000_seg_00241,027_rcc_13595865_20260714090000,SPEAKER_00,1101.52,1102.219946,0.7,success,みたいなの?,success,みたいなの?,True,6,6,0
,027_rcc_13595865_20260714090000_seg_00242,027_rcc_13595865_20260714090000,SPEAKER_00,1103.44,1105.099951,1.66,success,日置!とか言いたかったの?,success,陽気!とか言いたかった!,False,13,12,-1
,027_rcc_13595865_20260714090000_seg_00243,027_rcc_13595865_20260714090000,SPEAKER_00,1106.32,1107.2,0.88,success,あとかっちり。,success,パッ!とか。,False,7,6,-1
,027_rcc_13595865_20260714090000_seg_00244,027_rcc_13595865_20260714090000,SPEAKER_01,1107.68,1108.8,1.12,success,それ、猪木ね。,success,それ猪木ね。,False,7,6,-1
,027_rcc_13595865_20260714090000_seg_00245,027_rcc_13595865_20260714090000,SPEAKER_00,1108.8,1109.84,1.04,success,ビンタして!とか。,success,ビンタしてとか。,False,9,8,-1
,027_rcc_13595865_20260714090000_seg_00246,027_rcc_13595865_20260714090000,SPEAKER_01,1111.2,1112.0,0.8,success,届かない、届かない。,success,届かない届かない。,False,10,9,-1
,027_rcc_13595865_20260714090000_seg_00247,027_rcc_13595865_20260714090000,SPEAKER_00,1117.36,1118.0,0.64,success,なのに。,success,なのに。,True,4,4,0
,027_rcc_13595865_20260714090000_seg_00248,027_rcc_13595865_20260714090000,SPEAKER_00,1118.64,1119.92,1.28,success,全然叫べなかったの。,success,全然叫べなかったの。,True,10,10,0
,027_rcc_13595865_20260714090000_seg_00249,027_rcc_13595865_20260714090000,SPEAKER_00,1120.56,1124.8,4.24,success,でもみんながうちわにさメッセージ書いてるの見たから。,success,でもみんながうちわにさメッセージ書いてるの見たから。,True,26,26,0
,027_rcc_13595865_20260714090000_seg_00250,027_rcc_13595865_20260714090000,SPEAKER_00,1125.12,1126.219946,1.1,success,そうか今!,success,そうかいいな!,False,5,7,2
,027_rcc_13595865_20260714090000_seg_00251,027_rcc_13595865_20260714090000,SPEAKER_00,1129.04,1129.579932,0.54,success,こうやって!,success,こうやって!,True,6,6,0
,027_rcc_13595865_20260714090000_seg_00252,027_rcc_13595865_20260714090000,SPEAKER_00,1131.219995,1132.16,0.94,success,テンション取りながら。,success,テンション取りながら。,True,11,11,0
,027_rcc_13595865_20260714090000_seg_00253,027_rcc_13595865_20260714090000,SPEAKER_00,1132.4,1137.2,4.8,success,みんな楽しんでんだと思ったから俺もう次回からむっちゃ書いていこうと思ってる。,success,みんな楽しんでんだと思ったから俺もう次回からむっちゃ書いていこうと思ってる。,True,38,38,0
,027_rcc_13595865_20260714090000_seg_00254,027_rcc_13595865_20260714090000,SPEAKER_00,1166.48,1167.019995,0.54,success,俺だから。,success,俺!,False,5,2,-3
,027_rcc_13595865_20260714090000_seg_00255,027_rcc_13595865_20260714090000,SPEAKER_00,1174.96,1176.16,1.2,success,指でハートして!とかさ。,success,指でハートして!とかさ。,True,12,12,0
,027_rcc_13595865_20260714090000_seg_00256,027_rcc_13595865_20260714090000,SPEAKER_00,1185.52,1186.64,1.12,success,みたいなのとか。,success,みたいなのとか。,True,8,8,0
,027_rcc_13595865_20260714090000_seg_00257,027_rcc_13595865_20260714090000,SPEAKER_00,1187.2,1189.44,2.24,success,なんか上がる株教えてとか。,success,いやいや何か上がる株教えてとか。,False,13,16,3
,027_rcc_13595865_20260714090000_seg_00258,027_rcc_13595865_20260714090000,SPEAKER_01,1200.4,1201.28,0.88,success,乃木坂の方々。,success,乃木坂の方々。,True,7,7,0
,027_rcc_13595865_20260714090000_seg_00259,027_rcc_13595865_20260714090000,SPEAKER_00,1209.76,1211.179907,1.42,success,あと中にハグしてみたり。,success,あと中にハグしてみて。,False,12,11,-1
,027_rcc_13595865_20260714090000_seg_00260,027_rcc_13595865_20260714090000,SPEAKER_01,1216.24,1218.0,1.76,success,直接はハグできないから。,success,直接はハグできないから!,False,12,12,0
,027_rcc_13595865_20260714090000_seg_00261,027_rcc_13595865_20260714090000,SPEAKER_01,1222.08,1223.28,1.2,success,ちょっと!,success,ちょっと!,True,5,5,0
,027_rcc_13595865_20260714090000_seg_00262,027_rcc_13595865_20260714090000,SPEAKER_00,1223.44,1225.099951,1.66,success,俺だからとりあえず。,success,俺だからとりあえず。,True,10,10,0
,027_rcc_13595865_20260714090000_seg_00263,027_rcc_13595865_20260714090000,SPEAKER_01,1227.84,1229.9,2.06,success,そういう本気の願いを書いてる人いない。,success,そういう本気の願いを書いてる人いない。,True,19,19,0
,027_rcc_13595865_20260714090000_seg_00264,027_rcc_13595865_20260714090000,SPEAKER_00,1233.04,1234.0,0.96,success,言ったら。,success,っつって言ったら。,False,5,9,4
,027_rcc_13595865_20260714090000_seg_00265,027_rcc_13595865_20260714090000,SPEAKER_00,1236.4,1236.96,0.56,success,あるんじゃないかと。,success,あるんじゃないかと。,True,10,10,0
,027_rcc_13595865_20260714090000_seg_00266,027_rcc_13595865_20260714090000,SPEAKER_01,1237.44,1238.56,1.12,success,そこまで!?,success,そこまで。,False,6,5,-1
,027_rcc_13595865_20260714090000_seg_00267,027_rcc_13595865_20260714090000,SPEAKER_00,1239.28,1240.32,1.04,success,むっちゃ興奮して。,success,むっちゃ興奮して何?,False,9,10,1
,027_rcc_13595865_20260714090000_seg_00268,027_rcc_13595865_20260714090000,SPEAKER_01,1245.12,1245.739966,0.62,success,そう。,success,そうだ。,False,3,4,1
,027_rcc_13595865_20260714090000_seg_00269,027_rcc_13595865_20260714090000,SPEAKER_01,1246.96,1249.92,2.96,success,乃木坂さんのほうがのど渇いてると思いますよ、きっと。,success,乃木坂さんのほうがのど渇いてると思いますよ。,False,26,22,-4
,027_rcc_13595865_20260714090000_seg_00270,027_rcc_13595865_20260714090000,SPEAKER_01,1250.32,1255.819922,5.5,success,あんだけねパフォーマンスも素晴らしかったですし私も関係者席にちょっと。,success,あんだけねパフォーマンスも素晴らしかったですし私も関係者席にちょっと。,True,35,35,0
,027_rcc_13595865_20260714090000_seg_00271,027_rcc_13595865_20260714090000,SPEAKER_01,1260.88,1261.579932,0.7,success,これ見ていい?,success,これ見ていい?,True,7,7,0
,027_rcc_13595865_20260714090000_seg_00272,027_rcc_13595865_20260714090000,SPEAKER_01,1263.76,1265.9,2.14,success,全体が見渡せるようなところ。,success,結構全体が見渡せるようなところで。,False,14,17,3
,027_rcc_13595865_20260714090000_seg_00273,027_rcc_13595865_20260714090000,SPEAKER_00,1270.96,1271.659949,0.7,success,ああ。,success,うん。,False,3,3,0
,027_rcc_13595865_20260714090000_seg_00274,027_rcc_13595865_20260714090000,SPEAKER_01,1273.36,1275.499976,2.14,success,もう印象的にはやっぱりこう。,success,もう印象的にはやっぱりこう。,True,14,14,0
,027_rcc_13595865_20260714090000_seg_00275,027_rcc_13595865_20260714090000,SPEAKER_01,1277.12,1279.339941,2.22,success,タオルを持ってそういう応援グッズを持って。,success,タオルを持ってっていうかそういう応援グッズを持って。,False,21,26,5
,027_rcc_13595865_20260714090000_seg_00276,027_rcc_13595865_20260714090000,SPEAKER_01,1281.04,1282.219946,1.18,success,するっていうイメージだった。,success,するっていうイメージだった。,True,14,14,0
,027_rcc_13595865_20260714090000_seg_00277,027_rcc_13595865_20260714090000,SPEAKER_01,1285.36,1287.92,2.56,success,あるけれども全力で応援させてもらいます。,success,あるけれども全力で応援させてもらいます。,True,20,20,0
,027_rcc_13595865_20260714090000_seg_00278,027_rcc_13595865_20260714090000,SPEAKER_01,1288.8,1292.4,3.6,success,思って1時間くらい前に私は行って。,success,思って1時間くらい前に私は行って。,True,17,17,0
,027_rcc_13595865_20260714090000_seg_00279,027_rcc_13595865_20260714090000,SPEAKER_01,1294.8,1296.32,1.52,success,でグッズ売り場に。,success,でグッズ売り場に。,True,9,9,0
,027_rcc_13595865_20260714090000_seg_00280,027_rcc_13595865_20260714090000,SPEAKER_00,1299.36,1300.939917,1.58,success,あれ1個いくらすんの?,success,あれ1個いくらすんの?,True,11,11,0
,027_rcc_13595865_20260714090000_seg_00281,027_rcc_13595865_20260714090000,SPEAKER_00,1303.2,1304.64,1.44,success,みんな2本持ってたじゃん。,success,みんな2本持ってたじゃん。,True,13,13,0
,027_rcc_13595865_20260714090000_seg_00282,027_rcc_13595865_20260714090000,SPEAKER_01,1304.64,1306.699927,2.06,success,そうあれね私もなんで?,success,そうあれね私もう何で?,False,11,11,0
,027_rcc_13595865_20260714090000_seg_00283,027_rcc_13595865_20260714090000,SPEAKER_01,1310.32,1311.28,0.96,success,理由があった?,success,はいはい。,False,7,5,-2
,027_rcc_13595865_20260714090000_seg_00284,027_rcc_13595865_20260714090000,SPEAKER_01,1313.2,1313.9,0.7,success,で。,success,で!,False,2,2,0
,027_rcc_13595865_20260714090000_seg_00285,027_rcc_13595865_20260714090000,SPEAKER_01,1316.56,1318.32,1.76,success,ポポを押しているよっていう。,success,いとこを推しているよっていう。,False,14,15,1
,027_rcc_13595865_20260714090000_seg_00286,027_rcc_13595865_20260714090000,SPEAKER_01,1321.36,1322.16,0.8,success,乃木坂。,success,乃木坂。,True,4,4,0
,027_rcc_13595865_20260714090000_seg_00287,027_rcc_13595865_20260714090000,SPEAKER_01,1323.12,1324.88,1.76,success,だから1本だと表せない。,success,だから1本だと表せない。,True,12,12,0
,027_rcc_13595865_20260714090000_seg_00288,027_rcc_13595865_20260714090000,SPEAKER_01,1330.48,1332.96,2.48,success,応援してるっていうサインになるらしくて。,success,応援してるっていうサインになるらしくて。,True,20,20,0
,027_rcc_13595865_20260714090000_seg_00289,027_rcc_13595865_20260714090000,SPEAKER_00,1336.24,1338.48,2.24,success,じゃあもう右腕と左腕をこう色塗って。,success,じゃあもう右腕と左腕をこう色塗って。,True,18,18,0
,027_rcc_13595865_20260714090000_seg_00290,027_rcc_13595865_20260714090000,SPEAKER_01,1338.56,1339.44,0.88,success,ハハハハ!,success,いや!,False,5,3,-2
,027_rcc_13595865_20260714090000_seg_00291,027_rcc_13595865_20260714090000,SPEAKER_01,1341.52,1342.4,0.88,success,腕で表現!,success,腕で表現!,True,5,5,0
,027_rcc_13595865_20260714090000_seg_00292,027_rcc_13595865_20260714090000,SPEAKER_00,1342.48,1343.52,1.04,success,右、はい、左。,success,右肺だ。,False,7,4,-3
,027_rcc_13595865_20260714090000_seg_00293,027_rcc_13595865_20260714090000,SPEAKER_00,1345.28,1347.68,2.4,success,ララララライ、ラララ、ライみたいな感じ。,success,ないないない!みたいな感じ。,False,20,14,-6
,027_rcc_13595865_20260714090000_seg_00294,027_rcc_13595865_20260714090000,SPEAKER_01,1352.64,1353.259985,0.62,success,多分そうです。,success,多分そうです!,False,7,7,0
,027_rcc_13595865_20260714090000_seg_00295,027_rcc_13595865_20260714090000,SPEAKER_01,1356.88,1357.579932,0.7,success,まあまあ。,success,まあまあ。,True,5,5,0
,027_rcc_13595865_20260714090000_seg_00296,027_rcc_13595865_20260714090000,SPEAKER_01,1367.92,1368.619971,0.7,success,はいはいはい。,success,はいはいはい。,True,7,7,0
,027_rcc_13595865_20260714090000_seg_00297,027_rcc_13595865_20260714090000,SPEAKER_00,1370.64,1371.2,0.56,success,貸してとか。,success,出してとか。,False,6,6,0
,027_rcc_13595865_20260714090000_seg_00298,027_rcc_13595865_20260714090000,SPEAKER_01,1371.44,1371.979956,0.54,success,それ。,success,それ。,True,3,3,0
,027_rcc_13595865_20260714090000_seg_00299,027_rcc_13595865_20260714090000,SPEAKER_00,1380.4,1382.539954,2.14,success,日経平均株価はどうなりますか?,success,日経平均株価はどうなりますか?,True,15,15,0
,027_rcc_13595865_20260714090000_seg_00300,027_rcc_13595865_20260714090000,SPEAKER_01,1387.6,1388.4,0.8,success,まあまあそうですね。,success,まあまあそうですね。,True,10,10,0
,027_rcc_13595865_20260714090000_seg_00301,027_rcc_13595865_20260714090000,SPEAKER_01,1388.8,1391.179907,2.38,success,しかたはさまざまですけど私はペンライト。,success,のしかたはさまざまですけど私はペンライト。,False,20,21,1
,027_rcc_13595865_20260714090000_seg_00302,027_rcc_13595865_20260714090000,SPEAKER_01,1394.72,1395.499976,0.78,success,私は。,success,私は。,True,3,3,0
,027_rcc_13595865_20260714090000_seg_00303,027_rcc_13595865_20260714090000,SPEAKER_01,1398.64,1399.28,0.64,success,キャハハ。,success,フフフ。,False,5,4,-1
,027_rcc_13595865_20260714090000_seg_00304,027_rcc_13595865_20260714090000,SPEAKER_00,1405.28,1406.16,0.88,success,検索ね。,success,原作ね。,False,4,4,0
,027_rcc_13595865_20260714090000_seg_00305,027_rcc_13595865_20260714090000,SPEAKER_01,1406.4,1407.499976,1.1,success,捨ててもらって!,success,捨ててもらって。,False,8,8,0
,027_rcc_13595865_20260714090000_seg_00306,027_rcc_13595865_20260714090000,SPEAKER_01,1414.0,1414.699927,0.7,success,くらいに。,success,くらいに。,True,5,5,0
,027_rcc_13595865_20260714090000_seg_00307,027_rcc_13595865_20260714090000,SPEAKER_00,1419.44,1419.979956,0.54,success,クマ。,success,まあ。,False,3,3,0
,027_rcc_13595865_20260714090000_seg_00308,027_rcc_13595865_20260714090000,SPEAKER_00,1421.84,1423.2,1.36,success,みんなさ。,success,メンギカザ!,False,5,6,1
,027_rcc_13595865_20260714090000_seg_00309,027_rcc_13595865_20260714090000,SPEAKER_00,1426.48,1427.179907,0.7,success,スタートは。,success,スタートは。,True,6,6,0
,027_rcc_13595865_20260714090000_seg_00310,027_rcc_13595865_20260714090000,SPEAKER_00,1440.88,1441.579932,0.7,success,だから。,success,だから。,True,4,4,0
,027_rcc_13595865_20260714090000_seg_00311,027_rcc_13595865_20260714090000,SPEAKER_01,1443.28,1444.24,0.96,success,ああはあ。,success,ああはあ。,True,5,5,0
,027_rcc_13595865_20260714090000_seg_00312,027_rcc_13595865_20260714090000,SPEAKER_00,1444.32,1445.44,1.12,success,乃木坂はそれがない。,success,乃木坂それが乃木坂!,False,10,10,0
,027_rcc_13595865_20260714090000_seg_00313,027_rcc_13595865_20260714090000,SPEAKER_00,1448.24,1449.52,1.28,success,出てくれば出てくるほど。,success,出てくれば出てくるほど。,True,12,12,0
,027_rcc_13595865_20260714090000_seg_00314,027_rcc_13595865_20260714090000,SPEAKER_00,1450.96,1452.13999,1.18,success,顔面偏差。,success,顔面偏差。,True,5,5,0
,027_rcc_13595865_20260714090000_seg_00315,027_rcc_13595865_20260714090000,SPEAKER_00,1460.56,1461.259985,0.7,success,ディレクターが今。,success,ddとか言う?,False,9,7,-2
,027_rcc_13595865_20260714090000_seg_00316,027_rcc_13595865_20260714090000,SPEAKER_00,1466.8,1467.6,0.8,success,組んでます。,success,踏んでます!,False,6,6,0
,027_rcc_13595865_20260714090000_seg_00317,027_rcc_13595865_20260714090000,SPEAKER_01,1473.939966,1474.699927,0.76,success,出演させてもらった。,success,出演させてもらった。,True,10,10,0
,027_rcc_13595865_20260714090000_seg_00318,027_rcc_13595865_20260714090000,SPEAKER_01,1479.36,1480.939917,1.58,success,出ていただいてでもちょっと何か。,success,出ていただいてでもちょっと何か。,True,16,16,0
,027_rcc_13595865_20260714090000_seg_00319,027_rcc_13595865_20260714090000,SPEAKER_01,1494.16,1500.08,5.92,success,自分の思いを全力で出すのはちょっとどうかなと思いながらせっかくペンライト。,success,自分の思いを全力で出すのはちょっとどうかなと思いながら的確ペンライトを。,False,37,36,-1
,027_rcc_13595865_20260714090000_seg_00320,027_rcc_13595865_20260714090000,SPEAKER_01,1502.88,1505.36,2.48,success,いやいやいやいや、お手頃だと思いますよ。,success,いやいやいやいやお手頃だと思いますよ。,False,20,19,-1
,027_rcc_13595865_20260714090000_seg_00321,027_rcc_13595865_20260714090000,SPEAKER_00,1507.2,1507.92,0.72,success,だってもう。,success,だってもう。,True,6,6,0
,027_rcc_13595865_20260714090000_seg_00322,027_rcc_13595865_20260714090000,SPEAKER_00,1508.56,1510.699927,2.14,success,近所で工事があった時はいこっちいいや。,success,あの近所で工事があった時はいこっちや。,False,19,19,0
,027_rcc_13595865_20260714090000_seg_00323,027_rcc_13595865_20260714090000,SPEAKER_01,1512.48,1513.04,0.56,success,ええ。,success,えい!,False,3,3,0
,027_rcc_13595865_20260714090000_seg_00324,027_rcc_13595865_20260714090000,SPEAKER_00,1513.04,1516.16,3.12,success,今週金曜日の横山ナイトのマンさんぐらいだったから、あれ使えるの。,success,今週金曜日の横山ナイトのマンさんぐらいだったからあれ使えるの。,False,32,31,-1
,027_rcc_13595865_20260714090000_seg_00325,027_rcc_13595865_20260714090000,SPEAKER_01,1522.88,1526.0,3.12,success,それを飾るだけでももううれしいんですよ、ファンは。,success,それを飾るだけでももううれしいんですよファンは。,False,25,24,-1
,027_rcc_13595865_20260714090000_seg_00326,027_rcc_13595865_20260714090000,SPEAKER_01,1534.0,1535.179907,1.18,success,ちょっとだけ振りながら。,success,ちょっとだけ振りながら。,True,12,12,0
,027_rcc_13595865_20260714090000_seg_00327,027_rcc_13595865_20260714090000,SPEAKER_00,1536.4,1537.84,1.44,success,あの人おなかが光ってる人。,success,あの人おなかが光ってる人。,True,13,13,0
,027_rcc_13595865_20260714090000_seg_00328,027_rcc_13595865_20260714090000,SPEAKER_01,1537.92,1538.539954,0.62,success,アハハハ。,success,アハハハ!,False,5,5,0
,027_rcc_13595865_20260714090000_seg_00329,027_rcc_13595865_20260714090000,SPEAKER_01,1546.96,1547.68,0.72,success,お会いして。,success,お会いして。,True,6,6,0
,027_rcc_13595865_20260714090000_seg_00330,027_rcc_13595865_20260714090000,SPEAKER_00,1547.68,1549.28,1.6,success,ペンライト10個ぐらい持ってなかった?,success,ペンライト10個ぐらい持ってなかった?,True,19,19,0
,027_rcc_13595865_20260714090000_seg_00331,027_rcc_13595865_20260714090000,SPEAKER_00,1550.24,1552.32,2.08,success,お前、すごいな。,success,お前すごいな!,False,8,7,-1
,027_rcc_13595865_20260714090000_seg_00332,027_rcc_13595865_20260714090000,SPEAKER_00,1553.36,1553.899939,0.54,success,みたいな。,success,みたいな。,True,5,5,0
,027_rcc_13595865_20260714090000_seg_00333,027_rcc_13595865_20260714090000,SPEAKER_00,1555.6,1556.299902,0.7,success,乃木!,success,乃木!,True,3,3,0
,027_rcc_13595865_20260714090000_seg_00334,027_rcc_13595865_20260714090000,SPEAKER_01,1560.4,1561.6,1.2,success,そこまでではなかったです。,success,そこまでではなかったです。,True,13,13,0
,027_rcc_13595865_20260714090000_seg_00335,027_rcc_13595865_20260714090000,SPEAKER_01,1567.12,1568.299902,1.18,success,開けさせてもらって。,success,開けさせてもらって。,True,10,10,0
,027_rcc_13595865_20260714090000_seg_00336,027_rcc_13595865_20260714090000,SPEAKER_00,1570.08,1570.699927,0.62,success,えっ!,success,えっ!?,False,3,4,1
,027_rcc_13595865_20260714090000_seg_00337,027_rcc_13595865_20260714090000,SPEAKER_00,1573.36,1575.44,2.08,success,よく似てるって言われるんですけど違いますよ。,success,よく似てるって言われるんですけど違いますよ。,True,22,22,0
,027_rcc_13595865_20260714090000_seg_00338,027_rcc_13595865_20260714090000,SPEAKER_01,1575.76,1578.37998,2.62,success,いやいやご本人だったんですけどでもまだ。,success,いやいやご本人だったんですけどでもまさか。,False,20,21,1
,027_rcc_13595865_20260714090000_seg_00339,027_rcc_13595865_20260714090000,SPEAKER_00,1583.6,1586.059912,2.46,success,銀行強盗よりも顔隠してるからねいっつもね。,success,銀行強盗よりも顔隠してるからねいつもね。,False,21,20,-1
,027_rcc_13595865_20260714090000_seg_00340,027_rcc_13595865_20260714090000,SPEAKER_00,1592.56,1593.259985,0.7,success,ああ。,success,ああ。,True,3,3,0
,027_rcc_13595865_20260714090000_seg_00341,027_rcc_13595865_20260714090000,SPEAKER_01,1595.44,1596.08,0.64,success,割れてますよね、これ。,success,売れてますよねこれ。,False,11,10,-1
,027_rcc_13595865_20260714090000_seg_00342,027_rcc_13595865_20260714090000,SPEAKER_00,1596.8,1597.579932,0.78,success,ダニー。,success,ダニー。,True,4,4,0
,027_rcc_13595865_20260714090000_seg_00343,027_rcc_13595865_20260714090000,SPEAKER_01,1599.84,1600.64,0.8,success,恐れ多すぎる。,success,恐れ多すぎる。,True,7,7,0
,027_rcc_13595865_20260714090000_seg_00344,027_rcc_13595865_20260714090000,SPEAKER_00,1601.76,1604.779944,3.02,success,乃木坂のファンたちがまた来て荒れたり。,success,乃木坂のファンたちがまた来て荒れたりとか。,False,19,21,2
,027_rcc_13595865_20260714090000_seg_00345,027_rcc_13595865_20260714090000,SPEAKER_00,1606.0,1607.44,1.44,success,ねえ口の中。,success,ねえあの口の中。,False,6,8,2
,027_rcc_13595865_20260714090000_seg_00346,027_rcc_13595865_20260714090000,SPEAKER_00,1608.08,1609.579932,1.5,success,やつがいっぱい来るんだろうからさ、snsで。,success,ってやつがいっぱい来るんだろうからさsnsに。,False,22,23,1
,027_rcc_13595865_20260714090000_seg_00347,027_rcc_13595865_20260714090000,SPEAKER_01,1611.76,1613.419897,1.66,success,言おうか迷ったんですけど。,success,言おうか迷ったんですけど。,True,13,13,0
,027_rcc_13595865_20260714090000_seg_00348,027_rcc_13595865_20260714090000,SPEAKER_01,1626.32,1627.52,1.2,success,ああそうです。,success,フッうんそうです。,False,7,9,2
,027_rcc_13595865_20260714090000_seg_00349,027_rcc_13595865_20260714090000,SPEAKER_00,1627.76,1630.219946,2.46,success,おばちゃんがあんた乃木坂の遠藤さんに似とるね。,success,トムちゃんがあんた乃木坂の遠藤さんに似とるね。,False,23,23,0
,027_rcc_13595865_20260714090000_seg_00350,027_rcc_13595865_20260714090000,SPEAKER_01,1638.24,1638.8,0.56,success,あらすてき。,success,すてき。,False,6,4,-2
,027_rcc_13595865_20260714090000_seg_00351,027_rcc_13595865_20260714090000,SPEAKER_00,1640.56,1641.259985,0.7,success,話はやめてください。,success,会社辞めてください。,False,10,10,0
,027_rcc_13595865_20260714090000_seg_00352,027_rcc_13595865_20260714090000,SPEAKER_00,1648.72,1649.419897,0.7,success,バタバタしてるか。,success,バタバタしてるか?,False,9,9,0
,027_rcc_13595865_20260714090000_seg_00353,027_rcc_13595865_20260714090000,SPEAKER_01,1655.92,1656.64,0.72,success,はいはい。,success,はいはい。,True,5,5,0
,027_rcc_13595865_20260714090000_seg_00354,027_rcc_13595865_20260714090000,SPEAKER_00,1656.96,1657.76,0.8,success,やめてください。,success,やめてください。,True,8,8,0
,027_rcc_13595865_20260714090000_seg_00355,027_rcc_13595865_20260714090000,SPEAKER_01,1660.16,1660.939917,0.78,success,本当!,success,本当!,True,3,3,0
,027_rcc_13595865_20260714090000_seg_00356,027_rcc_13595865_20260714090000,SPEAKER_01,1664.019922,1664.779944,0.76,success,ペラ何が出てくる?,success,エッペラ何が出てくる?,False,9,11,2
,027_rcc_13595865_20260714090000_seg_00357,027_rcc_13595865_20260714090000,SPEAKER_02,1685.68,1686.4,0.72,success,さあ午前様。,success,さあ午前様!,False,6,6,0
,027_rcc_13595865_20260714090000_seg_00358,027_rcc_13595865_20260714090000,SPEAKER_01,1686.4,1687.339941,0.94,success,パサマ商品開発。,success,パサマ商品開発。,True,8,8,0
,027_rcc_13595865_20260714090000_seg_00359,027_rcc_13595865_20260714090000,SPEAKER_01,1688.56,1690.219946,1.66,success,皆さんにゴーストライターになっていただきます。,success,皆さんにゴーストライターになって頂きます。,False,23,21,-2
,027_rcc_13595865_20260714090000_seg_00360,027_rcc_13595865_20260714090000,SPEAKER_01,1695.28,1696.459937,1.18,success,ゴーストライター。,success,ゴーストライター!,False,9,9,0
,027_rcc_13595865_20260714090000_seg_00361,027_rcc_13595865_20260714090000,SPEAKER_00,1702.96,1704.13999,1.18,success,この曲。,success,この曲!,False,4,4,0
,027_rcc_13595865_20260714090000_seg_00362,027_rcc_13595865_20260714090000,SPEAKER_01,1714.96,1718.539893,3.58,success,92年リリースの1曲govansのときめきはグランプリ。,success,92年リリースの一曲govansのときめきはグランドスラム。,False,28,30,2
,027_rcc_13595865_20260714090000_seg_00363,027_rcc_13595865_20260714090000,SPEAKER_01,1719.76,1725.259985,5.5,success,この歌詞が隠された部分本当はキスが上手じゃなくちゃ素直にならないよなんです。,success,この歌詞が隠された部分本当はキスが上手じゃなくちゃ素直にならないよな。,False,38,35,-3
,027_rcc_13595865_20260714090000_seg_00364,027_rcc_13595865_20260714090000,SPEAKER_01,1726.48,1727.179907,0.7,success,白い歌詞を入れて。,success,白い歌詞を入れて。,True,9,9,0
,027_rcc_13595865_20260714090000_seg_00365,027_rcc_13595865_20260714090000,SPEAKER_00,1728.4,1732.88,4.48,success,vtrでは午前様様の優秀なディレクター陣が考えましたgovans。,success,それでは午前様様の優秀なディレクター陣が考えましたgovans。,False,33,32,-1
,027_rcc_13595865_20260714090000_seg_00366,027_rcc_13595865_20260714090000,SPEAKER_00,1734.64,1736.779944,2.14,success,の替え歌例文。,success,の替え歌礼文。,False,7,7,0
,027_rcc_13595865_20260714090000_seg_00367,027_rcc_13595865_20260714090000,SPEAKER_00,1744.24,1747.339941,3.1,success,ついてないと思うけど、世界はずっと肩にカメムシの。,success,気付いてないと思うけど関はずっと肩にカメムシ乗ってた。,False,25,27,2
,027_rcc_13595865_20260714090000_seg_00368,027_rcc_13595865_20260714090000,SPEAKER_00,1753.44,1755.019934,1.58,success,ただカメムシが乗って。,success,ただカメムシが乗っています。,False,11,14,3
,027_rcc_13595865_20260714090000_seg_00369,027_rcc_13595865_20260714090000,SPEAKER_00,1761.84,1762.64,0.8,success,かんだほうが。,success,かんだ方がいい。,False,7,8,1
,027_rcc_13595865_20260714090000_seg_00370,027_rcc_13595865_20260714090000,SPEAKER_00,1762.96,1764.24,1.28,success,4つごとよね。,success,4つことよね。,False,7,7,0
,027_rcc_13595865_20260714090000_seg_00371,027_rcc_13595865_20260714090000,SPEAKER_01,1764.4,1765.36,0.96,success,遠回しに。,success,遠回しに。,True,5,5,0
,027_rcc_13595865_20260714090000_seg_00372,027_rcc_13595865_20260714090000,SPEAKER_01,1785.04,1785.739966,0.7,success,なネタが届いた。,success,何かが届いた。,False,8,7,-1
,027_rcc_13595865_20260714090000_seg_00373,027_rcc_13595865_20260714090000,SPEAKER_00,1808.0,1814.32,6.32,success,ではいきましょう朝の運試し御前様クイズ!,success,ではいきましょう朝の運試し御前様クイズ!,True,20,20,0
,027_rcc_13595865_20260714090000_seg_00374,027_rcc_13595865_20260714090000,SPEAKER_02,1814.64,1819.28,4.64,success,このコーナーは、きょうもおいしく!丸美屋食品の提供でお送りします。,success,このコーナーは今日もおいしく!丸美屋食品の提供でお送りします。,False,33,31,-2
,027_rcc_13595865_20260714090000_seg_00375,027_rcc_13595865_20260714090000,SPEAKER_02,1820.08,1825.579932,5.5,success,今日の夕飯どうしようかねとお考えの皆さんにお知らせです。,success,今日の夕飯どうしようかねとお考えの皆さんにお知らせです。,True,28,28,0
,027_rcc_13595865_20260714090000_seg_00376,027_rcc_13595865_20260714090000,SPEAKER_02,1840.88,1856.08,15.2,success,クイズの正解者の中から抽選で2人の方に丸美食品からのり玉釜飯の素麻婆豆腐の素をはじめとした商品5点詰め合わせをプレゼントします応募の際にはクイズの答えと住所氏名年齢電話番号をお忘れなく。,success,クイズの正解者の中から抽選で2人の方に丸美屋食品からのりたま釜飯の素麻婆豆腐の素をはじめとした商品5点詰め合わせをプレゼントします応募の際にはクイズの答えと住所氏名年齢電話番号をお忘れなく。,False,93,95,2
,027_rcc_13595865_20260714090000_seg_00377,027_rcc_13595865_20260714090000,SPEAKER_00,1856.4,1867.339941,10.94,success,では今週の午前様会議のテーマtho応援にちなんで今日は橋本里菜問題です!,success,では今週の午前様会議のテーマtho応援にちなんで今日は橋本里菜問題です!,True,36,36,0
,027_rcc_13595865_20260714090000_seg_00378,027_rcc_13595865_20260714090000,SPEAKER_02,1868.64,1871.68,3.04,success,はい妹がいるんですけれども。,success,はいえ妹がいるんですけれども。,False,14,15,1
,027_rcc_13595865_20260714090000_seg_00379,027_rcc_13595865_20260714090000,SPEAKER_02,1872.0,1873.28,1.28,success,3つ下に妹がいます。,success,3つ下に妹がいます。,True,10,10,0
,027_rcc_13595865_20260714090000_seg_00380,027_rcc_13595865_20260714090000,SPEAKER_02,1873.6,1875.68,2.08,success,陸上部だったんですよ。,success,陸上部だったんですよ。,True,11,11,0
,027_rcc_13595865_20260714090000_seg_00381,027_rcc_13595865_20260714090000,SPEAKER_00,1875.68,1877.04,1.36,success,逃げ足速いタイプです。,success,逃げ足速いタイプですね。,False,11,12,1
,027_rcc_13595865_20260714090000_seg_00382,027_rcc_13595865_20260714090000,SPEAKER_02,1878.08,1878.72,0.64,success,そうですね。,success,そうですね。,True,6,6,0
,027_rcc_13595865_20260714090000_seg_00383,027_rcc_13595865_20260714090000,SPEAKER_02,1880.88,1882.4,1.52,success,けど中高大と。,success,けど中高大と。,True,7,7,0
,027_rcc_13595865_20260714090000_seg_00384,027_rcc_13595865_20260714090000,SPEAKER_00,1882.72,1884.08,1.36,success,おおむっちゃ早いね。,success,おむっちゃ速いね。,False,10,9,-1
,027_rcc_13595865_20260714090000_seg_00385,027_rcc_13595865_20260714090000,SPEAKER_02,1888.72,1892.8,4.08,success,その大会の応援に家族で行ったことがあって。,success,でその大会の応援に家族で行ったことがあって。,False,21,22,1
,027_rcc_13595865_20260714090000_seg_00386,027_rcc_13595865_20260714090000,SPEAKER_02,1894.0,1903.04,9.04,success,家族お母さんお父さん私と3人で妹の応援に行ってその応援に行った時に私が思っていたこと。,success,で家族お母さんお父さん私と3人で妹の応援に行ってその応援に行った時に私が思っていたこと。,False,43,44,1
,027_rcc_13595865_20260714090000_seg_00387,027_rcc_13595865_20260714090000,SPEAKER_02,1903.44,1904.0,0.56,success,それはなんでしょう?,success,プラなんでしょ?,False,10,8,-2
,027_rcc_13595865_20260714090000_seg_00388,027_rcc_13595865_20260714090000,SPEAKER_00,1904.32,1908.4,4.08,success,むっちゃ早いよって言われてたけどまだ目で追えるじゃんって思ったんですよ。,success,むっちゃ早いよって言われてたけどまだ目で追えるじゃんって思ったの。,False,36,33,-3
,027_rcc_13595865_20260714090000_seg_00389,027_rcc_13595865_20260714090000,SPEAKER_02,1910.24,1910.96,0.72,success,さすがにね。,success,さすがにね。,True,6,6,0
,027_rcc_13595865_20260714090000_seg_00390,027_rcc_13595865_20260714090000,SPEAKER_01,1911.36,1912.72,1.36,success,人間が走ってるわけですから。,success,人間が走ってるわけですから。,True,14,14,0
,027_rcc_13595865_20260714090000_seg_00391,027_rcc_13595865_20260714090000,SPEAKER_00,1912.96,1917.52,4.56,success,リニアモーターカーの視察に行った人みたいな感じ、今から来ますよ、ブーンって、あら!,success,リニアモーターカーの視察に行った人みたいな感じ今から来ますよブンってあら!,False,41,37,-4
,027_rcc_13595865_20260714090000_seg_00392,027_rcc_13595865_20260714090000,SPEAKER_00,1919.04,1919.6,0.56,success,今ですか?,success,今のですか?,False,5,6,1
,027_rcc_13595865_20260714090000_seg_00393,027_rcc_13595865_20260714090000,SPEAKER_00,1921.12,1921.76,0.64,success,今の!,success,今のですか!?,False,3,7,4
,027_rcc_13595865_20260714090000_seg_00394,027_rcc_13595865_20260714090000,SPEAKER_01,1922.56,1924.24,1.68,success,すごいね期待して待っていたのに。,success,すごいね期待して待っていたのに。,True,16,16,0
,027_rcc_13595865_20260714090000_seg_00395,027_rcc_13595865_20260714090000,SPEAKER_01,1924.88,1925.76,0.88,success,あっという間にすぎる。,success,あっという間に過ぎる。,False,11,11,0
,027_rcc_13595865_20260714090000_seg_00396,027_rcc_13595865_20260714090000,SPEAKER_00,1926.4,1928.08,1.68,success,全然確認できなかったっていう。,success,全然確認できなかったっていう。,True,15,15,0
,027_rcc_13595865_20260714090000_seg_00397,027_rcc_13595865_20260714090000,SPEAKER_00,1928.56,1929.28,0.72,success,それを経験。,success,それを経験。,True,6,6,0
,027_rcc_13595865_20260714090000_seg_00398,027_rcc_13595865_20260714090000,SPEAKER_00,1930.32,1934.56,4.24,success,何だ早い早いっつってたけど目で追えるじゃんみたいな。,success,何だ早い早いっつってたけど目で追えるじゃんみたいな。,True,26,26,0
,027_rcc_13595865_20260714090000_seg_00399,027_rcc_13595865_20260714090000,SPEAKER_01,1935.52,1936.08,0.56,success,さすがに。,success,さすがに。,True,5,5,0
,027_rcc_13595865_20260714090000_seg_00400,027_rcc_13595865_20260714090000,SPEAKER_01,1936.48,1937.68,1.2,success,そういう感想はちょっと持ってない?,success,そういう感想はちょっと持ってない。,False,17,17,0
,027_rcc_13595865_20260714090000_seg_00401,027_rcc_13595865_20260714090000,SPEAKER_00,1938.4,1944.96,6.56,success,すごい速いって言ったから走る時に目の前をうーんって言うと思ったら言わないじゃん音って。,success,えっとすごい速いっつったから走る時に目の前をうーんって言うと思ったら言わないじゃん音って。,False,43,45,2
,027_rcc_13595865_20260714090000_seg_00402,027_rcc_13595865_20260714090000,SPEAKER_01,1945.84,1947.44,1.6,success,そんな余裕はないと思います。,success,そんな余裕はないと思います。,True,14,14,0
,027_rcc_13595865_20260714090000_seg_00403,027_rcc_13595865_20260714090000,SPEAKER_01,1947.92,1948.48,0.56,success,違います。,success,違います。,True,5,5,0
,027_rcc_13595865_20260714090000_seg_00404,027_rcc_13595865_20260714090000,SPEAKER_00,1949.36,1951.6,2.24,success,激ヤモうまさんももうやめてください。,success,劇場もウマさんももうやめて下さい。,False,18,17,-1
,027_rcc_13595865_20260714090000_seg_00405,027_rcc_13595865_20260714090000,SPEAKER_01,1952.16,1955.12,2.96,success,本当に今日はまずいみたいです。,success,ねっ本当に今日はまずいみたいです。,False,15,17,2
,027_rcc_13595865_20260714090000_seg_00406,027_rcc_13595865_20260714090000,SPEAKER_01,1955.6,1956.64,1.04,success,毎日だけど。,success,毎日だけど。,True,6,6,0
,027_rcc_13595865_20260714090000_seg_00407,027_rcc_13595865_20260714090000,SPEAKER_00,1956.72,1958.88,2.16,success,もうものすごい、びっくりするぐらい。,success,もうものすごいびっくりするぐらい。,False,18,17,-1
,027_rcc_13595865_20260714090000_seg_00408,027_rcc_13595865_20260714090000,SPEAKER_00,1959.12,1962.88,3.76,success,前のめり、キャッチャーがしまっていこうという前の角度から。,success,前のめりキャッチャーがしまっていこうっていう前の角度。,False,29,27,-2
,027_rcc_13595865_20260714090000_seg_00409,027_rcc_13595865_20260714090000,SPEAKER_01,1962.96,1964.0,1.04,success,こけるくらいまでね。,success,こけるくらいまでなし。,False,10,11,1
,027_rcc_13595865_20260714090000_seg_00410,027_rcc_13595865_20260714090000,SPEAKER_00,1964.08,1967.2,3.12,success,すごい前のめりで、もうそろそろ、もうそろそろ。,success,すごい前のめりでモーソンさんもうそろそろ。,False,23,21,-2
,027_rcc_13595865_20260714090000_seg_00411,027_rcc_13595865_20260714090000,SPEAKER_01,1967.44,1969.12,1.68,success,もう時間ないです、行きましょう。,success,もう時間ないです行きましょう。,False,16,15,-1
,027_rcc_13595865_20260714090000_seg_00412,027_rcc_13595865_20260714090000,SPEAKER_00,1969.2,1969.76,0.56,success,はしっ!,success,はじめまして。,False,4,7,3
,027_rcc_13595865_20260714090000_seg_00413,027_rcc_13595865_20260714090000,SPEAKER_00,1970.72,1972.8,2.08,success,ですけれども、妹。,success,ですけれども妹。,False,9,8,-1
,027_rcc_13595865_20260714090000_seg_00414,027_rcc_13595865_20260714090000,SPEAKER_00,1973.28,1974.4,1.12,success,が、足が速いです。,success,足が速いです。,False,9,7,-2
,027_rcc_13595865_20260714090000_seg_00415,027_rcc_13595865_20260714090000,SPEAKER_02,1975.12,1976.4,1.28,success,陸上部だったんですけど。,success,陸上部だったんですけど。,True,12,12,0
,027_rcc_13595865_20260714090000_seg_00416,027_rcc_13595865_20260714090000,SPEAKER_02,1976.72,2015.76,39.04,success,陸上部の大会に家族で応援に行ったときに私が思っていたことは何でしょうかあなたからの予想をお待ちしています全てのコーナーへの宛先はこちらですfaxは08221−3300−082−221−3300メールは午前様様専用アドレス午前ccnetgozenkrccnet車を運転中の方は必ず安全な場所に車を止めてからお願いします応募の締め切りはこのあとの天気予報が終わるまで答えの発表は10時の頭当せん者の発表は番組のエンディングで行います。,success,陸上部の大会に家族で応援に行ったときに私が思っていたことは何でしょうかあなたからの予想をお待ちしています全てのコーナーへの宛先はこちらですfaxは08221−3300−082−221−3300メールは午前様様専用アドレス午前ccnetgozenkrccnet車を運転中の方は必ず安全な場所に車を止めてからお願いします応募の締め切りはこのあとの天気予報が終わるまで答えの発表は10時の頭当せん者の発表は番組のエンディングで行います。,True,215,215,0
,027_rcc_13595865_20260714090000_seg_00417,027_rcc_13595865_20260714090000,SPEAKER_00,2016.16,2018.56,2.4,success,御前様クイズ!,success,御前様クイズ!,True,7,7,0
,027_rcc_13595865_20260714090000_seg_00418,027_rcc_13595865_20260714090000,SPEAKER_02,2018.56,2023.76,5.2,success,このコーナーは今日もおいしく!丸美屋食品の提供でお送りしました。,success,このコーナーは今日も美味しく!丸美屋食品の提供でお送りしました。,False,32,32,0
,027_rcc_13595865_20260714090000_seg_00419,027_rcc_13595865_20260714090000,SPEAKER_02,2024.24,2032.459937,8.22,success,平成ラジオバラエティー午前様様rcc本社第2スタジオから火曜の朝の応援団頑張りーな川柳!,success,平成ラジオバラエティー御前様rcc本社第2スタジオから火曜の朝の応援団頑張りーな川柳!,False,44,43,-1
,027_rcc_13595865_20260714090000_seg_00420,027_rcc_13595865_20260714090000,SPEAKER_02,2054.56,2058.72,4.16,success,6時間全部聞きたい有休取る。,success,6時間全部聴きたい有休取る。,False,14,14,0
,027_rcc_13595865_20260714090000_seg_00421,027_rcc_13595865_20260714090000,SPEAKER_02,2059.52,2063.2,3.68,success,6時間全部聴きたい有休取る。,success,6時間全部聴きたい有休取る。,True,14,14,0
,027_rcc_13595865_20260714090000_seg_00422,027_rcc_13595865_20260714090000,SPEAKER_02,2064.16,2073.259863,9.1,success,私は中継で県内各地にお邪魔するんですけれどももちろん会いに来てくれますよね今日もがんばりーな!,success,当日私は中継で県内各地にお邪魔するんですけれどももちろん会いに来てくれますよね今日もがんばりーな!,False,47,49,2
,027_rcc_13595865_20260714090000_seg_00423,027_rcc_13595865_20260714090000,SPEAKER_00,2075.44,2076.64,1.2,success,あの6時間生放送の時は。,success,最後6時間生放送の時は。,False,12,12,0
,027_rcc_13595865_20260714090000_seg_00424,027_rcc_13595865_20260714090000,SPEAKER_00,2077.2,2078.4,1.2,success,有給もらおうと思ってちょっと。,success,有休もらおうと思って知った。,False,15,14,-1
,027_rcc_13595865_20260714090000_seg_00425,027_rcc_13595865_20260714090000,SPEAKER_02,2079.84,2081.04,1.2,success,あっ仕事じゃない。,success,あっ仕事じゃない。,True,9,9,0
,027_rcc_13595865_20260714090000_seg_00426,027_rcc_13595865_20260714090000,SPEAKER_00,2081.2,2082.4,1.2,success,ちょっと有休取ろうと思って。,success,ちょっと有休取ろうと思って。,True,14,14,0
,027_rcc_13595865_20260714090000_seg_00427,027_rcc_13595865_20260714090000,SPEAKER_02,2082.48,2083.04,0.56,success,あっそう。,success,あっそう。,True,5,5,0
,027_rcc_13595865_20260714090000_seg_00428,027_rcc_13595865_20260714090000,SPEAKER_00,2083.84,2084.96,1.12,success,で午前様聞こうと。,success,で ?? さんも聞こうと。,False,9,13,4
,027_rcc_13595865_20260714090000_seg_00429,027_rcc_13595865_20260714090000,SPEAKER_02,2085.2,2086.16,0.96,success,ちょちょちょちょちょちょちょちょちょちょちょちょ。,success,いたちょちょちょちょ。,False,25,11,-14
,027_rcc_13595865_20260714090000_seg_00430,027_rcc_13595865_20260714090000,SPEAKER_02,2086.72,2087.52,0.8,success,メインでしゃべるんですよ。,success,メインでしゃべるんです。,False,13,12,-1
,027_rcc_13595865_20260714090000_seg_00431,027_rcc_13595865_20260714090000,SPEAKER_00,2087.92,2088.72,0.8,success,どうなるんだろう。,success,どうなるんだろう。,True,9,9,0
,027_rcc_13595865_20260714090000_seg_00432,027_rcc_13595865_20260714090000,SPEAKER_01,2090.48,2091.12,0.64,success,震えます。,success,震えます。,True,5,5,0
,027_rcc_13595865_20260714090000_seg_00433,027_rcc_13595865_20260714090000,SPEAKER_00,2091.52,2099.180029,7.66,success,今日も横山橋本コンビの2人がお昼11時55分まで生々生々生放送!,success,今日も横山橋本コンビの2人がお昼11時55分まで生々生々生放送!,True,32,32,0
,027_rcc_13595865_20260714090000_seg_00434,027_rcc_13595865_20260714090000,SPEAKER_00,2119.12,2120.8,1.68,success,中区元町上空ですけど。,success,中区元町上空ですけど。,True,11,11,0
,027_rcc_13595865_20260714090000_seg_00435,027_rcc_13595865_20260714090000,SPEAKER_00,2121.2,2123.180029,1.98,success,まあ真っ青な青空広がっています。,success,まあ真っ青な青空広がってますね。,False,16,16,0
,027_rcc_13595865_20260714090000_seg_00436,027_rcc_13595865_20260714090000,SPEAKER_00,2124.56,2126.16,1.6,success,ちょっと濃淡のある。,success,ちょっと濃淡のある。,True,10,10,0
,027_rcc_13595865_20260714090000_seg_00437,027_rcc_13595865_20260714090000,SPEAKER_00,2127.76,2128.459937,0.7,success,くもも。,success,くもも。,True,4,4,0
,027_rcc_13595865_20260714090000_seg_00438,027_rcc_13595865_20260714090000,SPEAKER_00,2131.12,2132.32,1.2,success,おはようございます。,success,おはようございます。,True,10,10,0
,027_rcc_13595865_20260714090000_seg_00439,027_rcc_13595865_20260714090000,SPEAKER_00,2133.6,2134.32,0.72,success,あつい。,success,あつい。,True,4,4,0
,027_rcc_13595865_20260714090000_seg_00440,027_rcc_13595865_20260714090000,SPEAKER_03,2135.44,2136.24,0.8,success,があけまして。,success,があけまして。,True,7,7,0
,027_rcc_13595865_20260714090000_seg_00441,027_rcc_13595865_20260714090000,SPEAKER_03,2137.6,2138.56,0.96,success,なくてよかったなと思います。,success,じゃなくてよかったなと思います。,False,14,16,2
,027_rcc_13595865_20260714090000_seg_00442,027_rcc_13595865_20260714090000,SPEAKER_03,2140.8,2143.28,2.48,success,で10分15分たっても全然。,success,で10分15分たっても全然。,True,14,14,0
,027_rcc_13595865_20260714090000_seg_00443,027_rcc_13595865_20260714090000,SPEAKER_03,2143.68,2144.779883,1.1,success,じゃんと思ったら近藤さん戻ってきて。,success,ちゃんとまた近藤さん戻ってきた。,False,18,16,-2
,027_rcc_13595865_20260714090000_seg_00444,027_rcc_13595865_20260714090000,SPEAKER_00,2147.92,2152.459937,4.54,success,言ってたんだ近藤丼があれ私じゃなかったら誰もうちの子に。,success,言ってたんだ近藤丼があれ私じゃなかったら誰もうちの。,False,28,26,-2
,027_rcc_13595865_20260714090000_seg_00445,027_rcc_13595865_20260714090000,SPEAKER_00,2153.68,2154.88,1.2,success,ついてなかったですよって。,success,ついてなかったですよ。,False,13,11,-2
,027_rcc_13595865_20260714090000_seg_00446,027_rcc_13595865_20260714090000,SPEAKER_00,2157.04,2158.4,1.36,success,ワールドカップ見てました。,success,ワールドカップ見てました。,True,13,13,0
,027_rcc_13595865_20260714090000_seg_00447,027_rcc_13595865_20260714090000,SPEAKER_02,2160.24,2161.36,1.12,success,そうなんだ。,success,そうなんだ。,True,6,6,0
,027_rcc_13595865_20260714090000_seg_00448,027_rcc_13595865_20260714090000,SPEAKER_03,2170.96,2172.619971,1.66,success,熱中症警戒アラート発表されていますので。,success,気象警戒アラート発表されていますので。,False,20,19,-1
,027_rcc_13595865_20260714090000_seg_00449,027_rcc_13595865_20260714090000,SPEAKER_03,2178.64,2179.2,0.56,success,熱中症。,success,体熱中症。,False,4,5,1
,027_rcc_13595865_20260714090000_seg_00450,027_rcc_13595865_20260714090000,SPEAKER_03,2179.52,2180.88,1.36,success,おじいちゃん、おばあちゃん。,success,えっっておじいちゃんおばあちゃんって。,False,14,19,5
,027_rcc_13595865_20260714090000_seg_00451,027_rcc_13595865_20260714090000,SPEAKER_03,2181.2,2184.16,2.96,success,こそ暑さ対策しっかりしてほしいなと思います。,success,こそ暑さ対策しっかりしてほしいなと思います。,True,22,22,0
,027_rcc_13595865_20260714090000_seg_00452,027_rcc_13595865_20260714090000,SPEAKER_00,2184.64,2187.019873,2.38,success,とにかく水分とる、塩分とるっていうことでいいですか?,success,とにかく水分取る塩分取るっていうことでいいと思います。,False,26,27,1
,027_rcc_13595865_20260714090000_seg_00453,027_rcc_13595865_20260714090000,SPEAKER_03,2188.24,2188.940039,0.7,success,一方で激しい。,success,一方で激しい。,True,7,7,0
,027_rcc_13595865_20260714090000_seg_00454,027_rcc_13595865_20260714090000,SPEAKER_00,2205.52,2206.32,0.8,success,心がけないといけない。,success,心がけないといけない。,True,11,11,0
,027_rcc_13595865_20260714090000_seg_00455,027_rcc_13595865_20260714090000,SPEAKER_03,2207.36,2208.64,1.28,success,4月も中旬ですからね。,success,4月も中旬ですからね。,True,11,11,0
,027_rcc_13595865_20260714090000_seg_00456,027_rcc_13595865_20260714090000,SPEAKER_00,2211.68,2214.56,2.88,success,ありがとうございます。,success,食べていただければと思います。,False,11,15,4
,027_rcc_13595865_20260714090000_seg_00457,027_rcc_13595865_20260714090000,SPEAKER_01,2221.84,2222.539893,0.7,success,タイの隅々。,success,世界の隅々。,False,6,6,0
,027_rcc_13595865_20260714090000_seg_00458,027_rcc_13595865_20260714090000,SPEAKER_02,2237.76,2242.64,4.88,success,天気予報、このコーナーは鈴木自販広島の提供でお送りしました。,success,天気予報このコーナーは鈴木自販広島の提供でお送りしました。,False,30,29,-1
,027_rcc_13595865_20260714090000_seg_00459,027_rcc_13595865_20260714090000,SPEAKER_01,2243.92,2245.099951,1.18,success,ええ相続のことちゃんと知ってます。,success,ねえ相続のことちゃんと知ってる?,False,17,16,-1
,027_rcc_13595865_20260714090000_seg_00460,027_rcc_13595865_20260714090000,SPEAKER_00,2247.76,2248.32,0.56,success,いいか?,success,いいか!,False,4,4,0
,027_rcc_13595865_20260714090000_seg_00461,027_rcc_13595865_20260714090000,SPEAKER_01,2248.72,2250.16,1.44,success,もうどうしたらいいの?,success,もうどうしたらいいの?,True,11,11,0
,027_rcc_13595865_20260714090000_seg_00462,027_rcc_13595865_20260714090000,SPEAKER_00,2250.88,2254.699927,3.82,success,お困りですか、相続専門の税理士事務所、タカパーです。,success,お困りですか相続専門の税理士事務所タカパーです。,False,26,24,-2
,027_rcc_13595865_20260714090000_seg_00463,027_rcc_13595865_20260714090000,SPEAKER_00,2255.92,2256.619971,0.7,success,もう安心。,success,もう安心。,True,5,5,0
,027_rcc_13595865_20260714090000_seg_00464,027_rcc_13595865_20260714090000,SPEAKER_02,2264.64,2270.539893,5.9,success,山田屋こだわりの小豆あんをもちもちの生地で包みしっとり焼き上げた広島あん。,success,山田屋こだわりの小豆あんをもちもちの生地で包みしっとり焼き上げた広島あん。,True,37,37,0
,027_rcc_13595865_20260714090000_seg_00465,027_rcc_13595865_20260714090000,SPEAKER_02,2277.52,2280.619971,3.1,success,賞受賞山田屋の東洋館。,success,大賞受賞山田屋の東洋館。,False,11,12,1
,027_rcc_13595865_20260714090000_seg_00466,027_rcc_13595865_20260714090000,SPEAKER_00,2309.68,2310.859961,1.18,success,また発生するのが心配。,success,また発生するのが心配。,True,11,11,0
,027_rcc_13595865_20260714090000_seg_00467,027_rcc_13595865_20260714090000,SPEAKER_03,2313.04,2314.699927,1.66,success,別途5年間の保証付き。,success,別途5年間の保証付き。,True,11,11,0
,027_rcc_13595865_20260714090000_seg_00468,027_rcc_13595865_20260714090000,SPEAKER_03,2316.4,2317.099951,0.7,success,でお任せください。,success,っておまかせください。,False,9,11,2
,027_rcc_13595865_20260714090000_seg_00469,027_rcc_13595865_20260714090000,SPEAKER_02,2331.68,2332.4,0.72,success,くの。,success,くの。,True,3,3,0
,027_rcc_13595865_20260714090000_seg_00470,027_rcc_13595865_20260714090000,SPEAKER_00,2345.68,2346.859961,1.18,success,千葉市立白島高校。,success,千葉市立白島高校。,True,9,9,0
,027_rcc_13595865_20260714090000_seg_00471,027_rcc_13595865_20260714090000,SPEAKER_00,2351.92,2352.619971,0.7,success,白文。,success,作文。,False,3,3,0
,027_rcc_13595865_20260714090000_seg_00472,027_rcc_13595865_20260714090000,SPEAKER_03,2355.28,2363.84,8.56,success,きょう、お母さんとカレーをつくりました。,success,学校カレー白島小学校2年とみながゆうな、きょう、お母さんとカレーをつくりました。,False,20,40,20
,027_rcc_13595865_20260714090000_seg_00473,027_rcc_13595865_20260714090000,SPEAKER_03,2364.16,2366.4,2.24,success,まずつかうざいりょうをきる。,success,まず使う材料をきれいにする。,False,14,14,0
,027_rcc_13595865_20260714090000_seg_00474,027_rcc_13595865_20260714090000,SPEAKER_01,2366.4,2367.68,1.28,success,きれいにあらいました。,success,きれいに洗えました。,False,11,10,-1
,027_rcc_13595865_20260714090000_seg_00475,027_rcc_13595865_20260714090000,SPEAKER_01,2368.48,2376.48,8.0,success,つぎにやさいを切りましたじゃがいもとにんじんはかたくて切るのがむずかしかったです。,success,つぎにやさいを切りましたじゃがいもとにんじんはかたくて切るのがむずかしかったです。,True,41,41,0
,027_rcc_13595865_20260714090000_seg_00476,027_rcc_13595865_20260714090000,SPEAKER_01,2377.2,2382.96,5.76,success,タマネギは目が痛くなるのでおかあさんやってとお願いしました。,success,タマネギは目が痛くなるのでお母さんやってとお願いしました。,False,30,29,-1
,027_rcc_13595865_20260714090000_seg_00477,027_rcc_13595865_20260714090000,SPEAKER_01,2383.52,2388.56,5.04,success,お母さんはいいよと言って上手に切ってくれました。,success,お母さんはいいよと言って上手に切ってくれました。,True,24,24,0
,027_rcc_13595865_20260714090000_seg_00478,027_rcc_13595865_20260714090000,SPEAKER_01,2389.04,2395.04,6.0,success,そしてお肉などの食材をなべにいれて火がとおるのをまちました。,success,そしてお肉などの食材をなべにいれて火がとおるのをまちました。,True,30,30,0
,027_rcc_13595865_20260714090000_seg_00479,027_rcc_13595865_20260714090000,SPEAKER_01,2395.76,2400.08,4.32,success,ルーを入れたあとかくし味にチョコレートを入れました。,success,ルーを入れたあと隠し味にチョコレートを入れました。,False,26,25,-1
,027_rcc_13595865_20260714090000_seg_00480,027_rcc_13595865_20260714090000,SPEAKER_01,2400.8,2403.28,2.48,success,家族の反応が楽しみです。,success,家族の反応が楽しみです。,True,12,12,0
,027_rcc_13595865_20260714090000_seg_00481,027_rcc_13595865_20260714090000,SPEAKER_01,2404.16,2408.48,4.32,success,ばんごはんになり作ったカレーを家族みんなで食べました。,success,ばんごはんになりつくったカレーを家族みんなで食べました。,False,27,28,1
,027_rcc_13595865_20260714090000_seg_00482,027_rcc_13595865_20260714090000,SPEAKER_01,2409.28,2413.04,3.76,success,一口食べた弟がおいしいと言って。,success,一口食べた弟がおいしいと言って。,True,16,16,0
,027_rcc_13595865_20260714090000_seg_00483,027_rcc_13595865_20260714090000,SPEAKER_01,2413.28,2417.04,3.76,success,ニコニコ笑ってくれてうれしかったです。,success,ニコニコ笑ってくれてうれしかったですまた。,False,19,21,2
,027_rcc_13595865_20260714090000_seg_00484,027_rcc_13595865_20260714090000,SPEAKER_01,2417.28,2419.76,2.48,success,お母さんとカレーを作りたいです。,success,お母さんとカレーを作りたいです。,True,16,16,0
,027_rcc_13595865_20260714090000_seg_00485,027_rcc_13595865_20260714090000,SPEAKER_02,2421.52,2423.180029,1.66,success,うん上手に読めてましたね。,success,上手に読めてましたね。,False,13,11,-2
,027_rcc_13595865_20260714090000_seg_00486,027_rcc_13595865_20260714090000,SPEAKER_02,2424.4,2431.339941,6.94,success,見た目がニコニコカレーっていうのがまずかわいいなと思ってこの仲いい家族なんだろうなって。,success,店名がニコニコカレーっていうのがまずかわいいなと思ってこの仲いい家族なんだろうなって。,False,44,43,-1
,027_rcc_13595865_20260714090000_seg_00487,027_rcc_13595865_20260714090000,SPEAKER_00,2437.84,2438.64,0.8,success,先生。,success,先生。,True,3,3,0
,027_rcc_13595865_20260714090000_seg_00488,027_rcc_13595865_20260714090000,SPEAKER_00,2443.12,2443.819922,0.7,success,飲み方も。,success,読み方もすごい。,False,5,8,3
,027_rcc_13595865_20260714090000_seg_00489,027_rcc_13595865_20260714090000,SPEAKER_02,2447.44,2448.4,0.96,success,明日丁寧に読んでます。,success,明日丁寧に読んでます。,True,11,11,0
,027_rcc_13595865_20260714090000_seg_00490,027_rcc_13595865_20260714090000,SPEAKER_00,2449.12,2450.539893,1.42,success,何かこう甘えた感じ。,success,何かこう甘えた感じ。,True,10,10,0
,027_rcc_13595865_20260714090000_seg_00491,027_rcc_13595865_20260714090000,SPEAKER_00,2453.2,2453.9,0.7,success,自分もやるべき。,success,今後やるべき。,False,8,7,-1
,027_rcc_13595865_20260714090000_seg_00492,027_rcc_13595865_20260714090000,SPEAKER_00,2459.44,2461.099951,1.66,success,出ますみたいな文章。,success,出ますみたいな文章。,True,10,10,0
,027_rcc_13595865_20260714090000_seg_00493,027_rcc_13595865_20260714090000,SPEAKER_00,2464.72,2466.37998,1.66,success,一音一音すごく大切に。,success,一音一音すごく大切に。,True,11,11,0
,027_rcc_13595865_20260714090000_seg_00494,027_rcc_13595865_20260714090000,SPEAKER_00,2470.48,2471.66001,1.18,success,出るなあと思った。,success,なあと思った。,False,9,7,-2
,027_rcc_13595865_20260714090000_seg_00495,027_rcc_13595865_20260714090000,SPEAKER_00,2475.76,2477.2,1.44,success,ちゃんとおいしい気がした。,success,ちゃんとおいしい気がした。,True,13,13,0
,027_rcc_13595865_20260714090000_seg_00496,027_rcc_13595865_20260714090000,SPEAKER_00,2482.48,2483.180029,0.7,success,串間小学校。,success,串間小学校。,True,6,6,0
,027_rcc_13595865_20260714090000_seg_00497,027_rcc_13595865_20260714090000,SPEAKER_00,2486.8,2487.499854,0.7,success,ニコニコカー。,success,ニコニコカット。,False,7,8,1
,027_rcc_13595865_20260714090000_seg_00498,027_rcc_13595865_20260714090000,SPEAKER_02,2501.2,2502.0,0.8,success,軌道は。,success,式堂は。,False,4,4,0
,027_rcc_13595865_20260714090000_seg_00499,027_rcc_13595865_20260714090000,SPEAKER_02,2502.56,2507.66001,5.1,success,創業以来ただひたすらもみじまんじゅうのおいしさを求めてまいりました。,success,創業以来ただひたすらもみじ ?? 頭のおいしさを求めてまいりました。,False,34,34,0
,027_rcc_13595865_20260714090000_seg_00500,027_rcc_13595865_20260714090000,SPEAKER_02,2510.32,2511.499854,1.18,success,じにもみじ。,success,地にもみじの木。,False,6,8,2
,027_rcc_13595865_20260714090000_seg_00501,027_rcc_13595865_20260714090000,SPEAKER_02,2520.8,2527.52,6.72,success,ぼくの作文、わたしの作文このコーナーはもみじまんじゅうの錦堂の提供でお送りしました。,success,ぼくの作文、わたしの作文このコーナーはもみじまんじゅうの錦堂の提供でお送りしました。,True,42,42,0
,027_rcc_13595865_20260714090000_seg_00502,027_rcc_13595865_20260714090000,SPEAKER_00,2528.24,2529.6,1.36,success,とあるところにせまき。,success,とあるところに狭き門。,False,11,11,0
,027_rcc_13595865_20260714090000_seg_00503,027_rcc_13595865_20260714090000,SPEAKER_01,2529.6,2530.219824,0.62,success,くていいな。,success,くていいな。,True,6,6,0
,027_rcc_13595865_20260714090000_seg_00504,027_rcc_13595865_20260714090000,SPEAKER_01,2531.52,2535.019873,3.5,success,でなそこに大家さんがアフィットというこだわりを。,success,でなそこに大家さんがafiteというこだわりの店を作った。,False,24,29,5
,027_rcc_13595865_20260714090000_seg_00505,027_rcc_13595865_20260714090000,SPEAKER_01,2538.64,2541.259863,2.62,success,あっという間に入居して20年。,success,あっという間に入居して20年。,True,15,15,0
,027_rcc_13595865_20260714090000_seg_00506,027_rcc_13595865_20260714090000,SPEAKER_02,2566.96,2567.66001,0.7,success,歌と工房で。,success,北斗工房で。,False,6,6,0
,027_rcc_13595865_20260714090000_seg_00507,027_rcc_13595865_20260714090000,SPEAKER_00,2573.68,2575.339941,1.66,success,痛み、大丈夫かな?,success,痛み、大丈夫かな?,True,9,9,0
,027_rcc_13595865_20260714090000_seg_00508,027_rcc_13595865_20260714090000,SPEAKER_00,2576.96,2578.72,1.76,success,あっ、雨もりしてる!,success,あっ雨もりしてる!,False,10,9,-1
,027_rcc_13595865_20260714090000_seg_00509,027_rcc_13595865_20260714090000,SPEAKER_02,2581.36,2583.019873,1.66,success,き屋根のことなら丸ごと掃除。,success,木屋根のことなら丸ごと掃除。,False,14,14,0
,027_rcc_13595865_20260714090000_seg_00510,027_rcc_13595865_20260714090000,SPEAKER_02,2585.68,2586.48,0.8,success,リフォームへ!,success,リフォームへ!,True,7,7,0
,027_rcc_13595865_20260714090000_seg_00511,027_rcc_13595865_20260714090000,SPEAKER_00,2586.48,2587.92,1.44,success,頼りになるな。,success,頼りになるな。,True,7,7,0
,027_rcc_13595865_20260714090000_seg_00512,027_rcc_13595865_20260714090000,SPEAKER_02,2601.68,2606.539893,4.86,success,毎週さまざまなテーマでリスナーの皆さんをお届けします。,success,毎週さまざまなテーマでリスナーの皆さん。,False,27,20,-7
,027_rcc_13595865_20260714090000_seg_00513,027_rcc_13595865_20260714090000,SPEAKER_02,2607.76,2608.459814,0.7,success,するこのコーナー。,success,するこのコーナー。,True,9,9,0
,027_rcc_13595865_20260714090000_seg_00514,027_rcc_13595865_20260714090000,SPEAKER_02,2612.56,2631.36,18.8,success,ハスキーボーズ3この暑い時期暑いアスファルトの道路の上を必死に歩いて渡っているカメを見ると応援したくなりますなぜこんな暑い場所に出てきた?って思いながら車にひかれないようにとヒヤヒヤ渡りきるまで見守りたくなりますああ。,success,ハスキー坊主3この暑い時期暑いアスファルトの道路の上を必死に歩いて渡っているカメを見ると応援したくなりますなぜこんな暑い場所に出てきた?って思いながら車にひかれないようにとヒヤヒヤ渡りきるまで見守りたくなりますああ。,False,109,108,-1
,027_rcc_13595865_20260714090000_seg_00515,027_rcc_13595865_20260714090000,SPEAKER_00,2632.24,2636.0,3.76,success,アスファルト歩いてるカメを応援したくなるんだったら、人間を応援してほしいよね。,success,アスファルト歩いてるカメを応援したくなるんだったら人間を応援してほしいよね。,False,39,38,-1
,027_rcc_13595865_20260714090000_seg_00516,027_rcc_13595865_20260714090000,SPEAKER_02,2637.76,2638.4,0.64,success,ああ。,success,ああ。,True,3,3,0
,027_rcc_13595865_20260714090000_seg_00517,027_rcc_13595865_20260714090000,SPEAKER_00,2639.6,2640.72,1.12,success,2人見ないでしょ?,success,絶対に意外でしょ?,False,9,9,0
,027_rcc_13595865_20260714090000_seg_00518,027_rcc_13595865_20260714090000,SPEAKER_00,2642.0,2643.36,1.36,success,ここを歩いてるカメを。,success,こう歩いてるカメを。,False,11,10,-1
,027_rcc_13595865_20260714090000_seg_00519,027_rcc_13595865_20260714090000,SPEAKER_00,2644.16,2651.6,7.44,success,見る確率は、人生で1日か2日か、待って、3、1回あったら十分っしょ。,success,見る確率は人生で1日か2日か待って3回あったら十分っしょ。,False,34,29,-5
,027_rcc_13595865_20260714090000_seg_00520,027_rcc_13595865_20260714090000,SPEAKER_01,2651.68,2653.04,1.36,success,まあそうですね。,success,まあそうですね。,True,8,8,0
,027_rcc_13595865_20260714090000_seg_00521,027_rcc_13595865_20260714090000,SPEAKER_00,2653.04,2655.52,2.48,success,あそこはいっつもカメが歩いてるなんてことないでしょ?,success,あそこはいっつも壁があるとこだってことないでしょ?,False,26,25,-1
,027_rcc_13595865_20260714090000_seg_00522,027_rcc_13595865_20260714090000,SPEAKER_01,2655.6,2657.44,1.84,success,私。,success,私。,True,2,2,0
,027_rcc_13595865_20260714090000_seg_00523,027_rcc_13595865_20260714090000,SPEAKER_01,2657.76,2658.32,0.56,success,親子。,success,親子。,True,3,3,0
,027_rcc_13595865_20260714090000_seg_00524,027_rcc_13595865_20260714090000,SPEAKER_01,2658.88,2660.4,1.52,success,おお見たことあります。,success,お見たことあります。,False,11,10,-1
,027_rcc_13595865_20260714090000_seg_00525,027_rcc_13595865_20260714090000,SPEAKER_01,2662.08,2665.92,3.84,success,なんでこう、見守りたくなるんですかね、ああいう。,success,なんでこう見守りたくなるんですかねああいう。,False,24,22,-2
,027_rcc_13595865_20260714090000_seg_00526,027_rcc_13595865_20260714090000,SPEAKER_00,2666.0,2666.56,0.56,success,俺だった。,success,俺だった!,False,5,5,0
,027_rcc_13595865_20260714090000_seg_00527,027_rcc_13595865_20260714090000,SPEAKER_00,2670.0,2671.44,1.44,success,人間を見守りたくなります。,success,人間を見守りたくなります。,True,13,13,0
,027_rcc_13595865_20260714090000_seg_00528,027_rcc_13595865_20260714090000,SPEAKER_02,2671.44,2672.08,0.64,success,ああそう。,success,ああそう。,True,5,5,0
,027_rcc_13595865_20260714090000_seg_00529,027_rcc_13595865_20260714090000,SPEAKER_00,2672.16,2675.84,3.68,success,この暑い中背広とか着て営業回ってる人とか。,success,この暑い中背広とか着て営業回ってる人とか。,True,21,21,0
,027_rcc_13595865_20260714090000_seg_00530,027_rcc_13595865_20260714090000,SPEAKER_01,2675.84,2676.4,0.56,success,はいはい。,success,はいはい。,True,5,5,0
,027_rcc_13595865_20260714090000_seg_00531,027_rcc_13595865_20260714090000,SPEAKER_00,2676.48,2686.16,9.68,success,腰曲がってて、なかなか前に進むことができない人が、一生懸命、横断歩道を通ってて、みんなが、もう早く行かんかな、もうとかって思うけど。,success,腰曲がっててなかなか前に進むことができない人が一生懸命横断歩道を通っててみんながもう早く行かんかなもうとかって思うけど。,False,66,60,-6
,027_rcc_13595865_20260714090000_seg_00532,027_rcc_13595865_20260714090000,SPEAKER_00,2686.64,2687.2,0.56,success,一生懸命。,success,もう一生懸命。,False,5,7,2
,027_rcc_13595865_20260714090000_seg_00533,027_rcc_13595865_20260714090000,SPEAKER_00,2687.6,2694.96,7.36,success,住んでるのを見たらカモとかカメとかを頑張れ!っていうよりも人間に頑張れ!っていう。,success,住んでるのを見たらカモとかカメとかを頑張れ!っていうよりも人間に頑張れ!っていう。,True,41,41,0
,027_rcc_13595865_20260714090000_seg_00534,027_rcc_13595865_20260714090000,SPEAKER_00,2695.76,2706.8,11.04,success,すごい大変でしょ、こんな暑いと思わなかったでしょ、昔、暑い日は28度ぐらいだったでしょって、もう30度超えることなかったじゃないですか、なんか、みんな頑張ってますねって、俺はなんかカモとかカメとか言う。,success,すごい大変でしょ、こんな暑いと思わなかったでしょ、昔、暑い日は28度ぐらいだったでしょって、もう30度超えることなかったじゃないですか、なんか、みんな頑張ってますねって、俺はなんかカモとかカメとか言う。,True,101,101,0
,027_rcc_13595865_20260714090000_seg_00535,027_rcc_13595865_20260714090000,SPEAKER_00,2707.04,2708.0,0.96,success,ケイそれ何で?,success,何で?,False,7,3,-4
,027_rcc_13595865_20260714090000_seg_00536,027_rcc_13595865_20260714090000,SPEAKER_02,2728.24,2728.96,0.72,success,ニーまで。,success,2位まで。,False,5,5,0
,027_rcc_13595865_20260714090000_seg_00537,027_rcc_13595865_20260714090000,SPEAKER_02,2730.48,2735.6,5.12,success,午前様会議このコーナーはビジョンセレモニーの提供でお送りしました。,success,午前様会議このコーナーはビジョンセレモニーの提供でお送りしました。,True,33,33,0
,027_rcc_13595865_20260714090000_seg_00538,027_rcc_13595865_20260714090000,SPEAKER_02,2741.2,2742.24,1.04,success,行く盛りよっ!,success,行くたかにいや!,False,7,8,1
,027_rcc_13595865_20260714090000_seg_00539,027_rcc_13595865_20260714090000,SPEAKER_02,2769.459863,2770.699927,1.24,success,なんと午後1時半ごろ。,success,なんと午後1時半ごろ。,True,11,11,0
,027_rcc_13595865_20260714090000_seg_00540,027_rcc_13595865_20260714090000,SPEAKER_00,2804.08,2805.739844,1.66,success,皆さんにお知らせです。,success,皆さんにお知らせです。,True,11,11,0
,027_rcc_13595865_20260714090000_seg_00541,027_rcc_13595865_20260714090000,SPEAKER_00,2808.88,2810.059912,1.18,success,この林さんに電話つながってます。,success,この林さんにお電話つながっています。,False,16,18,2
,027_rcc_13595865_20260714090000_seg_00542,027_rcc_13595865_20260714090000,SPEAKER_02,2814.16,2815.84,1.68,success,ソパートナーの林です。,success,ホストパートナーの林です。,False,11,13,2
,027_rcc_13595865_20260714090000_seg_00543,027_rcc_13595865_20260714090000,SPEAKER_02,2816.32,2818.24,1.92,success,横山さん、橋本さん。,success,横山さん、橋本さん。,True,10,10,0
,027_rcc_13595865_20260714090000_seg_00544,027_rcc_13595865_20260714090000,SPEAKER_02,2818.64,2819.84,1.2,success,本日はよろしくお願いします。,success,本日はよろしくお願いいたします。,False,14,16,2
,027_rcc_13595865_20260714090000_seg_00545,027_rcc_13595865_20260714090000,SPEAKER_02,2822.32,2826.0,3.68,success,お葬式の保険に関するお得な情報をお届けします。,success,お葬式の保険に関するお得な情報をお届けします。,True,23,23,0
,027_rcc_13595865_20260714090000_seg_00546,027_rcc_13595865_20260714090000,SPEAKER_01,2826.56,2829.92,3.36,success,やっぱり将来のお金っていうのは気になりますよね。,success,やっぱり将来のお金っていうのは気になりますよね。,True,24,24,0
,027_rcc_13595865_20260714090000_seg_00547,027_rcc_13595865_20260714090000,SPEAKER_02,2831.2,2834.64,3.44,success,お葬式の費用というのは、結構お金がかかります。,success,お葬式の費用というのは結構、お金がかかります。,False,23,23,0
,027_rcc_13595865_20260714090000_seg_00548,027_rcc_13595865_20260714090000,SPEAKER_02,2835.44,2848.08,12.64,success,費用を保険でと思っても毎月の保険料が高くてかけていけないという方へ月々730円から準備できるお葬式の保険をご紹介します。,success,お葬式費用を保険でと思っても毎月の保険料が高くてかけていけないという方へ月々730円から準備できるお葬式の保険をご紹介します。,False,60,63,3
,027_rcc_13595865_20260714090000_seg_00549,027_rcc_13595865_20260714090000,SPEAKER_00,2848.16,2854.24,6.08,success,はいこれ月々730円ってなるとどんな保険なのかなと思います。,success,はいこれ月々730円ってなるとどんな保険なのかなと思います。,True,30,30,0
,027_rcc_13595865_20260714090000_seg_00550,027_rcc_13595865_20260714090000,SPEAKER_02,2855.36,2858.8,3.44,success,まずはお客様からのお手紙をご紹介しますね。,success,まずはお客様からのお手紙をご紹介しますね。,True,21,21,0
,027_rcc_13595865_20260714090000_seg_00551,027_rcc_13595865_20260714090000,SPEAKER_02,2859.92,2862.16,2.24,success,62歳、女性の方からです。,success,62歳女性の方からです。,False,13,12,-1
,027_rcc_13595865_20260714090000_seg_00552,027_rcc_13595865_20260714090000,SPEAKER_02,2862.96,2867.12,4.16,success,葬式代くらい子どもたちに残しておきたいと話していました。,success,葬式代ぐらい子どもたちに残しておきたいと話していました。,False,28,28,0
,027_rcc_13595865_20260714090000_seg_00553,027_rcc_13595865_20260714090000,SPEAKER_02,2867.52,2871.36,3.84,success,しかし、今後のことを考えると思うようになりません。,success,しかし、今後のことを考えると思うようになりません。,True,25,25,0
,027_rcc_13595865_20260714090000_seg_00554,027_rcc_13595865_20260714090000,SPEAKER_02,2872.0,2880.32,8.32,success,ネモコの保険は、月々730円で100万円の保険が保証していただけるので、とても心強いです。,success,でもこの保険は月々730円で100万円の保険が保証していただけるのでとても心強いです。,False,45,43,-2
,027_rcc_13595865_20260714090000_seg_00555,027_rcc_13595865_20260714090000,SPEAKER_02,2880.8,2883.2,2.4,success,こういったお便りを数多く頂いております。,success,こういったお便りを数多く頂いております。,True,20,20,0
,027_rcc_13595865_20260714090000_seg_00556,027_rcc_13595865_20260714090000,SPEAKER_02,2883.6,2893.76,10.16,success,お葬式って急なことですし大きな負担をかけずに月々730円から供えられるというのが人気の訳なんですね。,success,お葬式って急なことですし大きな負担をかけずに月々730円から供えられるというのが人気のわけなんですね。,False,50,51,1
,027_rcc_13595865_20260714090000_seg_00557,027_rcc_13595865_20260714090000,SPEAKER_03,2894.32,2905.36,11.04,success,もっと大きな保証が欲しい方は例えば1470円のお支払いで200万円の保証を備えることもできるんです。,success,そうなんです、もっと大きな保証が欲しい方は、例えば1470円のお支払いで、200万円の保証を備えることもできるんです。,False,50,59,9
,027_rcc_13595865_20260714090000_seg_00558,027_rcc_13595865_20260714090000,SPEAKER_00,2905.52,2909.52,4.0,success,これ毎月の支払いを自分で決められるということですね。,success,うんこれ毎月の支払いを自分で決められるということですね。,False,26,28,2
,027_rcc_13595865_20260714090000_seg_00559,027_rcc_13595865_20260714090000,SPEAKER_03,2910.88,2915.84,4.96,success,保険金の使い方は重要です、葬儀費用、遺品の整理。,success,保険金の使い方は自由です、葬儀費用、遺品の整理。,False,24,24,0
,027_rcc_13595865_20260714090000_seg_00560,027_rcc_13595865_20260714090000,SPEAKER_03,2916.24,2920.64,4.4,success,それから残されたご家族の生活費用などにもご活用いただけます。,success,それから残されたご家族の生活費用などにもご活用いただけます。,True,30,30,0
,027_rcc_13595865_20260714090000_seg_00561,027_rcc_13595865_20260714090000,SPEAKER_02,2921.04,2924.56,3.52,success,使いみちに応じて、いろいろな活用ができそうですね。,success,使いみちに応じていろいろな活用ができそうですね。,False,25,24,-1
,027_rcc_13595865_20260714090000_seg_00562,027_rcc_13595865_20260714090000,SPEAKER_03,2925.68,2933.52,7.84,success,貯金と保険は違いますが、毎月貯金したとしても、100万円がたまるまで、かなり年月がかかります。,success,貯金と保険は違いますが毎月貯金したとしても100万円がたまるまでかなり年月がかかります。,False,47,44,-3
,027_rcc_13595865_20260714090000_seg_00563,027_rcc_13595865_20260714090000,SPEAKER_03,2934.16,2939.28,5.12,success,でもこの保険だと、契約日から100万円の補償が始まります。,success,でもこの保険だと、契約日から100万円の補償が始まります。,True,29,29,0
,027_rcc_13595865_20260714090000_seg_00564,027_rcc_13595865_20260714090000,SPEAKER_00,2939.44,2944.32,4.88,success,確かにそれだったらその保険に入るのも選択に入れたいですよね。,success,うん確かにそれだったら保険に入るのも選択に入れたいですよね。,False,30,30,0
,027_rcc_13595865_20260714090000_seg_00565,027_rcc_13595865_20260714090000,SPEAKER_03,2944.72,2948.56,3.84,success,しかも、この波形には人気の秘密があります。,success,はい、しかもこの波形には人気の秘密があります。,False,21,23,2
,027_rcc_13595865_20260714090000_seg_00566,027_rcc_13595865_20260714090000,SPEAKER_03,2948.96,2953.2,4.24,success,満89歳の方までお申し込みいただけるんです。,success,満89歳の方までお申し込みいただけるんです。,True,22,22,0
,027_rcc_13595865_20260714090000_seg_00567,027_rcc_13595865_20260714090000,SPEAKER_03,2953.92,2958.56,4.64,success,年齢を理由に保険を諦めていた方からのお問い合わせも多いんです。,success,年齢を理由に保険を諦めていた方からのお問い合わせも多いんです。,True,31,31,0
,027_rcc_13595865_20260714090000_seg_00568,027_rcc_13595865_20260714090000,SPEAKER_01,2959.28,2964.8,5.52,success,幅広い世代の方にご好評なんですね、この保険が気になっている。,success,幅広い世代の方にご好評なんですね、この保険が気になっている。,True,30,30,0
,027_rcc_13595865_20260714090000_seg_00569,027_rcc_13595865_20260714090000,SPEAKER_02,2964.8,2966.64,1.84,success,という方はどうしたらいいんですか?,success,という方はどうしたらいいんですか?,True,17,17,0
,027_rcc_13595865_20260714090000_seg_00570,027_rcc_13595865_20260714090000,SPEAKER_03,2967.04,2971.68,4.64,success,はいまずはお電話くださいパンフレットをお届けします。,success,まずはお電話ください、パンフレットをお届けします。,False,26,25,-1
,027_rcc_13595865_20260714090000_seg_00571,027_rcc_13595865_20260714090000,SPEAKER_03,2972.4,2978.96,6.56,success,ご希望の方は、専門のオペレーターが、電話でパンフレットのご説明をさせていただきます。,success,ご希望の方は専門のオペレーターが電話でパンフレットのご説明をさせていただきます。,False,42,40,-2
,027_rcc_13595865_20260714090000_seg_00572,027_rcc_13595865_20260714090000,SPEAKER_02,2979.28,2981.28,2.0,success,それなら心強いですね。,success,それなら心強いですね。,True,11,11,0
,027_rcc_13595865_20260714090000_seg_00573,027_rcc_13595865_20260714090000,SPEAKER_03,2982.24,2986.56,4.32,success,今日はさらにプレゼントもご用意させていただきました。,success,今日は更にプレゼントもご用意させていただきました。,False,26,25,-1
,027_rcc_13595865_20260714090000_seg_00574,027_rcc_13595865_20260714090000,SPEAKER_03,2987.04,3002.16,15.12,success,今から30分以内に保険の無料の飼料請求をいただいた方の中から抽せんで1名様に和歌山県産紀州南高梅6種類の味が楽しめる梅干しセット300グラムをプレゼントいたします。,success,今から30分以内に保険の無料の飼料請求をいただいた方の中から抽せんで1名様に和歌山県産紀州南高梅6種類の味が楽しめる梅干しセット300グラムをプレゼントいたします。,True,82,82,0
,027_rcc_13595865_20260714090000_seg_00575,027_rcc_13595865_20260714090000,SPEAKER_00,3002.24,3007.12,4.88,success,でもこれ電話したからといって保険に入らなくても大丈夫ですか?,success,でもこれ電話したからといって保険に入らなくても大丈夫ですか?,True,30,30,0
,027_rcc_13595865_20260714090000_seg_00576,027_rcc_13595865_20260714090000,SPEAKER_03,3007.6,3014.48,6.88,success,はいもちろん保険に入らなくても大丈夫ですまずはご自身に合った資料をご覧ください。,success,はいもちろん保険に入らなくても大丈夫ですまずはご自身に合った資料をご覧ください。,True,40,40,0
,027_rcc_13595865_20260714090000_seg_00577,027_rcc_13595865_20260714090000,SPEAKER_00,3014.56,3018.4,3.84,success,では林さんお問い合わせの電話番号をお願いします。,success,はいでは林さんお問い合わせの電話番号お願いします。,False,24,25,1
,027_rcc_13595865_20260714090000_seg_00578,027_rcc_13595865_20260714090000,SPEAKER_03,3019.36,3028.96,9.6,success,例えば62歳女性で月々730円から準備できる保険満89歳までご案内可能です。,success,例えば62歳女性で月々730円から準備できる保険満89歳までご案内可能です。,True,38,38,0
,027_rcc_13595865_20260714090000_seg_00579,027_rcc_13595865_20260714090000,SPEAKER_03,3029.68,3039.52,9.84,success,年齢や性別で補償内容が変わりますので、詳しい補償内容や重要事項などにつきましては、オペレーターにお尋ねください。,success,年齢や性別で補償内容が変わりますので、詳しい補償内容や重要事項などにつきましては、オペレーターにお尋ねください。,True,56,56,0
,027_rcc_13595865_20260714090000_seg_00580,027_rcc_13595865_20260714090000,SPEAKER_03,3040.32,3044.88,4.56,success,それでは今ラジオをお聴きの皆さんメモのご用意はいいですか?,success,それでは今、ラジオをお聴きの皆さん、メモのご用意はいいですか。,False,29,31,2
,027_rcc_13595865_20260714090000_seg_00581,027_rcc_13595865_20260714090000,SPEAKER_03,3045.6,3048.4,2.8,success,無料の資料請求はフリーダイヤル。,success,無料の資料請求はフリーダイヤル。,True,16,16,0
,027_rcc_13595865_20260714090000_seg_00582,027_rcc_13595865_20260714090000,SPEAKER_03,3048.72,3050.24,1.52,success,0120。,success,0120。,True,5,5,0
,027_rcc_13595865_20260714090000_seg_00583,027_rcc_13595865_20260714090000,SPEAKER_03,3050.48,3051.76,1.28,success,961。,success,961。,True,4,4,0
,027_rcc_13595865_20260714090000_seg_00584,027_rcc_13595865_20260714090000,SPEAKER_03,3052.24,3053.6,1.36,success,091。,success,091。,True,4,4,0
,027_rcc_13595865_20260714090000_seg_00585,027_rcc_13595865_20260714090000,SPEAKER_03,3054.24,3055.44,1.2,success,もう一度お伝えいたします。,success,もう一度お伝えいたします。,True,13,13,0
,027_rcc_13595865_20260714090000_seg_00586,027_rcc_13595865_20260714090000,SPEAKER_03,3056.16,3057.68,1.52,success,0120。,success,0120。,True,5,5,0
,027_rcc_13595865_20260714090000_seg_00587,027_rcc_13595865_20260714090000,SPEAKER_03,3057.92,3059.36,1.44,success,961。,success,961。,True,4,4,0
,027_rcc_13595865_20260714090000_seg_00588,027_rcc_13595865_20260714090000,SPEAKER_03,3059.68,3060.96,1.28,success,091。,success,091。,True,4,4,0
,027_rcc_13595865_20260714090000_seg_00589,027_rcc_13595865_20260714090000,SPEAKER_03,3061.6,3064.16,2.56,success,エターナルベストパートナーまでお願いします。,success,エターナルベストパートナーまでお願いします。,True,22,22,0
,027_rcc_13595865_20260714090000_seg_00590,027_rcc_13595865_20260714090000,SPEAKER_02,3064.56,3086.8,22.24,success,保険の資料請求30分以内にお電話いただいた方抽選で1名様に和歌山県産紀州南高梅をプレゼントだそうですお問い合わせですフリーダイヤル0120−961−091もう一度お伝えします0120−9610−091です。,success,保険の資料請求30分以内にお電話いただいた方抽選で1名様に和歌山県産紀州南高梅をプレゼントだそうですお問い合わせですフリーダイヤル−0120−961−091−もう一度お伝えします0120−9610−091です。,False,103,105,2
,027_rcc_13595865_20260714090000_seg_00591,027_rcc_13595865_20260714090000,SPEAKER_00,3087.36,3089.04,1.68,success,林さんどうもありがとうございました。,success,林さんどうもありがとうございました。,True,18,18,0
,027_rcc_13595865_20260714090000_seg_00592,027_rcc_13595865_20260714090000,SPEAKER_03,3089.04,3089.76,0.72,success,ありがとうございます。,success,ありがとうございました。,False,11,12,1
,027_rcc_13595865_20260714090000_seg_00593,027_rcc_13595865_20260714090000,SPEAKER_02,3090.0,3091.04,1.04,success,ありがとうございました。,success,ありがとうございました。,True,12,12,0
,027_rcc_13595865_20260714090000_seg_00594,027_rcc_13595865_20260714090000,SPEAKER_00,3091.04,3097.52,6.48,success,総合保険代理店エターナルベストパートナーからリスナーの皆さんにお知らせでした。,success,総合保険代理店エターナルベストパートナーからリスナーの皆さんにお知らせでした。,True,39,39,0
,027_rcc_13595865_20260714090000_seg_00595,027_rcc_13595865_20260714090000,SPEAKER_02,3126.64,3127.339941,0.7,success,あっ上野さん。,success,あっ上野さん。,True,7,7,0
,027_rcc_13595865_20260714090000_seg_00596,027_rcc_13595865_20260714090000,SPEAKER_02,3130.48,3131.179907,0.7,success,お伝えします。,success,お伝えします。,True,7,7,0
,027_rcc_13595865_20260714090000_seg_00597,027_rcc_13595865_20260714090000,SPEAKER_02,3132.4,3134.059912,1.66,success,2、高速道路の状況です。,success,2、高速道路の状況です。,True,12,12,0
,027_rcc_13595865_20260714090000_seg_00598,027_rcc_13595865_20260714090000,SPEAKER_02,3135.219873,3139.819922,4.6,success,東北道など高速道路や広島高速道路に渋滞はありません。,success,道道など高速道路や広島高速道路に渋滞はありません。,False,26,25,-1
,027_rcc_13595865_20260714090000_seg_00599,027_rcc_13595865_20260714090000,SPEAKER_02,3141.76,3144.13999,2.38,success,次に一般道路の渋滞状況です。,success,次に一般道路の渋滞状況です。,True,14,14,0
,027_rcc_13595865_20260714090000_seg_00600,027_rcc_13595865_20260714090000,SPEAKER_02,3145.36,3147.979834,2.62,success,1号線は岡山方面に向かうのみ。,success,2号線は岡山方面に向かうのみ。,False,15,15,0
,027_rcc_13595865_20260714090000_seg_00601,027_rcc_13595865_20260714090000,SPEAKER_02,3149.68,3152.299902,2.62,success,在来の2号線の釧路交差点で一致。,success,在来の2号線の釧路交差点で一。,False,16,15,-1
,027_rcc_13595865_20260714090000_seg_00602,027_rcc_13595865_20260714090000,SPEAKER_02,3154.48,3157.04,2.56,success,国大寺交差点で2キロの渋滞。,success,国体寺交差点で2キロの渋滞。,False,14,14,0
,027_rcc_13595865_20260714090000_seg_00603,027_rcc_13595865_20260714090000,SPEAKER_02,3159.28,3160.459814,1.18,success,橋中区の船内ホール。,success,千葉市中区の船売りホテル。,False,10,13,3
,027_rcc_13595865_20260714090000_seg_00604,027_rcc_13595865_20260714090000,SPEAKER_02,3164.08,3171.019873,6.94,success,三原市内の国道2号線の美原バイパスが事故のため通行止めになっていましたが午前1時ごろ。,success,なお、三原市内の国道2号線の美原バイパスが事故のため通行止めになっていましたが午前7時半ごろ。,False,43,47,4
,027_rcc_13595865_20260714090000_seg_00605,027_rcc_13595865_20260714090000,SPEAKER_02,3172.24,3172.939917,0.7,success,解除されました。,success,解除されました。,True,8,8,0
,027_rcc_13595865_20260714090000_seg_00606,027_rcc_13595865_20260714090000,SPEAKER_02,3175.6,3177.739844,2.14,success,福島市内の国道54号線の銀座線。,success,徳島市内の国道54号線の銀座線。,False,16,16,0
,027_rcc_13595865_20260714090000_seg_00607,027_rcc_13595865_20260714090000,SPEAKER_02,3180.88,3181.579932,0.7,success,縦尾先頭。,success,パテオ先頭。,False,5,6,1
,027_rcc_13595865_20260714090000_seg_00608,027_rcc_13595865_20260714090000,SPEAKER_01,3182.8,3183.979834,1.18,success,地方面からの車。,success,地方面からの車です。,False,8,10,2
,027_rcc_13595865_20260714090000_seg_00609,027_rcc_13595865_20260714090000,SPEAKER_01,3187.6,3195.84,8.24,success,県内の国道182号線は南蔵王の広尾交差点で明神方面に向かう車が1km渋滞しています。,success,県内の国道182号線は南蔵王の広尾交差点で明神方面に向かう車が1km渋滞しています。,True,42,42,0
,027_rcc_13595865_20260714090000_seg_00610,027_rcc_13595865_20260714090000,SPEAKER_01,3197.2,3198.08,0.88,success,市川以上です。,success,鹿は以上です。,False,7,7,0
,027_rcc_13595865_20260714090000_seg_00611,027_rcc_13595865_20260714090000,SPEAKER_02,3199.539941,3202.699805,3.16,success,ありがとうございました日本道路交通情報センター上野さんでした。,success,ありがとうございました日本道路交通情報センター上野さんでした。,True,31,31,0
,027_rcc_13595865_20260714090000_seg_00612,027_rcc_13595865_20260714090000,SPEAKER_02,3214.08,3232.96,18.88,success,梅雨が明け本格的な夏が始まりましたね今朝は夏バテしないようにと妻の実家からもらったみょうがの酢漬けきゅうりのつくだ煮きゅうりのからし漬けをご飯のお供にしっかり朝食を食べました食べることは生きること今日も元気に頑張りまするわ!,success,梅雨が明け本格的な夏が始まりましたね今朝は夏バテしないようにと妻の実家からもらったみょうがの酢漬けきゅうりの ?? 煮きゅうりのからし漬けをご飯のお供にしっかり朝食を食べました食べることは生きること今日も元気に頑張りまするわ!,False,112,113,1
,027_rcc_13595865_20260714090000_seg_00613,027_rcc_13595865_20260714090000,SPEAKER_00,3233.92,3234.56,0.64,success,ねえ。,success,あれ?,False,3,3,0
,027_rcc_13595865_20260714090000_seg_00614,027_rcc_13595865_20260714090000,SPEAKER_00,3235.6,3239.6,4.0,success,まああのおいしいものをしっかり食べるってことでしょ。,success,まああのおいしいものをしっかり食べるってことでしょ。,True,26,26,0
,027_rcc_13595865_20260714090000_seg_00615,027_rcc_13595865_20260714090000,SPEAKER_01,3239.68,3242.08,2.4,success,なかなか夏バテで。,success,うんなかなか夏バテで。,False,9,11,2
,027_rcc_13595865_20260714090000_seg_00616,027_rcc_13595865_20260714090000,SPEAKER_01,3242.4,3244.16,1.76,success,食欲が湧かなかったりしますか?,success,食欲が湧かなかったりするんですか?,False,15,17,2
,027_rcc_13595865_20260714090000_seg_00617,027_rcc_13595865_20260714090000,SPEAKER_01,3244.4,3245.12,0.72,success,せーなつ。,success,全夏。,False,5,3,-2
,027_rcc_13595865_20260714090000_seg_00618,027_rcc_13595865_20260714090000,SPEAKER_00,3246.16,3252.16,6.0,success,意外と夏バテと食欲がなくなるは俺の中ではイコールじゃないの。,success,意外と夏バテと食欲がなくなるは俺の中ではイコールじゃないの。,True,30,30,0
,027_rcc_13595865_20260714090000_seg_00619,027_rcc_13595865_20260714090000,SPEAKER_01,3252.24,3253.2,0.96,success,ああそうですか。,success,ああそうですか。,True,8,8,0
,027_rcc_13595865_20260714090000_seg_00620,027_rcc_13595865_20260714090000,SPEAKER_01,3253.6,3254.32,0.72,success,ちゃんともりもり。,success,ちゃんともりもり。,True,9,9,0
,027_rcc_13595865_20260714090000_seg_00621,027_rcc_13595865_20260714090000,SPEAKER_01,3255.68,3257.68,2.0,success,もう最近あんまり食べられなくて。,success,もう最近あんまり食べられなくて。,True,16,16,0
,027_rcc_13595865_20260714090000_seg_00622,027_rcc_13595865_20260714090000,SPEAKER_01,3257.92,3262.32,4.4,success,おかげでちょっとずつ体重がちょっと減っていってるのが、あっ、うれしいなと。,success,おかげでちょっとずつ体重がちょっと減っていってるのが、あっ、うれしいなと。,True,37,37,0
,027_rcc_13595865_20260714090000_seg_00623,027_rcc_13595865_20260714090000,SPEAKER_00,3262.32,3267.84,5.52,success,ああそう俺はねアメリカから帰ってきてねクッソまずいもんばっかり食ってるでしょ。,success,ああそう俺はねアメリカから帰ってきてねクッソまずいもんばっかり食ってるでしょ。,True,39,39,0
,027_rcc_13595865_20260714090000_seg_00624,027_rcc_13595865_20260714090000,SPEAKER_01,3267.84,3269.04,1.2,success,そんなまあおっしゃってました。,success,そんなまあおっしゃってました。,True,15,15,0
,027_rcc_13595865_20260714090000_seg_00625,027_rcc_13595865_20260714090000,SPEAKER_00,3269.44,3271.12,1.68,success,全く食が進まなかったけど。,success,全く食が進まなかったけど。,True,13,13,0
,027_rcc_13595865_20260714090000_seg_00626,027_rcc_13595865_20260714090000,SPEAKER_00,3271.44,3272.88,1.44,success,日本に帰ってきたらね。,success,日本に帰ってきたらね。,True,11,11,0
,027_rcc_13595865_20260714090000_seg_00627,027_rcc_13595865_20260714090000,SPEAKER_00,3273.28,3275.36,2.08,success,食べるもの全部おいしい。,success,食べるもの全部おいしい。,True,12,12,0
,027_rcc_13595865_20260714090000_seg_00628,027_rcc_13595865_20260714090000,SPEAKER_00,3276.8,3281.44,4.64,success,日本に帰ってきて、ぶくぶくぶくぶくと。,success,で日本に帰ってきてブクブクブクブクと。,False,19,19,0
,027_rcc_13595865_20260714090000_seg_00629,027_rcc_13595865_20260714090000,SPEAKER_00,3281.76,3282.56,0.8,success,太り。,success,太り。,True,3,3,0
,027_rcc_13595865_20260714090000_seg_00630,027_rcc_13595865_20260714090000,SPEAKER_00,3283.2,3285.44,2.24,success,今人生で一番太ってるぐらいです。,success,今人生で一番太ってるぐらいです。,True,16,16,0
,027_rcc_13595865_20260714090000_seg_00631,027_rcc_13595865_20260714090000,SPEAKER_01,3285.6,3286.64,1.04,success,そうなんですか?,success,そうなんですか?,True,8,8,0
,027_rcc_13595865_20260714090000_seg_00632,027_rcc_13595865_20260714090000,SPEAKER_01,3286.88,3288.72,1.84,success,あんま分かんないですね。,success,あんま分かんないですね。,True,12,12,0
,027_rcc_13595865_20260714090000_seg_00633,027_rcc_13595865_20260714090000,SPEAKER_00,3288.8,3290.24,1.44,success,脱いだらもうおなかが。,success,脱いだらもうおなかが。,True,11,11,0
,027_rcc_13595865_20260714090000_seg_00634,027_rcc_13595865_20260714090000,SPEAKER_00,3291.6,3292.72,1.12,success,大変なことになってます。,success,大変なことになってます。,True,12,12,0
,027_rcc_13595865_20260714090000_seg_00635,027_rcc_13595865_20260714090000,SPEAKER_01,3292.88,3293.44,0.56,success,あらま。,success,あらま!,False,4,4,0
,027_rcc_13595865_20260714090000_seg_00636,027_rcc_13595865_20260714090000,SPEAKER_01,3293.84,3294.8,0.96,success,ちょっとぽっちゃり。,success,ちょっとぽっちゃり。,True,10,10,0
,027_rcc_13595865_20260714090000_seg_00637,027_rcc_13595865_20260714090000,SPEAKER_00,3295.44,3299.6,4.16,success,ごめんなさい、美しさだけが取り柄なの、申し訳ない。,success,ごめんなさいあの美しさだけが取り柄なの申し訳ない。,False,25,25,0
,027_rcc_13595865_20260714090000_seg_00638,027_rcc_13595865_20260714090000,SPEAKER_02,3301.04,3302.48,1.44,success,中国新聞ニュース。,success,中国新聞ニュース。,True,9,9,0
,027_rcc_13595865_20260714090000_seg_00639,027_rcc_13595865_20260714090000,SPEAKER_02,3303.52,3308.88,5.36,success,ed薄毛治療専門のイースト駅前クリニックの提供でお送りします。,success,ed薄毛治療専門のeast駅前クリニックの提供でお送りします。,False,31,31,0
,027_rcc_13595865_20260714090000_seg_00640,027_rcc_13595865_20260714090000,SPEAKER_02,3311.36,3324.08,12.72,success,自民党、日本維新の会それにチーム未来の幹部は今日国会内で会談し与党が国会に提出した福祉都構想関連法案を修正することで合意しました。,success,自民党、日本維新の会それにチーム未来の幹部は今日国会内で会談し与党が国会に提出した福祉都構想関連法案を修正することで合意しました。,True,65,65,0
,027_rcc_13595865_20260714090000_seg_00641,027_rcc_13595865_20260714090000,SPEAKER_02,3324.96,3333.36,8.4,success,チームミライが求めたデジタル技術の活用や副首都整備に関わる施策などを国会に報告する規定を新たに加えます。,success,チームみらいが求めたデジタル技術の活用や副首都整備に関わる施策などを国会に報告する規定を新たに加えます。,False,52,52,0
,027_rcc_13595865_20260714090000_seg_00642,027_rcc_13595865_20260714090000,SPEAKER_02,3334.48,3339.6,5.12,success,チームみらいの高山幹事長は法案に賛成すると記者団に表明しました。,success,チーム未来の高山幹事長は法案に賛成すると記者団に表明しました。,False,32,31,-1
,027_rcc_13595865_20260714090000_seg_00643,027_rcc_13595865_20260714090000,SPEAKER_02,3340.4,3350.64,10.24,success,また、自民党の小林政務調査会長は会談後チーム未来の建設的提案によりバージョンアップされ非常にありがたいと記者団に述べました。,success,また自民党の小林政務調査会長は会談後、チーム未来の建設的提案によりバージョンアップされ非常にありがたいと記者団に述べました。,False,62,62,0
,027_rcc_13595865_20260714090000_seg_00644,027_rcc_13595865_20260714090000,SPEAKER_02,3351.6,3358.0,6.4,success,一方、福祉都構想の関連法案を審議中の衆議院特別委員会はきょうの理事会で。,success,一方、福祉都構想の関連法案を審議中の衆議院特別委員会はきょうの理事会で。,True,36,36,0
,027_rcc_13595865_20260714090000_seg_00645,027_rcc_13595865_20260714090000,SPEAKER_02,3358.32,3362.32,4.0,success,与党が求めたきょうの採決を見送ると決めました。,success,与党が求めたきょうの採決を見送ると決めました。,True,23,23,0
,027_rcc_13595865_20260714090000_seg_00646,027_rcc_13595865_20260714090000,SPEAKER_02,3362.72,3370.0,7.28,success,これに対し与党はあすの採決を提案しましたが野党は充実審議を求めて反対しました。,success,これに対し与党はあすの採決を提案しましたが野党は充実審議を求めて反対しました。,True,39,39,0
,027_rcc_13595865_20260714090000_seg_00647,027_rcc_13595865_20260714090000,SPEAKER_02,3372.56,3394.48,21.92,success,県にある関西電力大飯原子力発電所の3号機と4号機で事故が起きれば放射線被ばくによって深刻な被害が出るとして京都府の住民らおよそ3400人が関西電力と国に運転の差し止めなどを求めた裁判で京都地裁は今日午後判決を言い渡します。,success,福井県にある関西電力大飯原子力発電所の3号機と4号機で事故が起きれば、放射線被ばくによって深刻な被害が出るとして、京都府の住民らおよそ3400人が、関西電力と国に運転の差し止めなどを求めた裁判で、京都地裁は今日午後、判決を言い渡します。,False,111,118,7
,027_rcc_13595865_20260714090000_seg_00648,027_rcc_13595865_20260714090000,SPEAKER_02,3395.28,3399.36,4.08,success,裁判は原発の地震リスクの評価が主な争点です。,success,裁判は原発の地震リスクの評価が主な争点です。,True,22,22,0
,027_rcc_13595865_20260714090000_seg_00649,027_rcc_13595865_20260714090000,SPEAKER_02,3400.72,3417.44,16.72,success,京都府北部は原発がある福井県おおい町から近く原告側は想定される地震の揺れが過小評価されていると主張し敷地付近の断層で地盤が隆起する可能性があるのに対策が不十分だと訴えました。,success,京都府北部は原発がある福井県おおい町から近く、原告側は想定される地震の揺れが過小評価されていると主張し、敷地付近の断層で地盤が隆起する可能性があるのに、対策が不十分だと訴えました。,False,87,90,3
,027_rcc_13595865_20260714090000_seg_00650,027_rcc_13595865_20260714090000,SPEAKER_02,3417.92,3424.72,6.8,success,また、住民の避難計画は輸送手段の確保に保証がなく実効性がないと指摘しています。,success,また、住民の避難計画は輸送手段の確保に保証がなく実効性がないと指摘しています。,True,39,39,0
,027_rcc_13595865_20260714090000_seg_00651,027_rcc_13595865_20260714090000,SPEAKER_02,3425.28,3437.04,11.76,success,一方、関西電力側は断層を詳しく調査したと反論したほか、避難計画も十分に対策していると主張し、訴えを退けるよう求めています。,success,一方、関西電力側は断層を詳しく調査したと反論したほか、避難計画も十分に対策していると主張し、訴えを退けるよう求めています。,True,61,61,0
,027_rcc_13595865_20260714090000_seg_00652,027_rcc_13595865_20260714090000,SPEAKER_02,3439.6,3449.52,9.92,success,尾道市の官民で作る市囲碁のまちづくり推進協議会は囲碁のまちをprする尾道郷トートバッグを作りました。,success,尾道市の官民でつくる市囲碁のまちづくり推進協議会は囲碁のまちをprする尾道goトートバッグを作りました。,False,50,52,2
,027_rcc_13595865_20260714090000_seg_00653,027_rcc_13595865_20260714090000,SPEAKER_02,3450.48,3462.0,11.52,success,碁石に猫が乗る愛らしいイラストが特徴で1月に市内であった最高峰のタイトル戦、棋聖戦で対局者に贈った記念品に一部アレンジを加えました。,success,碁石に猫が乗る愛らしいイラストが特徴で、1月に市内であった最高峰のタイトル戦、棋聖戦で、対局者に贈った記念品に一部アレンジを加えました。,False,66,68,2
,027_rcc_13595865_20260714090000_seg_00654,027_rcc_13595865_20260714090000,SPEAKER_02,3462.96,3470.4,7.44,success,トートバッグはキャンバス地で縦36cm、横35てん5cm、街幅が11センチです。,success,トートバッグはキャンバス地で縦36センチ、横35てん5センチ、街幅が11センチです。,False,40,42,2
,027_rcc_13595865_20260714090000_seg_00655,027_rcc_13595865_20260714090000,SPEAKER_02,3471.12,3483.36,12.24,success,囲碁を市の代表的伝統文化とし猫の町としても知られる尾道の特徴を生かし表面には白と黒の碁石に乗った猫がこま犬のように向き合う図柄を施しました。,success,囲碁を市の代表的伝統文化とし猫の街としても知られる尾道の特徴を生かし表面には白と黒の碁石に乗った猫がこま犬のように向き合う図柄を施しました。,False,70,70,0
,027_rcc_13595865_20260714090000_seg_00656,027_rcc_13595865_20260714090000,SPEAKER_02,3484.16,3489.36,5.2,success,サイクリング人気も踏まえ裏面には猫が自転車に乗るイラストをあしらいました。,success,サイクリング人気も踏まえ裏面には猫が自転車に乗るイラストをあしらいました。,True,37,37,0
,027_rcc_13595865_20260714090000_seg_00657,027_rcc_13595865_20260714090000,SPEAKER_02,3490.16,3496.96,6.8,success,因島戸浦町の本因坊秀作囲碁記念館で税込み2000円で販売しています。,success,因島戸浦町の本因坊秀作囲碁記念館で税込み2000円で販売しています。,True,34,34,0
,027_rcc_13595865_20260714090000_seg_00658,027_rcc_13595865_20260714090000,SPEAKER_02,3497.92,3499.52,1.6,success,担当は吉田でした。,success,担当は吉田でした。,True,9,9,0
,027_rcc_13595865_20260714090000_seg_00659,027_rcc_13595865_20260714090000,SPEAKER_00,3500.16,3513.52,13.36,success,監督の泣くカレンダー男には特有の悩みがあるでもな1人で抱えてたらダメなんや駅近で予約待ち時間の心配なし最短10分で受診できるさあ自信つけていこうよっしゃー!,success,監督の泣くカレンダー男には特有の悩みがあるでもな一人で抱えてたらダメなんや駅近で予約待ち時間の心配なし最短10分で受診できるさあ自信つけていこう!,False,78,73,-5
,027_rcc_13595865_20260714090000_seg_00660,027_rcc_13595865_20260714090000,SPEAKER_02,3513.6,3514.699805,1.1,success,ed治療abc。,success,ed治療ai。,False,8,7,-1
,027_rcc_13595865_20260714090000_seg_00661,027_rcc_13595865_20260714090000,SPEAKER_02,3521.2,3522.56,1.36,success,中国新聞ニュース。,success,中国新聞ニュース。,True,9,9,0
,027_rcc_13595865_20260714090000_seg_00662,027_rcc_13595865_20260714090000,SPEAKER_02,3523.6,3529.2,5.6,success,ed薄毛治療専門のイースト駅前クリニックの提供でお送りしました。,success,ed薄毛治療専門のeast駅前クリニックの提供でお送りしました。,False,32,32,0
,027_rcc_13595865_20260714090000_seg_00663,027_rcc_13595865_20260714090000,SPEAKER_02,3596.499902,3599.44,2.94,success,買うのも近鉄の中華10時です。,success,買うのも近鉄の中海10時です。,False,15,15,0
,027_rcc_13595865_20260714090000_seg_00664,027_rcc_13595865_20260714090000,SPEAKER_00,3624.88,3625.579932,0.7,success,今回スペシャル。,success,次回スペシャル。,False,8,8,0
,027_rcc_13595865_20260714090000_seg_00665,027_rcc_13595865_20260714090000,SPEAKER_02,3630.72,3632.779883,2.06,success,番組を支えてくれるリスナーの皆さん。,success,番組を支えてくれるリスナーの皆さん。,True,18,18,0
,027_rcc_13595865_20260714090000_seg_00666,027_rcc_13595865_20260714090000,SPEAKER_00,3645.04,3646.219824,1.18,success,人間がいない間。,success,人間がいないあいつ。,False,8,10,2
,027_rcc_13595865_20260714090000_seg_00667,027_rcc_13595865_20260714090000,SPEAKER_00,3653.68,3654.859961,1.18,success,リズム感のない。,success,リズム感のない。,True,8,8,0
,027_rcc_13595865_20260714090000_seg_00668,027_rcc_13595865_20260714090000,SPEAKER_02,3660.4,3661.2,0.8,success,私!,success,私!,True,2,2,0
,027_rcc_13595865_20260714090000_seg_00669,027_rcc_13595865_20260714090000,SPEAKER_00,3661.84,3662.4,0.56,success,ロマンサイド。,success,プロ満載の。,False,7,6,-1
,027_rcc_13595865_20260714090000_seg_00670,027_rcc_13595865_20260714090000,SPEAKER_02,3680.24,3683.84,3.6,success,時刻は10時を回りました、午前様様、火曜日です。,success,時刻は10時を回りました午前様様、火曜日です。,False,24,23,-1
,027_rcc_13595865_20260714090000_seg_00671,027_rcc_13595865_20260714090000,SPEAKER_02,3684.64,3689.36,4.72,success,はい6000回記念の特番決定いたしました。,success,はい6000回記念の特番決定いたしました。,True,21,21,0
,027_rcc_13595865_20260714090000_seg_00672,027_rcc_13595865_20260714090000,SPEAKER_02,3689.76,3696.4,6.64,success,楽しみですね、もう来週の金曜日か、あっという間に来ますね、6時間。,success,楽しみですね、もう来週の金曜日か、あっという間に来ますね、6時間。,True,33,33,0
,027_rcc_13595865_20260714090000_seg_00673,027_rcc_13595865_20260714090000,SPEAKER_02,3697.04,3699.2,2.16,success,3時間が2回って考えたら。,success,3時間が2回って考えたら。,True,13,13,0
,027_rcc_13595865_20260714090000_seg_00674,027_rcc_13595865_20260714090000,SPEAKER_01,3700.08,3704.64,4.56,success,どうなんでしょうね、確かにそこまで楠本さんも言ってましたけど。,success,どうなんでしょうね、確かにそこまで楠本さんも言ってましたけど。,True,31,31,0
,027_rcc_13595865_20260714090000_seg_00675,027_rcc_13595865_20260714090000,SPEAKER_01,3705.04,3713.04,8.0,success,24時間とかと比べたら、全然短いとは思いますけど、でも午前様を2回分、1日で楽しめるっていうのは。,success,24時間とかと比べたら、全然短いとは思いますけど、でも午前様を2回分、1日で楽しめるっていうのは。,True,49,49,0
,027_rcc_13595865_20260714090000_seg_00676,027_rcc_13595865_20260714090000,SPEAKER_01,3713.84,3718.88,5.04,success,うれしいですし、たぶん内容がね、全然、ふだんとは変わってくると思うので。,success,うれしいですし、たぶん内容がね、全然、ふだんとは変わってくると思うので。,True,36,36,0
,027_rcc_13595865_20260714090000_seg_00677,027_rcc_13595865_20260714090000,SPEAKER_01,3719.76,3723.2,3.44,success,記念会らしい内容になると思っておりますが。,success,記念回らしい内容になると思っておりますが。,False,21,21,0
,027_rcc_13595865_20260714090000_seg_00678,027_rcc_13595865_20260714090000,SPEAKER_01,3724.24,3727.12,2.88,success,私も内容をほとんど知りません!,success,私も内容をほとんど知りません!,True,15,15,0
,027_rcc_13595865_20260714090000_seg_00679,027_rcc_13595865_20260714090000,SPEAKER_01,3728.16,3729.52,1.36,success,まだ全然知らない。,success,まだ全然知らない。,True,9,9,0
,027_rcc_13595865_20260714090000_seg_00680,027_rcc_13595865_20260714090000,SPEAKER_01,3730.4,3735.04,4.64,success,とりあえず中継に行きますということだけしか私も知らない。,success,とりあえず中継に行きますということだけしか私も知らない。,True,28,28,0
,027_rcc_13595865_20260714090000_seg_00681,027_rcc_13595865_20260714090000,SPEAKER_01,3736.4,3738.56,2.16,success,本当、リスナーさんと一緒。,success,だから本当リスナーさんと一緒。,False,13,15,2
,027_rcc_13595865_20260714090000_seg_00682,027_rcc_13595865_20260714090000,SPEAKER_01,3739.6,3742.24,2.64,success,ぐらいの情報量しか私も持ってない。,success,ぐらいの情報量しか私も持ってない。,True,17,17,0
,027_rcc_13595865_20260714090000_seg_00683,027_rcc_13595865_20260714090000,SPEAKER_01,3742.64,3747.84,5.2,success,ですけど、会えるっていうことを聞いてるので。,success,ですけど会えるっていうことを聞いてるので。,False,22,21,-1
,027_rcc_13595865_20260714090000_seg_00684,027_rcc_13595865_20260714090000,SPEAKER_01,3748.72,3753.6,4.88,success,県内各地ちょっと私とバーバラさんで回ってリスナーさんに会いたい。,success,県内各地ちょっと私とバーバラさんで回ってリスナーさんに会ってもらいたい。,False,32,36,4
,027_rcc_13595865_20260714090000_seg_00685,027_rcc_13595865_20260714090000,SPEAKER_02,3753.6,3761.04,7.44,success,会えるっていうのは1個うれしいなと思いますなかなかスタジオではねもちろん毎週しゃべってますけど。,success,会えるっていうのは1個うれしいなと思いますなかなかスタジオではねもちろん毎週しゃべってますけど。,True,48,48,0
,027_rcc_13595865_20260714090000_seg_00686,027_rcc_13595865_20260714090000,SPEAKER_02,3761.84,3766.0,4.16,success,実際に会うっていうのは、イベントとかじゃないと会えないと思うので。,success,実際に会うっていうのはイベントとかじゃないと会えないと思うので。,False,33,32,-1
,027_rcc_13595865_20260714090000_seg_00687,027_rcc_13595865_20260714090000,SPEAKER_02,3766.64,3774.16,7.52,success,この機会にもし行く場所が決まったらお知らせいたしますので会いに来てくれたらうれしいです。,success,この機会にもし行く場所が決まったらお知らせいたしますので会いに来てくれたらうれしいです。,True,44,44,0
,027_rcc_13595865_20260714090000_seg_00688,027_rcc_13595865_20260714090000,SPEAKER_02,3775.52,3785.36,9.84,success,キママ水星人さん先週の重大発表ドキドキからのやったでした午前様様6000回特番来ましたねしかも6時間!,success,キママ水星人さん先週の重大発表ドキドキからのやったでした午前様様6000回特番来ましたねしかも6時間!,True,51,51,0
,027_rcc_13595865_20260714090000_seg_00689,027_rcc_13595865_20260714090000,SPEAKER_02,3785.84,3801.52,15.68,success,横山さんをはじめ御前様メンバーは2日分の仕事量ですね何卒よろしくお願いいたします一層楽しく真剣に拝聴いたしまする桑原さんと橋本さんはどこに行かれるのかそれも楽しみですとか。,success,横山さんをはじめ御前様様メンバーは2日分の仕事量ですね何卒よろしくお願いいたします一層楽しく真剣に拝聴いたしまする桑原さんと橋本さんはどこに行かれるのかそれも楽しみですとか。,False,86,87,1
,027_rcc_13595865_20260714090000_seg_00690,027_rcc_13595865_20260714090000,SPEAKER_02,3802.56,3820.4,17.84,success,福山のコウモリ男さんも7月24日の6000回記念スペシャル番組6時間の生放送指折り数えながらワクワクしています早く24日が来ないかな仕事ですがリアタイでリアルタイムで拝聴させていただきまする。,success,福山のコウモリ男さんも7月24日の6000回記念スペシャル番組6時間の生放送指折り数えながらワクワクしています早く24日が来ないかな仕事ですがリアタイでリアルタイムで拝聴させていただきまする。,True,96,96,0
,027_rcc_13595865_20260714090000_seg_00691,027_rcc_13595865_20260714090000,SPEAKER_02,3821.12,3850.56,29.44,success,くるくるパー子さん週末には嬉しい重大発表今月24日の金曜日放送6000回スペシャル話せども話せども6時間の生放送決定に心躍りましたが心配したりめっちゃ笑って感動した5000回記念超感謝祭からもう4年の月日が流れていることを改めて知りましたおめでとうございます当日を心から楽しみにしていまするありがとうございますそう。,success,くるくるぱーこさん週末には嬉しい重大発表今月24日の金曜日放送6000回スペシャル話せども話せども6時間の生放送決定に心躍りましたが心配したりめっちゃ笑って感動した5000回記念超感謝祭からもう4年の月日が流れていることを改めて知りましたおめでとうございます当日を心から楽しみにしていまするありがとうございますそう。,False,158,158,0
,027_rcc_13595865_20260714090000_seg_00692,027_rcc_13595865_20260714090000,SPEAKER_02,3851.68,3854.8,3.12,success,こういう記念すべき何千回っていうのって。,success,ねっこういう記念すべき何千回っていうのって。,False,20,22,2
,027_rcc_13595865_20260714090000_seg_00693,027_rcc_13595865_20260714090000,SPEAKER_02,3855.68,3859.52,3.84,success,4年くらいたたないとやってこないんですね。,success,4年くらいたたないとやって来ないんですね。,False,21,21,0
,027_rcc_13595865_20260714090000_seg_00694,027_rcc_13595865_20260714090000,SPEAKER_02,3860.4,3862.4,2.0,success,そっかそれを考えると。,success,そっかそれを考えると。,True,11,11,0
,027_rcc_13595865_20260714090000_seg_00695,027_rcc_13595865_20260714090000,SPEAKER_01,3862.4,3866.88,4.48,success,この6000回という機会に立ち会えているのは。,success,この6000回という機会に立ち会えているのは。,True,23,23,0
,027_rcc_13595865_20260714090000_seg_00696,027_rcc_13595865_20260714090000,SPEAKER_01,3867.44,3868.56,1.12,success,貴重ですよね。,success,貴重ですよね。,True,7,7,0
,027_rcc_13595865_20260714090000_seg_00697,027_rcc_13595865_20260714090000,SPEAKER_00,3868.56,3869.36,0.8,success,本当だよだってお前。,success,本当だよだってお前完成。,False,10,12,2
,027_rcc_13595865_20260714090000_seg_00698,027_rcc_13595865_20260714090000,SPEAKER_01,3870.08,3874.16,4.08,success,関係あると思ってるんですけど。,success,関係あります、えーっ、関係あると思ってるんですけど、一応。,False,15,29,14
,027_rcc_13595865_20260714090000_seg_00699,027_rcc_13595865_20260714090000,SPEAKER_01,3875.04,3875.92,0.88,success,関係ありますよ。,success,関係ありますよ。,True,8,8,0
,027_rcc_13595865_20260714090000_seg_00700,027_rcc_13595865_20260714090000,SPEAKER_00,3876.16,3877.44,1.28,success,だって6000回。,success,だって6000回。,True,9,9,0
,027_rcc_13595865_20260714090000_seg_00701,027_rcc_13595865_20260714090000,SPEAKER_00,3877.84,3878.4,0.56,success,うちの。,success,うちの。,True,4,4,0
,027_rcc_13595865_20260714090000_seg_00702,027_rcc_13595865_20260714090000,SPEAKER_00,3879.68,3880.8,1.12,success,1回とか20回ぐらい。,success,1回とか20回ぐらい。,True,11,11,0
,027_rcc_13595865_20260714090000_seg_00703,027_rcc_13595865_20260714090000,SPEAKER_01,3881.36,3886.56,5.2,success,そんなことはないと思いますよ、もう、もうまもなく1年ぐらいたちますからね、意外と。,success,そんなことはないと思いますよ、もう、もうまもなく1年ぐらいたちますからね、意外と。,True,41,41,0
,027_rcc_13595865_20260714090000_seg_00704,027_rcc_13595865_20260714090000,SPEAKER_01,3888.16,3888.8,0.64,success,ちょっと仲間に。,success,ちょっと仲間に。,True,8,8,0
,027_rcc_13595865_20260714090000_seg_00705,027_rcc_13595865_20260714090000,SPEAKER_01,3889.6,3890.96,1.36,success,いただけたらうれしいんです。,success,頂けたらうれしいんです。,False,14,12,-2
,027_rcc_13595865_20260714090000_seg_00706,027_rcc_13595865_20260714090000,SPEAKER_00,3891.12,3893.76,2.64,success,すごいはしゃいだりとかさ、お前、関係ねえだろってずっと言い続けよ。,success,すっごいはしゃいだりとかしたらお前関係ねえだろってずっと言い続けよう。,False,33,35,2
,027_rcc_13595865_20260714090000_seg_00707,027_rcc_13595865_20260714090000,SPEAKER_01,3895.12,3896.72,1.6,success,ちょっと心の中では。,success,でもちょっと心の中では。,False,10,12,2
,027_rcc_13595865_20260714090000_seg_00708,027_rcc_13595865_20260714090000,SPEAKER_01,3897.12,3903.6,6.48,success,まだまだ1年だしっていう気持ちがちょっとはあるかもしれないバーバラさんと比べたらそりゃもうね。,success,まだまだ1年だしっていう気持ちがちょっとはあるかもしれないでもバーバラさんと比べたらそりゃもうね。,False,47,49,2
,027_rcc_13595865_20260714090000_seg_00709,027_rcc_13595865_20260714090000,SPEAKER_01,3904.08,3905.28,1.2,success,比べ物にならないですけど。,success,比べものにならないですけど。,False,13,14,1
,027_rcc_13595865_20260714090000_seg_00710,027_rcc_13595865_20260714090000,SPEAKER_00,3905.68,3906.96,1.28,success,だって途中抜けてくからね。,success,だって途中抜けてくからね。,True,13,13,0
,027_rcc_13595865_20260714090000_seg_00711,027_rcc_13595865_20260714090000,SPEAKER_01,3907.44,3908.0,0.56,success,あっそっか。,success,あっそっか。,True,6,6,0
,027_rcc_13595865_20260714090000_seg_00712,027_rcc_13595865_20260714090000,SPEAKER_00,3908.08,3908.8,0.72,success,そうそうそう。,success,そうそうそうそう。,False,7,9,2
,027_rcc_13595865_20260714090000_seg_00713,027_rcc_13595865_20260714090000,SPEAKER_01,3908.8,3909.92,1.12,success,でまた戻って。,success,でまた戻って。,True,7,7,0
,027_rcc_13595865_20260714090000_seg_00714,027_rcc_13595865_20260714090000,SPEAKER_01,3912.16,3913.36,1.2,success,王歴としては長い。,success,法歴としては長い。,False,9,9,0
,027_rcc_13595865_20260714090000_seg_00715,027_rcc_13595865_20260714090000,SPEAKER_00,3918.56,3920.16,1.6,success,理由はウィキペディアで調べた。,success,理由はウィキペディアで調べた。,True,15,15,0
,027_rcc_13595865_20260714090000_seg_00716,027_rcc_13595865_20260714090000,SPEAKER_01,3921.44,3922.64,1.2,success,もう知ってるでしょ、みんな。,success,もう知ってるでしょみんな。,False,14,13,-1
,027_rcc_13595865_20260714090000_seg_00717,027_rcc_13595865_20260714090000,SPEAKER_00,3924.32,3925.36,1.04,success,持ってんのか。,success,取ってんのか!,False,7,7,0
,027_rcc_13595865_20260714090000_seg_00718,027_rcc_13595865_20260714090000,SPEAKER_00,3928.64,3929.28,0.64,success,どうなんだろうね。,success,どうなんだろうね。,True,9,9,0
,027_rcc_13595865_20260714090000_seg_00719,027_rcc_13595865_20260714090000,SPEAKER_00,3929.6,3934.64,5.04,success,ウィキペディアとかも見なくなっちゃった、chatgptにも聞くようになってからは。,success,ウィスペディアとかも見なくなっちゃったchatgptにも聞くようになってからは。,False,41,40,-1
,027_rcc_13595865_20260714090000_seg_00720,027_rcc_13595865_20260714090000,SPEAKER_01,3935.76,3941.44,5.68,success,あれ、誰が作ってるんだろうって、いつも思うんですよ、ウィキペディアって、自分のウィキペディアも。,success,あれ誰が作ってるんだろうっていつも思うんですよウィキペディアって。,False,48,33,-15
,027_rcc_13595865_20260714090000_seg_00721,027_rcc_13595865_20260714090000,SPEAKER_01,3941.84,3943.2,1.36,success,社会人になって。,success,社会人になって。,True,8,8,0
,027_rcc_13595865_20260714090000_seg_00722,027_rcc_13595865_20260714090000,SPEAKER_01,3943.6,3944.88,1.28,success,朝なりたてのときに。,success,朝なりたての時に。,False,10,9,-1
,027_rcc_13595865_20260714090000_seg_00723,027_rcc_13595865_20260714090000,SPEAKER_01,3945.12,3946.96,1.84,success,誰が作ったんだろう?,success,だ誰が作ったんだろう?,False,10,11,1
,027_rcc_13595865_20260714090000_seg_00724,027_rcc_13595865_20260714090000,SPEAKER_00,3947.2,3949.44,2.24,success,自分が作ってる人のは分かるよね?,success,あっ自分が作ってる人のは分かるよね。,False,16,18,2
,027_rcc_13595865_20260714090000_seg_00725,027_rcc_13595865_20260714090000,SPEAKER_01,3949.68,3950.24,0.56,success,そうですね。,success,そうですね。,True,6,6,0
,027_rcc_13595865_20260714090000_seg_00726,027_rcc_13595865_20260714090000,SPEAKER_00,3950.56,3955.84,5.28,success,絶対一般の人が分かんないような細かいことまで書いてあったりとかするとあっこれ本人か事務所が書いてるんだなとかって。,success,絶対一般の人が分かんないような細かいことまで書いてあったりとかするとあっこれ本人か事務所が書いてるんだなとかって。,True,57,57,0
,027_rcc_13595865_20260714090000_seg_00727,027_rcc_13595865_20260714090000,SPEAKER_01,3957.2,3957.84,0.64,success,オースマ。,success,オースマ!,False,5,5,0
,027_rcc_13595865_20260714090000_seg_00728,027_rcc_13595865_20260714090000,SPEAKER_00,3959.6,3962.8,3.2,success,そこじゃないとこをフィーチャーしろよ!とかもう。,success,そこじゃないとこをフィーチャーしろよとかもう。,False,24,23,-1
,027_rcc_13595865_20260714090000_seg_00729,027_rcc_13595865_20260714090000,SPEAKER_00,3963.36,3967.76,4.4,success,なんか細かいこと書くなよ、もう情報が多くなり過ぎて。,success,なんか細かいこと書くなよもう情報が多くなりすぎて。,False,26,25,-1
,027_rcc_13595865_20260714090000_seg_00730,027_rcc_13595865_20260714090000,SPEAKER_00,3968.88,3970.88,2.0,success,買い勝手が悪くなってんだよと。,success,使い勝手が悪くなってんだよと。,False,15,15,0
,027_rcc_13595865_20260714090000_seg_00731,027_rcc_13595865_20260714090000,SPEAKER_01,3971.2,3973.04,1.84,success,ちょっと偏ってたりはするかもしれない。,success,ちょっと偏ってたりはするかもしれない。,True,19,19,0
,027_rcc_13595865_20260714090000_seg_00732,027_rcc_13595865_20260714090000,SPEAKER_00,3974.88,3985.84,10.96,success,何年何月何日になんとかのピンチヒッターでそんなの俺の38年のアナウンサー人生の中のミジンコみたいな話なんだよみたいなのがそいつにとっては大きい事なんだろうって。,success,何年何月何日になんとかのピンチヒッターでそんなの俺の38年のアナウンサー人生の中のもうミジンコみたいな話なんだよみたいなのがそいつにとっては大きい事なんだろうってみたいな。,False,80,86,6
,027_rcc_13595865_20260714090000_seg_00733,027_rcc_13595865_20260714090000,SPEAKER_00,3986.32,3990.88,4.56,success,のをすごい書き込むやつとかいてそれを誰か消せよもうとかさ。,success,のをすごい書き込むやつとかいてそれを誰か消せよもうとかさ。,True,29,29,0
,027_rcc_13595865_20260714090000_seg_00734,027_rcc_13595865_20260714090000,SPEAKER_00,3993.76,3997.12,3.36,success,ほかにもいろいろあるみたいなので。,success,他にもいろいろあるみたいなので。,False,17,16,-1
,027_rcc_13595865_20260714090000_seg_00735,027_rcc_13595865_20260714090000,SPEAKER_01,3997.28,3998.56,1.28,success,もっと書いてほしいことある!,success,もっと書いてほしいことある!,True,14,14,0
,027_rcc_13595865_20260714090000_seg_00736,027_rcc_13595865_20260714090000,SPEAKER_00,3999.28,4000.0,0.72,success,大事なことはあります。,success,大事なことだ。,False,11,7,-4
,027_rcc_13595865_20260714090000_seg_00737,027_rcc_13595865_20260714090000,SPEAKER_00,4000.48,4001.28,0.8,success,あるんだよみたいな。,success,あるんだよみたいな。,True,10,10,0
,027_rcc_13595865_20260714090000_seg_00738,027_rcc_13595865_20260714090000,SPEAKER_01,4001.36,4006.72,5.36,success,私は楠本さんのピンチヒッターっていうのはもう一番多分誇らしいところだと。,success,私は楠本さんのそのピンチヒッターっていうのはもう一番多分誇らしいところだと思うんですけど。,False,36,45,9
,027_rcc_13595865_20260714090000_seg_00739,027_rcc_13595865_20260714090000,SPEAKER_01,4009.12,4015.04,5.92,success,そこは書いてくださってました誰か分かんないけど多分御前様聴いてくださってるんだろうなまあ。,success,そこは書いて下さってました何か誰か分かんないけど多分御前様聴いて下さってるんだろうな。,False,45,43,-2
,027_rcc_13595865_20260714090000_seg_00740,027_rcc_13595865_20260714090000,SPEAKER_00,4015.84,4017.2,1.36,success,聞いてる人が書くんでしょうか?,success,聞いてる人が描くんでしょうか?,False,15,15,0
,027_rcc_13595865_20260714090000_seg_00741,027_rcc_13595865_20260714090000,SPEAKER_01,4017.28,4018.16,0.88,success,そうそうそう。,success,そうそうそう。,True,7,7,0
,027_rcc_13595865_20260714090000_seg_00742,027_rcc_13595865_20260714090000,SPEAKER_01,4018.8,4022.4,3.6,success,ありがたいなと思って、私は重要な歴史の1ページなんで。,success,ありがたいなと思って私は重要な歴史の1ページなんで。,False,27,26,-1
,027_rcc_13595865_20260714090000_seg_00743,027_rcc_13595865_20260714090000,SPEAKER_00,4022.4,4027.04,4.64,success,でもそのウィキペディアとかもさ俺が昔付き合ってたみゆきちゃんっていう中学生の頃。,success,でもそのウィキペディアとかもさ俺が昔付き合ってたみゆきちゃんっていう中学生の時。,False,40,40,0
,027_rcc_13595865_20260714090000_seg_00744,027_rcc_13595865_20260714090000,SPEAKER_00,4027.84,4031.28,3.44,success,その時の彼女がさそのコロナの時広島に来たのさ。,success,の時の彼女がさそのコロナの時広島に来たのをさ。,False,23,23,0
,027_rcc_13595865_20260714090000_seg_00745,027_rcc_13595865_20260714090000,SPEAKER_00,4032.16,4035.52,3.36,success,夜8時までしか飲食ができないっていう時にさ。,success,で夜8時までしか飲食ができないっていう時にさ。,False,22,23,1
,027_rcc_13595865_20260714090000_seg_00746,027_rcc_13595865_20260714090000,SPEAKER_00,4036.0,4041.6,5.6,success,なんかおいしいお店はないかみたいな、どこもやってねえよとかって思いながらも。,success,なんかおいしいお店はないかみたいなどこもやってねえよ!とかって思いながらも。,False,38,38,0
,027_rcc_13595865_20260714090000_seg_00747,027_rcc_13595865_20260714090000,SPEAKER_00,4042.0,4045.44,3.44,success,その何か何回かさlineの交換をしたのをさ。,success,その何か何回かさlineの交換をしたのをさ。,True,22,22,0
,027_rcc_13595865_20260714090000_seg_00748,027_rcc_13595865_20260714090000,SPEAKER_00,4046.48,4062.48,16.0,success,でそのlineの交換の中でさ何か優ちゃんはもうウィキペディアとかにもなっちょるような人やからとかって書いてあったからあっそうか一般の人からするとウィキペディアだってコントゴドンとかないからねだからfmのファンの人とか作らないってことなんだよ。,success,ででそのlineの交換の中でさ何か優ちゃんはもうウィキペディアとかにもなっちょるような人やからとかって書いてあったからあっそうか一般の人からするとウィキペディアだってコントゴドンとかないからねだからfmのファンの人とか作らないってことなんだよ。,False,121,122,1
,027_rcc_13595865_20260714090000_seg_00749,027_rcc_13595865_20260714090000,SPEAKER_01,4063.04,4064.16,1.12,success,えっありそうなのに。,success,えっありそうなのに。,True,10,10,0
,027_rcc_13595865_20260714090000_seg_00750,027_rcc_13595865_20260714090000,SPEAKER_00,4064.24,4065.12,0.88,success,ありそうじゃん。,success,ありそうじゃん。,True,8,8,0
,027_rcc_13595865_20260714090000_seg_00751,027_rcc_13595865_20260714090000,SPEAKER_00,4065.44,4067.6,2.16,success,だから近藤丼とか謎のままなんです。,success,だから近藤丼とか謎のままなんです。,True,17,17,0
,027_rcc_13595865_20260714090000_seg_00752,027_rcc_13595865_20260714090000,SPEAKER_00,4068.4,4071.04,2.64,success,調べようと思っても全然出てこないの。,success,調べようと思っても全然出てこないの。,True,18,18,0
,027_rcc_13595865_20260714090000_seg_00753,027_rcc_13595865_20260714090000,SPEAKER_01,4072.96,4075.6,2.64,success,その差は何なんでしょうね、ある人とない人。,success,その差はなんなんでしょうねある人とない人。,False,21,21,0
,027_rcc_13595865_20260714090000_seg_00754,027_rcc_13595865_20260714090000,SPEAKER_00,4075.84,4082.72,6.88,success,局によっても熱温度があるんだろうしまた作る人が管理人になるらしいからさ。,success,局によっても熱温度があるんだろうしまた作る人が管理人になるらしいからさ。,True,36,36,0
,027_rcc_13595865_20260714090000_seg_00755,027_rcc_13595865_20260714090000,SPEAKER_00,4084.88,4090.24,5.36,success,だからその人がいちいちいちいち消したりとかだからよく分かんねえやつが自分の。,success,だからその人がいちいちいちいちなんか消したりとか動画がだからよく分かんねえやつが自分も。,False,38,44,6
,027_rcc_13595865_20260714090000_seg_00756,027_rcc_13595865_20260714090000,SPEAKER_00,4090.48,4093.2,2.72,success,人生とかのことの脚色をしていくわけじゃん。,success,人生とかのことの脚色をしていくわけじゃん。,True,21,21,0
,027_rcc_13595865_20260714090000_seg_00757,027_rcc_13595865_20260714090000,SPEAKER_00,4094.56,4096.0,1.44,success,臭えなとかって思ったりするよね。,success,くせえなとかって思ったりするよね。,False,16,17,1
,027_rcc_13595865_20260714090000_seg_00758,027_rcc_13595865_20260714090000,SPEAKER_01,4096.0,4097.12,1.12,success,でもウィキペディアを。,success,でもウィキペディアを一生懸命。,False,11,15,4
,027_rcc_13595865_20260714090000_seg_00759,027_rcc_13595865_20260714090000,SPEAKER_01,4097.36,4099.6,2.24,success,一番最初に、なんか誰かを調べるってなったときに。,success,一番最初に誰かを調べるってなった時に。,False,24,19,-5
,027_rcc_13595865_20260714090000_seg_00760,027_rcc_13595865_20260714090000,SPEAKER_01,4100.0,4101.04,1.04,success,やっぱり開く?,success,やっぱり開く。,False,7,7,0
,027_rcc_13595865_20260714090000_seg_00761,027_rcc_13595865_20260714090000,SPEAKER_00,4102.96,4104.24,1.28,success,公式ホームページとかに行った。,success,公式ホームページとかにたまに。,False,15,15,0
,027_rcc_13595865_20260714090000_seg_00762,027_rcc_13595865_20260714090000,SPEAKER_00,4104.96,4106.72,1.76,success,こういろんなことを。,success,こういろんなことを。,True,10,10,0
,027_rcc_13595865_20260714090000_seg_00763,027_rcc_13595865_20260714090000,SPEAKER_00,4107.04,4112.08,5.04,success,調べたりとかして、そこから本人たちが出ている記事とかを調べ始めたりとかするから。,success,そこから本人たちが出ている記事とかを調べ始めたりとかするから。,False,40,31,-9
,027_rcc_13595865_20260714090000_seg_00764,027_rcc_13595865_20260714090000,SPEAKER_00,4112.72,4114.96,2.24,success,一番最初スタートはちょっと利用するよね。,success,一番最初のスタートはちょっと利用するよね。,False,20,21,1
,027_rcc_13595865_20260714090000_seg_00765,027_rcc_13595865_20260714090000,SPEAKER_01,4115.04,4115.76,0.72,success,そうですよね。,success,そうですよね。,True,7,7,0
,027_rcc_13595865_20260714090000_seg_00766,027_rcc_13595865_20260714090000,SPEAKER_00,4115.84,4119.2,3.36,success,だけども絶対これを信じちゃいけないのは自分のがおかしいから。,success,けど絶対これを信じちゃいけないのは自分のがおかしいから。,False,30,28,-2
,027_rcc_13595865_20260714090000_seg_00767,027_rcc_13595865_20260714090000,SPEAKER_00,4120.8,4121.52,0.72,success,おかしいおかしい。,success,おかしいおかしい。,True,9,9,0
,027_rcc_13595865_20260714090000_seg_00768,027_rcc_13595865_20260714090000,SPEAKER_00,4122.24,4124.16,1.92,success,だから重みがあるじゃん。,success,だからその重みがあるじゃん。,False,12,14,2
,027_rcc_13595865_20260714090000_seg_00769,027_rcc_13595865_20260714090000,SPEAKER_00,4124.56,4129.6,5.04,success,仕事の中でこれはすごく重たいですっていうのとかのバランスがとても悪いから。,success,ショートの中でこれはすごく重たいですっていうのとかのバランスがとても悪いから。,False,37,39,2
,027_rcc_13595865_20260714090000_seg_00770,027_rcc_13595865_20260714090000,SPEAKER_01,4129.84,4130.64,0.8,success,なるほど。,success,なるほど。,True,5,5,0
,027_rcc_13595865_20260714090000_seg_00771,027_rcc_13595865_20260714090000,SPEAKER_01,4130.96,4131.52,0.56,success,じゃああんまり。,success,じゃああまり。,False,8,7,-1
,027_rcc_13595865_20260714090000_seg_00772,027_rcc_13595865_20260714090000,SPEAKER_00,4132.0,4134.24,2.24,success,じゃんとsnsとかでもさ。,success,じゃんsnsとかでもさ。,False,13,12,-1
,027_rcc_13595865_20260714090000_seg_00773,027_rcc_13595865_20260714090000,SPEAKER_00,4135.28,4143.68,8.4,success,お前はこの写真とこの書いてる文章の1ミリも関係ねえことを書いてくるけどどんな気分なん?っていう。,success,お前はこの写真とこの書いてる文章の1ミリも関係ねえことを書いてくるけどどんな気分なん?っていう。,True,48,48,0
,027_rcc_13595865_20260714090000_seg_00774,027_rcc_13595865_20260714090000,SPEAKER_00,4146.16,4148.24,2.08,success,側の気持ち分かる?みたいな。,success,ピアノの気持ち分かる!?みたいな。,False,14,17,3
,027_rcc_13595865_20260714090000_seg_00775,027_rcc_13595865_20260714090000,SPEAKER_00,4148.88,4156.96,8.08,success,音とかが全く分からない人とかがいるわけじゃんそしたらその人がバーッていっぱい書き込んで誰も手を加えなかったらそのまんま。,success,のとかが全く分からない人とかがいるわけじゃん。そしたらその人がバーッていっぱい書き込んで誰も手を加えなかったらそのまんま。,False,60,61,1
,027_rcc_13595865_20260714090000_seg_00776,027_rcc_13595865_20260714090000,SPEAKER_00,4157.36,4158.16,0.8,success,残るってこと。,success,残るってこと。,True,7,7,0
,027_rcc_13595865_20260714090000_seg_00777,027_rcc_13595865_20260714090000,SPEAKER_01,4160.0,4161.04,1.04,success,あっでも横山さんの。,success,まあでも横山さんの。,False,10,10,0
,027_rcc_13595865_20260714090000_seg_00778,027_rcc_13595865_20260714090000,SPEAKER_02,4161.6,4163.2,1.6,success,一番分かるx?,success,一番分かるx?,True,7,7,0
,027_rcc_13595865_20260714090000_seg_00779,027_rcc_13595865_20260714090000,SPEAKER_02,4163.44,4165.04,1.6,success,に、もう投稿されてました。,success,にもう投稿されてました。,False,13,12,-1
,027_rcc_13595865_20260714090000_seg_00780,027_rcc_13595865_20260714090000,SPEAKER_00,4166.8,4168.32,1.52,success,あっはい三好の鵜飼い。,success,あっはい三好の鵜飼い!,False,11,11,0
,027_rcc_13595865_20260714090000_seg_00781,027_rcc_13595865_20260714090000,SPEAKER_00,4168.8,4170.0,1.2,success,行ってきましたよ。,success,行ってきましたよ。,True,9,9,0
,027_rcc_13595865_20260714090000_seg_00782,027_rcc_13595865_20260714090000,SPEAKER_02,4171.04,4171.84,0.8,success,舘ひろしさんが。,success,舘ひろしさんが。,True,8,8,0
,027_rcc_13595865_20260714090000_seg_00783,027_rcc_13595865_20260714090000,SPEAKER_02,4172.16,4178.88,6.72,success,横山さん行ってみたいと番組でも何度かお話しされていた三次の鵜飼いに行かれたのですね。,success,横山さん行ってみたいと番組でも何度かお話しされていた三次の鵜飼いに行かれたのですね。,True,42,42,0
,027_rcc_13595865_20260714090000_seg_00784,027_rcc_13595865_20260714090000,SPEAKER_02,4179.44,4188.8,9.36,success,船の上で宴会をしながら歴史のロマンを感じるとても豊かな時間を過ごされたようでsnsで上げられていた写真からもそのことが分かります。,success,船の上で宴会をしながら歴史のロマンを感じるとても豊かな時間を過ごされたようでsnsで上げられていた写真からもそのことが分かっています。,False,65,67,2
,027_rcc_13595865_20260714090000_seg_00785,027_rcc_13595865_20260714090000,SPEAKER_01,4188.96,4191.36,2.4,success,様子がとてもよく伝わりました。,success,様子がとてもよく伝わりました。,True,15,15,0
,027_rcc_13595865_20260714090000_seg_00786,027_rcc_13595865_20260714090000,SPEAKER_00,4192.8,4193.68,0.88,success,どうっすね。,success,そうっすね。,False,6,6,0
,027_rcc_13595865_20260714090000_seg_00787,027_rcc_13595865_20260714090000,SPEAKER_01,4193.76,4195.36,1.6,success,なかなか見る機会ないですもんね。,success,なかなか見る機会ないですもんね。,True,16,16,0
,027_rcc_13595865_20260714090000_seg_00788,027_rcc_13595865_20260714090000,SPEAKER_00,4195.44,4205.68,10.24,success,なかなかねだから三好の方も本当にオタクのふるさとにはこんなに歴史が深いものがありますよって450年の歴史らしいんだよ。,success,なかなかねだから三好の方も本当にオタクのふるさとにはこんなに歴史が深いものがありますよって450年の歴史らしいんだよ。,True,59,59,0
,027_rcc_13595865_20260714090000_seg_00789,027_rcc_13595865_20260714090000,SPEAKER_00,4207.2,4210.96,3.76,success,鵜飼っていうことでいうと1300年。,success,鵜飼っていうことでいうと1300年。,True,18,18,0
,027_rcc_13595865_20260714090000_seg_00790,027_rcc_13595865_20260714090000,SPEAKER_00,4212.0,4234.88,22.88,success,歴史があってでそこからいわゆる三好はちょっとこう実用的な感じ本当に漁をしてたんだって鵜を使ってだから鵜がうわーって潜っていく光をみなもに夜当てるそうすると水面の中にいる光が魚が光に当たってピャッて光るんだって。,success,歴史があってでそこからいわゆる三好はちょっとこう実用的な感じ本当に漁をしてたんだって鵜を使ってだから鵜がうわーって潜っていくで光をみなもに夜当てるそうするとみなもの中にいる光が魚が光に当たってピャッて光るんだって。,False,105,107,2
,027_rcc_13595865_20260714090000_seg_00791,027_rcc_13595865_20260714090000,SPEAKER_01,4235.28,4235.92,0.64,success,どこにいるかわかる?,success,どこにいるか分かる?,False,10,10,0
,027_rcc_13595865_20260714090000_seg_00792,027_rcc_13595865_20260714090000,SPEAKER_00,4236.08,4241.52,5.44,success,それを見つけて鵜がバーッてふわーって飲み込んだやつをうわ!,success,でそれを見つけて鵜がブワーッてふわって飲み込んだやつをうわ!,False,29,30,1
,027_rcc_13595865_20260714090000_seg_00793,027_rcc_13595865_20260714090000,SPEAKER_01,4244.24,4245.36,1.12,success,ラジオで表現すると。,success,ラジオで表現するとか。,False,10,11,1
,027_rcc_13595865_20260714090000_seg_00794,027_rcc_13595865_20260714090000,SPEAKER_00,4245.44,4247.12,1.68,success,うわっ!って。,success,うわって。,False,7,5,-2
,027_rcc_13595865_20260714090000_seg_00795,027_rcc_13595865_20260714090000,SPEAKER_01,4248.16,4250.56,2.4,success,ちょっと誇張しすぎな気はします。,success,ちょっと誇張しすぎな気はしますね。,False,16,17,1
,027_rcc_13595865_20260714090000_seg_00796,027_rcc_13595865_20260714090000,SPEAKER_00,4251.6,4252.64,1.04,success,太陽のお父さんって。,success,頼むお父さんから。,False,10,9,-1
,027_rcc_13595865_20260714090000_seg_00797,027_rcc_13595865_20260714090000,SPEAKER_00,4252.88,4256.56,3.68,success,歯磨き後藤さんみたいな、ぶわってやって。,success,歯磨くお父さんみたいなブッてやって。,False,20,18,-2
,027_rcc_13595865_20260714090000_seg_00798,027_rcc_13595865_20260714090000,SPEAKER_01,4256.64,4257.68,1.04,success,一緒にしないで。,success,一緒にしないで。,True,8,8,0
,027_rcc_13595865_20260714090000_seg_00799,027_rcc_13595865_20260714090000,SPEAKER_00,4257.84,4258.88,1.04,success,でも母さん。,success,でも母さん。,True,6,6,0
,027_rcc_13595865_20260714090000_seg_00800,027_rcc_13595865_20260714090000,SPEAKER_01,4258.96,4259.6,0.64,success,はい。,success,はい。,True,3,3,0
,027_rcc_13595865_20260714090000_seg_00801,027_rcc_13595865_20260714090000,SPEAKER_00,4259.76,4261.36,1.6,success,その取ったのを。,success,その撮ったのを。,False,8,8,0
,027_rcc_13595865_20260714090000_seg_00802,027_rcc_13595865_20260714090000,SPEAKER_00,4262.0,4263.28,1.28,success,見せてもらえるのさ。,success,見せてもらえるのさ。,True,10,10,0
,027_rcc_13595865_20260714090000_seg_00803,027_rcc_13595865_20260714090000,SPEAKER_00,4264.08,4265.68,1.6,success,およそ1時間半ぐらいあるのよ。,success,およそ1時間半ぐらいあんのよ。,False,15,15,0
,027_rcc_13595865_20260714090000_seg_00804,027_rcc_13595865_20260714090000,SPEAKER_00,4266.16,4269.92,3.76,success,ただむっちゃん何の説明もしてくんないの。,success,ただむっちゃん何の説明もしてくんないの。,True,20,20,0
,027_rcc_13595865_20260714090000_seg_00805,027_rcc_13595865_20260714090000,SPEAKER_00,4270.88,4273.04,2.16,success,これ何してんの今って感じなの。,success,これ何してんの今って感じなの。,True,15,15,0
,027_rcc_13595865_20260714090000_seg_00806,027_rcc_13595865_20260714090000,SPEAKER_01,4274.08,4275.28,1.2,success,一緒に船に。,success,一緒に船に。,True,6,6,0
,027_rcc_13595865_20260714090000_seg_00807,027_rcc_13595865_20260714090000,SPEAKER_01,4275.52,4276.96,1.44,success,乗って行ったっていう感じ。,success,乗っていったっていう感じ。,False,13,13,0
,027_rcc_13595865_20260714090000_seg_00808,027_rcc_13595865_20260714090000,SPEAKER_00,4278.0,4279.44,1.44,success,友達で10人ぐらいで。,success,友達で10人ぐらいで。,True,11,11,0
,027_rcc_13595865_20260714090000_seg_00809,027_rcc_13595865_20260714090000,SPEAKER_00,4279.68,4280.4,0.72,success,言ったのさ。,success,言ったのさ。,True,6,6,0
,027_rcc_13595865_20260714090000_seg_00810,027_rcc_13595865_20260714090000,SPEAKER_00,4280.72,4283.36,2.64,success,それこそ船頭王がさ。,success,でそれこそ船頭王がさ。,False,10,11,1
,027_rcc_13595865_20260714090000_seg_00811,027_rcc_13595865_20260714090000,SPEAKER_00,4283.68,4285.12,1.44,success,この番組のリスナー。,success,この番組のリスナー。,True,10,10,0
,027_rcc_13595865_20260714090000_seg_00812,027_rcc_13595865_20260714090000,SPEAKER_00,4293.28,4298.8,5.52,success,なんか、ざーって、すっごい竹の棒、なんかね、洗濯するときの棒みたいな。,success,なんかザーッてすっごい竹の棒なんかねっ洗濯する時の棒みたいな。,False,35,31,-4
,027_rcc_13595865_20260714090000_seg_00813,027_rcc_13595865_20260714090000,SPEAKER_00,4299.68,4301.12,1.44,success,あれでダーッて。,success,あれでダッて。,False,8,7,-1
,027_rcc_13595865_20260714090000_seg_00814,027_rcc_13595865_20260714090000,SPEAKER_00,4301.84,4302.56,0.72,success,ガーン。,success,ザー。,False,4,3,-1
,027_rcc_13595865_20260714090000_seg_00815,027_rcc_13595865_20260714090000,SPEAKER_01,4302.72,4303.84,1.12,success,船をこいで。,success,うん船をこいで。,False,6,8,2
,027_rcc_13595865_20260714090000_seg_00816,027_rcc_13595865_20260714090000,SPEAKER_00,4303.84,4308.8,4.96,success,でやつにいろんなことを聞くんだけど何かほらジャングルクルーズとかさ。,success,でやつにいろんなことを聞くんだけど何かほらジャングルクルーズとかさ。,True,34,34,0
,027_rcc_13595865_20260714090000_seg_00817,027_rcc_13595865_20260714090000,SPEAKER_00,4309.52,4312.72,3.2,success,ああいうテーマパークに慣れてるからさ。,success,ああいうテーマパークに慣れてるからさ。,True,19,19,0
,027_rcc_13595865_20260714090000_seg_00818,027_rcc_13595865_20260714090000,SPEAKER_00,4313.12,4322.88,9.76,success,右見てくださいとか左見てくださいとか今ここは浅瀬なのにガリガリ言いながら何か進んでますよとかってそんなこと全然教えてくんないからさこれ今何してんだろうこれ。,success,はい右見て下さいとか左見て下さいとか今ここは浅瀬なのにガリガリ言いながら何か進んでますよとかってそんなこと全然教えてくんないからさこれ今何してんだろうこれ。,False,78,78,0
,027_rcc_13595865_20260714090000_seg_00819,027_rcc_13595865_20260714090000,SPEAKER_00,4323.6,4325.36,1.76,success,別に案内もないからさ。,success,で別に案内もないからさ。,False,11,12,1
,027_rcc_13595865_20260714090000_seg_00820,027_rcc_13595865_20260714090000,SPEAKER_00,4326.0,4330.16,4.16,success,これいつ始まんの?とかさああいうの全然分かんないの。,success,これいつ始まんの?とかさああいうの全然分かんないの。,True,26,26,0
,027_rcc_13595865_20260714090000_seg_00821,027_rcc_13595865_20260714090000,SPEAKER_00,4330.56,4344.48,13.92,success,だらっだらしてて人ばっかり嫌がって何の案内もせずにこれそろそろ行ったほうがいいんじゃないのかなとかって暗いとあっもうちょっとしたら案内しますからとかって言うけど案内しないじゃんとかって思いながら腹ばっかり立ってて。,success,ダラッタラしてて人ばっかり嫌がって何の案内もせずにこれそろそろ行った方がいいんじゃないのかなとかって暗いとあっもうちょっとしたら案内しますからとかって言うけど案内しないじゃんとかって思いながら腹ばっかり立ってて。,False,107,106,-1
,027_rcc_13595865_20260714090000_seg_00822,027_rcc_13595865_20260714090000,SPEAKER_01,4344.8,4345.84,1.04,success,なんでなんで落ち着いて。,success,何で何で落ち着いて。,False,12,10,-2
,027_rcc_13595865_20260714090000_seg_00823,027_rcc_13595865_20260714090000,SPEAKER_00,4346.24,4352.0,5.76,success,乗って乗ったのに全然始めようとしないのよ。,success,乗って乗ったのに全然始めようとしないのよ。,True,21,21,0
,027_rcc_13595865_20260714090000_seg_00824,027_rcc_13595865_20260714090000,SPEAKER_01,4354.16,4354.8,0.64,success,説明なし。,success,包めなし。,False,5,5,0
,027_rcc_13595865_20260714090000_seg_00825,027_rcc_13595865_20260714090000,SPEAKER_00,4354.8,4358.56,3.76,success,なんか少しだけ進んでさずっと止まっていくから。,success,何か少しだけ進んでさずっと止まってっから。,False,23,21,-2
,027_rcc_13595865_20260714090000_seg_00826,027_rcc_13595865_20260714090000,SPEAKER_00,4359.6,4361.2,1.6,success,これ、何中、これ!?っつって。,success,これ何中?これ!っつって。,False,15,13,-2
,027_rcc_13595865_20260714090000_seg_00827,027_rcc_13595865_20260714090000,SPEAKER_00,4362.24,4363.2,0.96,success,って言ったな。,success,って言ったな。,True,7,7,0
,027_rcc_13595865_20260714090000_seg_00828,027_rcc_13595865_20260714090000,SPEAKER_00,4363.84,4365.76,1.92,success,あの真っ暗になるまで。,success,あの真っ暗になるまで。,True,11,11,0
,027_rcc_13595865_20260714090000_seg_00829,027_rcc_13595865_20260714090000,SPEAKER_00,4367.12,4370.48,3.36,success,始めないので、今、いわゆる遊覧みたいな。,success,始めないので今いわゆる遊覧みたいな。,False,20,18,-2
,027_rcc_13595865_20260714090000_seg_00830,027_rcc_13595865_20260714090000,SPEAKER_00,4371.44,4384.32,12.88,success,ちょっとだけ川面からね岸から川の中入ってちょっと涼んでくださいの時間ですって言うから言ってよ分かんないじゃんそういうことさ。,success,ちょっとだけその川からね岸から川の中入ってちょっと涼んで下さいの時間ですって言うから言ってよ分かんないじゃんそういうことさ。,False,62,62,0
,027_rcc_13595865_20260714090000_seg_00831,027_rcc_13595865_20260714090000,SPEAKER_01,4384.4,4386.16,1.76,success,もうね、行ったら始まるもんだと。,success,もうね行ったら始まるもんだと。,False,16,15,-1
,027_rcc_13595865_20260714090000_seg_00832,027_rcc_13595865_20260714090000,SPEAKER_00,4387.12,4390.32,3.2,success,もう始まってそこからしばらくしたらなんか始まったのさ。,success,もう始まってそこからしばらくしたら何か始まったのさ。,False,27,26,-1
,027_rcc_13595865_20260714090000_seg_00833,027_rcc_13595865_20260714090000,SPEAKER_00,4390.72,4394.24,3.52,success,それも分かんないからねえごめんごめんこれ始まっとるもう。,success,でそれも分かんないからねえねえごめんごめんこれ始まっとるもう。,False,28,31,3
,027_rcc_13595865_20260714090000_seg_00834,027_rcc_13595865_20260714090000,SPEAKER_01,4396.72,4397.68,0.96,success,そうやって。,success,そうやって!,False,6,6,0
,027_rcc_13595865_20260714090000_seg_00835,027_rcc_13595865_20260714090000,SPEAKER_01,4398.4,4402.56,4.16,success,一行を連れていくみたいなことはめったにないんじゃないかな。,success,一行を連れていくみたいなことはめったにないんじゃないですか。,False,29,30,1
,027_rcc_13595865_20260714090000_seg_00836,027_rcc_13595865_20260714090000,SPEAKER_01,4403.44,4404.8,1.36,success,説明に慣れてないというか。,success,説明に慣れてないというか。,True,13,13,0
,027_rcc_13595865_20260714090000_seg_00837,027_rcc_13595865_20260714090000,SPEAKER_00,4405.12,4405.76,0.64,success,いやでも!,success,いやでも!,True,5,5,0
,027_rcc_13595865_20260714090000_seg_00838,027_rcc_13595865_20260714090000,SPEAKER_00,4406.4,4408.48,2.08,success,全然いっぱいだったんで、お客さん。,success,全然いっぱいだったんでお客さん。,False,17,16,-1
,027_rcc_13595865_20260714090000_seg_00839,027_rcc_13595865_20260714090000,SPEAKER_01,4408.48,4409.2,0.72,success,そうなんだ!,success,そうなんだ!,True,6,6,0
,027_rcc_13595865_20260714090000_seg_00840,027_rcc_13595865_20260714090000,SPEAKER_00,4409.28,4412.88,3.6,success,俺らが行ったときは、6艇。,success,で俺らが行った時は6艇。,False,13,12,-1
,027_rcc_13595865_20260714090000_seg_00841,027_rcc_13595865_20260714090000,SPEAKER_00,4413.6,4415.84,2.24,success,10人乗りが6艇60人で。,success,10人乗りが6艇60人で。,True,13,13,0
,027_rcc_13595865_20260714090000_seg_00842,027_rcc_13595865_20260714090000,SPEAKER_00,4416.08,4422.48,6.4,success,もうそんだけしか船頭さんがいないからだからもう全然それ以上は受け付けられませんと。,success,もうそんだけしか船頭さんがいないからだからもう全然それ以上は受け付けられませんと。,True,41,41,0
,027_rcc_13595865_20260714090000_seg_00843,027_rcc_13595865_20260714090000,SPEAKER_00,4423.28,4429.36,6.08,success,マックス10隻ぐらいあるらしいのよ、だけど、やっぱほら、休みを取らせたりとか、船頭さんも。,success,でマックス10隻ぐらいあるらしいのよ。だけどやっぱほら休みを取らせたりとか船頭さんも。,False,45,43,-2
,027_rcc_13595865_20260714090000_seg_00844,027_rcc_13595865_20260714090000,SPEAKER_00,4430.24,4438.16,7.92,success,ないから、大体マックスすると6席ぐらい、まあ、行って7席ぐらいですかねとかって、でもそのときは、休みの人がちょっと出てこなきゃいけないとかさ。,success,ないから大体マックスすると6席ぐらいまあ行って7席ぐらいですかねとかってでもその時は休みの人がちょっと出てこなきゃいけないとかさ。,False,71,65,-6
,027_rcc_13595865_20260714090000_seg_00845,027_rcc_13595865_20260714090000,SPEAKER_00,4438.64,4440.96,2.32,success,みたいなことも、まあ、だから、どこも一緒よ。,success,みたいなこともまあだからどこも一緒よ。,False,22,19,-3
,027_rcc_13595865_20260714090000_seg_00846,027_rcc_13595865_20260714090000,SPEAKER_01,4440.96,4441.68,0.72,success,忙しいですね。,success,忙しいですね。,True,7,7,0
,027_rcc_13595865_20260714090000_seg_00847,027_rcc_13595865_20260714090000,SPEAKER_00,4442.0,4448.24,6.24,success,店主さん不足とかとバスが同じようにう回もこぎ手不足だったりとか。,success,店主さん不足とかだとバスが同じように ?? 回も ?? ぎ手不足だったりとか。,False,32,39,7
,027_rcc_13595865_20260714090000_seg_00848,027_rcc_13595865_20260714090000,SPEAKER_00,4448.96,4455.44,6.48,success,あと鵜匠さんがさ、腰みの、腰見のしてるから、ダンスとか踊ってくれるんだろうとか、あと火吹いたりとか。,success,あと鵜匠さんがさ腰見の腰見のしてるからダンスとか踊ってくれるんだろうとかあと火吹いたりとか。,False,50,46,-4
,027_rcc_13595865_20260714090000_seg_00849,027_rcc_13595865_20260714090000,SPEAKER_00,4456.56,4457.76,1.2,success,リンボーダンス。,success,リンボーダンス。,True,8,8,0
,027_rcc_13595865_20260714090000_seg_00850,027_rcc_13595865_20260714090000,SPEAKER_00,4458.88,4462.08,3.2,success,見せてくれたりするのかなと思ったら楽しいこと言うわけでもなく。,success,見せてくれたりするのかなと思ったら楽しいこと言うわけでもなく。,True,31,31,0
,027_rcc_13595865_20260714090000_seg_00851,027_rcc_13595865_20260714090000,SPEAKER_01,4463.36,4464.16,0.8,success,パフォーマンスは。,success,パフォーマンスは。,True,9,9,0
,027_rcc_13595865_20260714090000_seg_00852,027_rcc_13595865_20260714090000,SPEAKER_00,4464.96,4468.96,4.0,success,なんか、鵜がばーっと、ばーっと潜るわけさ、あっ、潜った、潜った、潜った動画だっつって。,success,で何か鵜がバーッとバーッと潜るわけさっつってあっ潜った潜った潜った上がったっつって。,False,43,42,-1
,027_rcc_13595865_20260714090000_seg_00853,027_rcc_13595865_20260714090000,SPEAKER_00,4470.48,4478.24,7.76,success,出てきた、出てきた、あっ、なんか、今、よっこいしょ、ゆっくり、首のところ、よいしょ、よいしょっつって、籠に魚をこう入れてるみたいな感じするけど。,success,出てきた出てきたあっ何か今よっこいしょよっこいしょ首のところよいしょよいしょっつって籠に魚をこう入れてるみたいな感じするけど。,False,72,63,-9
,027_rcc_13595865_20260714090000_seg_00854,027_rcc_13595865_20260714090000,SPEAKER_00,4479.12,4479.84,0.72,success,いや今。,success,いや今。,True,4,4,0
,027_rcc_13595865_20260714090000_seg_00855,027_rcc_13595865_20260714090000,SPEAKER_00,4480.72,4482.0,1.28,success,まねだけじゃね?みたいな。,success,まねだけじゃねえみたいな。,False,13,13,0
,027_rcc_13595865_20260714090000_seg_00856,027_rcc_13595865_20260714090000,SPEAKER_00,4484.4,4487.76,3.36,success,対して今魚飲み込んでなくない?みたいな。,success,大して今魚飲み込んでなくない?みたいな。,False,20,20,0
,027_rcc_13595865_20260714090000_seg_00857,027_rcc_13595865_20260714090000,SPEAKER_00,4488.8,4489.6,0.8,success,運も。,success,だからうも。,False,3,6,3
,027_rcc_13595865_20260714090000_seg_00858,027_rcc_13595865_20260714090000,SPEAKER_00,4490.08,4490.72,0.64,success,フェイクみたい。,success,フェイクみたいな。,False,8,9,1
,027_rcc_13595865_20260714090000_seg_00859,027_rcc_13595865_20260714090000,SPEAKER_01,4491.84,4492.56,0.72,success,パフォーマンス!,success,パフォーマンス!,True,8,8,0
,027_rcc_13595865_20260714090000_seg_00860,027_rcc_13595865_20260714090000,SPEAKER_01,4493.04,4493.76,0.72,success,うん。,success,ああ。,False,3,3,0
,027_rcc_13595865_20260714090000_seg_00861,027_rcc_13595865_20260714090000,SPEAKER_00,4494.0,4502.0,8.0,success,絶対飲み込んでないのに飲み込んだ体で上に上がってきて潮さんもしょうがないから首元うんうんってやるけどお前捕まえてないじゃないか。,success,絶対飲み込んでないのに飲み込んだ体で上に上がってきてで潮さんもしょうがないから首元うんうんってやるけどお前捕まえてないじゃないか。,False,64,65,1
,027_rcc_13595865_20260714090000_seg_00862,027_rcc_13595865_20260714090000,SPEAKER_00,4502.8,4505.6,2.8,success,もう一回行ってこいよみたいなことなんじゃないかなって。,success,もう一回行ってこいよみたいなことなんじゃないかなって。,True,27,27,0
,027_rcc_13595865_20260714090000_seg_00863,027_rcc_13595865_20260714090000,SPEAKER_00,4506.56,4511.84,5.28,success,持ってたら終わったあとに鵜が捕まえた魚を見せてくれるの。,success,持ってたら終わったあとに鵜が捕まえた魚を見せてくれるの。,True,28,28,0
,027_rcc_13595865_20260714090000_seg_00864,027_rcc_13595865_20260714090000,SPEAKER_00,4512.96,4516.48,3.52,success,ほら、すごいちっちゃい魚を飲み込んでたりするから。,success,ほらすごいちっちゃい魚を飲み込んでたりするから。,False,25,24,-1
,027_rcc_13595865_20260714090000_seg_00865,027_rcc_13595865_20260714090000,SPEAKER_00,4517.2,4520.4,3.2,success,ちょっと距離があると見えなかったりするのよ。,success,ちょっと距離があると見えなかったりするのよ。,True,22,22,0
,027_rcc_13595865_20260714090000_seg_00866,027_rcc_13595865_20260714090000,SPEAKER_00,4521.2,4522.56,1.36,success,うわ!っていうぐらい。,success,ぶっっていうのが。,False,11,9,-2
,027_rcc_13595865_20260714090000_seg_00867,027_rcc_13595865_20260714090000,SPEAKER_00,4524.96,4528.48,3.52,success,そりゃ詰まるわっていうぐらいうみたいなのも。,success,そりゃ詰まるわっていうかうみたいなのも。,False,22,20,-2
,027_rcc_13595865_20260714090000_seg_00868,027_rcc_13595865_20260714090000,SPEAKER_00,4529.04,4530.8,1.76,success,体長15センチ、20センチぐらいの。,success,体長15センチ20センチぐらいの。,False,18,17,-1
,027_rcc_13595865_20260714090000_seg_00869,027_rcc_13595865_20260714090000,SPEAKER_01,4531.68,4532.88,1.2,success,うわ、大きいですね。,success,うわ大きいですね。,False,10,9,-1
,027_rcc_13595865_20260714090000_seg_00870,027_rcc_13595865_20260714090000,SPEAKER_00,4533.52,4534.24,0.72,success,逆に最高にね。,success,焼肉さん最高だよ。,False,7,9,2
,027_rcc_13595865_20260714090000_seg_00871,027_rcc_13595865_20260714090000,SPEAKER_00,4534.64,4536.64,2.0,success,ただ、あいつが吐いたやつだからなと思って。,success,ただあいつが吐いたやつだからなと思って。,False,21,20,-1
,027_rcc_13595865_20260714090000_seg_00872,027_rcc_13595865_20260714090000,SPEAKER_01,4537.92,4541.68,3.76,success,そういうもう文化というか取り方ですからね。,success,そういうもう文化というか取り方ですからね。,True,21,21,0
,027_rcc_13595865_20260714090000_seg_00873,027_rcc_13595865_20260714090000,SPEAKER_00,4542.24,4544.96,2.72,success,思うけどすごい飲み込んでてさ。,success,思うけどすごい飲み込んでてさ。,True,15,15,0
,027_rcc_13595865_20260714090000_seg_00874,027_rcc_13595865_20260714090000,SPEAKER_00,4546.16,4552.8,6.64,success,嫌だな、俺、次生まれ変わるとき、うだったら首を絞められて、飲もうと思ったやつを。,success,やだな俺次生まれ変わる時うだったら首を絞められて飲もうと思ったやつを。,False,40,35,-5
,027_rcc_13595865_20260714090000_seg_00875,027_rcc_13595865_20260714090000,SPEAKER_00,4553.28,4561.04,7.76,success,胃袋に入れさせられずに、がって首やられて、うーってやって、それを人間に見られてるっていうのが。,success,胃袋に入れさせられずにギュッて首やられてうってやってそれを人間に見られてるっていうのが。,False,47,44,-3
,027_rcc_13595865_20260714090000_seg_00876,027_rcc_13595865_20260714090000,SPEAKER_00,4561.44,4562.48,1.04,success,最悪。,success,最悪。,True,3,3,0
,027_rcc_13595865_20260714090000_seg_00877,027_rcc_13595865_20260714090000,SPEAKER_01,4562.72,4564.56,1.84,success,説明すればするだけかわいそう。,success,説明すればするだけかわいそう。,True,15,15,0
,027_rcc_13595865_20260714090000_seg_00878,027_rcc_13595865_20260714090000,SPEAKER_01,4566.16,4567.28,1.12,success,そういう技法ですからね。,success,そういう技法ですからね。,True,12,12,0
,027_rcc_13595865_20260714090000_seg_00879,027_rcc_13595865_20260714090000,SPEAKER_01,4567.84,4569.76,1.92,success,くらい取るんですか、何時間くらいで?,success,どのくらい撮るんですか何時間くらいで?,False,18,19,1
,027_rcc_13595865_20260714090000_seg_00880,027_rcc_13595865_20260714090000,SPEAKER_00,4569.92,4575.52,5.6,success,だからその30分ぐらい前からちょっとこうゆるっと回ってそこから1時間ぐらいかけて。,success,だからその30分ぐらい前からちょっとこうゆるっと回ってそこから1時間ぐらいかけて。,True,41,41,0
,027_rcc_13595865_20260714090000_seg_00881,027_rcc_13595865_20260714090000,SPEAKER_00,4576.32,4602.72,26.4,success,光をみなもに当てて、川面に当てて、鵜飼が始まって、ぐるーんと、ぐるーんと、どのくらいだろう、400500メートルぐらいがーっと行って、また回ってきて、最初は川の流れ、下流、上流から下流に向かって流れていくけど、帰りはもうなんか、上流に向かって、もう船頭さんがもうこぎまくり、もう汗だくで、鵜飼いの鵜よりあなたたちが大変ですよねって。,success,光をみなもに当てて川面に当ててで鵜飼が始まってぐるんとぐるんとどのくらいだろう400500メーターぐらいガーッと行ってまた回ってきてで最初は川の流れの下流上流から下流に向かってこう流れていくけど帰りはもう何か上流に向かって船頭さんがこぎまくりもう汗だくで鵜飼いの鵜よりあなたたちが大変ですよねって。,False,166,149,-17
,027_rcc_13595865_20260714090000_seg_00882,027_rcc_13595865_20260714090000,SPEAKER_00,4604.0,4605.28,1.28,success,思うぐらいの感じだった。,success,思うぐらいの感じだった。,True,12,12,0
,027_rcc_13595865_20260714090000_seg_00883,027_rcc_13595865_20260714090000,SPEAKER_01,4606.32,4607.6,1.28,success,で見せてもらって。,success,で見せてもらって。,True,9,9,0
,027_rcc_13595865_20260714090000_seg_00884,027_rcc_13595865_20260714090000,SPEAKER_00,4608.16,4613.44,5.28,success,そうそうそうそうそうでもたいまつがバーッと出てたりとかさムードはいいしさ。,success,そうそうそうそうそうでもたいまつがバーッと出てたりとかさムードはいいしさ。,True,37,37,0
,027_rcc_13595865_20260714090000_seg_00885,027_rcc_13595865_20260714090000,SPEAKER_00,4613.92,4616.16,2.24,success,本当に昔からこういう技法。,success,ほんとに昔からこういう技法。,False,13,14,1
,027_rcc_13595865_20260714090000_seg_00886,027_rcc_13595865_20260714090000,SPEAKER_00,4616.4,4637.12,20.72,success,魚を取ってたんだなと思ったりすると自然の生き物と人間との関わり合いとかさ昔の人の知恵だったりとかさそれが代々さ三次にいたりとかするとその歴史や文化に興味があってでいろんな人たちがまだ関わってるってことじゃない。,success,で魚を取ってたんだなと思ったりすると自然の生き物と人間との関わり合いとかさ昔の人のその知恵だったりとかさそれがこう代々さ三次にいたりとかするとその歴史や文化に興味があってでいろんな人たちがまだ関わってるってことじゃない。,False,105,110,5
,027_rcc_13595865_20260714090000_seg_00887,027_rcc_13595865_20260714090000,SPEAKER_00,4638.0,4644.48,6.48,success,すてきなことだよねと、よく田舎行ったりとかするとさ、子どもたちがみんな太鼓がたたけたりとかさ。,success,すてきなことだよねとよく田舎行ったりとかするとさ子どもたちがみんな太鼓がたたけたりとかさ。,False,47,45,-2
,027_rcc_13595865_20260714090000_seg_00888,027_rcc_13595865_20260714090000,SPEAKER_00,4645.44,4648.16,2.72,success,ああいうのも神楽ができるとかさ。,success,何かああいうのも神楽ができるとかさ。,False,16,18,2
,027_rcc_13595865_20260714090000_seg_00889,027_rcc_13595865_20260714090000,SPEAKER_00,4648.64,4665.28,16.64,success,ああいいよねってその地元にいるからこそ当たり前みたいに子どもの頃から接してるけどそれめったに実はできない経験を子どもの頃からできるよねっていうのと一緒で三好の鵜飼もそういうムードがあるのよ。ただちゃんとしよう!みたいな。,success,ああいいよねってその地元にいるからこそ当たり前みたいに子どもの頃から接してるけどそれめったに実はできない経験を子どもの頃からできるよねっていうのと一緒で三好の鵜飼もそういうムードがあるのよただちゃんとしよう!みたいな。,False,110,109,-1
,027_rcc_13595865_20260714090000_seg_00890,027_rcc_13595865_20260714090000,SPEAKER_00,4666.0,4680.64,14.64,success,知らない人がいっぱいいるんだからさ遠くから来たんだからさ7時からこうで7時から始まるのよで6時半ぐらいからさこれいつ始まるのかもう案内もないしスピーカーもないしさ誰も言ってくんないから。,success,知らない人がいっぱいいるんだからさ遠くから来たんだからさあの7時からこうで7時から始まるのよ。で6時半ぐらいからさこれいつ始まるのかもう案内もないしスピーカーもないしさ誰も言ってくんないから。,False,93,96,3
,027_rcc_13595865_20260714090000_seg_00891,027_rcc_13595865_20260714090000,SPEAKER_01,4680.72,4683.68,2.96,success,でもその上で、宴会みたいなことを。,success,でもその上で宴会みたいなことを?,False,17,16,-1
,027_rcc_13595865_20260714090000_seg_00892,027_rcc_13595865_20260714090000,SPEAKER_00,4684.8,4686.32,1.52,success,口コミでビールとか持っていってさ。,success,仕込みでビールとか持っていってさ。,False,17,17,0
,027_rcc_13595865_20260714090000_seg_00893,027_rcc_13595865_20260714090000,SPEAKER_00,4687.2,4688.16,0.96,success,あとおつまみとか。,success,あとおつまみとか。,True,9,9,0
,027_rcc_13595865_20260714090000_seg_00894,027_rcc_13595865_20260714090000,SPEAKER_00,4688.8,4693.76,4.96,success,乗り込むときに、テーブルがあるから、そこにばーっと出して、みんなでなんかして、じゃあ、乾杯とか。,success,で乗り込む時にテーブルがあるからそこにバーッと出してみんなで何かしてじゃあ乾杯とか。,False,48,42,-6
,027_rcc_13595865_20260714090000_seg_00895,027_rcc_13595865_20260714090000,SPEAKER_01,4694.0,4694.72,0.72,success,楽しんで。,success,楽しんでる。,False,5,6,1
,027_rcc_13595865_20260714090000_seg_00896,027_rcc_13595865_20260714090000,SPEAKER_00,4695.28,4697.44,2.16,success,一回ね飲んでうわって出したりとかして。,success,一回ね飲んでうわって出したりとかして。,True,19,19,0
,027_rcc_13595865_20260714090000_seg_00897,027_rcc_13595865_20260714090000,SPEAKER_01,4697.52,4699.44,1.92,success,出さないでしょっぱな出さないで。,success,出さないでしょっぱな出さない。,False,16,15,-1
,027_rcc_13595865_20260714090000_seg_00898,027_rcc_13595865_20260714090000,SPEAKER_00,4699.52,4701.92,2.4,success,人間鵜飼いみたいな、えーとかって。,success,人間鵜飼いみたいなえとかって。,False,17,15,-2
,027_rcc_13595865_20260714090000_seg_00899,027_rcc_13595865_20260714090000,SPEAKER_01,4702.16,4704.32,2.16,success,人間はだめです、しないほうがいい。,success,人間はだめです、しないほうがいい。,True,17,17,0
,027_rcc_13595865_20260714090000_seg_00900,027_rcc_13595865_20260714090000,SPEAKER_00,4705.84,4708.64,2.8,success,あとそれこそほらお手洗いの時間があるとかないとかさ。,success,あとそれこそほらお手洗いの時間があるとかないとかさ。,True,26,26,0
,027_rcc_13595865_20260714090000_seg_00901,027_rcc_13595865_20260714090000,SPEAKER_00,4709.12,4710.4,1.28,success,分かんなかったりとかさ。,success,もう分かんなかったりとかさ。,False,12,14,2
,027_rcc_13595865_20260714090000_seg_00902,027_rcc_13595865_20260714090000,SPEAKER_00,4712.48,4714.72,2.24,success,途中おしっことかしたくなった場合は。,success,途中おしっことかしたくなった場合は。,True,18,18,0
,027_rcc_13595865_20260714090000_seg_00903,027_rcc_13595865_20260714090000,SPEAKER_00,4716.0,4717.36,1.36,success,泡にしていいですか?とか。,success,川にしていいですか?とか。,False,13,13,0
,027_rcc_13595865_20260714090000_seg_00904,027_rcc_13595865_20260714090000,SPEAKER_01,4721.2,4721.92,0.72,success,びっくりしちゃうから。,success,びっくりしちゃうから。,True,11,11,0
,027_rcc_13595865_20260714090000_seg_00905,027_rcc_13595865_20260714090000,SPEAKER_01,4723.6,4724.72,1.12,success,でも貴重な経験です。,success,まあでも貴重な経験です。,False,10,12,2
,027_rcc_13595865_20260714090000_seg_00906,027_rcc_13595865_20260714090000,SPEAKER_00,4725.12,4726.64,1.52,success,それこそうかいのね。,success,あっそれこそう鵜飼いのね。,False,10,13,3
,027_rcc_13595865_20260714090000_seg_00907,027_rcc_13595865_20260714090000,SPEAKER_00,4727.84,4729.28,1.44,success,頑張ってくれてるわけじゃん。,success,頑張ってくれてるわけじゃん。,True,14,14,0
,027_rcc_13595865_20260714090000_seg_00908,027_rcc_13595865_20260714090000,SPEAKER_00,4730.08,4733.36,3.28,success,大きいの取ったりとかしてわー!とか言ったほうがいいのか。,success,だから大きいの撮ったりとかしてワーッ!とか言った方がいいのか。,False,28,31,3
,027_rcc_13595865_20260714090000_seg_00909,027_rcc_13595865_20260714090000,SPEAKER_00,4733.6,4737.76,4.16,success,騒ぐとデリケートだから頑張れないですよとかさ。,success,騒ぐとデリケートだから頑張れないですよとかさ。,True,23,23,0
,027_rcc_13595865_20260714090000_seg_00910,027_rcc_13595865_20260714090000,SPEAKER_01,4737.76,4738.32,0.56,success,図にしたほうが。,success,部下にした方がいい。,False,8,10,2
,027_rcc_13595865_20260714090000_seg_00911,027_rcc_13595865_20260714090000,SPEAKER_00,4738.72,4744.72,6.0,success,それこそね、なんか、指でハトしてとか、なんか、こう、うちわ見せたりとか。,success,ねえそれこそ指でハトしてとかうちわ見せたりとか。,False,36,24,-12
,027_rcc_13595865_20260714090000_seg_00912,027_rcc_13595865_20260714090000,SPEAKER_01,4745.2,4747.52,2.32,success,ファンサービスしてくれるウーは珍しい。,success,ファンサービスしてくれるウーは珍しい。,True,19,19,0
,027_rcc_13595865_20260714090000_seg_00913,027_rcc_13595865_20260714090000,SPEAKER_00,4749.12,4750.72,1.6,success,全然分かんないまんま。,success,全然分かんないまんま。,True,11,11,0
,027_rcc_13595865_20260714090000_seg_00914,027_rcc_13595865_20260714090000,SPEAKER_00,4751.92,4754.8,2.88,success,もう終わり、これ終わりの感じみたいな。,success,もう終わりこれが終わりの感じみたいな。,False,19,19,0
,027_rcc_13595865_20260714090000_seg_00915,027_rcc_13595865_20260714090000,SPEAKER_00,4756.64,4757.68,1.04,success,ではあったけど。,success,ではあったけど。,True,8,8,0
,027_rcc_13595865_20260714090000_seg_00916,027_rcc_13595865_20260714090000,SPEAKER_00,4758.08,4759.04,0.96,success,まあなかなか。,success,まあなかなか。,True,7,7,0
,027_rcc_13595865_20260714090000_seg_00917,027_rcc_13595865_20260714090000,SPEAKER_01,4759.84,4760.4,0.56,success,のですね。,success,妙ですね。,False,5,5,0
,027_rcc_13595865_20260714090000_seg_00918,027_rcc_13595865_20260714090000,SPEAKER_00,4760.64,4761.84,1.2,success,勘を味わわせてもらって。,success,名を味わわせてもらったよ。,False,12,13,1
,027_rcc_13595865_20260714090000_seg_00919,027_rcc_13595865_20260714090000,SPEAKER_01,4762.32,4768.72,6.4,success,そういう文化とかってそこの場所に住んでないとその方々は当たり前もしかしたら違うかもしれない。,success,そういう文化とかってそこの場所に住んでないとその方々は当たり前もしかしたら違うかもしれない。,True,46,46,0
,027_rcc_13595865_20260714090000_seg_00920,027_rcc_13595865_20260714090000,SPEAKER_01,4768.96,4770.72,1.76,success,ある当たり前の存在かもしれないけど。,success,にある当たり前の存在かもしれないけど。,False,18,19,1
,027_rcc_13595865_20260714090000_seg_00921,027_rcc_13595865_20260714090000,SPEAKER_01,4771.04,4773.36,2.32,success,そういうのなかったですもん、私の地元も。,success,そういうのなかったですもん私の地元も。,False,20,19,-1
,027_rcc_13595865_20260714090000_seg_00922,027_rcc_13595865_20260714090000,SPEAKER_00,4775.84,4776.8,0.96,success,あるわけじゃないじゃん。,success,あるわけじゃないじゃん。,True,12,12,0
,027_rcc_13595865_20260714090000_seg_00923,027_rcc_13595865_20260714090000,SPEAKER_00,4777.68,4778.48,0.8,success,説明をさ。,success,説明をさ。,True,5,5,0
,027_rcc_13595865_20260714090000_seg_00924,027_rcc_13595865_20260714090000,SPEAKER_00,4778.88,4779.68,0.8,success,砂の先導。,success,砂浜の船頭。,False,5,6,1
,027_rcc_13595865_20260714090000_seg_00925,027_rcc_13595865_20260714090000,SPEAKER_00,4779.92,4780.48,0.56,success,お母さん。,success,お母さん。,True,5,5,0
,027_rcc_13595865_20260714090000_seg_00926,027_rcc_13595865_20260714090000,SPEAKER_00,4780.96,4781.76,0.8,success,してくれたんだけど。,success,してくれたんだけど。,True,10,10,0
,027_rcc_13595865_20260714090000_seg_00927,027_rcc_13595865_20260714090000,SPEAKER_00,4782.16,4783.28,1.12,success,何か錦帯橋。,success,何か錦帯橋。,True,6,6,0
,027_rcc_13595865_20260714090000_seg_00928,027_rcc_13595865_20260714090000,SPEAKER_00,4784.24,4784.88,0.64,success,岩国の。,success,岩国の。,True,4,4,0
,027_rcc_13595865_20260714090000_seg_00929,027_rcc_13595865_20260714090000,SPEAKER_00,4786.4,4801.52,15.12,success,漆根とかっていろんなところにまだ文化として残ってるけど三好は三好でいわゆる戦乱の時期からの負けたところがもともと自分たちの食料を確保するため。,success,ルシネとかっていろんなところにまだ文化として残ってるけど三好は三好でいわゆるこう戦乱の時期からの負けたところがもともと自分たちの食料を確保するため。,False,71,74,3
,027_rcc_13595865_20260714090000_seg_00930,027_rcc_13595865_20260714090000,SPEAKER_00,4802.08,4813.52,11.44,success,本当にそれがそうしないと食べるもんがなかった時期から続いてますとかさみたいなことも含めて実は来年450年ぐらいっていうけど正確に言うと来年が460年に。,success,本当にそれがそうしないと食べるもんがなかった時期から続いてますとかさみたいなことも含めて実は来年450年ぐらいっていうけど正確に言うと来年が460年に。,True,76,76,0
,027_rcc_13595865_20260714090000_seg_00931,027_rcc_13595865_20260714090000,SPEAKER_00,4814.24,4819.44,5.2,success,この三次の伝統があるものだからありますけど昔は古事記とかさ。,success,この三好の伝統があるものだからありますけどまあ昔は古事記とかさ。,False,30,32,2
,027_rcc_13595865_20260714090000_seg_00932,027_rcc_13595865_20260714090000,SPEAKER_00,4819.84,4822.48,2.64,success,ああいったものにもちゃんと残されてる。,success,ああいったものにもちゃんと残されてる。,True,19,19,0
,027_rcc_13595865_20260714090000_seg_00933,027_rcc_13595865_20260714090000,SPEAKER_00,4822.8,4835.92,13.12,success,日本に昔から古くから伝わる魚の技法ではあるからそれがこうやって残ってて自分たちが関われるのはうれしいですよねとかって言ってたけどにしてもちゃんとしよう!みたいな案内ぐらいしよう!みたいな。,success,日本に昔から古くから伝わる魚の技法ではあるからそれがこうやって残ってて自分たちが関われるのはうれしいですよねとかって言ってたけどにしてもちゃんとしよう!みたいな案内ぐらいしよう!みたいな。,True,94,94,0
,027_rcc_13595865_20260714090000_seg_00934,027_rcc_13595865_20260714090000,SPEAKER_00,4836.64,4842.0,5.36,success,トークからさお金払って来てるんだけどさ何にも言ってくれねえけど!,success,遠くからさお金払って来てるんだけどさ何にも言ってくれねえけど!,False,32,31,-1
,027_rcc_13595865_20260714090000_seg_00935,027_rcc_13595865_20260714090000,SPEAKER_00,4843.04,4848.4,5.36,success,ちょっと持ってバーベキュー味食いながらちゃんとしろよもうビール飲みながら。,success,ちょっと持ってバーベキュー味食いながらちゃんとしろよもうビール飲みながら。,True,37,37,0
,027_rcc_13595865_20260714090000_seg_00936,027_rcc_13595865_20260714090000,SPEAKER_01,4850.16,4855.44,5.28,success,その気持ちは全然写真からは伝わりませんでしたけどね、お隣のあの三次のあの方へ。,success,その気持ちは全然写真からは伝わりませんでしたけどね、お隣のあの三次のあの方へ。,True,39,39,0
,027_rcc_13595865_20260714090000_seg_00937,027_rcc_13595865_20260714090000,SPEAKER_00,4858.4,4860.08,1.68,success,その文句も含めて。,success,その文句も含めて。,True,9,9,0
,027_rcc_13595865_20260714090000_seg_00938,027_rcc_13595865_20260714090000,SPEAKER_01,4862.16,4866.08,3.92,success,そういう地元の祭りとかが、私、すごい羨ましかったんですよ。,success,そういう地元の祭りとかが私すごい羨ましかったんですよ。,False,29,27,-2
,027_rcc_13595865_20260714090000_seg_00939,027_rcc_13595865_20260714090000,SPEAKER_01,4866.56,4867.92,1.36,success,棋士出身なんですけど。,success,壱岐市出身なんですけど。,False,11,12,1
,027_rcc_13595865_20260714090000_seg_00940,027_rcc_13595865_20260714090000,SPEAKER_00,4868.88,4870.96,2.08,success,岸本さんはでもほら広く。,success,岸本さんはでもほら広く。,True,12,12,0
,027_rcc_13595865_20260714090000_seg_00941,027_rcc_13595865_20260714090000,SPEAKER_00,4871.76,4872.56,0.8,success,うんと。,success,金とか。,False,4,4,0
,027_rcc_13595865_20260714090000_seg_00942,027_rcc_13595865_20260714090000,SPEAKER_00,4873.68,4874.24,0.56,success,釣りとかに。,success,釣りとかに。,True,6,6,0
,027_rcc_13595865_20260714090000_seg_00943,027_rcc_13595865_20260714090000,SPEAKER_00,4874.96,4878.56,3.6,success,言ったら汚れますみたいな教育を受けてきた子でしょ。,success,言ったら汚れますみたいな教育を受けてきた子でしょ。,True,25,25,0
,027_rcc_13595865_20260714090000_seg_00944,027_rcc_13595865_20260714090000,SPEAKER_01,4878.8,4879.52,0.72,success,出ないです。,success,出ないです。,True,6,6,0
,027_rcc_13595865_20260714090000_seg_00945,027_rcc_13595865_20260714090000,SPEAKER_00,4880.4,4881.44,1.04,success,どこのお嬢さん?,success,どこのご条件?,False,8,7,-1
,027_rcc_13595865_20260714090000_seg_00946,027_rcc_13595865_20260714090000,SPEAKER_01,4882.0,4883.36,1.36,success,ないです、全然。,success,ないです、全然。,True,8,8,0
,027_rcc_13595865_20260714090000_seg_00947,027_rcc_13595865_20260714090000,SPEAKER_00,4883.36,4884.88,1.52,success,自分ちから一本も出してもらえないんで。,success,自分ちからは一歩も出してもらえないんで。,False,19,20,1
,027_rcc_13595865_20260714090000_seg_00948,027_rcc_13595865_20260714090000,SPEAKER_00,4886.24,4887.84,1.6,success,究極の箱入り娘。,success,究極の箱入り娘。,True,8,8,0
,027_rcc_13595865_20260714090000_seg_00949,027_rcc_13595865_20260714090000,SPEAKER_01,4888.88,4889.76,0.88,success,そんなことないです。,success,そんなことないです。,True,10,10,0
,027_rcc_13595865_20260714090000_seg_00950,027_rcc_13595865_20260714090000,SPEAKER_01,4890.16,4891.92,1.76,success,山の上で育った。,success,山の上で育った。,True,8,8,0
,027_rcc_13595865_20260714090000_seg_00951,027_rcc_13595865_20260714090000,SPEAKER_00,4892.96,4893.52,0.56,success,よいしょ。,success,そっか。,False,5,4,-1
,027_rcc_13595865_20260714090000_seg_00952,027_rcc_13595865_20260714090000,SPEAKER_00,4895.36,4896.96,1.6,success,だったらもう、上司みたいなもんでしょ。,success,だったらもう上司みたいなもんでしょ。,False,19,18,-1
,027_rcc_13595865_20260714090000_seg_00953,027_rcc_13595865_20260714090000,SPEAKER_01,4898.16,4899.2,1.04,success,偉くない、全然。,success,偉くない全然。,False,8,7,-1
,027_rcc_13595865_20260714090000_seg_00954,027_rcc_13595865_20260714090000,SPEAKER_01,4899.68,4903.92,4.24,success,三木市っていう中でも外れの三木市というか私住んでたところが。,success,三木市っていう中でも外れの三木市というか私住んでたところが。,True,30,30,0
,027_rcc_13595865_20260714090000_seg_00955,027_rcc_13595865_20260714090000,SPEAKER_01,4904.24,4906.32,2.08,success,ザ地元の三木市ではなく。,success,ザ地元の三木市ではなくて。,False,12,13,1
,027_rcc_13595865_20260714090000_seg_00956,027_rcc_13595865_20260714090000,SPEAKER_00,4906.56,4908.48,1.92,success,父さんのほうね、外れ幹ね。,success,父さんの方ね外れミキね。,False,13,12,-1
,027_rcc_13595865_20260714090000_seg_00957,027_rcc_13595865_20260714090000,SPEAKER_01,4909.44,4914.56,5.12,success,失礼すぎる、失礼すぎますよ、地元の、ザ地元のほうでは。,success,失礼すぎる、失礼すぎますよ、地元の、ザ地元のほうでは。,True,27,27,0
,027_rcc_13595865_20260714090000_seg_00958,027_rcc_13595865_20260714090000,SPEAKER_01,4914.88,4916.64,1.76,success,秋祭りがすごい盛んで。,success,秋祭りがすごい盛んで。,True,11,11,0
,027_rcc_13595865_20260714090000_seg_00959,027_rcc_13595865_20260714090000,SPEAKER_01,4917.12,4918.56,1.44,success,餅を投げたりとか。,success,餅を投げたりとか。,True,9,9,0
,027_rcc_13595865_20260714090000_seg_00960,027_rcc_13595865_20260714090000,SPEAKER_01,4918.96,4919.6,0.64,success,あとそのすっきり。,success,あとその好き。,False,9,7,-2
,027_rcc_13595865_20260714090000_seg_00961,027_rcc_13595865_20260714090000,SPEAKER_00,4920.8,4921.76,0.96,success,人に向けず。,success,人に向けず。,True,6,6,0
,027_rcc_13595865_20260714090000_seg_00962,027_rcc_13595865_20260714090000,SPEAKER_00,4922.32,4925.92,3.6,success,全力で餅を上から投げつけたりとかするわけでしょ。,success,全力で餅を上から投げつけたりとかするわけでしょ。,True,24,24,0
,027_rcc_13595865_20260714090000_seg_00963,027_rcc_13595865_20260714090000,SPEAKER_01,4925.92,4930.72,4.8,success,そんな全力だったか、気持ちは全力で、そうね、おみこしをがーって担いで。,success,そんな全力だったから気持ちは全力でおみこしをガーッて担いで。,False,35,30,-5
,027_rcc_13595865_20260714090000_seg_00964,027_rcc_13595865_20260714090000,SPEAKER_01,4931.04,4934.4,3.36,success,街挙げてうわーって盛り上がる秋祭りがあるんですけど。,success,町挙げてうわってこう盛り上がる秋祭りがあるんですけど。,False,26,27,1
,027_rcc_13595865_20260714090000_seg_00965,027_rcc_13595865_20260714090000,SPEAKER_01,4934.64,4948.24,13.6,success,私はちょっと外れ幹のほうだから、なんかそっちの地元のお祭りに参加できるなんか身分じゃないというか、なんか場所的に、なかったんですよ、なんかすごい盛り上がってるのが羨ましくて、お祭り、いいな。,success,私はちょっと外れミキの方だから何かそっちの地元のお祭りに参加できる身分じゃないというか何か場所的になかったんですよ。だからすごい盛り上がってるのが羨ましくてお祭りいいなあ。,False,95,86,-9
,027_rcc_13595865_20260714090000_seg_00966,027_rcc_13595865_20260714090000,SPEAKER_00,4949.52,4959.6,10.08,success,俺が昔住んでた地域とかは?? 子まつり?? 子大祭とかあって子どもたちが猪子猪子とかっつってて。,success,俺が昔住んでた地域とかは ?? 子まつり ?? 子大祭とかあって子どもたちが猪子猪子とかっつってて。,False,48,50,2
,027_rcc_13595865_20260714090000_seg_00967,027_rcc_13595865_20260714090000,SPEAKER_00,4960.0,4964.56,4.56,success,なんか伊能をこう持って田舎者みたいな。,success,なんか伊能持って田舎者みたいな。,False,19,16,-3
,027_rcc_13595865_20260714090000_seg_00968,027_rcc_13595865_20260714090000,SPEAKER_01,4964.56,4965.6,1.04,success,知らないでしょ。,success,知らないでしょ。,True,8,8,0
,027_rcc_13595865_20260714090000_seg_00969,027_rcc_13595865_20260714090000,SPEAKER_00,4966.24,4967.92,1.68,success,何か来てさ。,success,何か来てさ。,True,6,6,0
,027_rcc_13595865_20260714090000_seg_00970,027_rcc_13595865_20260714090000,SPEAKER_00,4968.24,4977.52,9.28,success,その子たちわーってやったりとかでその地域地域に残ってるお祭りがほら子ども会とかのことも含めてなかなかできなく。,success,その子たちわってやったりとかでその地域地域に残ってるお祭りがそのほら子ども会とかのことも含めてなかなかできなく。,False,55,56,1
,027_rcc_13595865_20260714090000_seg_00971,027_rcc_13595865_20260714090000,SPEAKER_01,4977.92,4978.48,0.56,success,そうですね。,success,そうですね。,True,6,6,0
,027_rcc_13595865_20260714090000_seg_00972,027_rcc_13595865_20260714090000,SPEAKER_01,4979.44,4980.48,1.04,success,存続の危機みたい。,success,存続の危機みたい。,True,9,9,0
,027_rcc_13595865_20260714090000_seg_00973,027_rcc_13595865_20260714090000,SPEAKER_00,4981.52,4988.16,6.64,success,それも含めて、今、三好もなんかインバウンドでお客さんを集めたいとかって言って。,success,それも含めて今三好もインバウンドでお客さんを集めたいとかっつって。,False,39,33,-6
,027_rcc_13595865_20260714090000_seg_00974,027_rcc_13595865_20260714090000,SPEAKER_00,4988.72,4992.0,3.28,success,僕がありますとかって、観光協会の方がおっしゃってたけど。,success,号がありますとかって観光協会の方がおっしゃってたけど。,False,28,27,-1
,027_rcc_13595865_20260714090000_seg_00975,027_rcc_13595865_20260714090000,SPEAKER_00,4992.64,4998.4,5.76,success,こんなとこにインバウンドなんか来たって誰もだって言葉しゃべれねえだろだって日本語もちゃんとしゃべんねえのにさみたいな。,success,こんなこんなとこにインバウンドなんか来たって誰もだって言葉しゃべれねえだろだって日本語もちゃんとしゃべんねえのにさみたいな。,False,59,62,3
,027_rcc_13595865_20260714090000_seg_00976,027_rcc_13595865_20260714090000,SPEAKER_01,5001.68,5002.48,0.8,success,ないですね。,success,痛いですね。,False,6,6,0
,027_rcc_13595865_20260714090000_seg_00977,027_rcc_13595865_20260714090000,SPEAKER_00,5002.64,5003.6,0.96,success,お前それは本当だ。,success,お前それは本当だ。,True,9,9,0
,027_rcc_13595865_20260714090000_seg_00978,027_rcc_13595865_20260714090000,SPEAKER_00,5003.92,5006.96,3.04,success,いや、でも言ったほうがいいと思う、ちゃんとだから、今から。,success,いやでも言った方がいいと思うちゃんとだから今から。,False,29,25,-4
,027_rcc_13595865_20260714090000_seg_00979,027_rcc_13595865_20260714090000,SPEAKER_00,5008.4,5009.2,0.8,success,今度来るのに。,success,今度来るのに。,True,7,7,0
,027_rcc_13595865_20260714090000_seg_00980,027_rcc_13595865_20260714090000,SPEAKER_00,5009.6,5012.72,3.12,success,あれじゃダメちゃんと案内してくんないと。,success,あれじゃ駄目ちゃんと案内してくんないと。,False,20,20,0
,027_rcc_13595865_20260714090000_seg_00981,027_rcc_13595865_20260714090000,SPEAKER_01,5013.76,5014.56,0.8,success,まあそうそれで。,success,まあそうそれで。,True,8,8,0
,027_rcc_13595865_20260714090000_seg_00982,027_rcc_13595865_20260714090000,SPEAKER_01,5014.88,5015.84,0.96,success,来ることによって。,success,来ることによって。,True,9,9,0
,027_rcc_13595865_20260714090000_seg_00983,027_rcc_13595865_20260714090000,SPEAKER_01,5016.24,5017.36,1.12,success,説明能力とかも。,success,説明能力とかも。,True,8,8,0
,027_rcc_13595865_20260714090000_seg_00984,027_rcc_13595865_20260714090000,SPEAKER_00,5019.44,5026.24,6.8,success,泣いたんだからさ、俺にちょっとだけ袖の下くれた、皆様、ようこそ、三芳の鵜飼にお越しいただきましてみたいな。,success,大胆だからさ俺にちょっとだけ袖の下くれた皆様ようこそ三好の丘にお越し頂きましてみたいな。,False,53,44,-9
,027_rcc_13595865_20260714090000_seg_00985,027_rcc_13595865_20260714090000,SPEAKER_01,5026.64,5028.24,1.6,success,そこで稼がないでください。,success,そこで稼がないで下さい。,False,13,12,-1
,027_rcc_13595865_20260714090000_seg_00986,027_rcc_13595865_20260714090000,SPEAKER_01,5030.24,5030.88,0.64,success,今から当たる。,success,今から新しい。,False,7,7,0
,027_rcc_13595865_20260714090000_seg_00987,027_rcc_13595865_20260714090000,SPEAKER_02,5032.0,5032.88,0.88,success,まるっていうので。,success,まるっていうので。,True,9,9,0
,027_rcc_13595865_20260714090000_seg_00988,027_rcc_13595865_20260714090000,SPEAKER_02,5033.28,5034.08,0.8,success,メッセージ来てます。,success,メッセージ来てます。,True,10,10,0
,027_rcc_13595865_20260714090000_seg_00989,027_rcc_13595865_20260714090000,SPEAKER_02,5034.32,5057.04,22.72,success,肉食べたい3来週からいよいよ小学生の3人の子どもたちが夏休みに入りますとにかく予定を入れるべくインターネットを駆使して情報を集めて様々なイベントに申し込みました申し込みすぎてもはやいつ何が行われるのか自分でも分からない状態になってしまいましたピンチです。,success,生肉食べたい3来週からいよいよ小学生の3人の子どもたちが夏休みに入りますとにかく予定を入れるべくインターネットを駆使して情報を集めて様々なイベントに申し込みました申し込みすぎてもはやいつ何が行われるのか自分でも分からない状態になってしまいましたピンチです。,False,127,128,1
,027_rcc_13595865_20260714090000_seg_00990,027_rcc_13595865_20260714090000,SPEAKER_02,5057.36,5058.32,0.96,success,っていただいてました。,success,って頂いてました。,False,11,9,-2
,027_rcc_13595865_20260714090000_seg_00991,027_rcc_13595865_20260714090000,SPEAKER_00,5059.68,5062.56,2.88,success,人生食べさせるさんちのほうが忙しい。,success,あの人生肉食べさせるさんちの方が忙しい。,False,18,20,2
,027_rcc_13595865_20260714090000_seg_00992,027_rcc_13595865_20260714090000,SPEAKER_00,5063.6,5067.36,3.76,success,俺ももう8月が土日が全部埋まってるのね。,success,俺ももう8月が土日が全部埋まってんのね。,False,20,20,0
,027_rcc_13595865_20260714090000_seg_00993,027_rcc_13595865_20260714090000,SPEAKER_01,5067.36,5068.24,0.88,success,えそうなんですか。,success,えそうなんですか?,False,9,9,0
,027_rcc_13595865_20260714090000_seg_00994,027_rcc_13595865_20260714090000,SPEAKER_01,5068.64,5069.2,0.56,success,あらま。,success,あらま。,True,4,4,0
,027_rcc_13595865_20260714090000_seg_00995,027_rcc_13595865_20260714090000,SPEAKER_00,5069.2,5070.4,1.2,success,この間、仕事が来て。,success,でこの間仕事が来て。,False,10,10,0
,027_rcc_13595865_20260714090000_seg_00996,027_rcc_13595865_20260714090000,SPEAKER_00,5070.8,5072.16,1.36,success,1個も入らないって言って。,success,1個も入らないって言って。,True,13,13,0
,027_rcc_13595865_20260714090000_seg_00997,027_rcc_13595865_20260714090000,SPEAKER_00,5073.44,5076.96,3.52,success,それはプライベートとかも含めて遊びばっかり入れてんのよ。,success,それはプライベートとかも含めて遊びばっかり入れてんのよ。,True,28,28,0
,027_rcc_13595865_20260714090000_seg_00998,027_rcc_13595865_20260714090000,SPEAKER_01,5077.6,5078.96,1.36,success,元気ですね、本当に。,success,元気ですね本当に。,False,10,9,-1
,027_rcc_13595865_20260714090000_seg_00999,027_rcc_13595865_20260714090000,SPEAKER_00,5079.2,5080.88,1.68,success,そしたらあれ?,success,そしたらあれ?,True,7,7,0
,027_rcc_13595865_20260714090000_seg_01000,027_rcc_13595865_20260714090000,SPEAKER_00,5082.08,5083.6,1.52,success,俺1日も休めない!,success,俺1日も休めない!,True,9,9,0
,027_rcc_13595865_20260714090000_seg_01001,027_rcc_13595865_20260714090000,SPEAKER_00,5085.44,5087.2,1.76,success,仕事を受けられないと思って。,success,仕事を受けられない!と思って。,False,14,15,1
,027_rcc_13595865_20260714090000_seg_01002,027_rcc_13595865_20260714090000,SPEAKER_01,5087.2,5095.84,8.64,success,土日にそうやってイベント入れちゃうと平日ね火曜から金曜までラジオやってるじゃないですか1日何もしない日ないとしんどくないですか?,success,でも土日にそうやってイベント入れちゃうと平日ね火曜から金曜までラジオやってるじゃないですか1日何もしない日ないとしんどくないですか?,False,64,66,2
,027_rcc_13595865_20260714090000_seg_01003,027_rcc_13595865_20260714090000,SPEAKER_00,5096.08,5097.52,1.44,success,ああいや全然大丈夫ですよ。,success,ああいや全然大丈夫ですよ。,True,13,13,0
,027_rcc_13595865_20260714090000_seg_01004,027_rcc_13595865_20260714090000,SPEAKER_00,5098.56,5099.76,1.2,success,放送が一番何もしない。,success,放送が一番何もしない。,True,11,11,0
,027_rcc_13595865_20260714090000_seg_01005,027_rcc_13595865_20260714090000,SPEAKER_00,5103.76,5104.4,0.64,success,ドレスをはっぱ。,success,ドレスをはな。,False,8,7,-1
,027_rcc_13595865_20260714090000_seg_01006,027_rcc_13595865_20260714090000,SPEAKER_00,5106.08,5106.72,0.64,success,来るから。,success,来るから。,True,5,5,0
,027_rcc_13595865_20260714090000_seg_01007,027_rcc_13595865_20260714090000,SPEAKER_01,5106.72,5109.76,3.04,success,仕事じゃないですもんね、もう気持ち的には。,success,仕事じゃないですもんねもう気持ち的には。,False,21,20,-1
,027_rcc_13595865_20260714090000_seg_01008,027_rcc_13595865_20260714090000,SPEAKER_00,5110.08,5112.08,2.0,success,休みの日が一番仕事っぽい。,success,休みの日が一番仕事っぽい。,True,13,13,0
,027_rcc_13595865_20260714090000_seg_01009,027_rcc_13595865_20260714090000,SPEAKER_00,5112.8,5114.56,1.76,success,いろんな人と話をしたりとかさ。,success,いろんな人と話をしたりとかさ。,True,15,15,0
,027_rcc_13595865_20260714090000_seg_01010,027_rcc_13595865_20260714090000,SPEAKER_01,5114.64,5115.44,0.8,success,ああそうか。,success,ああそうか。,True,6,6,0
,027_rcc_13595865_20260714090000_seg_01011,027_rcc_13595865_20260714090000,SPEAKER_00,5115.44,5116.4,0.96,success,よそ行っても。,success,よそ行っても。,True,7,7,0
,027_rcc_13595865_20260714090000_seg_01012,027_rcc_13595865_20260714090000,SPEAKER_00,5116.72,5118.16,1.44,success,だから三好の会もさ。,success,瀬戸だから三好の回もさ。,False,10,12,2
,027_rcc_13595865_20260714090000_seg_01013,027_rcc_13595865_20260714090000,SPEAKER_00,5118.4,5121.92,3.52,success,いたらさ観光協会の方が来たりとかするのよやっぱ。,success,いたらさ観光協会の方が来たりとかするのよやっぱ。,True,24,24,0
,027_rcc_13595865_20260714090000_seg_01014,027_rcc_13595865_20260714090000,SPEAKER_00,5122.4,5123.68,1.28,success,横山さん!とかって言ってて。,success,横山さんとかって言ってて。,False,14,13,-1
,027_rcc_13595865_20260714090000_seg_01015,027_rcc_13595865_20260714090000,SPEAKER_00,5125.28,5130.8,5.52,success,なんかよく分かんないけど、話30分ぐらい消されたりなんかして、取材か、これ!って言いながら。,success,で何かよく分かんないけど話30分ぐらい聞かされたりなんかして取材かこれ!って言いながら。,False,46,44,-2
,027_rcc_13595865_20260714090000_seg_01016,027_rcc_13595865_20260714090000,SPEAKER_01,5131.44,5132.48,1.04,success,しゃべりたいんですよ。,success,しゃべりたいんですよ。,True,11,11,0
,027_rcc_13595865_20260714090000_seg_01017,027_rcc_13595865_20260714090000,SPEAKER_01,5132.96,5135.6,2.64,success,そういう時のほうがシャキッとして。,success,ちゃんとねそういう時の方がシャキッとして。,False,17,21,4
,027_rcc_13595865_20260714090000_seg_01018,027_rcc_13595865_20260714090000,SPEAKER_00,5135.84,5138.48,2.64,success,ちゃんって、なんかちゃんとしてるけど。,success,ちゃんってなんかちゃんとしてるけど。,False,19,18,-1
,027_rcc_13595865_20260714090000_seg_01019,027_rcc_13595865_20260714090000,SPEAKER_00,5138.72,5141.28,2.56,success,今とかも本当ね、下半身出したまんま、どうしても。,success,今とかもうほんとね下半身出したまんまどうしても。,False,24,24,0
,027_rcc_13595865_20260714090000_seg_01020,027_rcc_13595865_20260714090000,SPEAKER_01,5141.36,5143.44,2.08,success,ないですよ、ちゃんとズボンははかれてる。,success,ないですよちゃんとズボンははかれてる。,False,20,19,-1
,027_rcc_13595865_20260714090000_seg_01021,027_rcc_13595865_20260714090000,SPEAKER_00,5144.4,5144.96,0.56,success,ネジだ。,success,ネジだ。,True,4,4,0
,027_rcc_13595865_20260714090000_seg_01022,027_rcc_13595865_20260714090000,SPEAKER_00,5147.6,5148.24,0.64,success,松。,success,荷物を?,False,2,4,2
,027_rcc_13595865_20260714090000_seg_01023,027_rcc_13595865_20260714090000,SPEAKER_00,5149.36,5150.96,1.6,success,スタジオにつけたまんま。,success,スタジオにつけたまんま。,True,12,12,0
,027_rcc_13595865_20260714090000_seg_01024,027_rcc_13595865_20260714090000,SPEAKER_00,5151.36,5152.32,0.96,success,バズり気分でやらせてもらってます。,success,バズり気分でやらせてもらう。,False,17,14,-3
,027_rcc_13595865_20260714090000_seg_01025,027_rcc_13595865_20260714090000,SPEAKER_00,5153.84,5156.64,2.8,success,ディレクターにももうちょっとしゃべらせてみたいな何かうちわでこう。,success,ディレクターにももうちょっとしゃべらせてみたいな何かうちわでこう。,True,33,33,0
,027_rcc_13595865_20260714090000_seg_01026,027_rcc_13595865_20260714090000,SPEAKER_01,5159.2,5160.08,0.88,success,あっこっちからも!,success,あっこっちからも!,True,9,9,0
,027_rcc_13595865_20260714090000_seg_01027,027_rcc_13595865_20260714090000,SPEAKER_00,5160.08,5160.64,0.56,success,そうそうそう。,success,どうぞさ。,False,7,5,-2
,027_rcc_13595865_20260714090000_seg_01028,027_rcc_13595865_20260714090000,SPEAKER_01,5160.96,5162.16,1.2,success,あっ確かに作った方がいいかも。,success,あっ確かに作った方がいいかも。,True,15,15,0
,027_rcc_13595865_20260714090000_seg_01029,027_rcc_13595865_20260714090000,SPEAKER_00,5163.92,5165.04,1.12,success,エコーかけてとか。,success,エコーかけてとか。,True,9,9,0
,027_rcc_13595865_20260714090000_seg_01030,027_rcc_13595865_20260714090000,SPEAKER_01,5166.08,5166.8,0.72,success,今だよ!,success,今だよ!え?,False,4,6,2
,027_rcc_13595865_20260714090000_seg_01031,027_rcc_13595865_20260714090000,SPEAKER_00,5167.04,5169.28,2.24,success,bgお願いとかなんかああいうの。,success,bgお願い!とかねああいうのを。,False,16,16,0
,027_rcc_13595865_20260714090000_seg_01032,027_rcc_13595865_20260714090000,SPEAKER_00,5170.8,5172.24,1.44,success,仲の悪い夫婦みたいな感じ?,success,仲の悪い夫婦みたいな感じ?,True,13,13,0
,027_rcc_13595865_20260714090000_seg_01033,027_rcc_13595865_20260714090000,SPEAKER_00,5172.56,5175.36,2.8,success,家の中に一緒にいるのに、lineで連絡取り合うみたいな。,success,家の中に一緒にいるのにlineで連絡取り合うみたいな。,False,28,27,-1
,027_rcc_13595865_20260714090000_seg_01034,027_rcc_13595865_20260714090000,SPEAKER_00,5175.76,5176.4,0.64,success,何か。,success,何か。,True,3,3,0
,027_rcc_13595865_20260714090000_seg_01035,027_rcc_13595865_20260714090000,SPEAKER_00,5178.32,5179.12,0.8,success,そうですね。,success,そうですね。,True,6,6,0
,027_rcc_13595865_20260714090000_seg_01036,027_rcc_13595865_20260714090000,SPEAKER_02,5179.2,5180.08,0.88,success,ちょっと悲しい。,success,ちょっと悲しい。,True,8,8,0
,027_rcc_13595865_20260714090000_seg_01037,027_rcc_13595865_20260714090000,SPEAKER_00,5180.24,5183.44,3.2,success,迎えに行く人たちも、ちょっとうちわで説明してっていうのは、ちょっと。,success,お迎えに行く人たちもちょっとうちわで説明してっていうのをちょっと。,False,34,33,-1
,027_rcc_13595865_20260714090000_seg_01038,027_rcc_13595865_20260714090000,SPEAKER_02,5185.2,5186.08,0.88,success,これは口頭でいいんじゃないですか?,success,これは口頭でいいんじゃないですか?,True,17,17,0
,027_rcc_13595865_20260714090000_seg_01039,027_rcc_13595865_20260714090000,SPEAKER_02,5190.0,5191.04,1.04,success,かえたのパパちゃん。,success,かえたのパパちゃん。,True,10,10,0
,027_rcc_13595865_20260714090000_seg_01040,027_rcc_13595865_20260714090000,SPEAKER_02,5191.68,5195.2,3.52,success,先週の土曜日小学校に通う子どもたち。,success,先週の土曜日小学校に通う子どもたち。,True,18,18,0
,027_rcc_13595865_20260714090000_seg_01041,027_rcc_13595865_20260714090000,SPEAKER_01,5195.2,5199.44,4.24,success,子どもたちの個人懇談と成績表渡し。,success,私たちの個人懇談と成績表渡し。,False,17,15,-2
,027_rcc_13595865_20260714090000_seg_01042,027_rcc_13595865_20260714090000,SPEAKER_01,5199.92,5201.68,1.76,success,に行ってきました。,success,行ってきました。,False,9,8,-1
,027_rcc_13595865_20260714090000_seg_01043,027_rcc_13595865_20260714090000,SPEAKER_01,5202.16,5222.48,20.32,success,4年生の長女は学校での様子や成績もなんとなく想像がついていましたが1年生の次女については今回が初めてなのでドキドキしながら行きました次女の担任の先生からは普段の授業態度など予想に反してたくさん褒めていただき成績表も。,success,4年生の長女は学校での様子や成績もなんとなく想像がついていましたが1年生の次女については今回が初めてなのでドキドキしながら行きました次女の担任の先生からはふだんの授業態度など予想に反してたくさん褒めて頂き成績表も二重丸。,False,108,110,2
,027_rcc_13595865_20260714090000_seg_01044,027_rcc_13595865_20260714090000,SPEAKER_00,5222.56,5223.12,0.56,success,おい。,success,おい!,False,3,3,0
,027_rcc_13595865_20260714090000_seg_01045,027_rcc_13595865_20260714090000,SPEAKER_01,5223.12,5236.64,13.52,success,○△の3段階評価で△が一つもなかったのでひとまずホッとしましたその後は夏休みの宿題のアサガオの植木鉢を抱えて帰りましたよ。,success,○△の3段階評価で△が一つもなかったのでひとまずホッとしましたその後は夏休みの宿題のアサガオの植木鉢を抱えて帰りましたよ。,True,61,61,0
,027_rcc_13595865_20260714090000_seg_01046,027_rcc_13595865_20260714090000,SPEAKER_01,5238.0,5238.88,0.88,success,難しいな。,success,懐かしいな。,False,5,6,1
,027_rcc_13595865_20260714090000_seg_01047,027_rcc_13595865_20260714090000,SPEAKER_00,5239.12,5244.88,5.76,success,広島は今、どうなってるんですかね、広島って通信簿。,success,広島は今どうなってんすかね広島って通信簿。,False,25,21,-4
,027_rcc_13595865_20260714090000_seg_01048,027_rcc_13595865_20260714090000,SPEAKER_00,5245.52,5249.6,4.08,success,通知表を親に渡すっていう文化が。,success,通知表を親に渡すっていう文化が。,True,16,16,0
,027_rcc_13595865_20260714090000_seg_01049,027_rcc_13595865_20260714090000,SPEAKER_00,5250.4,5255.44,5.04,success,子どもと一緒に親が行って、子どもに渡すんじゃなくて、親に渡すっていうのが。,success,子どもと一緒に親が行って子どもに渡すんじゃなくて親に渡すっていうのが。,False,37,35,-2
,027_rcc_13595865_20260714090000_seg_01050,027_rcc_13595865_20260714090000,SPEAKER_01,5255.52,5256.56,1.04,success,えー、そうなんですか。,success,えそうなんですか?,False,11,9,-2
,027_rcc_13595865_20260714090000_seg_01051,027_rcc_13595865_20260714090000,SPEAKER_00,5256.64,5258.24,1.6,success,うんいっぱいあったよ。,success,うんいっぱいあったよ。,True,11,11,0
,027_rcc_13595865_20260714090000_seg_01052,027_rcc_13595865_20260714090000,SPEAKER_00,5258.96,5259.92,0.96,success,出んのかな?,success,出んのかな?,True,6,6,0
,027_rcc_13595865_20260714090000_seg_01053,027_rcc_13595865_20260714090000,SPEAKER_01,5260.0,5262.24,2.24,success,自分をまず知りたいですよね、そんな。,success,自分をまず知りたいですよねそんなん。,False,18,18,0
,027_rcc_13595865_20260714090000_seg_01054,027_rcc_13595865_20260714090000,SPEAKER_00,5262.24,5262.88,0.64,success,っていうかさ。,success,っていうかさ。,True,7,7,0
,027_rcc_13595865_20260714090000_seg_01055,027_rcc_13595865_20260714090000,SPEAKER_00,5263.2,5264.96,1.76,success,親の評価だよねって。,success,親の評価だよねって。,True,10,10,0
,027_rcc_13595865_20260714090000_seg_01056,027_rcc_13595865_20260714090000,SPEAKER_01,5267.12,5268.16,1.04,success,親に見せるため。,success,親に見せるため。,True,8,8,0
,027_rcc_13595865_20260714090000_seg_01057,027_rcc_13595865_20260714090000,SPEAKER_00,5269.04,5270.56,1.52,success,渡すもんじゃないの、子どもが。,success,渡すもんじゃないの子どもが。,False,15,14,-1
,027_rcc_13595865_20260714090000_seg_01058,027_rcc_13595865_20260714090000,SPEAKER_01,5270.64,5271.52,0.88,success,ねえ。,success,ねえ。,True,3,3,0
,027_rcc_13595865_20260714090000_seg_01059,027_rcc_13595865_20260714090000,SPEAKER_00,5272.64,5276.08,3.44,success,音とか、この1学期、2学期、3学期頑張ったものだからと思うけど。,success,音とかこの1学期2学期3学期頑張ったものだからと思うけど。,False,32,29,-3
,027_rcc_13595865_20260714090000_seg_01060,027_rcc_13595865_20260714090000,SPEAKER_00,5276.4,5282.64,6.24,success,親にこうやって渡してこうやって見てああって言ってこうなんですねとかって勧められて家帰って子どもが説教受けるみたいな。,success,親にこうやって渡してこうやって見てああっつってこうなんですねとかって勧められてで家帰って子どもが説教受けるみたいな。,False,58,58,0
,027_rcc_13595865_20260714090000_seg_01061,027_rcc_13595865_20260714090000,SPEAKER_00,5284.0,5284.88,0.88,success,そうなのよ。,success,そうなのよ。,True,6,6,0
,027_rcc_13595865_20260714090000_seg_01062,027_rcc_13595865_20260714090000,SPEAKER_01,5284.88,5286.4,1.52,success,あっそういう文化?,success,あっそういう文化?,True,9,9,0
,027_rcc_13595865_20260714090000_seg_01063,027_rcc_13595865_20260714090000,SPEAKER_01,5286.72,5288.32,1.6,success,今はどうなんでしょうね。,success,今はどうなんでしょうね。,True,12,12,0
,027_rcc_13595865_20260714090000_seg_01064,027_rcc_13595865_20260714090000,SPEAKER_01,5288.72,5292.48,3.76,success,横山さんが当時はそうだったってことですか?,success,ないけど横山さんが当時はそうだったってことですかじゃあもう。,False,21,30,9
,027_rcc_13595865_20260714090000_seg_01065,027_rcc_13595865_20260714090000,SPEAKER_00,5292.96,5293.68,0.72,success,うちは違ったよ。,success,うちは違ってよ。,False,8,8,0
,027_rcc_13595865_20260714090000_seg_01066,027_rcc_13595865_20260714090000,SPEAKER_00,5294.72,5296.4,1.68,success,公立とか私立がいろいろある中で。,success,公立とか私立がいろいろある中で。,True,16,16,0
,027_rcc_13595865_20260714090000_seg_01067,027_rcc_13595865_20260714090000,SPEAKER_00,5296.88,5301.28,4.4,success,どうなのか分かんないけど、意外と親に渡すみたいなところが多いよって。,success,どうなのか分かんないけど意外と親に渡すみたいなところが多いよって。,False,34,33,-1
,027_rcc_13595865_20260714090000_seg_01068,027_rcc_13595865_20260714090000,SPEAKER_00,5302.16,5303.12,0.96,success,それは。,success,それは。,True,4,4,0
,027_rcc_13595865_20260714090000_seg_01069,027_rcc_13595865_20260714090000,SPEAKER_00,5305.28,5306.56,1.28,success,子どもにとっても。,success,子どもにとっても。,True,9,9,0
,027_rcc_13595865_20260714090000_seg_01070,027_rcc_13595865_20260714090000,SPEAKER_01,5306.64,5307.2,0.56,success,自分が?,success,自分が?,True,4,4,0
,027_rcc_13595865_20260714090000_seg_01071,027_rcc_13595865_20260714090000,SPEAKER_00,5307.44,5308.72,1.28,success,親にとってもと。,success,何とってもと思う。,False,8,9,1
,027_rcc_13595865_20260714090000_seg_01072,027_rcc_13595865_20260714090000,SPEAKER_01,5308.72,5312.0,3.28,success,そうですね、あの成績表、怖かったな、あいつ。,success,そうですね、あの成績表、怖かったな、あいつ。,True,22,22,0
,027_rcc_13595865_20260714090000_seg_01073,027_rcc_13595865_20260714090000,SPEAKER_00,5313.28,5315.76,2.48,success,俺今まさにもう何回も言ってるけど。,success,これ今まさにもう何回も言ってるけど。,False,17,18,1
,027_rcc_13595865_20260714090000_seg_01074,027_rcc_13595865_20260714090000,SPEAKER_00,5316.48,5321.52,5.04,success,子どものころの通知表で駄目ですって言われてたことで食ってるからね。,success,子どもの頃の通知表で駄目ですって言われてたことで食ってるからね。,False,33,32,-1
,027_rcc_13595865_20260714090000_seg_01075,027_rcc_13595865_20260714090000,SPEAKER_00,5322.56,5323.28,0.72,success,ないとか。,success,ないとか。,True,5,5,0
,027_rcc_13595865_20260714090000_seg_01076,027_rcc_13595865_20260714090000,SPEAKER_01,5323.44,5324.0,0.56,success,ああはあ。,success,ああはあ。,True,5,5,0
,027_rcc_13595865_20260714090000_seg_01077,027_rcc_13595865_20260714090000,SPEAKER_00,5324.32,5325.6,1.28,success,おしゃべりですとか。,success,おしゃべりですとか。,True,10,10,0
,027_rcc_13595865_20260714090000_seg_01078,027_rcc_13595865_20260714090000,SPEAKER_00,5326.48,5328.88,2.4,success,席にじっとしてませんとか。,success,あの席にじっとしてませんとか。,False,13,15,2
,027_rcc_13595865_20260714090000_seg_01079,027_rcc_13595865_20260714090000,SPEAKER_00,5332.0,5333.68,1.68,success,まあ生計を立ててるから。,success,やっぱ生計を立ててるから。,False,12,13,1
,027_rcc_13595865_20260714090000_seg_01080,027_rcc_13595865_20260714090000,SPEAKER_01,5337.2,5338.0,0.8,success,今がある。,success,今がある。,True,5,5,0
,027_rcc_13595865_20260714090000_seg_01081,027_rcc_13595865_20260714090000,SPEAKER_01,5339.12,5341.76,2.64,success,なんかすべてを悪いことと捉えるんじゃなくて。,success,なんか全てを悪いことと捉えるんじゃなくて。,False,22,21,-1
,027_rcc_13595865_20260714090000_seg_01082,027_rcc_13595865_20260714090000,SPEAKER_01,5342.16,5342.96,0.8,success,こからどう?,success,ここからどう?,False,6,7,1
,027_rcc_13595865_20260714090000_seg_01083,027_rcc_13595865_20260714090000,SPEAKER_01,5343.28,5344.72,1.44,success,自分が伸びていくかみたいな。,success,自分が伸びていくかみたいな。,True,14,14,0
,027_rcc_13595865_20260714090000_seg_01084,027_rcc_13595865_20260714090000,SPEAKER_00,5345.92,5355.44,9.52,success,これを直さなきゃいけないこととするのかいや伸ばしていく方にいかせようと思うのかはそれこそ親の手綱次第というかさ。,success,これを直さなきゃいけないこととするのかいや伸ばしていく方にいかせようと思うのかはそれこそ親の手綱しだいというかさ。,False,56,57,1
,027_rcc_13595865_20260714090000_seg_01085,027_rcc_13595865_20260714090000,SPEAKER_01,5355.52,5356.48,0.96,success,確かにね。,success,確かにね。,True,5,5,0
,027_rcc_13595865_20260714090000_seg_01086,027_rcc_13595865_20260714090000,SPEAKER_00,5356.72,5362.48,5.76,success,三好の鵜はさ日本の鵜飼いの中でも最も。,success,三好の鵜はさ日本の鵜飼いの中でも最も。,True,19,19,0
,027_rcc_13595865_20260714090000_seg_01087,027_rcc_13595865_20260714090000,SPEAKER_00,5362.96,5382.88,19.92,success,手綱が長いんだってひもが長いんだってだからホントはもっと鵜が近いとこに後ろからいるんだけど意外と鵜をパッと離して78メーターぐらい向こうに行かせたりとかすごい長いんだって結構遠いですねでもそれは何か親と子どもと一緒だよねどのぐらいまで自由にやっていいというのか。,success,手綱が長いんだってひもが長いんだってだからホントはもっと鵜が近いとこに鵜匠からいるんだけど意外と鵜をパッと離して78メーターぐらい向こうに行かせたりとかすごい長いんだって結構遠いですねでもそれは何か親と子どもと一緒だよねどのぐらいまで自由にやっていいというのか。,False,131,131,0
,027_rcc_13595865_20260714090000_seg_01088,027_rcc_13595865_20260714090000,SPEAKER_00,5384.16,5391.12,6.96,success,もう意外と手前のところでだめよって言うのか、意外と危なさそうなとこまで行かせといて、だめよっていうのか。,success,もう意外と手前のところで駄目よって言うのか意外と危なさそうなとこまで行かせといてダメよって言うのか。,False,52,50,-2
,027_rcc_13595865_20260714090000_seg_01089,027_rcc_13595865_20260714090000,SPEAKER_00,5391.68,5393.52,1.84,success,あっ親次第じゃない?,success,あっ親次第じゃない?,True,10,10,0
,027_rcc_13595865_20260714090000_seg_01090,027_rcc_13595865_20260714090000,SPEAKER_01,5393.68,5394.24,0.56,success,確かに。,success,確かに。,True,4,4,0
,027_rcc_13595865_20260714090000_seg_01091,027_rcc_13595865_20260714090000,SPEAKER_01,5394.8,5396.56,1.76,success,ねっがんじがらめじゃないけど。,success,ねえがんじがらめじゃないけど。,False,15,15,0
,027_rcc_13595865_20260714090000_seg_01092,027_rcc_13595865_20260714090000,SPEAKER_01,5397.12,5398.24,1.12,success,バックに置いておくよりは。,success,近くに置いておくよりかは。,False,13,13,0
,027_rcc_13595865_20260714090000_seg_01093,027_rcc_13595865_20260714090000,SPEAKER_01,5398.72,5399.68,0.96,success,ちょっと自由に。,success,ちょっと自由に。,True,8,8,0
,027_rcc_13595865_20260714090000_seg_01094,027_rcc_13595865_20260714090000,SPEAKER_01,5400.48,5401.52,1.04,success,絶対から。,success,絶対から!,False,5,5,0
,027_rcc_13595865_20260714090000_seg_01095,027_rcc_13595865_20260714090000,SPEAKER_01,5401.76,5403.2,1.44,success,本当にだめだって思うときだけ。,success,本当にダメだって思う時だけ!,False,15,14,-1
,027_rcc_13595865_20260714090000_seg_01096,027_rcc_13595865_20260714090000,SPEAKER_00,5405.36,5407.04,1.68,success,みたいにもう、家から一歩も出られない。,success,みたいにもう家から一歩も出られない。,False,19,18,-1
,027_rcc_13595865_20260714090000_seg_01097,027_rcc_13595865_20260714090000,SPEAKER_01,5407.04,5408.64,1.6,success,そんなことはなかったですけど。,success,そんなことはなかったですけど。,True,15,15,0
,027_rcc_13595865_20260714090000_seg_01098,027_rcc_13595865_20260714090000,SPEAKER_00,5408.96,5409.6,0.64,success,ねえ疑問。,success,ねえ疑問。,True,5,5,0
,027_rcc_13595865_20260714090000_seg_01099,027_rcc_13595865_20260714090000,SPEAKER_00,5409.92,5411.28,1.36,success,今まではもう一歩も出たことがない。,success,今まではもう一歩も出たことがない。,True,17,17,0
,027_rcc_13595865_20260714090000_seg_01100,027_rcc_13595865_20260714090000,SPEAKER_00,5412.16,5413.92,1.76,success,自分ち出るのにも何キロもかかるみたいな。,success,自分ち出るのにも何キロもかかるみたいな。,True,20,20,0
,027_rcc_13595865_20260714090000_seg_01101,027_rcc_13595865_20260714090000,SPEAKER_00,5416.72,5418.72,2.0,success,ホテルに住んでた人間からすると。,success,ホテルに住んでた人間からすると。,True,16,16,0
,027_rcc_13595865_20260714090000_seg_01102,027_rcc_13595865_20260714090000,SPEAKER_01,5418.8,5419.84,1.04,success,そんなことないんですよ。,success,そんなことないんですよ。,True,12,12,0
,027_rcc_13595865_20260714090000_seg_01103,027_rcc_13595865_20260714090000,SPEAKER_00,5420.08,5420.64,0.56,success,俺たち。,success,俺たち。,True,4,4,0
,027_rcc_13595865_20260714090000_seg_01104,027_rcc_13595865_20260714090000,SPEAKER_01,5420.64,5422.32,1.68,success,どんな家に住んでたんですか私。,success,どんな家に住んでたんですか私。,True,15,15,0
,027_rcc_13595865_20260714090000_seg_01105,027_rcc_13595865_20260714090000,SPEAKER_00,5422.32,5423.2,0.88,success,鵜飼のうわね。,success,鵜飼の上ね。,False,7,6,-1
,027_rcc_13595865_20260714090000_seg_01106,027_rcc_13595865_20260714090000,SPEAKER_00,5425.52,5428.24,2.72,success,離れても7、8メーターぐらいのもんですよみたいな。,success,離れても78メーターぐらいのもんですよみたいな。,False,25,24,-1
,027_rcc_13595865_20260714090000_seg_01107,027_rcc_13595865_20260714090000,SPEAKER_01,5428.88,5430.96,2.08,success,門限、本当に厳しかったんです。,success,門限ほんとに厳しかったんです。,False,15,15,0
,027_rcc_13595865_20260714090000_seg_01108,027_rcc_13595865_20260714090000,SPEAKER_01,5432.0,5433.04,1.04,success,それが嫌で。,success,それが嫌で。,True,6,6,0
,027_rcc_13595865_20260714090000_seg_01109,027_rcc_13595865_20260714090000,SPEAKER_01,5433.28,5433.84,0.56,success,嫌で嫌で。,success,嫌で嫌で。,True,5,5,0
,027_rcc_13595865_20260714090000_seg_01110,027_rcc_13595865_20260714090000,SPEAKER_00,5434.16,5436.48,2.32,success,2時間目ぐらいで帰ってこいって聞いたら、はい!,success,2時間目ぐらいで帰ってこいって聞いたらはい!,False,23,22,-1
,027_rcc_13595865_20260714090000_seg_01111,027_rcc_13595865_20260714090000,SPEAKER_00,5440.16,5442.16,2.0,success,誰も信用してないんだねっていうぐらい。,success,誰も信用してないんだねっていう感じ。,False,19,18,-1
,027_rcc_13595865_20260714090000_seg_01112,027_rcc_13595865_20260714090000,SPEAKER_02,5442.96,5443.68,0.72,success,そこまでではない。,success,そこまでではない。,True,9,9,0
,027_rcc_13595865_20260714090000_seg_01113,027_rcc_13595865_20260714090000,SPEAKER_00,5444.56,5445.44,0.88,success,さあこの時間になりますわ。,success,さあこの時間になりますわ。,True,13,13,0
,027_rcc_13595865_20260714090000_seg_01114,027_rcc_13595865_20260714090000,SPEAKER_00,5445.92,5455.2,9.28,success,午前様クイズの答えを発表その前におさらいということで今日は橋本からザ応援で問題を出してもらいました。,success,午前様クイズの答え発表その前におさらいということで今日は橋本からザ応援で問題を出してもらいました。,False,50,49,-1
,027_rcc_13595865_20260714090000_seg_01115,027_rcc_13595865_20260714090000,SPEAKER_02,5455.28,5462.0,6.72,success,妹が陸上部だったということで陸上の大会に家族で応援に行ったことがあります。,success,妹が陸上部だったということで陸上の大会に家族で応援に行ったことがあります。,True,37,37,0
,027_rcc_13595865_20260714090000_seg_01116,027_rcc_13595865_20260714090000,SPEAKER_02,5462.24,5465.76,3.52,success,農園に行ったときに、私が思っていたこととはなんでしょうか。,success,農園に行った時に私が思っていたこととは何でしょうか?,False,29,26,-3
,027_rcc_13595865_20260714090000_seg_01117,027_rcc_13595865_20260714090000,SPEAKER_00,5465.84,5468.32,2.48,success,はいラジオネームヒゲガン。,success,はいラジオネームヒゲガン。,True,13,13,0
,027_rcc_13595865_20260714090000_seg_01118,027_rcc_13595865_20260714090000,SPEAKER_00,5469.36,5483.36,14.0,success,陸上部だった妹さんの応援に家族で行った時橋本さんが思ったことそれは妹が頑張ったご褒美に乗っかって今晩はごちそうが食べられるかなと思っていたのではないでしょうか。,success,陸上部だった妹さんの応援に家族で行ったとき橋本さんが思ったことそれは妹が頑張ったご褒美に乗っかって今晩はごちそうが食べられるかなと思っていたのではないでしょうか。,False,80,81,1
,027_rcc_13595865_20260714090000_seg_01119,027_rcc_13595865_20260714090000,SPEAKER_01,5484.32,5485.6,1.28,success,正解じゃないけど。,success,正解じゃないけど。,True,9,9,0
,027_rcc_13595865_20260714090000_seg_01120,027_rcc_13595865_20260714090000,SPEAKER_01,5486.16,5487.04,0.88,success,思ってましたね、それは。,success,思ってましたねそれは。,False,12,11,-1
,027_rcc_13595865_20260714090000_seg_01121,027_rcc_13595865_20260714090000,SPEAKER_01,5487.52,5491.44,3.92,success,何なら本人は次の日も会ったりとかするから。,success,何なら本人は次の日も会ったりとかするから。,True,21,21,0
,027_rcc_13595865_20260714090000_seg_01122,027_rcc_13595865_20260714090000,SPEAKER_01,5492.0,5495.2,3.2,success,本人以外でちょっといいごはんを食べる。,success,本人以外でちょっといいごはんを食べると。,False,19,20,1
,027_rcc_13595865_20260714090000_seg_01123,027_rcc_13595865_20260714090000,SPEAKER_01,5496.0,5497.68,1.68,success,のはありましたね。,success,のはありましたね。,True,9,9,0
,027_rcc_13595865_20260714090000_seg_01124,027_rcc_13595865_20260714090000,SPEAKER_01,5497.92,5499.28,1.36,success,本当、乗っかってましたね、すみません。,success,本当乗っかってましたねすいません。,False,19,17,-2
,027_rcc_13595865_20260714090000_seg_01125,027_rcc_13595865_20260714090000,SPEAKER_00,5501.28,5502.88,1.6,success,阿佐南区のある地域。,success,安佐南区のある地域。,False,10,10,0
,027_rcc_13595865_20260714090000_seg_01126,027_rcc_13595865_20260714090000,SPEAKER_00,5504.56,5510.32,5.76,success,運動会になるとまあまあうちの近所にある焼き肉屋さんがいっつもいっぱいだったから。,success,運動会になるとまあまあうちの近所にある焼き肉屋さんがいっつもいっぱいだったから。,True,40,40,0
,027_rcc_13595865_20260714090000_seg_01127,027_rcc_13595865_20260714090000,SPEAKER_00,5510.72,5512.24,1.52,success,運動会の用。,success,運動会の夜。,False,6,6,0
,027_rcc_13595865_20260714090000_seg_01128,027_rcc_13595865_20260714090000,SPEAKER_00,5513.76,5515.36,1.6,success,焼き肉行こうかって、みんな。,success,焼き肉行こっかってみんな。,False,14,13,-1
,027_rcc_13595865_20260714090000_seg_01129,027_rcc_13595865_20260714090000,SPEAKER_00,5515.68,5516.32,0.64,success,とか。,success,とか。,True,3,3,0
,027_rcc_13595865_20260714090000_seg_01130,027_rcc_13595865_20260714090000,SPEAKER_00,5517.12,5518.48,1.36,success,おすし屋さん行こうかとか。,success,おすし屋さん行こうかとか。,True,13,13,0
,027_rcc_13595865_20260714090000_seg_01131,027_rcc_13595865_20260714090000,SPEAKER_00,5519.2,5520.08,0.88,success,回転ずしとか。,success,回転ずしとか。,True,7,7,0
,027_rcc_13595865_20260714090000_seg_01132,027_rcc_13595865_20260714090000,SPEAKER_01,5520.08,5520.64,0.56,success,うん。,success,うん。,True,3,3,0
,027_rcc_13595865_20260714090000_seg_01133,027_rcc_13595865_20260714090000,SPEAKER_00,5520.72,5523.2,2.48,success,ああいう所にみんな何か行きたがるよね。,success,ああいうところにみんななんか行きたがるよね。,False,19,22,3
,027_rcc_13595865_20260714090000_seg_01134,027_rcc_13595865_20260714090000,SPEAKER_01,5523.52,5524.72,1.2,success,おすし大好きだったな。,success,おすし大好きだったな。,True,11,11,0
,027_rcc_13595865_20260714090000_seg_01135,027_rcc_13595865_20260714090000,SPEAKER_01,5526.0,5527.44,1.44,success,回転ずし好きだった。,success,回転ずし好きだった。,True,10,10,0
,027_rcc_13595865_20260714090000_seg_01136,027_rcc_13595865_20260714090000,SPEAKER_01,5528.08,5530.0,1.92,success,サーモン食べれる!みたいな。,success,サーモン食べれる!みたいな。,True,14,14,0
,027_rcc_13595865_20260714090000_seg_01137,027_rcc_13595865_20260714090000,SPEAKER_00,5530.08,5531.36,1.28,success,なんかテンション上がってたよ。,success,なんかテンション上がっちゃったよ。,False,15,17,2
,027_rcc_13595865_20260714090000_seg_01138,027_rcc_13595865_20260714090000,SPEAKER_01,5531.68,5532.56,0.88,success,待ってましたね。,success,待ってましたね。,True,8,8,0
,027_rcc_13595865_20260714090000_seg_01139,027_rcc_13595865_20260714090000,SPEAKER_00,5532.8,5533.76,0.96,success,あとはリゾット。,success,あとはリゾット。,True,8,8,0
,027_rcc_13595865_20260714090000_seg_01140,027_rcc_13595865_20260714090000,SPEAKER_00,5534.48,5548.32,13.84,success,橋本さんが妹の大会へ応援に行った時思った事それは競技場が広すぎたので妹を探すのが大変だし遠くで走っているから臨場感が全く伝わってこなかった。,success,橋本さんが妹の大会へ応援に行った時思った事それは競技場が広すぎたので妹を探すのが大変だし遠くで走っているから臨場感が全く伝わってこなかった。,True,70,70,0
,027_rcc_13595865_20260714090000_seg_01141,027_rcc_13595865_20260714090000,SPEAKER_01,5550.56,5557.28,6.72,success,まあ確かにグラウンドっていうかフィールドがすごい広いから全然私見つけられなくて妹。,success,まあ確かにグラウンドっていうかフィールドがすごい広いから全然私見つけられなくて妹を。,False,41,42,1
,027_rcc_13595865_20260714090000_seg_01142,027_rcc_13595865_20260714090000,SPEAKER_01,5557.84,5561.36,3.52,success,何番、なんかリレーとかでも、何番手で走るん?みたいな。,success,何かリレーとかでも何番手で走るん?みたいな。,False,27,22,-5
,027_rcc_13595865_20260714090000_seg_01143,027_rcc_13595865_20260714090000,SPEAKER_01,5561.92,5563.68,1.76,success,どこにいるん?ってお母さんにめっちゃ聞いて。,success,ぽにるん?ってお母さんにめっちゃ聞いて。,False,22,20,-2
,027_rcc_13595865_20260714090000_seg_01144,027_rcc_13595865_20260714090000,SPEAKER_00,5564.56,5565.76,1.2,success,誰でも分かんないんだからね。,success,誰でも分かんないんだからね。,True,14,14,0
,027_rcc_13595865_20260714090000_seg_01145,027_rcc_13595865_20260714090000,SPEAKER_01,5565.76,5566.56,0.8,success,硬いですよね。,success,硬いですよね。,True,7,7,0
,027_rcc_13595865_20260714090000_seg_01146,027_rcc_13595865_20260714090000,SPEAKER_00,5567.44,5570.0,2.56,success,徒競走で大体何番目ぐらいに出てくるの?,success,徒競走で大体何番目ぐらいに出てくるの?,True,19,19,0
,027_rcc_13595865_20260714090000_seg_01147,027_rcc_13595865_20260714090000,SPEAKER_00,5570.96,5573.44,2.48,success,10番目たぶん10番目ぐらいだと思うよ。,success,で10番目多分10番目ぐらいだと思うよ。,False,20,20,0
,027_rcc_13595865_20260714090000_seg_01148,027_rcc_13595865_20260714090000,SPEAKER_00,5574.4,5576.24,1.84,success,なんかちょっと目離してるうちに?,success,何かちょっと目離してるうちに?,False,16,15,-1
,027_rcc_13595865_20260714090000_seg_01149,027_rcc_13595865_20260714090000,SPEAKER_00,5576.56,5578.4,1.84,success,何番目かいね、これみたいな感じになって。,success,何番目かいねこれみたいな感じになって。,False,20,19,-1
,027_rcc_13595865_20260714090000_seg_01150,027_rcc_13595865_20260714090000,SPEAKER_01,5579.36,5580.16,0.8,success,ちょっとしゃべってたら。,success,ちょっとしゃべってたら。,True,12,12,0
,027_rcc_13595865_20260714090000_seg_01151,027_rcc_13595865_20260714090000,SPEAKER_00,5580.4,5582.4,2.0,success,前の組の人とか緊張感があって。,success,前の組の人とか緊張感があって。,True,15,15,0
,027_rcc_13595865_20260714090000_seg_01152,027_rcc_13595865_20260714090000,SPEAKER_00,5582.8,5586.4,3.6,success,あれじゃない、あれじゃないって、ずっとずっとずっと回してて。,success,あれじゃないあれじゃないってずっとずっとずっと回してて。,False,30,28,-2
,027_rcc_13595865_20260714090000_seg_01153,027_rcc_13595865_20260714090000,SPEAKER_00,5587.2,5591.68,4.48,success,手前まで行く、違う、違う、違う、待って、次の組、もう走りだしてる、走りだす。,success,えっ手前まで来る違う違う違う待って次の組もう走りだしてくれ走りだして。,False,38,35,-3
,027_rcc_13595865_20260714090000_seg_01154,027_rcc_13595865_20260714090000,SPEAKER_01,5593.2,5595.04,1.84,success,違う子撮ってたみたいなね。,success,違う子撮ってた!みたいなね。,False,13,14,1
,027_rcc_13595865_20260714090000_seg_01155,027_rcc_13595865_20260714090000,SPEAKER_01,5595.52,5597.28,1.76,success,はいはい、気付いたらもう走り終わってるとか。,success,はいはい気付いたらもう走り終わってるとこ。,False,22,21,-1
,027_rcc_13595865_20260714090000_seg_01156,027_rcc_13595865_20260714090000,SPEAKER_00,5597.76,5600.24,2.48,success,自分の子をずっと追ってたら。,success,自分の子をずっと追ってたら。,True,14,14,0
,027_rcc_13595865_20260714090000_seg_01157,027_rcc_13595865_20260714090000,SPEAKER_00,5600.48,5602.24,1.76,success,ほかの子とクロスした瞬間にいない。,success,他の子とクロスした瞬間にいない。,False,17,16,-1
,027_rcc_13595865_20260714090000_seg_01158,027_rcc_13595865_20260714090000,SPEAKER_00,5603.12,5607.36,4.24,success,いない、いない、目立つ靴下にしたけど、みんな目立つ靴下をはいてる。,success,いないいない目立つ靴下にしたけどみんな目立つ靴をはいてる。,False,33,29,-4
,027_rcc_13595865_20260714090000_seg_01159,027_rcc_13595865_20260714090000,SPEAKER_00,5609.76,5610.96,1.2,success,出なくなったって。,success,手遅れたって。,False,9,7,-2
,027_rcc_13595865_20260714090000_seg_01160,027_rcc_13595865_20260714090000,SPEAKER_00,5611.6,5612.24,0.64,success,なるよね。,success,なるよね。,True,5,5,0
,027_rcc_13595865_20260714090000_seg_01161,027_rcc_13595865_20260714090000,SPEAKER_01,5612.32,5614.88,2.56,success,そうですね、あとでそういうカメラとか。,success,そうですねあとでそういうカメラとか。,False,19,18,-1
,027_rcc_13595865_20260714090000_seg_01162,027_rcc_13595865_20260714090000,SPEAKER_01,5615.28,5615.84,0.56,success,を見て。,success,どう見て。,False,4,5,1
,027_rcc_13595865_20260714090000_seg_01163,027_rcc_13595865_20260714090000,SPEAKER_01,5616.24,5617.36,1.12,success,これ絶対今迷ってるなみたいな。,success,これ絶対今迷ってるなみたいな。,True,15,15,0
,027_rcc_13595865_20260714090000_seg_01164,027_rcc_13595865_20260714090000,SPEAKER_01,5620.8,5621.36,0.56,success,ちゃんとしたね。,success,ちゃんとしてる。,False,8,8,0
,027_rcc_13595865_20260714090000_seg_01165,027_rcc_13595865_20260714090000,SPEAKER_00,5621.44,5626.48,5.04,success,サインとか言われて、ただいいよ、ああいう画像って、もう見ないから。,success,サインとか言われるただいいよああいう画像ってもう見ないから。,False,33,30,-3
,027_rcc_13595865_20260714090000_seg_01166,027_rcc_13595865_20260714090000,SPEAKER_01,5628.0,5628.8,0.8,success,振り返ることは。,success,振り返ることはない。,False,8,10,2
,027_rcc_13595865_20260714090000_seg_01167,027_rcc_13595865_20260714090000,SPEAKER_00,5630.56,5632.08,1.52,success,みんなで見た試しがない。,success,みんなで見たためしがない。,False,12,13,1
,027_rcc_13595865_20260714090000_seg_01168,027_rcc_13595865_20260714090000,SPEAKER_00,5632.64,5634.08,1.44,success,ない、全然ない。,success,ない全然ない。,False,8,7,-1
,027_rcc_13595865_20260714090000_seg_01169,027_rcc_13595865_20260714090000,SPEAKER_00,5635.44,5636.08,0.64,success,あとはね。,success,あとはね。,True,5,5,0
,027_rcc_13595865_20260714090000_seg_01170,027_rcc_13595865_20260714090000,SPEAKER_00,5636.56,5637.76,1.2,success,みかんの花。,success,みかんの花。,True,6,6,0
,027_rcc_13595865_20260714090000_seg_01171,027_rcc_13595865_20260714090000,SPEAKER_00,5638.8,5646.56,7.76,success,橋本さんが妹の陸上大会の応援に行って思ったことそれは家ではのんびり屋なのに。,success,橋本さんが妹の陸上大会の応援に行って思ったこと、それは家ではのんびり屋なのに。,False,38,39,1
,027_rcc_13595865_20260714090000_seg_01172,027_rcc_13595865_20260714090000,SPEAKER_00,5646.8,5650.72,3.92,success,走っている姿はかっこいいなあと思った。,success,走っている姿はかっこいいなあと思った。,True,19,19,0
,027_rcc_13595865_20260714090000_seg_01173,027_rcc_13595865_20260714090000,SPEAKER_01,5651.6,5652.96,1.36,success,うんそうかもしれない。,success,うんそうかもしれない。,True,11,11,0
,027_rcc_13595865_20260714090000_seg_01174,027_rcc_13595865_20260714090000,SPEAKER_01,5653.36,5654.88,1.52,success,結構のんびり屋なんですよ。,success,結構のんびり屋なんですよ。,True,13,13,0
,027_rcc_13595865_20260714090000_seg_01175,027_rcc_13595865_20260714090000,SPEAKER_00,5654.88,5656.64,1.76,success,のんびり屋だったらもう陸上部向いてないよね。,success,のんびり屋だったらもう陸上部向いてないよね。,True,22,22,0
,027_rcc_13595865_20260714090000_seg_01176,027_rcc_13595865_20260714090000,SPEAKER_01,5659.44,5661.2,1.76,success,家でも家で見せる顔と。,success,いやでも家で見せる顔と。,False,11,12,1
,027_rcc_13595865_20260714090000_seg_01177,027_rcc_13595865_20260714090000,SPEAKER_01,5661.44,5663.28,1.84,success,やっぱ外での顔は違うなって。,success,やっぱ外での顔は違うなって。,True,14,14,0
,027_rcc_13595865_20260714090000_seg_01178,027_rcc_13595865_20260714090000,SPEAKER_00,5663.52,5666.0,2.48,success,どうでしょう、人間だから、俺たちもそうじゃない。,success,どうでしょう人間だから俺たちもそうじゃないと。,False,24,23,-1
,027_rcc_13595865_20260714090000_seg_01179,027_rcc_13595865_20260714090000,SPEAKER_01,5667.52,5668.16,0.64,success,わっそうだ。,success,あっそうだ。,False,6,6,0
,027_rcc_13595865_20260714090000_seg_01180,027_rcc_13595865_20260714090000,SPEAKER_00,5668.4,5676.24,7.84,success,家出るまでくそっめっちゃ面倒くせえのいるのって思うけど外出たらあっどうもおはようございますってもうやるじゃんだってみんな。,success,家出るまでくそめっちゃ面倒くせえ寝るのって思うけど外出たらあっどうもおはようございますってもうやるじゃんだってみんな。,False,61,59,-2
,027_rcc_13595865_20260714090000_seg_01181,027_rcc_13595865_20260714090000,SPEAKER_01,5677.12,5679.68,2.56,success,でも本当なんかそうで。,success,そうそうでも本当何かそうで。,False,11,14,3
,027_rcc_13595865_20260714090000_seg_01182,027_rcc_13595865_20260714090000,SPEAKER_01,5679.92,5681.84,1.92,success,なんかちゃんと走ってんなみたいな。,success,なんかちゃんと走ってんなみたいな。,True,17,17,0
,027_rcc_13595865_20260714090000_seg_01183,027_rcc_13595865_20260714090000,SPEAKER_01,5682.08,5683.28,1.2,success,のはまあ確かに。,success,のはまあ確かに。,True,8,8,0
,027_rcc_13595865_20260714090000_seg_01184,027_rcc_13595865_20260714090000,SPEAKER_00,5683.68,5688.32,4.64,success,ダラダラだとかないでしょ。,success,あっ大義ダッタラダラダとかないでしょ。,False,13,19,6
,027_rcc_13595865_20260714090000_seg_01185,027_rcc_13595865_20260714090000,SPEAKER_01,5688.64,5690.72,2.08,success,そんな、そんな子は確かにね。,success,まあそんな子は確かにね。,False,14,12,-2
,027_rcc_13595865_20260714090000_seg_01186,027_rcc_13595865_20260714090000,SPEAKER_01,5691.04,5692.0,0.96,success,上部に入れないですよね。,success,上部に入れないですよね。,True,12,12,0
,027_rcc_13595865_20260714090000_seg_01187,027_rcc_13595865_20260714090000,SPEAKER_01,5692.4,5694.56,2.16,success,しゃきっとしてんなとはまあ思ったけど。,success,シャキッとしてんなとはまあ思ったけど。,False,19,19,0
,027_rcc_13595865_20260714090000_seg_01188,027_rcc_13595865_20260714090000,SPEAKER_00,5694.64,5695.6,0.96,success,いいか?,success,いいか?,True,4,4,0
,027_rcc_13595865_20260714090000_seg_01189,027_rcc_13595865_20260714090000,SPEAKER_00,5695.92,5697.04,1.12,success,東部の人って。,success,東部の人って。,True,7,7,0
,027_rcc_13595865_20260714090000_seg_01190,027_rcc_13595865_20260714090000,SPEAKER_00,5698.0,5699.92,1.92,success,何が楽しくて走ったんでしょうね。,success,何が楽しくて走ったんでしょうね。,True,16,16,0
,027_rcc_13595865_20260714090000_seg_01191,027_rcc_13595865_20260714090000,SPEAKER_01,5703.36,5704.48,1.12,success,すごい思ってたんです。,success,すごい思ってたんです。,True,11,11,0
,027_rcc_13595865_20260714090000_seg_01192,027_rcc_13595865_20260714090000,SPEAKER_00,5704.72,5709.76,5.04,success,走るっていうことはさ、ほかのスポーツの全部基礎にあるじゃん。,success,走るっていうことはさ他のスポーツの全部基礎にあるじゃん。,False,30,28,-2
,027_rcc_13595865_20260714090000_seg_01193,027_rcc_13595865_20260714090000,SPEAKER_00,5710.4,5717.04,6.64,success,みんな走った後に下半身を鍛えたりして例えば投げる球が速くなる。,success,みんな走った後に下半身を鍛えたりして例えば投げる球が速くなる。,True,31,31,0
,027_rcc_13595865_20260714090000_seg_01194,027_rcc_13595865_20260714090000,SPEAKER_00,5717.28,5719.12,1.84,success,あっ、打つ球が強くなるとか。,success,あっ打つ球が強くなるとか。,False,14,13,-1
,027_rcc_13595865_20260714090000_seg_01195,027_rcc_13595865_20260714090000,SPEAKER_00,5719.36,5724.72,5.36,success,ジャンプ力が増すとかって、その走ることを礎に、次に行くじゃん。,success,ジャンプ力が増すとかってその走ることを礎に次に行くじゃん。,False,31,29,-2
,027_rcc_13595865_20260714090000_seg_01196,027_rcc_13595865_20260714090000,SPEAKER_00,5725.36,5726.72,1.36,success,僕たちはそれで終わる。,success,うちはそれで終わらせて。,False,11,12,1
,027_rcc_13595865_20260714090000_seg_01197,027_rcc_13595865_20260714090000,SPEAKER_00,5729.92,5730.72,0.8,success,もうしんどい。,success,もうしんどい。,True,7,7,0
,027_rcc_13595865_20260714090000_seg_01198,027_rcc_13595865_20260714090000,SPEAKER_01,5731.04,5737.12,6.08,success,原点を突き詰めるだけ突き詰めるみたいな、何も道具も使わないじゃないですか。,success,原点を突き詰めるだけ突き詰めるみたいな何も道具も使わないじゃないですか。,False,37,36,-1
,027_rcc_13595865_20260714090000_seg_01199,027_rcc_13595865_20260714090000,SPEAKER_01,5737.44,5739.04,1.6,success,強いてスパイク。,success,もう強いてスパイクと。,False,8,11,3
,027_rcc_13595865_20260714090000_seg_01200,027_rcc_13595865_20260714090000,SPEAKER_01,5740.72,5743.6,2.88,success,何を目指して走ってる?,success,あのな何を目指してこう走ってらっしゃるんですか?,False,11,24,13
,027_rcc_13595865_20260714090000_seg_01201,027_rcc_13595865_20260714090000,SPEAKER_00,5747.04,5749.68,2.64,success,まあでも一番シンプルだから。,success,まあでも一番シンプルだから。,True,14,14,0
,027_rcc_13595865_20260714090000_seg_01202,027_rcc_13595865_20260714090000,SPEAKER_01,5749.84,5751.2,1.36,success,そうそうそうそれは思います。,success,そうそうそうそれは思います。,True,14,14,0
,027_rcc_13595865_20260714090000_seg_01203,027_rcc_13595865_20260714090000,SPEAKER_00,5751.92,5755.44,3.52,success,むちゃくちゃ足が速い人の横に。,success,むちゃくちゃ足が速い人の横に。,True,15,15,0
,027_rcc_13595865_20260714090000_seg_01204,027_rcc_13595865_20260714090000,SPEAKER_00,5756.24,5758.08,1.84,success,なんかスクーターでぶーんとか。,success,何かスクーターでブーンって感じ。,False,15,16,1
,027_rcc_13595865_20260714090000_seg_01205,027_rcc_13595865_20260714090000,SPEAKER_00,5758.96,5760.88,1.92,success,スクーターが速いよねっていうのはしょうがない。,success,スクーターが速いよねっていうのはしょうがない。,True,23,23,0
,027_rcc_13595865_20260714090000_seg_01206,027_rcc_13595865_20260714090000,SPEAKER_00,5761.84,5762.72,0.88,success,どう考えろ?って。,success,どう考える?って。,False,9,9,0
,027_rcc_13595865_20260714090000_seg_01207,027_rcc_13595865_20260714090000,SPEAKER_01,5763.44,5767.2,3.76,success,人類の限界を知りたいみたいな。,success,人類の限界を知りたいみたいな。,True,15,15,0
,027_rcc_13595865_20260714090000_seg_01208,027_rcc_13595865_20260714090000,SPEAKER_01,5767.68,5768.32,0.64,success,もあるじゃないですか。,success,でもあるじゃないですか。,False,11,12,1
,027_rcc_13595865_20260714090000_seg_01209,027_rcc_13595865_20260714090000,SPEAKER_00,5768.56,5769.6,1.04,success,ドーピングとかして。,success,ほぼドーピングとかしたり。,False,10,13,3
,027_rcc_13595865_20260714090000_seg_01210,027_rcc_13595865_20260714090000,SPEAKER_01,5769.6,5780.56,10.96,success,そういうことではなくて、何も頼らずに、人ってどこまで進化できるんだろうかみたいな、どこまでいけるんだろうっていう可能性を、自分と闘ってるんだとは思うんですけどね。,success,いやそういうことで何も頼らずに人ってどこまで進化できるんだろうかみたいなどこまでいけるんだろうっていう可能性を自分と闘ってるんだとは思うんですけどね。,False,81,75,-6
,027_rcc_13595865_20260714090000_seg_01211,027_rcc_13595865_20260714090000,SPEAKER_00,5781.36,5785.92,4.56,success,じゃあ、もうオリンピック種目で、山の上に1人だけ置き去りにして。,success,じゃあもうオリンピック種目で山の上に1人だけ置き去りにして。,False,32,30,-2
,027_rcc_13595865_20260714090000_seg_01212,027_rcc_13595865_20260714090000,SPEAKER_00,5786.16,5790.72,4.56,success,何日で降りてこられるか大会とかしたほうが人間の極限とか分かる。,success,何日で下りてこられるか大会とかした方が人間の極限とか分かる。,False,31,30,-1
,027_rcc_13595865_20260714090000_seg_01213,027_rcc_13595865_20260714090000,SPEAKER_01,5791.28,5793.04,1.76,success,まあまあまあそれは何種目でも。,success,まあまあまあそれは何種目だよ。,False,15,15,0
,027_rcc_13595865_20260714090000_seg_01214,027_rcc_13595865_20260714090000,SPEAKER_00,5793.44,5798.16,4.72,success,3日後、3日と46分で降りてきましたみたいな。,success,3日後3日と46分で降りてきましたみたいな。,False,23,22,-1
,027_rcc_13595865_20260714090000_seg_01215,027_rcc_13595865_20260714090000,SPEAKER_01,5799.04,5799.76,0.72,success,私無理。,success,私無理。,True,4,4,0
,027_rcc_13595865_20260714090000_seg_01216,027_rcc_13595865_20260714090000,SPEAKER_01,5801.76,5804.24,2.48,success,もうスマートフォンとかないともう生きていけない。,success,もうスマートフォンとかないともう生きていけない。,True,24,24,0
,027_rcc_13595865_20260714090000_seg_01217,027_rcc_13595865_20260714090000,SPEAKER_00,5805.92,5808.72,2.8,success,なんか今度さ、ノルディックスキーとかが。,success,何か今度さノルディックスキーとかが。,False,20,18,-2
,027_rcc_13595865_20260714090000_seg_01218,027_rcc_13595865_20260714090000,SPEAKER_00,5809.04,5810.08,1.04,success,冬の種目からなく。,success,冬の種目からなくなった。,False,9,12,3
,027_rcc_13595865_20260714090000_seg_01219,027_rcc_13595865_20260714090000,SPEAKER_01,5810.8,5811.76,0.96,success,ねえ。,success,ねえ。,True,3,3,0
,027_rcc_13595865_20260714090000_seg_01220,027_rcc_13595865_20260714090000,SPEAKER_00,5813.04,5821.6,8.56,success,確かにねと思ったのがノルディックは女性がないからって言われてあっそうだったんだっていうのとそうか今やっぱ男と女が同等にやってるし。,success,確かにねと思ったのがノルディックは女性がないからって言われてあっそうだったんだっていうのとそうか今やっぱ男と女が同等にやってる世界。,False,65,66,1
,027_rcc_13595865_20260714090000_seg_01221,027_rcc_13595865_20260714090000,SPEAKER_00,5821.84,5823.44,1.6,success,だめなんだと思ったりとかすると。,success,駄目なんだと思ったりとかすると。,False,16,16,0
,027_rcc_13595865_20260714090000_seg_01222,027_rcc_13595865_20260714090000,SPEAKER_00,5823.76,5830.4,6.64,success,なかなかこの種目が選ばれてるのにこの種目が外されるって何で?とかって思うことがまあまああるよね。,success,なかなかこの種目が選ばれてるのにこの種目が外されるって何で?とかって思うことがまあまああるよね。,True,48,48,0
,027_rcc_13595865_20260714090000_seg_01223,027_rcc_13595865_20260714090000,SPEAKER_02,5830.4,5836.8,6.4,success,外されたって知って、よくよくなんでだろうって聞いてから、あっ、そうだった。,success,うん外されたって知ってよくよくなんでだろうって聞いてからあっそうだった。,False,37,36,-1
,027_rcc_13595865_20260714090000_seg_01224,027_rcc_13595865_20260714090000,SPEAKER_01,5837.68,5838.64,0.96,success,音が結構多い。,success,人が結構多い。,False,7,7,0
,027_rcc_13595865_20260714090000_seg_01225,027_rcc_13595865_20260714090000,SPEAKER_00,5839.12,5841.44,2.32,success,ソフトボールは外されるけどブレイキンは始まるってなって。,success,ソフトボールは外されるけどブレイキンは始まるっていうのが。,False,28,29,1
,027_rcc_13595865_20260714090000_seg_01226,027_rcc_13595865_20260714090000,SPEAKER_00,5841.76,5845.36,3.6,success,俺の周りブレイキンやってるやついないんだけどと思って。,success,俺の周りブレイキンやってるやついないんだけどと思って。,True,27,27,0
,027_rcc_13595865_20260714090000_seg_01227,027_rcc_13595865_20260714090000,SPEAKER_01,5846.56,5847.68,1.12,success,時代の流れなのか。,success,時代の流れなのか。,True,9,9,0
,027_rcc_13595865_20260714090000_seg_01228,027_rcc_13595865_20260714090000,SPEAKER_00,5849.2,5849.92,0.72,success,じゃあこれ最後。,success,じゃあこれ最後。,True,8,8,0
,027_rcc_13595865_20260714090000_seg_01229,027_rcc_13595865_20260714090000,SPEAKER_00,5850.32,5852.08,1.76,success,カシマシ娘。,success,えカシマシ娘。,False,6,7,1
,027_rcc_13595865_20260714090000_seg_01230,027_rcc_13595865_20260714090000,SPEAKER_00,5853.52,5865.84,12.32,success,橋本さんが妹の応援に行った時にわっと思った事それはお父さんが妹の走りをビデオカメラで撮っていたけどお父さんの声援の声が大きすぎてうるさすぎてあとで見返した時。,success,橋本さんが妹の応援に行った時にわーっと思った事それはお父さんが妹の走りをビデオカメラで撮っていたけどお父さんの声援の声が大きすぎてうるさすぎてあとで見返した時。,False,79,80,1
,027_rcc_13595865_20260714090000_seg_01231,027_rcc_13595865_20260714090000,SPEAKER_00,5866.32,5868.8,2.48,success,お父さんの声ばっかり入っていたと。,success,お父さんの声ばっかり入っていたと。,True,17,17,0
,027_rcc_13595865_20260714090000_seg_01232,027_rcc_13595865_20260714090000,SPEAKER_00,5869.2,5871.76,2.56,success,言われるんではないかと思ったではないでしょうか。,success,言われるんではないかと思ったんではないでしょうか。,False,24,25,1
,027_rcc_13595865_20260714090000_seg_01233,027_rcc_13595865_20260714090000,SPEAKER_02,5871.92,5872.72,0.8,success,あるあるです。,success,あるあるです。,True,7,7,0
,027_rcc_13595865_20260714090000_seg_01234,027_rcc_13595865_20260714090000,SPEAKER_01,5873.36,5875.04,1.68,success,ねっもう運動会とかもそうですけど。,success,ねっもう運動会とかもそうですけど。,True,17,17,0
,027_rcc_13595865_20260714090000_seg_01235,027_rcc_13595865_20260714090000,SPEAKER_00,5875.2,5878.96,3.76,success,自分ちじゃない子どものときに。,success,あとさ自分ちじゃない子どものときに。,False,15,18,3
,027_rcc_13595865_20260714090000_seg_01236,027_rcc_13595865_20260714090000,SPEAKER_00,5880.8,5881.36,0.56,success,了解。,success,どうかい?,False,3,5,2
,027_rcc_13595865_20260714090000_seg_01237,027_rcc_13595865_20260714090000,SPEAKER_00,5881.84,5888.32,6.48,success,どこにおるかれどこにおるかねとか痛い痛い痛い!とかってもうお前の声ばっかりが入っとるよみたいなのが言うじゃん。,success,どこにおるかれどこにおるかれとか痛い痛い痛い!とかってもうお前の声ばっかり入っとるよみたいなのが言うじゃん。,False,55,54,-1
,027_rcc_13595865_20260714090000_seg_01238,027_rcc_13595865_20260714090000,SPEAKER_01,5888.48,5896.32,7.84,success,しかたないですけど、ちょっとね、隣にいる親からしたら、そう思ってしまいますね、自分もそうなってないか心配だし。,success,しかたないですけど、ちょっとね、隣にいる親からしたら、そう思ってしまいますね、自分もそうなってないか心配だし。,True,55,55,0
,027_rcc_13595865_20260714090000_seg_01239,027_rcc_13595865_20260714090000,SPEAKER_00,5896.96,5899.68,2.72,success,ずっと後ろで全然関係ない話されてるとか。,success,だからずっと後ろで全然関係ない話されてるとか。,False,20,23,3
,027_rcc_13595865_20260714090000_seg_01240,027_rcc_13595865_20260714090000,SPEAKER_00,5900.16,5902.56,2.4,success,なんか最近あれね、本当ね、物価高でね。,success,なんか最近あれね、本当ね、物価高でね。,True,19,19,0
,027_rcc_13595865_20260714090000_seg_01241,027_rcc_13595865_20260714090000,SPEAKER_00,5903.36,5908.64,5.28,success,もうすごいなんでも高くなってるよね、あっ、カルビーって、あれ、表だけまたカラーになるらしいねとかって。,success,もうすごい何でも高くなってるよねあっカルビってあれ表だけまたカラーになるらしいねとかって。,False,51,45,-6
,027_rcc_13595865_20260714090000_seg_01242,027_rcc_13595865_20260714090000,SPEAKER_00,5910.24,5913.68,3.44,success,今その話いいだろビデオ。,success,今その話いいだろビデオ。,True,12,12,0
,027_rcc_13595865_20260714090000_seg_01243,027_rcc_13595865_20260714090000,SPEAKER_00,5913.92,5916.88,2.96,success,ビデオに全部お前らの声が入ってるんだけどさみたいな。,success,ビデオに全部お前らの声が入ってんだけどさみたいな。,False,26,25,-1
,027_rcc_13595865_20260714090000_seg_01244,027_rcc_13595865_20260714090000,SPEAKER_01,5917.68,5919.28,1.6,success,そうですね、それでは。,success,そうですねそれではない。,False,11,12,1
,027_rcc_13595865_20260714090000_seg_01245,027_rcc_13595865_20260714090000,SPEAKER_01,5919.84,5920.56,0.72,success,うん。,success,うん。,True,3,3,0
,027_rcc_13595865_20260714090000_seg_01246,027_rcc_13595865_20260714090000,SPEAKER_00,5921.36,5925.68,4.32,success,スーパーマーケットの人ねイノシシ来た時に台車出してくるのやりたかったよねとか。,success,スーパーマーケットの人ねイノシシ来た時に台車出してくるの会いたかったよねとか。,False,39,39,0
,027_rcc_13595865_20260714090000_seg_01247,027_rcc_13595865_20260714090000,SPEAKER_00,5928.24,5928.96,0.72,success,今じゃない。,success,今じゃない。,True,6,6,0
,027_rcc_13595865_20260714090000_seg_01248,027_rcc_13595865_20260714090000,SPEAKER_01,5931.12,5931.84,0.72,success,ビデオにね。,success,ビデオにね。,True,6,6,0
,027_rcc_13595865_20260714090000_seg_01249,027_rcc_13595865_20260714090000,SPEAKER_00,5933.52,5934.32,0.8,success,もうあれだよね。,success,もうあれだよね。,True,8,8,0
,027_rcc_13595865_20260714090000_seg_01250,027_rcc_13595865_20260714090000,SPEAKER_00,5936.0,5939.04,3.04,success,紅白に向けて芸能人も動き始めるよねみたいな。,success,紅白に向けて芸能人も動き始めるよねみたいな。,True,22,22,0
,027_rcc_13595865_20260714090000_seg_01251,027_rcc_13595865_20260714090000,SPEAKER_00,5939.76,5941.52,1.76,success,ラストスパート入るよねとか。,success,ラストスパート入るよねとか。,True,14,14,0
,027_rcc_13595865_20260714090000_seg_01252,027_rcc_13595865_20260714090000,SPEAKER_01,5942.32,5942.96,0.64,success,どうでもいいです。,success,どうでもいいです。,True,9,9,0
,027_rcc_13595865_20260714090000_seg_01253,027_rcc_13595865_20260714090000,SPEAKER_00,5943.92,5944.8,0.88,success,制限されるみたいな。,success,明言されるみたいな。,False,10,10,0
,027_rcc_13595865_20260714090000_seg_01254,027_rcc_13595865_20260714090000,SPEAKER_01,5945.6,5946.16,0.56,success,違います。,success,違います。,True,5,5,0
,027_rcc_13595865_20260714090000_seg_01255,027_rcc_13595865_20260714090000,SPEAKER_00,5947.04,5953.76,6.72,success,橋本ですけれども、妹の陸上大会のときに思っていたこと、それはなんでしょうか?,success,橋本ですけれども妹の陸上大会のときに思っていたことそれは何でしょうか?,False,38,35,-3
,027_rcc_13595865_20260714090000_seg_01256,027_rcc_13595865_20260714090000,SPEAKER_01,5954.32,5954.96,0.64,success,正解は。,success,正解は。,True,4,4,0
,027_rcc_13595865_20260714090000_seg_01257,027_rcc_13595865_20260714090000,SPEAKER_01,5955.92,5959.76,3.84,success,私も放送部の大会とかいろいろあったんですよ。,success,私も放送部の大会とかいろいろあったんですよ。,True,22,22,0
,027_rcc_13595865_20260714090000_seg_01258,027_rcc_13595865_20260714090000,SPEAKER_01,5960.4,5965.36,4.96,success,けど、ほとんど私の時は応援に来てくれなかったな。,success,けどほとんど私の時は応援に来てくれなかったな。,False,24,23,-1
,027_rcc_13595865_20260714090000_seg_01259,027_rcc_13595865_20260714090000,SPEAKER_01,5965.84,5966.88,1.04,success,と思っていた。,success,と思っていた。,True,7,7,0
,027_rcc_13595865_20260714090000_seg_01260,027_rcc_13595865_20260714090000,SPEAKER_01,5967.6,5968.24,0.64,success,正解です。,success,でかいです。,False,5,6,1
,027_rcc_13595865_20260714090000_seg_01261,027_rcc_13595865_20260714090000,SPEAKER_00,5968.72,5970.24,1.52,success,文化系と。,success,まあ文化系と。,False,5,7,2
,027_rcc_13595865_20260714090000_seg_01262,027_rcc_13595865_20260714090000,SPEAKER_00,5970.72,5972.32,1.6,success,体会系の違いでしょうね。,success,体育会系の違いでしょうね。,False,12,13,1
,027_rcc_13595865_20260714090000_seg_01263,027_rcc_13595865_20260714090000,SPEAKER_01,5972.56,5973.92,1.36,success,いわゆる嫉妬心を。,success,まあいわゆる嫉妬心を。,False,9,11,2
,027_rcc_13595865_20260714090000_seg_01264,027_rcc_13595865_20260714090000,SPEAKER_01,5974.4,5975.68,1.28,success,妹に抱いてしまった。,success,妹に抱いてしまった。,True,10,10,0
,027_rcc_13595865_20260714090000_seg_01265,027_rcc_13595865_20260714090000,SPEAKER_00,5975.76,5977.92,2.16,success,千葉放送部、僕は陸上部。,success,自分は放送部僕は陸上部。,False,12,12,0
,027_rcc_13595865_20260714090000_seg_01266,027_rcc_13595865_20260714090000,SPEAKER_00,5978.16,5979.92,1.76,success,自分のときは応援に来なかったけど。,success,自分の時は応援に来なかったけど。,False,17,16,-1
,027_rcc_13595865_20260714090000_seg_01267,027_rcc_13595865_20260714090000,SPEAKER_00,5980.56,5981.84,1.28,success,ときは家族みんなで来た。,success,時は家族みんなで来た。,False,12,11,-1
,027_rcc_13595865_20260714090000_seg_01268,027_rcc_13595865_20260714090000,SPEAKER_01,5982.88,5985.92,3.04,success,ちょっとちっちゃい大会から大きい大会まで。,success,ちょっとちっちゃい大会からおっきい大会まで。,False,21,22,1
,027_rcc_13595865_20260714090000_seg_01269,027_rcc_13595865_20260714090000,SPEAKER_01,5986.16,5987.12,0.96,success,お父さんが。,success,お父さんが。,True,6,6,0
,027_rcc_13595865_20260714090000_seg_01270,027_rcc_13595865_20260714090000,SPEAKER_01,5987.36,5988.4,1.04,success,無常部だったっていう。,success,大丈夫だったっていうのは。,False,11,13,2
,027_rcc_13595865_20260714090000_seg_01271,027_rcc_13595865_20260714090000,SPEAKER_01,5992.0,6004.72,12.72,success,だから陸上にはすごい関心があった家族だったんで妹のときはすごい私も行く?とか言われて謎になんかちょっと見え張っていやちょっと予定あるから行かんとか。,success,そうだから陸上にはすごい関心があった家族だったんで妹の時はすごい私も行く?とか言われて謎に何かちょっと見え張っていやちょっと予定あるから行かんとかって。,False,74,76,2
,027_rcc_13595865_20260714090000_seg_01272,027_rcc_13595865_20260714090000,SPEAKER_01,6005.52,6006.96,1.44,success,行かなかった時もあったり。,success,行かなかった時もあったり。,True,13,13,0
,027_rcc_13595865_20260714090000_seg_01273,027_rcc_13595865_20260714090000,SPEAKER_01,6007.6,6008.88,1.28,success,嫉妬が。,success,嫉妬が。,True,4,4,0
,027_rcc_13595865_20260714090000_seg_01274,027_rcc_13595865_20260714090000,SPEAKER_00,6009.92,6015.28,5.36,success,正解は、妹の部活の応援には行っていたが正解でした。,success,正解は妹の部活の応援には行っていたが正解でした。,False,25,24,-1
,027_rcc_13595865_20260714090000_seg_01275,027_rcc_13595865_20260714090000,SPEAKER_02,6019.6,6020.56,0.96,success,ずばりが2人?,success,ずばりが2人?,True,7,7,0
,027_rcc_13595865_20260714090000_seg_01276,027_rcc_13595865_20260714090000,SPEAKER_02,6021.2,6021.76,0.56,success,いるんだ。,success,ユンだ!,False,5,4,-1
,027_rcc_13595865_20260714090000_seg_01277,027_rcc_13595865_20260714090000,SPEAKER_02,6022.08,6022.72,0.64,success,ということで。,success,ということで。,True,7,7,0
,027_rcc_13595865_20260714090000_seg_01278,027_rcc_13595865_20260714090000,SPEAKER_00,6022.8,6023.6,0.8,success,今んとこぴったりだ。,success,今んとこぴったりだ。,True,10,10,0
,027_rcc_13595865_20260714090000_seg_01279,027_rcc_13595865_20260714090000,SPEAKER_02,6025.6,6035.6,10.0,success,丸美屋食品からのりたま釜飯の素麻婆豆腐の素をはじめとした商品5点詰め合わせをお二人の方にプレゼントします当せん者は番組のエンディングで発表します。,success,丸美屋食品からのりたま釜飯の素麻婆豆腐の素をはじめとした商品5点詰め合わせをお二人の方にプレゼントします当せん者は番組のエンディングで発表します。,True,73,73,0
,027_rcc_13595865_20260714090000_seg_01280,027_rcc_13595865_20260714090000,SPEAKER_00,6035.6,6037.04,1.44,success,今日もたくさん。,success,今日もたくさん。,True,8,8,0
,027_rcc_13595865_20260714090000_seg_01281,027_rcc_13595865_20260714090000,SPEAKER_01,6047.28,6048.08,0.8,success,えっどういうこと?,success,えっどういうこと?,True,9,9,0
,027_rcc_13595865_20260714090000_seg_01282,027_rcc_13595865_20260714090000,SPEAKER_01,6063.52,6064.459814,0.94,success,母と娘のもの。,success,母と娘の物語。,False,7,7,0
,027_rcc_13595865_20260714090000_seg_01283,027_rcc_13595865_20260714090000,SPEAKER_02,6071.84,6072.4,0.56,success,あん時。,success,あん時。,True,4,4,0
,027_rcc_13595865_20260714090000_seg_01284,027_rcc_13595865_20260714090000,SPEAKER_00,6115.92,6118.8,2.88,success,使用上の注意をよく読んで正しくお使いください。,success,使用上の注意をよく読んで正しくお使いください。,True,23,23,0
,027_rcc_13595865_20260714090000_seg_01285,027_rcc_13595865_20260714090000,SPEAKER_01,6122.32,6123.2,0.88,success,しまったな。,success,はい柴田何?,False,6,6,0
,027_rcc_13595865_20260714090000_seg_01286,027_rcc_13595865_20260714090000,SPEAKER_01,6124.16,6128.56,4.4,success,会社との出会いは一期一会プロの皆さんからもお声がけいただいてます。,success,会社との出会いは一期一会プロの皆さんからもお声がけいただいてます。,True,33,33,0
,027_rcc_13595865_20260714090000_seg_01287,027_rcc_13595865_20260714090000,SPEAKER_02,6133.36,6135.44,2.08,success,あの買い取り力入ってる!,success,買い取り力入ってる!,False,12,10,-2
,027_rcc_13595865_20260714090000_seg_01288,027_rcc_13595865_20260714090000,SPEAKER_00,6138.8,6139.819678,1.02,success,新たに紹介。,success,新たに紹介。,True,6,6,0
,027_rcc_13595865_20260714090000_seg_01289,027_rcc_13595865_20260714090000,SPEAKER_02,6180.4,6180.96,0.56,success,おう!,success,あお!,False,3,3,0
,027_rcc_13595865_20260714090000_seg_01290,027_rcc_13595865_20260714090000,SPEAKER_02,6182.24,6184.459814,2.22,success,住まいの夢はワウハウスから。,success,住まいの夢はワウハウスから。,True,14,14,0
,027_rcc_13595865_20260714090000_seg_01291,027_rcc_13595865_20260714090000,SPEAKER_02,6198.16,6199.04,0.88,success,ワオ!,success,わお!,False,3,3,0
,027_rcc_13595865_20260714090000_seg_01292,027_rcc_13595865_20260714090000,SPEAKER_01,6262.96,6264.13999,1.18,success,子どもの送り迎え気をつけてください。,success,子どもの送り迎え気をつけて。,False,18,14,-4
,027_rcc_13595865_20260714090000_seg_01293,027_rcc_13595865_20260714090000,SPEAKER_00,6286.96,6288.13999,1.18,success,おもちゃはありません。,success,おもちゃはありません。,True,11,11,0
,027_rcc_13595865_20260714090000_seg_01294,027_rcc_13595865_20260714090000,SPEAKER_00,6291.76,6294.859717,3.1,success,茂木さんとお電話がつながっています。,success,茂木さんとお電話つながっています。,False,18,17,-1
,027_rcc_13595865_20260714090000_seg_01295,027_rcc_13595865_20260714090000,SPEAKER_03,6296.08,6296.64,0.56,success,お願いします。,success,お願いします。,True,7,7,0
,027_rcc_13595865_20260714090000_seg_01296,027_rcc_13595865_20260714090000,SPEAKER_00,6300.88,6301.579932,0.7,success,出ますか?,success,出ますか?,True,5,5,0
,027_rcc_13595865_20260714090000_seg_01297,027_rcc_13595865_20260714090000,SPEAKER_03,6302.8,6309.52,6.72,success,楽器、カメラやおもちゃのニーゴリユースは、ハイグレード機種やビンテージ品の買い取りに自信があります。,success,スタジオや楽器、カメラやおもちゃのニーゴリユースは、ハイグレード機種やビンテージ品の買い取りに自信があります。,False,50,55,5
,027_rcc_13595865_20260714090000_seg_01298,027_rcc_13595865_20260714090000,SPEAKER_03,6310.0,6319.68,9.68,success,どんなに古くても故障しているものでも専門店のスタッフが商品1点から広島県、山口県、岡山県内のどこへでもお伺いします。,success,どんなに古くても故障しているものでも専門店のスタッフが商品1点から広島県、山口県、岡山県内のどこへでもお伺いします。,True,58,58,0
,027_rcc_13595865_20260714090000_seg_01299,027_rcc_13595865_20260714090000,SPEAKER_02,6319.76,6326.72,6.96,success,どんな状態でも査定に来てくれるのは本当に嬉しいですよね最近はどちらまで出張査定に行きましたか?,success,どんな状態でも査定に来てくれるのは本当に嬉しいですよね最近はどちらまで出張査定に行きましたか?,True,47,47,0
,027_rcc_13595865_20260714090000_seg_01300,027_rcc_13595865_20260714090000,SPEAKER_03,6327.6,6332.32,4.72,success,最近は ?? 日市市でmdコンポやcdプレーヤーなどを撮影してまいりました。,success,最近は ?? 日市市でmdコンポやcdプレーヤーなどを撮影してまいりました。,True,38,38,0
,027_rcc_13595865_20260714090000_seg_01301,027_rcc_13595865_20260714090000,SPEAKER_00,6332.32,6343.52,11.2,success,これエリア内どこでも対応してもらえるのが心強いなと思うんですけどもではではこれまでに買い取りをされたオーディオ楽器カメラの実績をまず教えてください。,success,はいこれエリア内どこでも対応してもらえるのが心強いなと思うんですけどもではではこれまでに買い取りをされたオーディオ楽器カメラの実績をまず教えてください。,False,74,76,2
,027_rcc_13595865_20260714090000_seg_01302,027_rcc_13595865_20260714090000,SPEAKER_03,6344.4,6360.72,16.32,success,本日ご紹介する楽器はフェルマーのアルトサックスマーク7で長い間、愛用していたため全体的に傷やさびなどが見られましたがフェルマーのビンテージサックスは中古市場でも非常に人気なので25万円で買い取りしました。,success,本日ご紹介する楽器はフェルマーのアルトサックスマーク7で長い間、愛用していたため全体的に傷やさびなどが見られましたがフェルマーのビンテージサックスは中古市場でも非常に人気なので25万円で買い取りしました。,True,102,102,0
,027_rcc_13595865_20260714090000_seg_01303,027_rcc_13595865_20260714090000,SPEAKER_01,6360.8,6364.8,4.0,success,うんサックスの売却を考えている方は専門店の2533。,success,うんサックスの売却を考えている方は専門店の2533。,True,26,26,0
,027_rcc_13595865_20260714090000_seg_01304,027_rcc_13595865_20260714090000,SPEAKER_02,6364.8,6369.6,4.8,success,それでは次のご紹介お願いします。,success,プリウスに聞いてみたほうがいいですねそれでは次のご紹介お願いします。,False,16,34,18
,027_rcc_13595865_20260714090000_seg_01305,027_rcc_13595865_20260714090000,SPEAKER_03,6370.32,6381.68,11.36,success,今回はライカのレンジファイダーやキヤノンのデジタル一眼レフ、間宮の10番カメラやレンズなど商品点数33点を査定。,success,続いてはカメラです、今回はライカのレンジファイダーやキヤノンのデジタル一眼レフ、間宮の10番カメラやレンズなど、商品点数33点を査定。,False,56,67,11
,027_rcc_13595865_20260714090000_seg_01306,027_rcc_13595865_20260714090000,SPEAKER_03,6382.16,6394.48,12.32,success,中には電池を入れても動作しない中盤カメラもありましたがリットの三脚とアクセサリー類も1点1点丁寧に査定し総額が41万2600円になりました。,success,中には電池を入れても動作しない中盤カメラもありましたがリットの三脚とアクセサリー類も1点1点丁寧に査定し総額が41万2600円になりました。,True,70,70,0
,027_rcc_13595865_20260714090000_seg_01307,027_rcc_13595865_20260714090000,SPEAKER_02,6395.12,6404.32,9.2,success,古いカメラやアクセサリー類も1点ずつ見てくれるのがnigoのよさですよねそれでは最後の実績のご紹介お願いします。,success,古いカメラやアクセサリー類も1点ずつ見てくれるのがnegoのよさですよねそれでは最後の実績のご紹介お願いします。,False,56,56,0
,027_rcc_13595865_20260714090000_seg_01308,027_rcc_13595865_20260714090000,SPEAKER_03,6405.04,6407.04,2.0,success,最後はオーディオのご紹介です。,success,最後はオーディオのご紹介です。,True,15,15,0
,027_rcc_13595865_20260714090000_seg_01309,027_rcc_13595865_20260714090000,SPEAKER_03,6407.6,6421.68,14.08,success,今回はエクスクルーシブやマッキントッシュのアンプ、ティアックのオープンリールデッキ、マイクロのレコードプレーヤーなど、商品点数40点を総額63万5400円で買い取りしました。,success,今回はエクスクルーシブやマッキントッシュのアンプ、シヤックのオープンリールデッキ、マイクロのレコードプレーヤーなど、商品点数40点を、総額63万5400円で買い取りしました。,False,87,87,0
,027_rcc_13595865_20260714090000_seg_01310,027_rcc_13595865_20260714090000,SPEAKER_02,6421.76,6427.76,6.0,success,商品点数40点で63万円超えオーディオの詳細も教えてください。,success,商品点数40点で63万円超えオーディオの詳細も教えてください。,True,31,31,0
,027_rcc_13595865_20260714090000_seg_01311,027_rcc_13595865_20260714090000,SPEAKER_03,6428.64,6444.32,15.68,success,xqrsibのアンプ、c7はボリュームの不具合で修理が必要な状態でも18万9000円のお値段をお付けしマイクロのレコードプレーヤーは状態のよさを評価して13万2000円で買い取りしました。,success,スクルーシブのアンプc7はボリュームの不具合で修理が必要な状態でも18万9000円のお値段をお付けしマイクロのレコードプレーヤーは状態のよさを評価して13万2000円で買い取りしました。,False,94,93,-1
,027_rcc_13595865_20260714090000_seg_01312,027_rcc_13595865_20260714090000,SPEAKER_03,6446.72,6456.88,10.16,success,中道のカセットデッキなど中古市場でまだまだ人気のオーディオを多数買い取りし総額が63万5400円になりました。,success,中道のカセットデッキなど中古市場でまだまだ人気のオーディオを多数買い取りし総額が63万5400円になりました。,True,55,55,0
,027_rcc_13595865_20260714090000_seg_01313,027_rcc_13595865_20260714090000,SPEAKER_00,6457.12,6464.32,7.2,success,これ壊れていてもどんな状態でも諦める前にまずはニーゴリウスに相談ということですね。,success,うんこれ壊れていてもどんな状態でも諦める前にまずはnegorisに相談ということですね。,False,41,44,3
,027_rcc_13595865_20260714090000_seg_01314,027_rcc_13595865_20260714090000,SPEAKER_03,6464.88,6471.44,6.56,success,ぜひお気軽にご相談ください、もし査定額にご納得できない場合は、お断りいただいて大丈夫です。,success,ぜひお気軽にご相談ください。もし査定額にご納得できない場合はお断りいただいて大丈夫です。,False,45,44,-1
,027_rcc_13595865_20260714090000_seg_01315,027_rcc_13595865_20260714090000,SPEAKER_03,6472.08,6477.76,5.68,success,出張買い取りも店頭買い取りも趣味のアイテム買い取りはイーゴリユースにお任せください。,success,出張買い取りも店頭買い取りも趣味のアイテム買い取りはイーゴリユースにお任せください。,True,42,42,0
,027_rcc_13595865_20260714090000_seg_01316,027_rcc_13595865_20260714090000,SPEAKER_02,6477.84,6501.92,24.08,success,実績や口コミなど気になる情報は公式ホームページをご覧くださいそれでは広島県山口県岡山県内どこでも無料出張査定のお申し込み番号は0120−1212−25−0120−1212−25−120125で覚えてください。,success,買い取り実績や口コミなど気になる情報は公式ホームページをご覧くださいそれでは広島県山口県岡山県内どこでも無料出張査定のお申し込み番号はで覚えてください。,False,104,76,-28
,027_rcc_13595865_20260714090000_seg_01317,027_rcc_13595865_20260714090000,SPEAKER_00,6502.0,6512.16,10.16,success,この時間はオーディオや楽器カメラやおもちゃなど趣味のアイテムを買い取りnegoriusの茂木さんにお話を伺いました茂木さんありがとうございました。,success,はいこの時間はオーディオや楽器カメラやおもちゃなど趣味のアイテムを買い取りnegoriusの茂木さんにお話を伺いました茂木さんありがとうございました。,False,73,75,2
,027_rcc_13595865_20260714090000_seg_01318,027_rcc_13595865_20260714090000,SPEAKER_03,6512.48,6513.44,0.96,success,ありがとうございました。,success,ありがとうございました。,True,12,12,0
,027_rcc_13595865_20260714090000_seg_01319,027_rcc_13595865_20260714090000,SPEAKER_02,6513.68,6514.64,0.96,success,ありがとうございました。,success,ありがとうございました。,True,12,12,0
,027_rcc_13595865_20260714090000_seg_01320,027_rcc_13595865_20260714090000,SPEAKER_02,6534.16,6534.96,0.8,success,現代学。,success,現代学。,True,4,4,0
,027_rcc_13595865_20260714090000_seg_01321,027_rcc_13595865_20260714090000,SPEAKER_00,6541.36,6546.56,5.2,success,さあラジオカー世良公美子ですけどもどこにいるでしょうか?,success,さあラジオカー世良公子ですけどもどこにいるでしょうか?,False,28,27,-1
,027_rcc_13595865_20260714090000_seg_01322,027_rcc_13595865_20260714090000,SPEAKER_02,6547.04,6549.84,2.8,success,横山さん、橋本さん、おはようございます。,success,横山さん、橋本さん、おはようございます。,True,20,20,0
,027_rcc_13595865_20260714090000_seg_01323,027_rcc_13595865_20260714090000,SPEAKER_02,6550.96,6563.92,12.96,success,きょうもいい天気ですね、青空にはもこもことした夏の雲が浮かんでいますよ、そんな中、きょうは神石郡神石高原町由岐にある川角農機本店にやって来ています。,success,きょうもいい天気ですね、青空にはもこもことした夏の雲が浮かんでいますよ、そんな中、きょうは神石郡神石高原町由岐にある川角農機本店にやって来ています。,True,74,74,0
,027_rcc_13595865_20260714090000_seg_01324,027_rcc_13595865_20260714090000,SPEAKER_02,6564.4,6581.76,17.36,success,川勝農機さんは農業機械販売で40年以上地元に根づいているんです、きょうは最新の芝刈り機、サンシーカーを広島県内で販売するということで、川角農機、前原隆さんに詳しくお話を伺っていきます。,success,川角農機さんは農業機械販売で40年以上地元に根づいているんですきょうは最新の芝刈り機サンシーカーを広島県内で販売するということで川角農機、前原隆さんに詳しくお話を伺っていきます。,False,92,89,-3
,027_rcc_13595865_20260714090000_seg_01325,027_rcc_13595865_20260714090000,SPEAKER_00,6581.84,6582.4,0.56,success,お願いします。,success,お願いします。,True,7,7,0
,027_rcc_13595865_20260714090000_seg_01326,027_rcc_13595865_20260714090000,SPEAKER_01,6583.44,6585.44,2.0,success,さみしい顔ですか?,success,さみしい顔ですか?,True,9,9,0
,027_rcc_13595865_20260714090000_seg_01327,027_rcc_13595865_20260714090000,SPEAKER_01,6586.64,6591.6,4.96,success,すごい、見た目もかっこいいんですけど、このロボット芝刈り機、どんなことができるんですか。,success,すごい見た目もかっこいいんですけどこのロボット芝刈り機どんなことができるんですか?,False,44,41,-3
,027_rcc_13595865_20260714090000_seg_01328,027_rcc_13595865_20260714090000,SPEAKER_01,6592.08,6594.48,2.4,success,まずは実際にどう動くか見てみます?,success,まずは実際にどう動くか見てみます?,True,17,17,0
,027_rcc_13595865_20260714090000_seg_01329,027_rcc_13595865_20260714090000,SPEAKER_01,6595.2,6596.64,1.44,success,いいんですか、見たいです。,success,いいんですか、見たいです。,True,13,13,0
,027_rcc_13595865_20260714090000_seg_01330,027_rcc_13595865_20260714090000,SPEAKER_01,6597.36,6599.92,2.56,success,はいお願いします。,success,じゃあ動かしてみます。,False,9,11,2
,027_rcc_13595865_20260714090000_seg_01331,027_rcc_13595865_20260714090000,SPEAKER_01,6602.0,6609.04,7.04,success,すごい、お掃除ロボットみたいで、すごい愛着も湧きそうですし、見た目もコンパクトで、すごいかっこいいですよね。,success,すごいお掃除ロボットみたいですごい愛着も湧きそうですし見た目もコンパクトですごいかっこいいですよね。,False,54,50,-4
,027_rcc_13595865_20260714090000_seg_01332,027_rcc_13595865_20260714090000,SPEAKER_02,6618.4,6619.12,0.72,success,生でしばかり。,success,今までしば刈りに。,False,7,9,2
,027_rcc_13595865_20260714090000_seg_01333,027_rcc_13595865_20260714090000,SPEAKER_02,6622.08,6624.56,2.48,success,このさんしいかどういった特徴がありますか。,success,このさんしいかどういった特徴がありますか?,False,21,21,0
,027_rcc_13595865_20260714090000_seg_01334,027_rcc_13595865_20260714090000,SPEAKER_02,6636.8,6638.56,1.76,success,設定が可能となります。,success,設定が可能となります。,True,11,11,0
,027_rcc_13595865_20260714090000_seg_01335,027_rcc_13595865_20260714090000,SPEAKER_02,6639.44,6643.28,3.84,success,2つ目の特徴は、高精度なワイヤレスマッピングです。,success,2つ目の特徴は高精度なワイヤレスマッピングです。,False,25,24,-1
,027_rcc_13595865_20260714090000_seg_01336,027_rcc_13595865_20260714090000,SPEAKER_02,6644.0,6650.16,6.16,success,作業エリアに沿って芝刈り機を1周させることで作業エリアを認識します。,success,作業エリアに沿って芝刈り機を1周させることで作業エリアを認識します。,True,34,34,0
,027_rcc_13595865_20260714090000_seg_01337,027_rcc_13595865_20260714090000,SPEAKER_02,6651.2,6652.48,1.28,success,3つ目の特徴は。,success,3つ目の特徴は。,True,8,8,0
,027_rcc_13595865_20260714090000_seg_01338,027_rcc_13595865_20260714090000,SPEAKER_02,6652.8,6654.16,1.36,success,ロボットという点です。,success,ロボットという点です。,True,11,11,0
,027_rcc_13595865_20260714090000_seg_01339,027_rcc_13595865_20260714090000,SPEAKER_02,6655.04,6656.24,1.2,success,事故、けがのリスク。,success,事故けがのリスク。,False,10,9,-1
,027_rcc_13595865_20260714090000_seg_01340,027_rcc_13595865_20260714090000,SPEAKER_02,6656.56,6668.88,12.32,success,を大きく減らせますし人件費を抑えられますこのコンパクトな見た目の中にこれだけの特徴が入っているのはすごいですよね、ちなみにたくさんメリットありましたが注意点はありますか。,success,を大きく減らせますし人件費を抑えられますこのコンパクトな見た目の中にこれだけの特徴が入っているのはすごいですよね、ちなみにたくさんメリットありましたが注意点はありますか。,True,85,85,0
,027_rcc_13595865_20260714090000_seg_01341,027_rcc_13595865_20260714090000,SPEAKER_00,6673.44,6675.04,1.6,success,一定の電波が受信できる環境。,success,一定の電波が受信できる環境。,True,14,14,0
,027_rcc_13595865_20260714090000_seg_01342,027_rcc_13595865_20260714090000,SPEAKER_00,6677.6,6678.16,0.56,success,必要になること。,success,勉強になることです。,False,8,10,2
,027_rcc_13595865_20260714090000_seg_01343,027_rcc_13595865_20260714090000,SPEAKER_02,6678.48,6690.32,11.84,success,川角農機さんでは最新のロボット芝刈り機、3c管がさまざまな分野で活用できると考えられていますが、具体的にどういった場所で活躍できそうですか。,success,なるほど、川角農機さんでは最新のロボット芝刈り機、3c管がさまざまな分野で活用できると考えられていますよね、具体的にどういった場所で活躍できそうですか。,False,70,76,6
,027_rcc_13595865_20260714090000_seg_01344,027_rcc_13595865_20260714090000,SPEAKER_00,6690.96,6693.68,2.72,success,さまざまな場所でのご利用を期待しています。,success,さまざまな場所でのご利用を期待しています。,True,21,21,0
,027_rcc_13595865_20260714090000_seg_01345,027_rcc_13595865_20260714090000,SPEAKER_00,6694.8,6698.08,3.28,success,果樹園さんのご利用は非常にお勧めです。,success,果樹園さんのご利用は非常にお勧めです。,True,19,19,0
,027_rcc_13595865_20260714090000_seg_01346,027_rcc_13595865_20260714090000,SPEAKER_00,6698.8,6701.28,2.48,success,そのほかでは、学校や公園。,success,そのほかでは学校や公園。,False,13,12,-1
,027_rcc_13595865_20260714090000_seg_01347,027_rcc_13595865_20260714090000,SPEAKER_00,6702.08,6709.44,7.36,success,会社や工場の緑地管理など、もちろん、お庭や別荘の管理にもご利用いただけると思います。,success,会社や工場の緑地管理など、もちろん、お庭や別荘の管理にもご利用いただけると思います。,True,42,42,0
,027_rcc_13595865_20260714090000_seg_01348,027_rcc_13595865_20260714090000,SPEAKER_02,6710.48,6718.32,7.84,success,コンパクトで音も静かなのでさまざまな施設になじみそうですよね、進化した芝刈り機がいろんなところで活躍しているのが見たいですね。,success,コンパクトで音も静かなのでさまざまな施設になじみそうですよね進化した芝刈り機がいろんなところで活躍しているのが見たいですね。,False,63,62,-1
,027_rcc_13595865_20260714090000_seg_01349,027_rcc_13595865_20260714090000,SPEAKER_01,6719.28,6720.16,0.88,success,ありがとうございます。,success,ありがとうございます。,True,11,11,0
,027_rcc_13595865_20260714090000_seg_01350,027_rcc_13595865_20260714090000,SPEAKER_01,6721.12,6726.32,5.2,success,設定なども弊社、専門スタッフが伺って、設定をさせていただきます。,success,設定なども弊社専門スタッフが伺って設定をさせていただきます。,False,32,30,-2
,027_rcc_13595865_20260714090000_seg_01351,027_rcc_13595865_20260714090000,SPEAKER_02,6726.4,6741.76,15.36,success,気になるお問い合わせ先をご案内します電話番号0120−82−230−0120−82−2302−川拡農機までご連絡ください前原さんありがとうございました。,success,はい気になるお問い合わせ先をご案内します電話番号0120−82−230−0120−82−2302−川獲納期までご連絡ください前原さんありがとうございました。,False,76,78,2
,027_rcc_13595865_20260714090000_seg_01352,027_rcc_13595865_20260714090000,SPEAKER_01,6741.84,6742.64,0.8,success,ありがとうございました。,success,ありがとうございました。,True,12,12,0
,027_rcc_13595865_20260714090000_seg_01353,027_rcc_13595865_20260714090000,SPEAKER_02,6742.64,6744.32,1.68,success,こちらからは以上です。,success,こちらからは以上です。,True,11,11,0
,027_rcc_13595865_20260714090000_seg_01354,027_rcc_13595865_20260714090000,SPEAKER_00,6747.44,6752.08,4.64,success,前原さんの三四化愛が。,success,前原さんの三四化愛が。,True,11,11,0
,027_rcc_13595865_20260714090000_seg_01355,027_rcc_13595865_20260714090000,SPEAKER_01,6752.16,6752.88,0.72,success,ええ。,success,ああすいません。,False,3,8,5
,027_rcc_13595865_20260714090000_seg_01356,027_rcc_13595865_20260714090000,SPEAKER_00,6752.88,6753.76,0.88,success,変わったよね。,success,だってよね?,False,7,6,-1
,027_rcc_13595865_20260714090000_seg_01357,027_rcc_13595865_20260714090000,SPEAKER_01,6753.84,6755.28,1.44,success,伝わりました、すごく。,success,伝わりました、すごく。,True,11,11,0
,027_rcc_13595865_20260714090000_seg_01358,027_rcc_13595865_20260714090000,SPEAKER_01,6756.08,6757.12,1.04,success,破棄されてて。,success,破棄されてて。,True,7,7,0
,027_rcc_13595865_20260714090000_seg_01359,027_rcc_13595865_20260714090000,SPEAKER_00,6757.44,6762.72,5.28,success,江良さんってそもそもかっちりしゃべる人だと思ってるけど前田さんの方が全然かっちそう。,success,世良さんってそもそもかっちりしゃべる人だと思ってるけど前田さんのほうが全然かっちそう。,False,42,43,1
,027_rcc_13595865_20260714090000_seg_01360,027_rcc_13595865_20260714090000,SPEAKER_01,6765.04,6766.08,1.04,success,ちょっと負けてましたかね。,success,ちょっと負けてましたかね。,True,13,13,0
,027_rcc_13595865_20260714090000_seg_01361,027_rcc_13595865_20260714090000,SPEAKER_00,6766.16,6776.779639,10.62,success,いやいやぜひぜひ最新のロボット芝刈り機3cカー気になる方はお問い合わせしていただければと思いますラジオカーは世良公美子でした。,success,ええいやいやぜひぜひ最新のロボット芝刈り機3cカー気になる方はお問い合わせしていただければと思いますラジオカーは世良公美子でした。,False,63,65,2
,027_rcc_13595865_20260714090000_seg_01362,027_rcc_13595865_20260714090000,SPEAKER_00,6794.32,6795.979834,1.66,success,未来を走り続ける星か。,success,日本の未来を走り続ける星??。,False,11,15,4
,027_rcc_13595865_20260714090000_seg_01363,027_rcc_13595865_20260714090000,SPEAKER_02,6821.28,6821.899756,0.62,success,日本道路交通法。,success,日本道路交通。,False,8,7,-1
,027_rcc_13595865_20260714090000_seg_01364,027_rcc_13595865_20260714090000,SPEAKER_02,6823.12,6825.04,1.92,success,上野さん、お願いします。,success,上野さんお願いします。,False,12,11,-1
,027_rcc_13595865_20260714090000_seg_01365,027_rcc_13595865_20260714090000,SPEAKER_01,6825.12,6826.0,0.88,success,お伝えします。,success,お伝えします。,True,7,7,0
,027_rcc_13595865_20260714090000_seg_01366,027_rcc_13595865_20260714090000,SPEAKER_01,6826.48,6827.2,0.72,success,広島県内。,success,広島県内。,True,5,5,0
,027_rcc_13595865_20260714090000_seg_01367,027_rcc_13595865_20260714090000,SPEAKER_02,6827.2,6830.059912,2.86,success,都内の山陽道が故障車のため渋滞しています。,success,都内の山陽道が故障車のため渋滞しています。,True,21,21,0
,027_rcc_13595865_20260714090000_seg_01368,027_rcc_13595865_20260714090000,SPEAKER_02,6831.28,6842.64,11.36,success,山陽道は岡山方面に向かう上りの志波インターの先に大型トラックが故障して止まっているため走行車線が規制されていて1km半渋滞しています。,success,山陽道は岡山方面に向かう上りの紫波インターの先に大型トラックが故障して止まっているため走行車線が規制されていて1km半渋滞しています。,False,67,67,0
,027_rcc_13595865_20260714090000_seg_01369,027_rcc_13595865_20260714090000,SPEAKER_02,6844.0,6846.48,2.48,success,広島高速道路に渋滞はありません。,success,広島高速道路に渋滞はありません。,True,16,16,0
,027_rcc_13595865_20260714090000_seg_01370,027_rcc_13595865_20260714090000,SPEAKER_02,6848.08,6849.76,1.68,success,2号線の主な渋滞です。,success,2号線の主な渋滞です。,True,11,11,0
,027_rcc_13595865_20260714090000_seg_01371,027_rcc_13595865_20260714090000,SPEAKER_02,6850.4,6856.459814,6.06,success,国道2号線は岡山方面に向かう上りが大竹市の緑橋東詰で1往復。,success,国道2号線は岡山方面に向かう上りが大竹市の緑橋東詰で1km。,False,30,30,0
,027_rcc_13595865_20260714090000_seg_01372,027_rcc_13595865_20260714090000,SPEAKER_02,6858.16,6859.819678,1.66,success,近くの国対寺交差点で2時間。,success,近くの国大寺交差点で23歳。,False,14,14,0
,027_rcc_13595865_20260714090000_seg_01373,027_rcc_13595865_20260714090000,SPEAKER_02,6861.52,6865.099951,3.58,success,反対の下りは広島市中区の船入本町を先頭にします。,success,反対の下りは広島市中区の船入本町を先頭に。,False,24,21,-3
,027_rcc_13595865_20260714090000_seg_01374,027_rcc_13595865_20260714090000,SPEAKER_02,6866.32,6867.499854,1.18,success,敵に1キロ重点。,success,的に1キロ充電。,False,8,8,0
,027_rcc_13595865_20260714090000_seg_01375,027_rcc_13595865_20260714090000,SPEAKER_02,6885.6,6886.48,0.88,success,マシマシさん。,success,マシマシさん。,True,7,7,0
,027_rcc_13595865_20260714090000_seg_01376,027_rcc_13595865_20260714090000,SPEAKER_02,6886.8,6890.72,3.92,success,今朝、小鼻の横に少し大きな吹き出物ができてしまいました。,success,今朝小鼻の横に少し大きな吹き出物ができてしまいました。,False,28,27,-1
,027_rcc_13595865_20260714090000_seg_01377,027_rcc_13595865_20260714090000,SPEAKER_02,6890.96,6893.68,2.72,success,美のカリスマ横山さんアドバイスをお願いします。,success,美のカリスマ横山さんアドバイスをお願いします。,True,23,23,0
,027_rcc_13595865_20260714090000_seg_01378,027_rcc_13595865_20260714090000,SPEAKER_00,6894.56,6895.36,0.8,success,俺がいいんでしょ?,success,オールナインでしょ?,False,9,10,1
,027_rcc_13595865_20260714090000_seg_01379,027_rcc_13595865_20260714090000,SPEAKER_02,6896.4,6897.2,0.8,success,オロナイン。,success,おろないん?,False,6,6,0
,027_rcc_13595865_20260714090000_seg_01380,027_rcc_13595865_20260714090000,SPEAKER_00,6898.48,6899.28,0.8,success,皮膚科でしょ。,success,皮膚科でしょ?,False,7,7,0
,027_rcc_13595865_20260714090000_seg_01381,027_rcc_13595865_20260714090000,SPEAKER_02,6901.04,6902.64,1.6,success,中国新聞ニュース。,success,中国新聞ニュース。,True,9,9,0
,027_rcc_13595865_20260714090000_seg_01382,027_rcc_13595865_20260714090000,SPEAKER_02,6904.48,6907.44,2.96,success,長谷工グループの提供でお送りします。,success,長谷工グループの提供でお送りします。,True,18,18,0
,027_rcc_13595865_20260714090000_seg_01383,027_rcc_13595865_20260714090000,SPEAKER_02,6910.96,6919.12,8.16,success,政府の中央防災会議は今日、国や自治体の災害対応の柱となる防災基本計画を改定しました。,success,政府の中央防災会議は今日国や自治体の災害対応の柱となる防災基本計画を改定しました。,False,42,41,-1
,027_rcc_13595865_20260714090000_seg_01384,027_rcc_13595865_20260714090000,SPEAKER_02,6920.4,6927.68,7.28,success,津波や洪水などの際に住民が一時的に身を寄せる指定緊急避難場所を設ける自治体に対し。,success,津波や洪水などの際に住民が一時的に身を寄せる指定緊急避難場所を設ける自治体に対し。,True,41,41,0
,027_rcc_13595865_20260714090000_seg_01385,027_rcc_13595865_20260714090000,SPEAKER_02,6928.24,6936.4,8.16,success,夏の熱中症対策や冬の寒さ対策として日よけテントや冷却剤防寒具などを備蓄するよう促しました。,success,夏の熱中症対策や冬の寒さ対策として日よけテントや冷却材防寒具などを備蓄するよう促しました。,False,45,45,0
,027_rcc_13595865_20260714090000_seg_01386,027_rcc_13595865_20260714090000,SPEAKER_02,6937.36,6941.6,4.24,success,避難場所は高台にある公園など屋外にあるケースが多く。,success,避難場所は高台にある公園など屋外にあるケースが多く。,True,26,26,0
,027_rcc_13595865_20260714090000_seg_01387,027_rcc_13595865_20260714090000,SPEAKER_02,6942.24,6954.72,12.48,success,去年7月に起きたロシアカムチャツカ半島付近の地震や12月の青森県沖の地震では避難場所に集まった住民らの暑さ対策や寒さ対策が課題となりました。,success,去年7月に起きたロシアカムチャツカ半島付近の地震や12月の青森県沖の地震では避難場所に集まった住民らの暑さ対策や寒さ対策が課題となりました。,True,70,70,0
,027_rcc_13595865_20260714090000_seg_01388,027_rcc_13595865_20260714090000,SPEAKER_02,6955.84,6966.88,11.04,success,また、岩手県などで相次いだ大規模な山林火災を踏まえ、市町村が住民の避難誘導を行う際には、津波などとの複合災害も考慮するとしました。,success,また、岩手県などで相次いだ大規模な山林火災を踏まえ市町村が住民の避難誘導を行う際には津波などとの複合災害も考慮するとしました。,False,65,63,-2
,027_rcc_13595865_20260714090000_seg_01389,027_rcc_13595865_20260714090000,SPEAKER_02,6970.56,6979.84,9.28,success,共働き家庭などの小学生を預かる放課後児童クラブいわゆる学童保育を定員超過などで利用できなかった待機児童は。,success,共働き家庭などの小学生を預かる放課後児童クラブいわゆる学童保育を定員超過などで利用できなかった待機児童は。,True,53,53,0
,027_rcc_13595865_20260714090000_seg_01390,027_rcc_13595865_20260714090000,SPEAKER_02,6980.48,6988.56,8.08,success,ことし5月1日時点の速報値で、373市区町村の合わせて1万4713人でした。,success,今年5月1日時点の速報値で373市区町村の合わせて1万4713人でした。,False,38,36,-2
,027_rcc_13595865_20260714090000_seg_01391,027_rcc_13595865_20260714090000,SPEAKER_02,6989.84,6996.32,6.48,success,こども家庭庁が今日発表したもので待機児童は去年より1617人減りました。,success,こども家庭庁が今日発表したもので待機児童は去年より1617人減りました。,True,36,36,0
,027_rcc_13595865_20260714090000_seg_01392,027_rcc_13595865_20260714090000,SPEAKER_02,6997.68,7007.04,9.36,success,市区町村別の待機児童の数が初めて公表され、最も多かったのは兵庫県尼崎市の575人でした。,success,今年は市区町村別の待機児童の数が初めて公表され最も多かったのは兵庫県尼崎市の575人でした。,False,44,46,2
,027_rcc_13595865_20260714090000_seg_01393,027_rcc_13595865_20260714090000,SPEAKER_02,7008.32,7018.32,10.0,success,また、全国で利用する児童の数は3万1392人増えて160万2037人に上り、過去最多を更新しました。,success,また、全国で利用する児童の数は3万1392人増えて160万2037人に上り過去最多を更新しました。,False,50,49,-1
,027_rcc_13595865_20260714090000_seg_01394,027_rcc_13595865_20260714090000,SPEAKER_02,7019.68,7032.8,13.12,success,こども家庭庁の担当者は正規雇用で働く女性が増加し首都圏や地方の都市部を中心に学童保育の需要は高く利用する児童は当面増加すると分析しています。,success,こども家庭庁の担当者は正規雇用で働く女性が増加し首都圏や地方の都市部を中心に学童保育の需要は高く利用する児童は当面増加すると分析しています。,True,70,70,0
,027_rcc_13595865_20260714090000_seg_01395,027_rcc_13595865_20260714090000,SPEAKER_02,7036.48,7044.96,8.48,success,電力ネットワークは来年度までの送配電網の利用料に当たる託送料金について見直しの検討を始めました。,success,中国電力ネットワークは来年度までの送配電網の利用料に当たる託送料金について見直しの検討を始めました。,False,48,50,2
,027_rcc_13595865_20260714090000_seg_01396,027_rcc_13595865_20260714090000,SPEAKER_02,7046.24,7053.28,7.04,success,送配電事業者が事業計画と5年間の収入上限を作って国が承認する制度に基づき。,success,送配電事業者が事業計画と5年間の収入上限を作って国が承認する制度に基づき。,True,37,37,0
,027_rcc_13595865_20260714090000_seg_01397,027_rcc_13595865_20260714090000,SPEAKER_02,7053.92,7058.56,4.64,success,電力需要の落ち込みによる料金収入の減少分を反映させます。,success,電力需要の落ち込みによる料金収入の減少分を反映させます。,True,28,28,0
,027_rcc_13595865_20260714090000_seg_01398,027_rcc_13595865_20260714090000,SPEAKER_02,7059.84,7064.64,4.8,success,料金の見直しで電気料金の上昇につながる可能性があります。,success,託送料金の見直しで電気料金の上昇につながる可能性があります。,False,28,30,2
,027_rcc_13595865_20260714090000_seg_01399,027_rcc_13595865_20260714090000,SPEAKER_02,7066.16,7080.8,14.64,success,ネットワークによりますと、2023年度から昨年度までの中国地方の電力需要は536億キロワット値と、2022年度時点の想定を5%から6%下回りました。,success,中電ネットワークによりますと2023年度から昨年度までの中国地方の電力需要は536億キロワット値と2022年度時点の想定を5%から6%下回りました。,False,74,74,0
,027_rcc_13595865_20260714090000_seg_01400,027_rcc_13595865_20260714090000,SPEAKER_02,7082.16,7089.44,7.28,success,人口減少や省エネの進行電力消費の多い素材型産業の生産停滞などが要因です。,success,人口減少や省エネの進行電力消費の多い素材型産業の生産停滞などが要因です。,True,36,36,0
,027_rcc_13595865_20260714090000_seg_01401,027_rcc_13595865_20260714090000,SPEAKER_02,7091.76,7096.96,5.2,success,11時前の中国新聞ニュースをお伝えしました。,success,11時前の中国新聞ニュースをお伝えしました。,True,22,22,0
,027_rcc_13595865_20260714090000_seg_01402,027_rcc_13595865_20260714090000,SPEAKER_00,7100.16,7102.4,2.24,success,なあブランシエラって何?,success,なあブランシエラって何?,True,12,12,0
,027_rcc_13595865_20260714090000_seg_01403,027_rcc_13595865_20260714090000,SPEAKER_02,7102.64,7104.08,1.44,success,長谷工のマンションよ。,success,長谷工のマンションよ。,True,11,11,0
,027_rcc_13595865_20260714090000_seg_01404,027_rcc_13595865_20260714090000,SPEAKER_00,7105.04,7108.88,3.84,success,マンションのことならはせこのはせこう?,success,マンションのことならはせこのはせこう?,True,19,19,0
,027_rcc_13595865_20260714090000_seg_01405,027_rcc_13595865_20260714090000,SPEAKER_02,7108.88,7109.899756,1.02,success,というか。,success,というか。,True,5,5,0
,027_rcc_13595865_20260714090000_seg_01406,027_rcc_13595865_20260714090000,SPEAKER_02,7114.48,7115.2,0.72,success,お長谷工。,success,おっ長谷工。,False,5,6,1
,027_rcc_13595865_20260714090000_seg_01407,027_rcc_13595865_20260714090000,SPEAKER_00,7115.68,7117.12,1.44,success,なんかゴージャスだな。,success,なんかゴージャスだな。,True,11,11,0
,027_rcc_13595865_20260714090000_seg_01408,027_rcc_13595865_20260714090000,SPEAKER_00,7117.76,7119.92,2.16,success,アセコのマンションブランシエラ。,success,アセコーのマンションブランシエラ。,False,16,17,1
,027_rcc_13595865_20260714090000_seg_01409,027_rcc_13595865_20260714090000,SPEAKER_02,7121.2,7122.8,1.6,success,中国新聞ニュース。,success,中国新聞ニュース。,True,9,9,0
,027_rcc_13595865_20260714090000_seg_01410,027_rcc_13595865_20260714090000,SPEAKER_02,7124.48,7127.52,3.04,success,アセコーグループの提供でお送りしました。,success,アセコーグループの提供でお送りしました。,True,20,20,0
,027_rcc_13595865_20260714090000_seg_01411,027_rcc_13595865_20260714090000,SPEAKER_02,7132.179834,7133.419775,1.24,success,何で?,success,何で?,True,3,3,0
,027_rcc_13595865_20260714090000_seg_01412,027_rcc_13595865_20260714090000,SPEAKER_02,7135.12,7138.219824,3.1,success,揺れてないのにまっすぐ歩けない!,success,不思議揺れてないのにまっすぐ歩けない!,False,16,19,3
,027_rcc_13595865_20260714090000_seg_01413,027_rcc_13595865_20260714090000,SPEAKER_02,7142.8,7143.499854,0.7,success,知の笑う作品。,success,知の笑う作品。,True,7,7,0
,027_rcc_13595865_20260714090000_seg_01414,027_rcc_13595865_20260714090000,SPEAKER_02,7144.72,7146.859717,2.14,success,未来に学ぶ不思議な研究所魅力の。,success,本人と学ぶ不思議な研究所弥 ?? の魅力。,False,16,21,5
,027_rcc_13595865_20260714090000_seg_01415,027_rcc_13595865_20260714090000,SPEAKER_02,7148.08,7148.779639,0.7,success,17日から開催。,success,1日から開催中。,False,8,8,0
,027_rcc_13595865_20260714090000_seg_01416,027_rcc_13595865_20260714090000,SPEAKER_02,7155.699854,7156.459814,0.76,success,7月7日から。,success,4月7日から。,False,7,7,0
,027_rcc_13595865_20260714090000_seg_01417,027_rcc_13595865_20260714090000,SPEAKER_02,7167.76,7168.939795,1.18,success,rcc事業部門。,success,rcc事業部門。,True,8,8,0
,027_rcc_13595865_20260714090000_seg_01418,027_rcc_13595865_20260714090000,SPEAKER_00,7186.96,7189.52,2.56,success,家族元気じゃけんいきいきプロジェクト。,success,家族元気じゃけんいきいきプロジェクト!,False,19,19,0
,027_rcc_13595865_20260714090000_seg_01419,027_rcc_13595865_20260714090000,SPEAKER_02,7190.24,7199.2,8.96,success,チチヤスのヨーグルトは安全安心おいしい健康をお届けチッチッチチアス11時です。,success,チチヤスのヨーグルトは安全安心おいしい健康をお届けチッチッチチアス11時です。,True,39,39,0
,027_rcc_13595865_20260714090000_seg_01420,027_rcc_13595865_20260714090000,SPEAKER_00,7210.48,7211.180029,0.7,success,宴会スペシャル。,success,宴会スペシャル。,True,8,8,0
,027_rcc_13595865_20260714090000_seg_01421,027_rcc_13595865_20260714090000,SPEAKER_00,7213.36,7217.419775,4.06,success,もう番組を支えてくれるリスナーの皆さんに感謝しかないと思います。,success,もう番組を支えてくれるリスナーの皆さんに感謝しかないです。,False,32,29,-3
,027_rcc_13595865_20260714090000_seg_01422,027_rcc_13595865_20260714090000,SPEAKER_02,7224.88,7225.579932,0.7,success,さんに会いに。,success,ファンに会いに。,False,7,8,1
,027_rcc_13595865_20260714090000_seg_01423,027_rcc_13595865_20260714090000,SPEAKER_00,7227.28,7232.299658,5.02,success,えどこに行くのかな横山詣をやっているあの場所に行くの?,success,えどこに行くのかな横山詣をやっているあの場所に行くの?,True,27,27,0
,027_rcc_13595865_20260714090000_seg_01424,027_rcc_13595865_20260714090000,SPEAKER_00,7233.84,7238.4,4.56,success,もしかしてアディアさんがいつも飲んでいるあのお店かな?,success,あっもしかしてアディアさんがいつも飲んでいるあのお店かな?,False,27,29,2
,027_rcc_13595865_20260714090000_seg_01425,027_rcc_13595865_20260714090000,SPEAKER_01,7238.48,7240.72,2.24,success,出るアニヤさんは見せたくないですね。,success,テルアニヤさんは見せたくないですね。,False,18,18,0
,027_rcc_13595865_20260714090000_seg_01426,027_rcc_13595865_20260714090000,SPEAKER_00,7240.8,7241.419775,0.62,success,まさかじゃあ。,success,まさかじゃん!,False,7,7,0
,027_rcc_13595865_20260714090000_seg_01427,027_rcc_13595865_20260714090000,SPEAKER_00,7243.059717,7243.819678,0.76,success,家にレッスン。,success,家にレスキュー!,False,7,8,1
,027_rcc_13595865_20260714090000_seg_01428,027_rcc_13595865_20260714090000,SPEAKER_00,7245.04,7245.92,0.88,success,集合!,success,集合!,True,3,3,0
,027_rcc_13595865_20260714090000_seg_01429,027_rcc_13595865_20260714090000,SPEAKER_01,7246.24,7249.44,3.2,success,中継のスケジュールは後日発表!,success,中継のスケジュールは後日発表!,True,15,15,0
,027_rcc_13595865_20260714090000_seg_01430,027_rcc_13595865_20260714090000,SPEAKER_00,7249.52,7255.339697,5.82,success,7月24日金曜日朝9時からお昼3時まで6時間の生放送です。,success,7月24日金曜日朝9時からお昼3時まで6時間の生放送です。,True,29,29,0
,027_rcc_13595865_20260714090000_seg_01431,027_rcc_13595865_20260714090000,SPEAKER_02,7264.8,7267.68,2.88,success,時刻は11時を回りました、午前様様。,success,時刻は11時を回りました。,False,18,13,-5
,027_rcc_13595865_20260714090000_seg_01432,027_rcc_13595865_20260714090000,SPEAKER_02,7267.92,7268.72,0.8,success,曜日です。,success,曜日です。,True,5,5,0
,027_rcc_13595865_20260714090000_seg_01433,027_rcc_13595865_20260714090000,SPEAKER_01,7269.68,7272.0,2.32,success,それにしても暑いですね。,success,それにしても暑いですね。,True,12,12,0
,027_rcc_13595865_20260714090000_seg_01434,027_rcc_13595865_20260714090000,SPEAKER_01,7273.44,7274.0,0.56,success,みんな。,success,もうみんな。,False,4,6,2
,027_rcc_13595865_20260714090000_seg_01435,027_rcc_13595865_20260714090000,SPEAKER_01,7275.36,7280.24,4.88,success,夏いですねって、なんかひと言目あったときとかに言ってる気がするくらい。,success,夏いですねってなんかひと言目あった時とかに言ってる気がするくらい。,False,35,33,-2
,027_rcc_13595865_20260714090000_seg_01436,027_rcc_13595865_20260714090000,SPEAKER_01,7281.68,7283.12,1.44,success,定型文みたいになってますね。,success,定型文みたいになってますね。,True,14,14,0
,027_rcc_13595865_20260714090000_seg_01437,027_rcc_13595865_20260714090000,SPEAKER_01,7283.84,7290.64,6.8,success,本当、雲が夏の雲に変わって、もうなんか気候が一気に変わりましたよね、梅雨明け、もわーんとして。,success,本当、雲が夏の雲に変わって、もうなんか気候が一気に変わりましたよね、梅雨明け、もわーんとして。,True,47,47,0
,027_rcc_13595865_20260714090000_seg_01438,027_rcc_13595865_20260714090000,SPEAKER_01,7291.12,7292.4,1.28,success,湿度も高いし。,success,湿度も高いし。,True,7,7,0
,027_rcc_13595865_20260714090000_seg_01439,027_rcc_13595865_20260714090000,SPEAKER_01,7292.96,7300.88,7.92,success,気温も高いし、本当、いろいろ暑さに対する備えみたいなのを皆さんされているんですね、メッセージ届いてますので。,success,気温も高いし、本当、いろいろ暑さに対する備えみたいなのを皆さんされているんですね、メッセージ届いてますので。,True,54,54,0
,027_rcc_13595865_20260714090000_seg_01440,027_rcc_13595865_20260714090000,SPEAKER_01,7302.4,7303.44,1.04,success,えぷよぷよ!,success,ぷよぷよ!,False,6,5,-1
,027_rcc_13595865_20260714090000_seg_01441,027_rcc_13595865_20260714090000,SPEAKER_01,7304.88,7307.28,2.4,success,聞き飽きたでしょうが暑いですね。,success,聞き飽きたでしょうが熱いですね。,False,16,16,0
,027_rcc_13595865_20260714090000_seg_01442,027_rcc_13595865_20260714090000,SPEAKER_01,7308.32,7315.84,7.52,success,暗いのに目が覚めてなんで?と思った瞬間背中が蒸れていることに気付きました。,success,昨晩暗いのに目が覚めてなんで?と思った瞬間背中が蒸れていることに気付きました。,False,37,39,2
,027_rcc_13595865_20260714090000_seg_01443,027_rcc_13595865_20260714090000,SPEAKER_02,7316.8,7336.24,19.44,success,冷感シーツ出そうと思ってて忘れてたと思いましたしかし出す気力はなし寝るときは冷房で木綿のシーツで冷えてて気持ちよかったんですよねゴロゴロと少しでも冷えているところを探して再び寝ましたが寝不足気味の朝となりました。,success,冷感シーツ出そうと思ってて忘れてたと思いましたしかし出す気力はなし寝るときは冷房で木綿のシーツで冷えてて気持ちよかったんですよねゴロゴロと少しでも冷えているところを探して再び寝ましたが寝不足気味の朝となりました。,True,106,106,0
,027_rcc_13595865_20260714090000_seg_01444,027_rcc_13595865_20260714090000,SPEAKER_02,7336.72,7344.0,7.28,success,通勤の電車の中はぐったりと目を閉じた方も多くあなたも寝不足気味ですか?とつぶやいてしまいました。,success,通勤の電車の中はぐったりと目を閉じた方も多くあなたも寝不足気味ですか?とつぶやいてしまいます。,False,48,47,-1
,027_rcc_13595865_20260714090000_seg_01445,027_rcc_13595865_20260714090000,SPEAKER_01,7344.0,7346.0,2.0,success,歌いますと頂いておりました。,success,会いますと頂いておりました。,False,14,14,0
,027_rcc_13595865_20260714090000_seg_01446,027_rcc_13595865_20260714090000,SPEAKER_01,7346.88,7348.08,1.2,success,冷感シーツ。,success,冷感シーツ。,True,6,6,0
,027_rcc_13595865_20260714090000_seg_01447,027_rcc_13595865_20260714090000,SPEAKER_01,7349.68,7350.4,0.72,success,去年。,success,去年。,True,3,3,0
,027_rcc_13595865_20260714090000_seg_01448,027_rcc_13595865_20260714090000,SPEAKER_01,7351.04,7354.8,3.76,success,おととしくらいから、私も導入し始めまして。,success,おととしくらいから私も導入し始めまして。,False,21,20,-1
,027_rcc_13595865_20260714090000_seg_01449,027_rcc_13595865_20260714090000,SPEAKER_01,7355.84,7377.28,21.44,success,やっぱりちょっと違いますよね、普通の、それこそそう、前は私も木綿のシーツを使ってたので、絹っていうか、普通のシーツよりかは、冷感シーツに変えると、すごくこう、接触冷感だって、触れたところが冷たく感じるっていう、別にね、氷とかは入れてないけど、冷たく感じるっていうので。,success,やっぱりちょっと違いますよね、普通の、それこそそう、前は私も木綿のシーツを使ってたので、絹っていうか、普通のシーツよりかは、冷感シーツに変えると、すごくこう、接触冷感だって、触れたところが冷たく感じるっていう、別にね、氷とかは入れてないけど、冷たく感じるっていうので。,True,134,134,0
,027_rcc_13595865_20260714090000_seg_01450,027_rcc_13595865_20260714090000,SPEAKER_01,7378.24,7386.0,7.76,success,最初、買った当初は、ああ、もうひんやり、最高、これで夏が乗り切れるって思ってたんですけど。,success,最初、買った当初は、ああ、もうひんやり、最高、これで夏が乗り切れるって思ってたんですけど。,True,45,45,0
,027_rcc_13595865_20260714090000_seg_01451,027_rcc_13595865_20260714090000,SPEAKER_01,7387.04,7388.32,1.28,success,1年で。,success,1年で?,False,4,4,0
,027_rcc_13595865_20260714090000_seg_01452,027_rcc_13595865_20260714090000,SPEAKER_01,7388.56,7403.68,15.12,success,効果はなかなか切れちゃうかなっていう、私の個人的な感想、2年目にそれを使ったときに、その接触冷感に慣れてしまったのかもあるかもしれないんですけど、あんまりこう、冷たく感じなくて。,success,効果はなかなか切れちゃうかなっていう、私の個人的な感想、2年目にそれを使ったときに、その接触冷感に慣れてしまったのかもあるかもしれないんですけど、あんまりこう、冷たく感じなくて。,True,89,89,0
,027_rcc_13595865_20260714090000_seg_01453,027_rcc_13595865_20260714090000,SPEAKER_01,7404.4,7408.8,4.4,success,こういう冷感シーツも、なんか、賞味期限じゃないですけど。,success,こういう冷感シーツもなんか賞味期限じゃないですけど。,False,28,26,-2
,027_rcc_13595865_20260714090000_seg_01454,027_rcc_13595865_20260714090000,SPEAKER_01,7409.36,7411.68,2.32,success,期限ってあるのかなとかって思ったり。,success,期限ってあるのかなとかって思ったり。,True,18,18,0
,027_rcc_13595865_20260714090000_seg_01455,027_rcc_13595865_20260714090000,SPEAKER_01,7412.24,7425.04,12.8,success,あとやっぱり、ずっと使っていくと、だんだん毛玉がやっぱり出てくるじゃないですか、それって取らなかったりするので、だから、2年目に使おうと思ったら、ああ、なんかちょっと。,success,あとやっぱりずっと使っていくとだんだん毛玉がやっぱり出てくるじゃないですかそれって取らなかったりするのでだから2年目に使おうと思ったらああ何かちょっと。,False,84,76,-8
,027_rcc_13595865_20260714090000_seg_01456,027_rcc_13595865_20260714090000,SPEAKER_01,7425.68,7435.6,9.92,success,なんかコンディション悪いなとかって思って、まあ、いっか、出さなくてってなって、ことしまだ出してないんですよ、新しいのを買い替えようか迷ってるくらいで。,success,なんかコンディション悪いなとかって思って、まあ、いっか、出さなくてってなって、ことしまだ出してないんですよ、新しいのを買い替えようか迷ってるくらいで。,True,75,75,0
,027_rcc_13595865_20260714090000_seg_01457,027_rcc_13595865_20260714090000,SPEAKER_01,7437.12,7439.52,2.4,success,でも、そういうもう暑さ対策をしていかないと。,success,でもそういうもう暑さ対策をしていかないと。,False,22,21,-1
,027_rcc_13595865_20260714090000_seg_01458,027_rcc_13595865_20260714090000,SPEAKER_01,7440.16,7445.84,5.68,success,夏もきょうも熱帯夜でしたよね、きっと、もう25度とか26度とか、朝も。,success,夏もきょうも熱帯夜でしたよね、きっと、もう25度とか26度とか、朝も。,True,35,35,0
,027_rcc_13595865_20260714090000_seg_01459,027_rcc_13595865_20260714090000,SPEAKER_01,7447.28,7448.72,1.44,success,気温が下がりきらないんで。,success,気温が下がりきらないんで。,True,13,13,0
,027_rcc_13595865_20260714090000_seg_01460,027_rcc_13595865_20260714090000,SPEAKER_01,7449.12,7450.0,0.88,success,本当に。,success,本当に。,True,4,4,0
,027_rcc_13595865_20260714090000_seg_01461,027_rcc_13595865_20260714090000,SPEAKER_01,7450.48,7475.6,25.12,success,冷房をずっと夜通し中もかけたくない派なんですけどもうかけないとやっぱり暑さで起きるの嫌だし熱中症とかも心配なので本当一晩中かけた次の日からやっぱりなんだかちょっとのどがおかしいかもなってそのきっかけがあるともうどんどんなんかちょっと悪化していっちゃったりとかいわゆる夏かぜ。,success,私もそう、冷房をずっと夜通し中もかけたくない派なんですけど、もうかけないと、やっぱり暑さで起きるの嫌だし、熱中症とかも心配なので、本当、一晩中かけた次の日から、やっぱりなんだかちょっと、のどがおかしいかもなって、そのきっかけがあると、もうどんどんなんか悪化していっちゃったりとか、いわゆる夏かぜ。,False,137,148,11
,027_rcc_13595865_20260714090000_seg_01462,027_rcc_13595865_20260714090000,SPEAKER_01,7477.04,7485.68,8.64,success,風に弱いのかな、私、車の冷房とかもちょっと弱くて、風がわーって最初、当てたくなるじゃないですか、やっぱり暑いから。,success,風に弱いのかな、私、車の冷房とかもちょっと弱くて、風がわーって、最初、当てたくなるじゃないですか、やっぱり暑いから。,False,57,58,1
,027_rcc_13595865_20260714090000_seg_01463,027_rcc_13595865_20260714090000,SPEAKER_01,7486.48,7490.08,3.6,success,なんで、顔にこう、ふわーって冷房を浴びたりするんですけど。,success,なんで顔にこうふわーって冷房を浴びたりするんですけど。,False,29,27,-2
,027_rcc_13595865_20260714090000_seg_01464,027_rcc_13595865_20260714090000,SPEAKER_01,7490.8,7499.52,8.72,success,そうすると、のどとか鼻とかがやられちゃったりっていうのが、毎年、6月、7月になると、毎年、夏かぜをひいてるような感じで。,success,そうすると、のどとか鼻とかがやられちゃったりっていうのが、毎年、6月、7月になると、毎年夏かぜをひいてるような感じで。,False,60,59,-1
,027_rcc_13595865_20260714090000_seg_01465,027_rcc_13595865_20260714090000,SPEAKER_01,7500.8,7504.16,3.36,success,学習しろよって思うんですけど、やっぱり暑いから。,success,学習しろよって思うんですけどやっぱり暑いから。,False,24,23,-1
,027_rcc_13595865_20260714090000_seg_01466,027_rcc_13595865_20260714090000,SPEAKER_01,7505.2,7506.72,1.52,success,涼しいのに負けてしまって。,success,涼しいのに負けてしまって。,True,13,13,0
,027_rcc_13595865_20260714090000_seg_01467,027_rcc_13595865_20260714090000,SPEAKER_01,7507.2,7508.32,1.12,success,横山さんみたいに。,success,横山さんみたいに。,True,9,9,0
,027_rcc_13595865_20260714090000_seg_01468,027_rcc_13595865_20260714090000,SPEAKER_01,7508.56,7510.88,2.32,success,全力で風を、冷たい風を浴びる。,success,全力で風を冷たい風を浴びせよう。,False,15,16,1
,027_rcc_13595865_20260714090000_seg_01469,027_rcc_13595865_20260714090000,SPEAKER_01,7511.12,7511.84,0.72,success,行って私も。,success,行って私も。,True,6,6,0
,027_rcc_13595865_20260714090000_seg_01470,027_rcc_13595865_20260714090000,SPEAKER_01,7512.16,7513.2,1.04,success,車の風とか。,success,車の風とか。,True,6,6,0
,027_rcc_13595865_20260714090000_seg_01471,027_rcc_13595865_20260714090000,SPEAKER_00,7513.28,7513.84,0.56,success,ああ。,success,ああ。,True,3,3,0
,027_rcc_13595865_20260714090000_seg_01472,027_rcc_13595865_20260714090000,SPEAKER_01,7514.08,7516.24,2.16,success,もうがんがんにこう、当たろうとする。,success,ガンガンにこう当たろうとする。,False,18,15,-3
,027_rcc_13595865_20260714090000_seg_01473,027_rcc_13595865_20260714090000,SPEAKER_01,7516.64,7520.8,4.16,success,結局やっぱりそれでちょっと体調崩しちゃったりとかしがちだから。,success,結局やっぱりそれでちょっと体調崩しちゃったりとかしがちだから。,True,31,31,0
,027_rcc_13595865_20260714090000_seg_01474,027_rcc_13595865_20260714090000,SPEAKER_01,7521.12,7522.8,1.68,success,当たらないようにって思うんですけど。,success,当たらないようにって思うんですけど。,True,18,18,0
,027_rcc_13595865_20260714090000_seg_01475,027_rcc_13595865_20260714090000,SPEAKER_01,7523.2,7524.64,1.44,success,毎年当たっちゃって。,success,毎年当たっちゃって。,True,10,10,0
,027_rcc_13595865_20260714090000_seg_01476,027_rcc_13595865_20260714090000,SPEAKER_01,7525.44,7526.4,0.96,success,市、かぜひいてます。,success,血かぜひいてます。,False,10,9,-1
,027_rcc_13595865_20260714090000_seg_01477,027_rcc_13595865_20260714090000,SPEAKER_00,7527.44,7528.88,1.44,success,もうどこで進むかだよ。,success,もうどこで進むかだよ。,True,11,11,0
,027_rcc_13595865_20260714090000_seg_01478,027_rcc_13595865_20260714090000,SPEAKER_01,7529.2,7531.12,1.92,success,そうですね、本当に。,success,そうですね本当に。,False,10,9,-1
,027_rcc_13595865_20260714090000_seg_01479,027_rcc_13595865_20260714090000,SPEAKER_00,7531.12,7532.48,1.36,success,もうこんなさ。,success,もうこんなさ。,True,7,7,0
,027_rcc_13595865_20260714090000_seg_01480,027_rcc_13595865_20260714090000,SPEAKER_00,7532.72,7534.4,1.68,success,むちゃくちゃ暑いのにさ。,success,むちゃくちゃ暑いのにさ。,True,12,12,0
,027_rcc_13595865_20260714090000_seg_01481,027_rcc_13595865_20260714090000,SPEAKER_00,7534.64,7535.76,1.12,success,横山詣で。,success,横山詣で。,True,5,5,0
,027_rcc_13595865_20260714090000_seg_01482,027_rcc_13595865_20260714090000,SPEAKER_00,7536.56,7538.24,1.68,success,クアントロのおやじが来てくれてさ。,success,ビッグアントラーのおやじが来てくれてさ。,False,17,20,3
,027_rcc_13595865_20260714090000_seg_01483,027_rcc_13595865_20260714090000,SPEAKER_00,7539.04,7540.8,1.76,success,またケンタッキー。,success,またケンタッキー。,True,9,9,0
,027_rcc_13595865_20260714090000_seg_01484,027_rcc_13595865_20260714090000,SPEAKER_01,7542.48,7543.12,0.64,success,なにも。,success,何も。,False,4,3,-1
,027_rcc_13595865_20260714090000_seg_01485,027_rcc_13595865_20260714090000,SPEAKER_00,7543.12,7544.56,1.44,success,明智兄さん。,success,明智兄さん。,True,6,6,0
,027_rcc_13595865_20260714090000_seg_01486,027_rcc_13595865_20260714090000,SPEAKER_00,7545.36,7549.2,3.84,success,なんかケンタッキーのバケツの中15個しか入らんのじゃろ?とかって言いながら。,success,なんかケンタッキーのバケツの中15個しか入らんのじゃろ?とかって言いながら。,True,38,38,0
,027_rcc_13595865_20260714090000_seg_01487,027_rcc_13595865_20260714090000,SPEAKER_01,7549.36,7550.16,0.8,success,あっそうなんだ。,success,あっそうなんだ。,True,8,8,0
,027_rcc_13595865_20260714090000_seg_01488,027_rcc_13595865_20260714090000,SPEAKER_00,7550.16,7551.04,0.88,success,持ってきてくれて。,success,持ってきてくれって。,False,9,10,1
,027_rcc_13595865_20260714090000_seg_01489,027_rcc_13595865_20260714090000,SPEAKER_01,7551.12,7551.84,0.72,success,うれしい。,success,うれしい!,False,5,5,0
,027_rcc_13595865_20260714090000_seg_01490,027_rcc_13595865_20260714090000,SPEAKER_00,7551.84,7554.64,2.8,success,俺はサンドイッチっつって保冷剤も入ってるから。,success,俺はサンドイッチっつっててで保冷剤も入ってるから。,False,23,25,2
,027_rcc_13595865_20260714090000_seg_01491,027_rcc_13595865_20260714090000,SPEAKER_00,7555.84,7561.2,5.36,success,だけど一応、夏場で気持ち悪いじゃろうけ、食べる前にはにおい嗅ぎなさいよとかって言われて、分かったっつって。,success,だけど一応夏場で気持ち悪いじゃろうけ食べる前にはにおい嗅ぎなさいよとかって言われて分かったっつって。,False,53,50,-3
,027_rcc_13595865_20260714090000_seg_01492,027_rcc_13595865_20260714090000,SPEAKER_01,7561.36,7562.88,1.52,success,めっちゃ気ぃ遣ってくださってるの。,success,めっちゃ気ぃ遣って下さってるんですよ。,False,17,19,2
,027_rcc_13595865_20260714090000_seg_01493,027_rcc_13595865_20260714090000,SPEAKER_00,7562.88,7572.16,9.28,success,でコロナの間に大阪に遊びに行った時にいかに心斎橋のもうナンパ橋とかいわれてるもう人が宇宙いるところ。,success,そうでコロナの間に大阪に遊びに行った時にいかに心斎橋のもうナンパ橋とかいわれてるもう人が宇宙人いるところ。,False,50,53,3
,027_rcc_13595865_20260714090000_seg_01494,027_rcc_13595865_20260714090000,SPEAKER_00,7572.56,7575.92,3.36,success,がガラガラだったかの写真を見てほしいって言って。,success,がガラガラだったかの写真を見てほしいって言って。,True,24,24,0
,027_rcc_13595865_20260714090000_seg_01495,027_rcc_13595865_20260714090000,SPEAKER_01,7579.36,7580.0,0.64,success,その当時の。,success,その当時の。,True,6,6,0
,027_rcc_13595865_20260714090000_seg_01496,027_rcc_13595865_20260714090000,SPEAKER_00,7580.64,7583.2,2.56,success,ほらほらほらっつって。,success,ほらほらほらっつって。,True,11,11,0
,027_rcc_13595865_20260714090000_seg_01497,027_rcc_13595865_20260714090000,SPEAKER_00,7583.76,7587.52,3.76,success,もうでも今はもう、人だらけじゃけえ、もう行くのが面倒くさいよって言って。,success,もうでも今はもう人だらけじゃけえもう行くのが面倒くさいよっつって。,False,36,33,-3
,027_rcc_13595865_20260714090000_seg_01498,027_rcc_13595865_20260714090000,SPEAKER_02,7587.6,7588.4,0.8,success,うんそうね。,success,うんそうね。,True,6,6,0
,027_rcc_13595865_20260714090000_seg_01499,027_rcc_13595865_20260714090000,SPEAKER_00,7588.56,7595.12,6.56,success,まあ行った時はねお祭り騒ぎじゃって誰もおらんのにこれ持ってったんよっつってお祭りって書かれた手拭い渡されて。,success,まあ行った時はねお祭り騒ぎじゃってもう誰もおらんのにこれ持ってったんよっつってお祭りって書かれた手拭い渡されて。,False,54,56,2
,027_rcc_13595865_20260714090000_seg_01500,027_rcc_13595865_20260714090000,SPEAKER_00,7596.16,7603.44,7.28,success,なんかに使ってって言われて、その横に、今度は卵が入ったカレーパンですっていうのを持ってきてくれる男の子がいて。,success,なんかで使ってって言われてその横に今度は卵が入ったカレーパンですっていうのを持ってきてくれた男の子がいて。,False,55,53,-2
,027_rcc_13595865_20260714090000_seg_01501,027_rcc_13595865_20260714090000,SPEAKER_00,7604.08,7606.0,1.92,success,その子も暑い中さ。,success,その子も暑い中さ。,True,9,9,0
,027_rcc_13595865_20260714090000_seg_01502,027_rcc_13595865_20260714090000,SPEAKER_00,7606.96,7609.6,2.64,success,すみません、もうエアコンがんがんに。,success,すいませんもうエアコンガンガンに。,False,18,17,-1
,027_rcc_13595865_20260714090000_seg_01503,027_rcc_13595865_20260714090000,SPEAKER_00,7610.08,7612.32,2.24,success,風を浴びてねって思いながら。,success,風を浴びてねって思いながら。,True,14,14,0
,027_rcc_13595865_20260714090000_seg_01504,027_rcc_13595865_20260714090000,SPEAKER_01,7612.4,7613.28,0.88,success,本当ですね。,success,本当ですね。,True,6,6,0
,027_rcc_13595865_20260714090000_seg_01505,027_rcc_13595865_20260714090000,SPEAKER_01,7613.68,7617.36,3.68,success,待っているだけ、外もちょっと立ってるだけで、もう滝上が。,success,待ってるだけ外もちょっと立ってるだけでもう滝上が。,False,28,25,-3
,027_rcc_13595865_20260714090000_seg_01506,027_rcc_13595865_20260714090000,SPEAKER_00,7618.16,7619.2,1.04,success,大変!,success,大変!,True,3,3,0
,027_rcc_13595865_20260714090000_seg_01507,027_rcc_13595865_20260714090000,SPEAKER_01,7620.0,7621.36,1.36,success,本当、危険なので、気をつけてください。,success,本当、危険なので、気をつけてください。,True,19,19,0
,027_rcc_13595865_20260714090000_seg_01508,027_rcc_13595865_20260714090000,SPEAKER_00,7621.68,7641.76,20.08,success,とりあえず日々の生活がだらしなく雑にならないようにということなので皆さんが快適に過ごせる時間をこの方がご提供ということで今日は一体どんな商品なんでしょうか呼んでみましょうジャパネット高田ラジオショッピングサイトさん。,success,まあとりあえず日々の生活がだらしなく雑にならないようにということなので皆さんが快適に過ごせる時間をこの方がご提供ということで今日は一体どんな商品なんでしょうか呼んでみましょうジャパネット高田ラジオショッピングサイトさん。,False,108,110,2
,027_rcc_13595865_20260714090000_seg_01509,027_rcc_13595865_20260714090000,SPEAKER_03,7641.84,7652.96,11.12,success,きょうはもう、横山さん、橋本さん、そしてリスナーの皆さんにも、もう今まさに使ってほしいなっていう商品、お持ちいたしました。,success,はーい、きょうはもう、横山さん、橋本さん、そしてリスナーの皆さんにも、もう今まさに使ってほしいなっていう商品、お持ちいたしました。,False,61,65,4
,027_rcc_13595865_20260714090000_seg_01510,027_rcc_13595865_20260714090000,SPEAKER_03,7653.6,7660.64,7.04,success,何かといいますとちょうど番組冒頭、寝るときエアコンつけたくないななんてお話で汗だらだらです。,success,何かといいますと、ちょうど番組冒頭、寝るとき、エアコンつけたくないななんてお話で、汗だらだらです。,False,46,49,3
,027_rcc_13595865_20260714090000_seg_01511,027_rcc_13595865_20260714090000,SPEAKER_03,7661.12,7661.92,0.8,success,じゃあありますよね。,success,ってなりますよね。,False,10,9,-1
,027_rcc_13595865_20260714090000_seg_01512,027_rcc_13595865_20260714090000,SPEAKER_03,7662.48,7666.56,4.08,success,そうなんです、そのタイミングで使ってください、きょうは。,success,そうなんです、そのタイミングで使ってください、きょうは。,True,28,28,0
,027_rcc_13595865_20260714090000_seg_01513,027_rcc_13595865_20260714090000,SPEAKER_03,7667.12,7670.96,3.84,success,天気の大手tijinが作ったその名も。,success,電気の大手帝神が作ったその名も。,False,19,16,-3
,027_rcc_13595865_20260714090000_seg_01514,027_rcc_13595865_20260714090000,SPEAKER_03,7671.36,7675.44,4.08,success,クールスリープ敷きパッドのご紹介でございます。,success,クールスリープ敷きパッドのご紹介でございます。,True,23,23,0
,027_rcc_13595865_20260714090000_seg_01515,027_rcc_13595865_20260714090000,SPEAKER_03,7677.44,7679.92,2.48,success,そうなんですよ、もう名前のとおりです。,success,えっと何でしょうもう名前のとおりです。,False,19,19,0
,027_rcc_13595865_20260714090000_seg_01516,027_rcc_13595865_20260714090000,SPEAKER_03,7680.48,7681.76,1.28,success,クールにスリープ!,success,クールにスリープ。,False,9,9,0
,027_rcc_13595865_20260714090000_seg_01517,027_rcc_13595865_20260714090000,SPEAKER_03,7682.4,7685.84,3.44,success,ひんやり気持ちよくお休みになっていただけるという。,success,ひんやり気持ちよくお休みになっていただけるという。,True,25,25,0
,027_rcc_13595865_20260714090000_seg_01518,027_rcc_13595865_20260714090000,SPEAKER_03,7686.24,7691.44,5.2,success,今お使いの敷き布団やマットレスの上に、これ、重ねていただくだけで。,success,今お使いの敷き布団やマットレスの上に、これ、重ねていただくだけで。,True,33,33,0
,027_rcc_13595865_20260714090000_seg_01519,027_rcc_13595865_20260714090000,SPEAKER_03,7692.4,7694.4,2.0,success,ひんやり、しかも。,success,ひんやり、しかも。,True,9,9,0
,027_rcc_13595865_20260714090000_seg_01520,027_rcc_13595865_20260714090000,SPEAKER_03,7695.52,7700.24,4.72,success,今の時期って、寝汗かいたあとのじめじめ感ももうこれ、不快で。,success,まあ、今の時期って、寝汗かいたあとのじめじめ感ももうこれ、不快で。,False,30,33,3
,027_rcc_13595865_20260714090000_seg_01521,027_rcc_13595865_20260714090000,SPEAKER_03,7700.48,7703.28,2.8,success,それが原因でね、起きちゃうよって方もいらっしゃると思うんですけれども。,success,それが原因でね、起きちゃうよって方もいらっしゃると思うんですけれども。,True,35,35,0
,027_rcc_13595865_20260714090000_seg_01522,027_rcc_13595865_20260714090000,SPEAKER_03,7704.48,7708.32,3.84,success,なんとこの敷きパッドはひんやり気持ちいいだけじゃないんです。,success,なんとこの敷きパッドは、ひんやり気持ちいいだけじゃないんです。,False,30,31,1
,027_rcc_13595865_20260714090000_seg_01523,027_rcc_13595865_20260714090000,SPEAKER_03,7708.72,7714.88,6.16,success,電気を使わず除湿、寝ているこのね、体の部分のじめじめっていうのを。,success,電気を使わず除湿、寝ているこのね、体の部分のじめじめっていうのを。,True,33,33,0
,027_rcc_13595865_20260714090000_seg_01524,027_rcc_13595865_20260714090000,SPEAKER_03,7716.08,7719.6,3.52,success,変えられるよなんていう、そんな商品でございます。,success,変えられるよなんていう、そんな商品でございます。,True,24,24,0
,027_rcc_13595865_20260714090000_seg_01525,027_rcc_13595865_20260714090000,SPEAKER_03,7720.16,7726.56,6.4,success,だからこそ、毎年この時期、大好評なので、寝具の大きさに合わせて使っていただくものになりますから。,success,だからこそ、毎年この時期、大好評なので、寝具の大きさに合わせて使っていただくものになりますから。,True,48,48,0
,027_rcc_13595865_20260714090000_seg_01526,027_rcc_13595865_20260714090000,SPEAKER_03,7727.12,7731.76,4.64,success,色はブルー、ベージュの2色、サイズはシングル、セミダブル、ダブルとありますが。,success,色はブルー、ベージュの2色、サイズはシングル、セミダブル、ダブルとありますが。,True,39,39,0
,027_rcc_13595865_20260714090000_seg_01527,027_rcc_13595865_20260714090000,SPEAKER_03,7732.0,7742.24,10.24,success,色、サイズによっては、もう本当に早いタイミングで完売になってしまうっていうぐらい大好評いただいておりますので、ぜひお早めに手になさっていただければと思います。,success,色、サイズによっては、もう本当に早いタイミングで完売になってしまうっていうぐらい大好評いただいておりますので、ぜひお早めに手になさっていただければと思います。,True,79,79,0
,027_rcc_13595865_20260714090000_seg_01528,027_rcc_13595865_20260714090000,SPEAKER_03,7742.8,7755.84,13.04,success,ではまず、気持ちよさ、寝入りの気持ちよさは、これ、tijinの接触冷感素材、それもtijinの中で最も冷たい素材、coolセンサーexというものを使っていますから。,success,ではまず、気持ちよさ、寝入りの気持ちよさは、これ、teijinの接触冷感素材、それもteijinの中で最も冷たい素材、coolセンサーexっていうものを使っていますから。,False,82,85,3
,027_rcc_13595865_20260714090000_seg_01529,027_rcc_13595865_20260714090000,SPEAKER_03,7756.16,7761.76,5.6,success,接触冷感で、横になるとひんやりしますので。,success,接触冷感で、横になるとひんやりしますので。,True,21,21,0
,027_rcc_13595865_20260714090000_seg_01530,027_rcc_13595865_20260714090000,SPEAKER_03,7762.4,7767.68,5.28,success,もうですから、寝返り打ってもひんやり、こうね、背中とか手も足もひんやりということで。,success,もうですから、寝返り打ってもひんやり、こうね、背中とか手も足もひんやりということで。,True,42,42,0
,027_rcc_13595865_20260714090000_seg_01531,027_rcc_13595865_20260714090000,SPEAKER_03,7768.08,7773.44,5.36,success,ぜひ寝入りの気持ちよさ、寝っ転がった瞬間、あー、気持ちいいと思っていただければと思いまして。,success,ぜひ寝入りの気持ちよさ、寝っ転がった瞬間、ああ、気持ちいいと思っていただければと思いまして。,False,46,46,0
,027_rcc_13595865_20260714090000_seg_01532,027_rcc_13595865_20260714090000,SPEAKER_03,7773.92,7778.0,4.08,success,でも、私がお勧めしたいのは、ここからなんですよ。,success,でも、私がお勧めしたいのは、ここからなんですよ。,True,24,24,0
,027_rcc_13595865_20260714090000_seg_01533,027_rcc_13595865_20260714090000,SPEAKER_03,7778.88,7782.0,3.12,success,最初はひんやり気持ちよくても、ゆかりさん、橋本さん。,success,最初はひんやり気持ちよくてもゆかりさん橋本さん。,False,26,24,-2
,027_rcc_13595865_20260714090000_seg_01534,027_rcc_13595865_20260714090000,SPEAKER_03,7782.24,7783.92,1.68,success,寝ているうちに。,success,寝ているうちに。,True,8,8,0
,027_rcc_13595865_20260714090000_seg_01535,027_rcc_13595865_20260714090000,SPEAKER_03,7784.32,7791.84,7.52,success,背中とか、特にですよ、冷房かかっている間はよくても、例えばタイマーで止まっちゃったりして、汗をかいてくると。,success,背中とか、特にですよ、冷房かかっている間はよくても、例えばタイマーで止まっちゃったりして、汗をかいてくると。,True,54,54,0
,027_rcc_13595865_20260714090000_seg_01536,027_rcc_13595865_20260714090000,SPEAKER_03,7792.4,7796.16,3.76,success,その体とお布団の間の湿気、寝汗。,success,その体とお布団の間の湿気、寝汗。,True,16,16,0
,027_rcc_13595865_20260714090000_seg_01537,027_rcc_13595865_20260714090000,SPEAKER_03,7796.4,7800.4,4.0,success,寝苦しい、あー、嫌だっていうタイミングになっちゃいますよね。,success,寝苦しい、あー、嫌だっていうタイミングになっちゃいますよね。,True,30,30,0
,027_rcc_13595865_20260714090000_seg_01538,027_rcc_13595865_20260714090000,SPEAKER_03,7801.44,7808.32,6.88,success,この敷きパッドは、なんと電気を使わず、除湿をしてくれる優れものでございます。,success,でもこの敷きパッドは、なんと電気を使わず、除湿をしてくれる優れものでございます。,False,38,40,2
,027_rcc_13595865_20260714090000_seg_01539,027_rcc_13595865_20260714090000,SPEAKER_03,7809.52,7813.92,4.4,success,実はこの敷きパッドの中に、シリカゲルという乾燥剤が使われておりますので。,success,実はこの敷きパッドの中に、シリカゲルという乾燥剤が使われておりますので。,True,36,36,0
,027_rcc_13595865_20260714090000_seg_01540,027_rcc_13595865_20260714090000,SPEAKER_03,7814.48,7816.48,2.0,success,乾燥剤、おせんべいとかおかず。,success,乾燥剤、おせんべいとかおかず。,True,15,15,0
,027_rcc_13595865_20260714090000_seg_01541,027_rcc_13595865_20260714090000,SPEAKER_03,7816.88,7818.48,1.6,success,袋に入ってるよく食べられます。,success,袋に入ってるよく食べられますよね。,False,15,17,2
,027_rcc_13595865_20260714090000_seg_01542,027_rcc_13595865_20260714090000,SPEAKER_00,7819.76,7820.8,1.04,success,はいって書いてある。,success,はいって書いてある。,True,10,10,0
,027_rcc_13595865_20260714090000_seg_01543,027_rcc_13595865_20260714090000,SPEAKER_03,7822.08,7826.88,4.8,success,あれがこの敷きパッドの中に含まれているので。,success,はい、あれがこの敷きパッドの中に含まれているので。,False,22,25,3
,027_rcc_13595865_20260714090000_seg_01544,027_rcc_13595865_20260714090000,SPEAKER_03,7827.44,7832.24,4.8,success,汗や湿気をどんどん吸って強力除湿していってくれるんですね。,success,汗や湿気をどんどん吸って強力除湿していってくれるんですね。,True,29,29,0
,027_rcc_13595865_20260714090000_seg_01545,027_rcc_13595865_20260714090000,SPEAKER_00,7832.32,7834.32,2.0,success,この敷きパッドでも食べられないということですね。,success,この敷きパッドでも食べられないってことですね。,False,24,23,-1
,027_rcc_13595865_20260714090000_seg_01546,027_rcc_13595865_20260714090000,SPEAKER_03,7837.52,7839.52,2.0,success,あの横田さん、食べたらだめです。,success,あの横田さん食べたらダメよ。,False,16,14,-2
,027_rcc_13595865_20260714090000_seg_01547,027_rcc_13595865_20260714090000,SPEAKER_00,7839.92,7842.16,2.24,success,すいません食べられないってことが分かったらちょっと。,success,すいません食べられないってことが分かったらちょっと。,True,26,26,0
,027_rcc_13595865_20260714090000_seg_01548,027_rcc_13595865_20260714090000,SPEAKER_00,7844.32,7846.0,1.68,success,寝てる間食べてたりとかね。,success,寝てる間食べてたりとかね。,True,13,13,0
,027_rcc_13595865_20260714090000_seg_01549,027_rcc_13595865_20260714090000,SPEAKER_00,7847.36,7848.64,1.28,success,だけどってことはないってことですよね。,success,変だけどってことはないってことですよね。,False,19,20,1
,027_rcc_13595865_20260714090000_seg_01550,027_rcc_13595865_20260714090000,SPEAKER_03,7848.88,7849.6,0.72,success,ありがとう。,success,ありがとうございます。,False,6,11,5
,027_rcc_13595865_20260714090000_seg_01551,027_rcc_13595865_20260714090000,SPEAKER_03,7850.24,7851.76,1.52,success,あとご安心ください。,success,あっあとご安心ください。,False,10,12,2
,027_rcc_13595865_20260714090000_seg_01552,027_rcc_13595865_20260714090000,SPEAKER_03,7852.0,7857.68,5.68,success,私、実際使ってるんですけれども、そのシリカゲル乾燥剤って、よくなんかこう、つぶつぶしてるようなイメージあると思うんですけど。,success,私実際使ってるんですけれどもそのシリカゲル乾燥剤ってよく何かこうつぶつぶしてるようなイメージあると思うんですけど。,False,62,57,-5
,027_rcc_13595865_20260714090000_seg_01553,027_rcc_13595865_20260714090000,SPEAKER_03,7858.48,7862.48,4.0,success,粒々感なんかはね、感じないんで、ここもご安心いただければと思いますよ。,success,つぶつぶ感なんかはね、感じないんで、ここもご安心いただければと思いますよ。,False,35,37,2
,027_rcc_13595865_20260714090000_seg_01554,027_rcc_13595865_20260714090000,SPEAKER_03,7862.88,7883.36,20.48,success,さらに、実験をしてみました、どれぐらい除湿力があるのかっていう実験なんですけれども、この敷きパッドを敷いた状態と敷いていない状態で、皆様がお休みになられるときって、お布団をかけると思うんですけれども、そのお布団の中の湿度が、どれだけ違うのかって比べてみたんですね。,success,さらに、実験をしてみました、どれぐらい除湿力があるのかっていう実験なんですけれども、この敷きパッドを敷いた状態と敷いていない状態で、皆様がお休みになられるときって、お布団をかけると思うんですけれども、そのお布団の中の湿度が、どれだけ違うのかって比べてみたんですね。,True,132,132,0
,027_rcc_13595865_20260714090000_seg_01555,027_rcc_13595865_20260714090000,SPEAKER_03,7883.76,7894.32,10.56,success,寝てから1時間後の計測です、敷きパッドがない場合のお布団の中の湿度、84てん7%でございました。,success,寝てから1時間後の計測です、敷きパッドがない場合のお布団の中の湿度、84てん7%でございました。,True,48,48,0
,027_rcc_13595865_20260714090000_seg_01556,027_rcc_13595865_20260714090000,SPEAKER_03,7895.92,7897.84,1.92,success,これ、ムシムシ、蒸れ蒸れ。,success,これ、ムシムシ、蒸れ蒸れ。,True,13,13,0
,027_rcc_13595865_20260714090000_seg_01557,027_rcc_13595865_20260714090000,SPEAKER_03,7898.32,7898.88,0.56,success,たべた。,success,食べた。,False,4,4,0
,027_rcc_13595865_20260714090000_seg_01558,027_rcc_13595865_20260714090000,SPEAKER_03,7902.64,7904.56,1.92,success,もうですから、相当な負荷。,success,もうですから相当な負担。,False,13,12,-1
,027_rcc_13595865_20260714090000_seg_01559,027_rcc_13595865_20260714090000,SPEAKER_03,7905.84,7910.0,4.16,success,でも、一方、この敷きパッドを使っていただくと。,success,でも一方、この敷きパッドを使っていただくと。,False,23,22,-1
,027_rcc_13595865_20260714090000_seg_01560,027_rcc_13595865_20260714090000,SPEAKER_03,7910.32,7916.08,5.76,success,なんと1時間後のお布団の中の湿度58%なんですね。,success,なんと1時間後のお布団の中の湿度58%なんですね。,True,25,25,0
,027_rcc_13595865_20260714090000_seg_01561,027_rcc_13595865_20260714090000,SPEAKER_00,7916.4,7917.92,1.52,success,30ぐらい違うってことか。,success,30ぐらい違うってことか。,True,13,13,0
,027_rcc_13595865_20260714090000_seg_01562,027_rcc_13595865_20260714090000,SPEAKER_03,7918.16,7918.72,0.56,success,そうなんです。,success,そうなんです。,True,7,7,0
,027_rcc_13595865_20260714090000_seg_01563,027_rcc_13595865_20260714090000,SPEAKER_03,7919.2,7921.12,1.92,success,7%と細かく計算する。,success,7%と細かく計算する。,True,11,11,0
,027_rcc_13595865_20260714090000_seg_01564,027_rcc_13595865_20260714090000,SPEAKER_03,7921.6,7922.48,0.88,success,重さがあるので。,success,日の差があるので。,False,8,9,1
,027_rcc_13595865_20260714090000_seg_01565,027_rcc_13595865_20260714090000,SPEAKER_03,7922.8,7937.12,14.32,success,敷いていればお布団の中はまるで春先のサラサラ感と思ったらムシムシせずに除湿してサラサラ寝入りはひんやり気持ちいいってなったらこれ夜のお眠りみたい。,success,敷いていればお布団の中はまるで春先のサラサラ感と思ったらムシムシせずに除湿してサラサラ寝入りはひんやり気持ちいいってなったらこれ夜のお眠りみたい。,True,73,73,0
,027_rcc_13595865_20260714090000_seg_01566,027_rcc_13595865_20260714090000,SPEAKER_03,7937.6,7939.28,1.68,success,塗ってらっしゃるタイミングの。,success,塗ってらっしゃるタイミングの。,True,15,15,0
,027_rcc_13595865_20260714090000_seg_01567,027_rcc_13595865_20260714090000,SPEAKER_03,7939.76,7941.76,2.0,success,快適さが違うわけなんですよね。,success,最適さが違うわけなんですよね。,False,15,15,0
,027_rcc_13595865_20260714090000_seg_01568,027_rcc_13595865_20260714090000,SPEAKER_03,7942.32,7949.92,7.6,success,やっぱりじとっとしていると、エアコンなんかの設定温度も、がんがんに下げたくなっちゃうなってなると思うんですけれども。,success,やっぱりじとっとしていると、エアコンなんかの設定温度も、がんがんに下げたくなっちゃうなってなると思うんですけれども。,True,58,58,0
,027_rcc_13595865_20260714090000_seg_01569,027_rcc_13595865_20260714090000,SPEAKER_03,7950.16,7954.08,3.92,success,さらさらしていて、じめじめ感が変わってくるんだったら。,success,さらさらしていて、じめじめ感が変わってくるんだったら。,True,27,27,0
,027_rcc_13595865_20260714090000_seg_01570,027_rcc_13595865_20260714090000,SPEAKER_03,7954.4,7964.96,10.56,success,エアコンの設定温度を下げ過ぎなくても済むっていうところにもつながるってなれば、電気代の節約にも、もしかしたらつなげられるんじゃないかなという商品でございます。,success,エアコンの設定温度を下げ過ぎなくても、済むっていうところにもつながるってなれば、電気代の節約にも、もしかしたらつなげられるんじゃないかなという商品でございます。,False,79,80,1
,027_rcc_13595865_20260714090000_seg_01571,027_rcc_13595865_20260714090000,SPEAKER_03,7965.6,7973.2,7.6,success,更に、私のおすすめ実はここのポイントで嫌なにおいを消す消臭効果まであるんですね。,success,さらに、私のお勧め、実はここのポイントで、嫌なにおいを消す消臭効果まであるんですね。,False,40,42,2
,027_rcc_13595865_20260714090000_seg_01572,027_rcc_13595865_20260714090000,SPEAKER_03,7973.92,7981.2,7.28,success,例えば寝汗かきましたなんていう汗のにおいのもとアンモニア臭とか酢酸はおよそ99%。,success,例えば、寝汗かきましたなんていう汗のにおいのもとアンモニア臭とか酢酸はおよそ99%。,False,41,42,1
,027_rcc_13595865_20260714090000_seg_01573,027_rcc_13595865_20260714090000,SPEAKER_03,7981.52,7986.64,5.12,success,さらに足の臭いにおいのもと、イソ吉草酸もおよそ99%。,success,さらに足の臭いにおいのもと、イソ吉草酸もおよそ99%。,True,27,27,0
,027_rcc_13595865_20260714090000_seg_01574,027_rcc_13595865_20260714090000,SPEAKER_03,7986.96,7990.24,3.28,success,そして私、もう敏感になってまいりましたよ、加齢臭。,success,そして私も敏感になってまいりましたよ、加齢臭。,False,25,23,-2
,027_rcc_13595865_20260714090000_seg_01575,027_rcc_13595865_20260714090000,SPEAKER_03,7991.12,7994.64,3.52,success,このにおいのもともおよそ99%減少させている。,success,このにおいのもともおよそ99%減少させている。,True,23,23,0
,027_rcc_13595865_20260714090000_seg_01576,027_rcc_13595865_20260714090000,SPEAKER_03,7995.84,8000.72,4.88,success,ペットちゃんのにおいのもとといわれるインドールというのも97%減少。,success,ペットちゃんのにおいのもとといわれるインドールというのも97%減少。,True,34,34,0
,027_rcc_13595865_20260714090000_seg_01577,027_rcc_13595865_20260714090000,SPEAKER_03,8001.44,8002.32,0.88,success,となったら。,success,となったら。,True,6,6,0
,027_rcc_13595865_20260714090000_seg_01578,027_rcc_13595865_20260714090000,SPEAKER_03,8002.72,8003.28,0.56,success,これ!,success,これ。,False,3,3,0
,027_rcc_13595865_20260714090000_seg_01579,027_rcc_13595865_20260714090000,SPEAKER_03,8003.68,8009.68,6.0,success,さらさらひんやり気持ちよくて強力除湿、気になる汗のにおいなんかも減少させてくれるってなったら。,success,さらさらひんやり気持ちよくて強力除湿、気になる汗のにおいなんかも減少させてくれるってなったら。,True,47,47,0
,027_rcc_13595865_20260714090000_seg_01580,027_rcc_13595865_20260714090000,SPEAKER_03,8009.92,8011.68,1.76,success,めっちゃいい商品ですよね。,success,めっちゃいい商品ですよね。,True,13,13,0
,027_rcc_13595865_20260714090000_seg_01581,027_rcc_13595865_20260714090000,SPEAKER_03,8013.12,8016.08,2.96,success,これがなんとお値段1万。,success,これがなんとお値段1万。,True,12,12,0
,027_rcc_13595865_20260714090000_seg_01582,027_rcc_13595865_20260714090000,SPEAKER_03,8016.8,8017.92,1.12,success,きりますって!,success,きります。,False,7,5,-2
,027_rcc_13595865_20260714090000_seg_01583,027_rcc_13595865_20260714090000,SPEAKER_03,8018.32,8022.56,4.24,success,8980円に送料でございます。,success,8980円に送料でございます。,True,15,15,0
,027_rcc_13595865_20260714090000_seg_01584,027_rcc_13595865_20260714090000,SPEAKER_03,8023.28,8034.64,11.36,success,これ、シングルサイズのお値段でございまして、ちなみに、結構長い期間使っていると、特に除湿とか消臭効果って、不安だわっていう方、いらっしゃると思うんですね。,success,これ、シングルサイズのお値段でございまして、ちなみに、結構長い期間使ってると、特に除湿とか消臭効果って、不安だわっていう方、いらっしゃると思うんですね。,False,77,76,-1
,027_rcc_13595865_20260714090000_seg_01585,027_rcc_13595865_20260714090000,SPEAKER_01,8034.88,8036.48,1.6,success,減っていくんじゃないかなって思って。,success,減っていくんじゃないかなって思って。,True,18,18,0
,027_rcc_13595865_20260714090000_seg_01586,027_rcc_13595865_20260714090000,SPEAKER_03,8037.44,8043.52,6.08,success,いや、これ、実はまず皆様のご自宅で、ネットに入れていただいたら、丸洗いokなんですけれども。,success,いや、これ、実はですね、まず皆様のご自宅で、ネットに入れていただいたら、丸洗いokなんですけれども。,False,46,50,4
,027_rcc_13595865_20260714090000_seg_01587,027_rcc_13595865_20260714090000,SPEAKER_03,8043.92,8052.08,8.16,success,除湿効果なんかは、100回洗っても除湿力消臭効果、ほぼ同じことが確認できたんですね。,success,除湿効果なんかは、100回洗っても除湿力消臭効果、ほぼ同じことが確認できたんですね。,True,42,42,0
,027_rcc_13595865_20260714090000_seg_01588,027_rcc_13595865_20260714090000,SPEAKER_00,8052.4,8053.04,0.64,success,ほうほう。,success,ほうほう。,True,5,5,0
,027_rcc_13595865_20260714090000_seg_01589,027_rcc_13595865_20260714090000,SPEAKER_03,8053.52,8063.76,10.24,success,例えば8月まで毎週末洗ったとしても、理論上は10年弱ぐらい前後は、繰り返し使っていただける計算になりますから。,success,例えば8月まで毎週末洗ったとしても、理論上は10年弱ぐらい前後は、繰り返し使っていただける計算になりますから。,True,55,55,0
,027_rcc_13595865_20260714090000_seg_01590,027_rcc_13595865_20260714090000,SPEAKER_03,8064.16,8066.0,1.84,success,10年ぐらい使えたら、経済的に。,success,10年ぐらい使えたら経済的に。,False,16,15,-1
,027_rcc_13595865_20260714090000_seg_01591,027_rcc_13595865_20260714090000,SPEAKER_03,8067.44,8076.32,8.88,success,だからこそお勧め、これ、本当に私、毎年使っていて、昨年、実は一緒に夫と寝ているんですが。,success,だからこそお勧め、これ、本当に私、毎年使っていて、昨年、実はですね、一緒に夫と寝ているんですが。,False,44,48,4
,027_rcc_13595865_20260714090000_seg_01592,027_rcc_13595865_20260714090000,SPEAKER_03,8076.72,8081.12,4.4,success,いびきがうるさくて、違う部屋で寝たことがあるんですね。,success,いびきがうるさくて、違う部屋で寝たことがあるんですね。,True,27,27,0
,027_rcc_13595865_20260714090000_seg_01593,027_rcc_13595865_20260714090000,SPEAKER_03,8081.6,8085.92,4.32,success,そのとき、このクールスリープ式パッド、使ってなかったんですけれども。,success,そのとき、このクールスリープ式パッド使ってなかったんですけれども。,False,34,33,-1
,027_rcc_13595865_20260714090000_seg_01594,027_rcc_13595865_20260714090000,SPEAKER_03,8086.8,8096.8,10.0,success,やっぱりこのクールスリープ式パッドがあるのとないのとではこの睡眠環境が違うなってものすごく実感したわけなんですね。,success,やっぱりこのクールスリープ式パッドがあるのとないのとではこの睡眠環境が違うなってものすごく実感したわけなんですね。,True,57,57,0
,027_rcc_13595865_20260714090000_seg_01595,027_rcc_13595865_20260714090000,SPEAKER_03,8097.28,8109.68,12.4,success,だからこそ、ぜひちょっと試していただきたいなということで、シングルサイズは8980円、セミダブルもダブルサイズもございますし、じゃあ、家族分、みんな買おうかなと思われた皆様。,success,だからこそ、ぜひちょっと試していただきたいなということで、シングルサイズは8980円、セミダブルもダブルサイズもございますし、じゃあ、家族分、みんな買おうかなと思われた皆様。,True,87,87,0
,027_rcc_13595865_20260714090000_seg_01596,027_rcc_13595865_20260714090000,SPEAKER_03,8109.92,8115.04,5.12,success,2枚以上のご購入で、1枚当たり1000円引きのまとめ割もございますので。,success,2枚以上のご購入で、1枚当たり1000円引きのまとめ割もございますので。,True,36,36,0
,027_rcc_13595865_20260714090000_seg_01597,027_rcc_13595865_20260714090000,SPEAKER_03,8115.84,8121.92,6.08,success,あとちなみに、これ、じゃあ、枕パッドとかもあったらいいなと思われた方もいらっしゃると思うんですね。,success,あとちなみに、これ、じゃあ、枕パッドとかもあったらいいなと思われた方もいらっしゃると思うんですね。,True,49,49,0
,027_rcc_13595865_20260714090000_seg_01598,027_rcc_13595865_20260714090000,SPEAKER_03,8122.4,8128.48,6.08,success,ひんやり感とか除湿感とか、ちょうど首から頭にかけて汗をたくさんかくという方もいらっしゃると思うんですよ。,success,ひんやり感とか除湿感とか、ちょうど首から頭にかけて汗をたくさんかくという方もいらっしゃると思うんですよ。,True,52,52,0
,027_rcc_13595865_20260714090000_seg_01599,027_rcc_13595865_20260714090000,SPEAKER_03,8129.12,8135.44,6.32,success,そこで、別売りにはなりますが、同じ素材で作られた枕パッドも。,success,そこで、別売りにはなりますが、同じ素材で作られた枕パッドも。,True,30,30,0
,027_rcc_13595865_20260714090000_seg_01600,027_rcc_13595865_20260714090000,SPEAKER_03,8135.84,8139.36,3.52,success,2枚セットで5480円で御朱印もございますので。,success,2枚セットで5480円で50瓶もございますので。,False,24,24,0
,027_rcc_13595865_20260714090000_seg_01601,027_rcc_13595865_20260714090000,SPEAKER_03,8140.0,8151.84,11.84,success,気になった方はぜひぜひなくなる前にお早めにrccラジオ聴いたで0120−441−555−44155番でお電話お待ちしております。,success,気になった方はぜひぜひなくなる前にお早めにrccラジオ聴いたで0120−441−555−44155番でお電話お待ちしております。,True,64,64,0
,027_rcc_13595865_20260714090000_seg_01602,027_rcc_13595865_20260714090000,SPEAKER_00,8151.84,8153.04,1.2,success,お電話の際には!,success,お電話の際には!,True,8,8,0
,027_rcc_13595865_20260714090000_seg_01603,027_rcc_13595865_20260714090000,SPEAKER_03,8153.2,8155.68,2.48,success,斉藤のラジオ聴いたとどうぞよろしくお願いします。,success,斉藤のラジオを聴いたとどうぞよろしくお願いします。,False,24,25,1
,027_rcc_13595865_20260714090000_seg_01604,027_rcc_13595865_20260714090000,SPEAKER_00,8156.08,8167.28,11.2,success,今日は強力に除湿と消臭をしてくれるという蒸し暑い夏を爽やかに気持ちよく乗り切れるひんやり冷感敷きパッドということで。,success,今日は強力に除湿と消臭をしてくれるという蒸し暑い夏を爽やかに気持ちよく乗り切れるひんやり冷感敷きパッドという事で。,False,58,57,-1
,027_rcc_13595865_20260714090000_seg_01605,027_rcc_13595865_20260714090000,SPEAKER_00,8167.68,8181.76,14.08,success,同じ素材の枕パッド2枚組5480円もありますがこのシングルの敷きパッドは8980円ということで気になる方はお問い合わせだけでもしていただければと思います斉藤さんどうもありがとうございました。,success,え同じ素材の枕パッド2枚組5480円もありますがこのシングルの敷きパッドは8980円ということで気になる方はお問い合わせだけでもしていただければと思います斉藤さんどうもありがとうございました。,False,95,96,1
,027_rcc_13595865_20260714090000_seg_01606,027_rcc_13595865_20260714090000,SPEAKER_03,8181.84,8182.48,0.64,success,ありがとうございました。,success,ありがとうございました。,True,12,12,0
,027_rcc_13595865_20260714090000_seg_01607,027_rcc_13595865_20260714090000,SPEAKER_02,8182.64,8183.6,0.96,success,ありがとうございました。,success,ありがとうございました。,True,12,12,0
,027_rcc_13595865_20260714090000_seg_01608,027_rcc_13595865_20260714090000,SPEAKER_00,8183.68,8188.8,5.12,success,ジャパネット高田ラジオショッピング、今日も斉藤さんでした。,success,ジャパネット高田ラジオショッピング今日も斉藤さんでした。,False,29,28,-1
,027_rcc_13595865_20260714090000_seg_01609,027_rcc_13595865_20260714090000,SPEAKER_00,8227.060449,8228.300391,1.24,success,佐野会議。,success,サマ会議。,False,5,5,0
,027_rcc_13595865_20260714090000_seg_01610,027_rcc_13595865_20260714090000,SPEAKER_02,8234.32,8235.020117,0.7,success,ピエールのティー。,success,ピエールのテーマ。,False,9,9,0
,027_rcc_13595865_20260714090000_seg_01611,027_rcc_13595865_20260714090000,SPEAKER_02,8237.2,8237.900488,0.7,success,まさにテーマをみてみよう。,success,さまざまなテーマが。,False,13,10,-3
,027_rcc_13595865_20260714090000_seg_01612,027_rcc_13595865_20260714090000,SPEAKER_02,8239.6,8244.24,4.64,success,紹介をするこのコーナー今週はthe応援でお送りしています。,success,紹介をするこのコーナー今週はthe応援でお送りしています。,True,29,29,0
,027_rcc_13595865_20260714090000_seg_01613,027_rcc_13595865_20260714090000,SPEAKER_02,8244.64,8284.32,39.68,success,息子がまだ赤ちゃんの頃初めての寝返りの瞬間は声を張り上げて応援しましたもう少しもう少しと惜しいところまでいくのですがそこからなかなか難しい全身を使ってもがきながら必死に寝返りをしようとする息子を見てこちらもつい力が入りましたできた瞬間の喜びと息子の笑顔は今も鮮明に覚えています今でもできることがどんどん増えていっていますできて嬉しい瞬間失敗して悲しい瞬間これからもさまざまな感情を共に共有していきたいです。,success,呉市のポンちゃん息子がまだ赤ちゃんの頃初めての寝返りの瞬間は声を張り上げて応援しましたもう少しもう少しと惜しいところまでいくのですがそこからなかなか難しい全身を使ってもがきながら必死に寝返りをしようとする息子を見てこちらもつい力が入りましたできた瞬間の喜びと息子の笑顔は今も鮮明に覚えています今でもできることがどんどん増えていっていますできて嬉しい瞬間失敗して悲しい瞬間これからも様々な感情を共に共有していきたいです。,False,203,209,6
,027_rcc_13595865_20260714090000_seg_01614,027_rcc_13595865_20260714090000,SPEAKER_00,8285.44,8287.36,1.92,success,みんなそうやって大人になってきたんだからね。,success,みんなそうやって大人になってきたんだからね。,True,22,22,0
,027_rcc_13595865_20260714090000_seg_01615,027_rcc_13595865_20260714090000,SPEAKER_02,8287.36,8296.0,8.64,success,そうですね寝返りね初めて立つ時に私が妹が3歳差でいるんですけど妹が。,success,そうですね寝返りね初めて立つ時に私が妹が3歳差でいるんですけど妹が。,True,34,34,0
,027_rcc_13595865_20260714090000_seg_01616,027_rcc_13595865_20260714090000,SPEAKER_01,8296.0,8299.92,3.92,success,妹が初めて1人でこれから立つんじゃないか。,success,妹が初めて一人でこれから立つんじゃないか。,False,21,21,0
,027_rcc_13595865_20260714090000_seg_01617,027_rcc_13595865_20260714090000,SPEAKER_01,8300.32,8303.28,2.96,success,みたいな瞬間があったんですよ。,success,みたいな瞬間があったんですよ。,True,15,15,0
,027_rcc_13595865_20260714090000_seg_01618,027_rcc_13595865_20260714090000,SPEAKER_01,8303.52,8306.24,2.72,success,たぶんそれを見守って、何もこう。,success,多分それを見守って何もこう。,False,16,14,-2
,027_rcc_13595865_20260714090000_seg_01619,027_rcc_13595865_20260714090000,SPEAKER_01,8307.28,8310.16,2.88,success,見守ってたんですよ、もうちょっとでたつかもしれない。,success,見守ってたんですよ、もうちょっとでたつかもしれない。,True,26,26,0
,027_rcc_13595865_20260714090000_seg_01620,027_rcc_13595865_20260714090000,SPEAKER_00,8310.16,8314.72,4.56,success,旅立ちだよね、もうね、立ったらそのまんまもう家を出ていくみたいな感じでしょ。,success,旅立ちだよね、もうね、立ったらそのまんま家を出ていくみたいな感じでしょ。,False,38,36,-2
,027_rcc_13595865_20260714090000_seg_01621,027_rcc_13595865_20260714090000,SPEAKER_01,8314.8,8315.6,0.8,success,早すぎません?,success,早すぎません?,True,7,7,0
,027_rcc_13595865_20260714090000_seg_01622,027_rcc_13595865_20260714090000,SPEAKER_01,8316.0,8316.56,0.56,success,初めて。,success,初めて?,False,4,4,0
,027_rcc_13595865_20260714090000_seg_01623,027_rcc_13595865_20260714090000,SPEAKER_01,8317.28,8319.52,2.24,success,いやいやそんな大人じゃない。,success,いやいやいやそんな大人じゃない。,False,14,16,2
,027_rcc_13595865_20260714090000_seg_01624,027_rcc_13595865_20260714090000,SPEAKER_01,8319.76,8324.32,4.56,success,と思うんですけど私は近くで見ていて多分お姉ちゃんだから。,success,と思うんですけど私は近くで見ていて多分お姉ちゃんだから。,True,28,28,0
,027_rcc_13595865_20260714090000_seg_01625,027_rcc_13595865_20260714090000,SPEAKER_01,8324.64,8327.84,3.2,success,気持ち的に見守りたいとかそういう気持ちないじゃないですか。,success,気持ち的にそんな見守りたいとかそういう気持ちないじゃないですか。,False,29,32,3
,027_rcc_13595865_20260714090000_seg_01626,027_rcc_13595865_20260714090000,SPEAKER_00,8328.96,8330.24,1.28,success,止められたいっていうことだよね。,success,止められたいっていうことだよね。,True,16,16,0
,027_rcc_13595865_20260714090000_seg_01627,027_rcc_13595865_20260714090000,SPEAKER_01,8331.28,8333.2,1.92,success,だから手伝いたい気持ちが強くて。,success,だから手伝いたい気持ちが強くて。,True,16,16,0
,027_rcc_13595865_20260714090000_seg_01628,027_rcc_13595865_20260714090000,SPEAKER_01,8333.44,8334.72,1.28,success,で頑張って必死に。,success,で頑張って必死に。,True,9,9,0
,027_rcc_13595865_20260714090000_seg_01629,027_rcc_13595865_20260714090000,SPEAKER_00,8335.2,8336.16,0.96,success,邪魔な女で。,success,邪魔な女で。,True,6,6,0
,027_rcc_13595865_20260714090000_seg_01630,027_rcc_13595865_20260714090000,SPEAKER_00,8336.88,8337.68,0.8,success,うんとジャマ。,success,もっと邪魔。,False,7,6,-1
,027_rcc_13595865_20260714090000_seg_01631,027_rcc_13595865_20260714090000,SPEAKER_01,8337.84,8340.48,2.64,success,ちょっと最後まで言わせてください、結果は分かってますけど。,success,ちょっと最後まで言わせて下さい結果は分かってますけど。,False,29,27,-2
,027_rcc_13595865_20260714090000_seg_01632,027_rcc_13595865_20260714090000,SPEAKER_01,8344.88,8348.32,3.44,success,立つところをこうやって手持ってあげて。,success,立つところをこうやって手持ってあげて。,True,19,19,0
,027_rcc_13595865_20260714090000_seg_01633,027_rcc_13595865_20260714090000,SPEAKER_01,8348.56,8350.32,1.76,success,手伝ってしまったっていう。,success,手伝ってしまったっていう。,True,13,13,0
,027_rcc_13595865_20260714090000_seg_01634,027_rcc_13595865_20260714090000,SPEAKER_00,8351.36,8353.84,2.48,success,そうだねでvtrにそれが映ってるんだよね。,success,そうだねでvtrにそれが映ってるんだよね。,True,21,21,0
,027_rcc_13595865_20260714090000_seg_01635,027_rcc_13595865_20260714090000,SPEAKER_01,8353.92,8354.48,0.56,success,そうそう。,success,アササッ。,False,5,5,0
,027_rcc_13595865_20260714090000_seg_01636,027_rcc_13595865_20260714090000,SPEAKER_00,8354.72,8355.36,0.64,success,うち!,success,うち!,True,3,3,0
,027_rcc_13595865_20260714090000_seg_01637,027_rcc_13595865_20260714090000,SPEAKER_00,8356.24,8368.32,12.08,success,それこそうちに住まう人がいないっていう状況のときに俺はそのうちに住まう女の人から出てきた人間たちが小さいときにさ何かビデオを撮ったりとかして遊んでたらテンションが上がるからさ。,success,それこそうちに住まう人がいないっていう状況の時に俺はそのうちに住まう女の人から出てきた人間たちが小さい時にさビデオを撮ったりとかして遊んでたらテンションが上がるからさ。,False,88,84,-4
,027_rcc_13595865_20260714090000_seg_01638,027_rcc_13595865_20260714090000,SPEAKER_00,8368.8,8370.96,2.16,success,でそのうちに住む女の人から出てきた。,success,でそのうちに住まう女の人から出てきた。,False,18,19,1
,027_rcc_13595865_20260714090000_seg_01639,027_rcc_13595865_20260714090000,SPEAKER_00,8371.68,8384.16,12.48,success,メスが先オスが後なんだけどそのオスがさもうメスもオスも2人とも俺が子供の頃見てた仮面ライダーとかをもう子供の頃から英才教育で見せられてたわけさ。,success,メスが先でオスが後なんだけどそのオスがさもうメスもオスも2人とも俺が子供の頃見てた仮面ライダーとかを子供の頃から英才教育で見せられてたわけさ。,False,72,71,-1
,027_rcc_13595865_20260714090000_seg_01640,027_rcc_13595865_20260714090000,SPEAKER_00,8385.36,8417.76,32.4,success,仮面ライダーv3の歌があるの赤い赤い赤い仮面のv3っていうのがあんのでこれをその下のオスの方が覚えたから歌ってるとこをビデオに撮ろうと思ってでじゃあいいかっつって赤いランプがついたら歌うんでっつって分かったっつってじゃあいくよっつってえいっつったらベッドついてそしたら下のほうがさ赤い赤い赤い仮面のっつったら上の姉ちゃんがvスリーってお前邪魔だよ!,success,仮面ライダーv3の歌があるの赤い赤い赤い仮面のv3っていうのがあんのでこれをその下のオスの方が覚えたから歌ってるとこをビデオに撮ろうと思ってでじゃあいいかっつって赤いランプがついたら歌うんでっつって分かったっつってじゃあいくよっつってえいっつったらベッドついてそしたら下の方がさ赤い赤い赤い仮面のっつったら上の姉ちゃんがvスリーってお前邪魔だよ!,False,174,173,-1
,027_rcc_13595865_20260714090000_seg_01641,027_rcc_13595865_20260714090000,SPEAKER_00,8418.8,8422.96,4.16,success,お前のはもう取ったじゃん何回も取ったじゃんっつって。,success,お前のはもう撮ったじゃん何回も撮ったじゃんっつって。,False,26,26,0
,027_rcc_13595865_20260714090000_seg_01642,027_rcc_13595865_20260714090000,SPEAKER_01,8423.76,8425.68,1.92,success,上の子ってそうなんだと。,success,上の子ってそうなんだと。,True,12,12,0
,027_rcc_13595865_20260714090000_seg_01643,027_rcc_13595865_20260714090000,SPEAKER_00,8426.08,8429.84,3.76,success,邪魔なんだよ、出てこなくていいから。,success,邪魔なんだよ出てこなくていいから。,False,18,17,-1
,027_rcc_13595865_20260714090000_seg_01644,027_rcc_13595865_20260714090000,SPEAKER_00,8430.4,8452.24,21.84,success,だからちょっと我慢しててっつって下のほうを取るからってねっなので我慢するよ分かった分かったってじゃあいくよって赤いランプがついたら歌うよってせーのはいって言ったらあっ着いたって赤い赤い赤い髪の姉ちゃんボイスレベル出てくんなってお前来んなっていうのにずっとそれが繰り返されるっていうさ。,success,だからちょっと我慢しててっつって下の方を撮るからってねっなので我慢するよ分かった分かったってじゃあいくよって赤いランプがついたら歌うよってせーのはいって言ったらあっ着いたって赤い赤い赤い髪の姉ちゃんボイスレベル出てくんなってお前来んなっていうのにずっとそれが繰り返されるっていうさ。,False,142,141,-1
,027_rcc_13595865_20260714090000_seg_01645,027_rcc_13595865_20260714090000,SPEAKER_01,8453.76,8454.56,0.8,success,味を占めちゃって。,success,味を占めちゃって。,True,9,9,0
,027_rcc_13595865_20260714090000_seg_01646,027_rcc_13595865_20260714090000,SPEAKER_00,8454.56,8455.12,0.56,success,うん。,success,ああ。,False,3,3,0
,027_rcc_13595865_20260714090000_seg_01647,027_rcc_13595865_20260714090000,SPEAKER_00,8456.32,8461.04,4.72,success,じゃあじゃあ一回全部撮るから姉ちゃんを撮ってあげるから落ち着きなさいっつって。,success,じゃあじゃあ一回全部撮るから姉ちゃんを撮ってあげるから落ち着きなさいっつって。,True,39,39,0
,027_rcc_13595865_20260714090000_seg_01648,027_rcc_13595865_20260714090000,SPEAKER_02,8461.04,8462.4,1.36,success,うんそうだね映りたいの。,success,うんそうだね映りたいの。,True,12,12,0
,027_rcc_13595865_20260714090000_seg_01649,027_rcc_13595865_20260714090000,SPEAKER_00,8462.4,8472.96,10.56,success,そうそうって映りたいからさでもしょうがないから姉ちゃんの方をじゃあ歌っていいよって赤いランプついたって言ったら赤い赤い赤い仮面のv3って普通に歌って弟にお前そこ入ってこなきゃっつって。,success,どうしよう映りたいからさでもうしょうがないから姉ちゃんの方をじゃあ歌っていいよって赤いランプついたって言ったら赤い赤い赤い仮面のv3って普通に歌って弟にお前そこ入ってこなきゃっつって。,False,92,92,0
,027_rcc_13595865_20260714090000_seg_01650,027_rcc_13595865_20260714090000,SPEAKER_00,8473.68,8478.56,4.88,success,そこお前がやり返すとこだわっつってすごい英才教育。,success,そこお前がやり返すとこだわっつってすごい英才教育。,True,25,25,0
,027_rcc_13595865_20260714090000_seg_01651,027_rcc_13595865_20260714090000,SPEAKER_00,8480.88,8492.64,11.76,success,邪魔されたんだから、さっき姉ちゃんがv3で入ってきたから、今度、姉ちゃんがそこ来たら、姉ちゃんもちょっと間を空けないと、そしたら弟入ってくる、弟v3で、おもしろいわけじゃんっていうのを、ずっとやってた。,success,邪魔されたんだからさっき姉ちゃんがv3で入ってきたから今度姉ちゃんがそこ来たら姉ちゃんもちょっと間をあけないとそしたら弟入ってくるで弟v3で面白いわけじゃんっていうのをずっとやってた。,False,101,92,-9
,027_rcc_13595865_20260714090000_seg_01652,027_rcc_13595865_20260714090000,SPEAKER_01,8493.68,8495.12,1.44,success,お父さんの教育すごいですね。,success,お父さんの教育すごいですね。,True,14,14,0
,027_rcc_13595865_20260714090000_seg_01653,027_rcc_13595865_20260714090000,SPEAKER_00,8497.92,8499.92,2.0,success,でもそのまんまの子どもたちになりました。,success,でもそのまんまの子どもたちになりました。,True,20,20,0
,027_rcc_13595865_20260714090000_seg_01654,027_rcc_13595865_20260714090000,SPEAKER_01,8500.0,8500.56,0.56,success,まあそう。,success,回そう。,False,5,4,-1
,027_rcc_13595865_20260714090000_seg_01655,027_rcc_13595865_20260714090000,SPEAKER_01,8503.68,8504.72,1.04,success,父さんに似ちゃったか。,success,父さんに似ちゃったか?,False,11,11,0
,027_rcc_13595865_20260714090000_seg_01656,027_rcc_13595865_20260714090000,SPEAKER_01,8505.28,8506.56,1.28,success,あ、まあ、そうね。,success,ああまあそうね。,False,9,8,-1
,027_rcc_13595865_20260714090000_seg_01657,027_rcc_13595865_20260714090000,SPEAKER_00,8507.68,8508.4,0.72,success,痛い頃から。,success,ちっちゃい頃から。,False,6,9,3
,027_rcc_13595865_20260714090000_seg_01658,027_rcc_13595865_20260714090000,SPEAKER_00,8509.04,8509.92,0.88,success,されていたなら。,success,されていたなら。,True,8,8,0
,027_rcc_13595865_20260714090000_seg_01659,027_rcc_13595865_20260714090000,SPEAKER_00,8511.44,8512.32,0.88,success,しかたなし。,success,しかたなし!,False,6,6,0
,027_rcc_13595865_20260714090000_seg_01660,027_rcc_13595865_20260714090000,SPEAKER_01,8512.32,8513.28,0.96,success,まっすぐ育ったし。,success,まっすぐ育ったし。,True,9,9,0
,027_rcc_13595865_20260714090000_seg_01661,027_rcc_13595865_20260714090000,SPEAKER_01,8514.48,8518.8,4.32,success,妹を写真で撮ってるときとかも、やっぱり写してほしいんですよ。,success,妹を写真で撮ってる時とかもやっぱり写してほしいんですよ。,False,30,28,-2
,027_rcc_13595865_20260714090000_seg_01662,027_rcc_13595865_20260714090000,SPEAKER_01,8519.12,8522.72,3.6,success,で何か当時って里奈ちゃんを映して!みたいな。,success,で何か当時って里奈ちゃんを映して!みたいな。,True,22,22,0
,027_rcc_13595865_20260714090000_seg_01663,027_rcc_13595865_20260714090000,SPEAKER_00,8525.44,8526.72,1.28,success,絵里も里奈ちゃん!ってか。,success,絵里も里奈ちゃん!ってか。,True,13,13,0
,027_rcc_13595865_20260714090000_seg_01664,027_rcc_13595865_20260714090000,SPEAKER_00,8527.92,8529.36,1.44,success,野切りな!みたいななんか。,success,野切りな!みたいな何か。,False,13,12,-1
,027_rcc_13595865_20260714090000_seg_01665,027_rcc_13595865_20260714090000,SPEAKER_01,8531.84,8533.44,1.6,success,持ってるわけないじゃないですか、そんな。,success,持ってるわけないじゃないですかそんな。,False,20,19,-1
,027_rcc_13595865_20260714090000_seg_01666,027_rcc_13595865_20260714090000,SPEAKER_00,8534.8,8535.76,0.96,success,どんどん乃木坂が出てくる。,success,どんどん乃木坂が出てくる。,True,13,13,0
,027_rcc_13595865_20260714090000_seg_01667,027_rcc_13595865_20260714090000,SPEAKER_00,8537.92,8539.6,1.68,success,私が一番って思ってる。,success,それで私が一番って思った。,False,11,13,2
,027_rcc_13595865_20260714090000_seg_01668,027_rcc_13595865_20260714090000,SPEAKER_01,8542.0,8543.28,1.28,success,全く思ってません。,success,全く思ってません。,True,9,9,0
,027_rcc_13595865_20260714090000_seg_01669,027_rcc_13595865_20260714090000,SPEAKER_00,8544.48,8546.88,2.4,success,ちょっとだけ持ってる、ちょっとだけ持ってた。,success,ちょっとだけ持つちょっとだけ重たい。,False,22,18,-4
,027_rcc_13595865_20260714090000_seg_01670,027_rcc_13595865_20260714090000,SPEAKER_01,8547.92,8549.12,1.2,success,rccの中。,success,rccの中。,True,6,6,0
,027_rcc_13595865_20260714090000_seg_01671,027_rcc_13595865_20260714090000,SPEAKER_01,8550.24,8550.8,0.56,success,ガーッ!,success,ガーッ!,True,4,4,0
,027_rcc_13595865_20260714090000_seg_01672,027_rcc_13595865_20260714090000,SPEAKER_00,8552.08,8556.08,4.0,success,恐ろしい、恐ろしい、みんな。,success,恐ろしい恐ろしいみんな。,False,14,12,-2
,027_rcc_13595865_20260714090000_seg_01673,027_rcc_13595865_20260714090000,SPEAKER_01,8556.24,8557.52,1.28,success,誰も言ってくれないから。,success,誰も言ってくれないから!,False,12,12,0
,027_rcc_13595865_20260714090000_seg_01674,027_rcc_13595865_20260714090000,SPEAKER_00,8558.8,8560.24,1.44,success,ここに勘違い。,success,ここに勘違いが!,False,7,8,1
,027_rcc_13595865_20260714090000_seg_01675,027_rcc_13595865_20260714090000,SPEAKER_00,8560.8,8562.8,2.0,success,勘違いした人がいます。,success,勘違いした人がいます。,True,11,11,0
,027_rcc_13595865_20260714090000_seg_01676,027_rcc_13595865_20260714090000,SPEAKER_01,8563.92,8567.12,3.2,success,でも小さいころはそうやって妹を撮ってた瞬間。,success,でも小さい頃はそうやって妹を撮ってた瞬間。,False,22,21,-1
,027_rcc_13595865_20260714090000_seg_01677,027_rcc_13595865_20260714090000,SPEAKER_01,8567.68,8570.56,2.88,success,莉奈ちゃん撮って!って言って、もう遮って、遮って。,success,莉奈ちゃん撮って!って言ってもう遮って遮って。,False,25,23,-2
,027_rcc_13595865_20260714090000_seg_01678,027_rcc_13595865_20260714090000,SPEAKER_01,8571.12,8572.8,1.68,success,私がもう全面でピースしている写真。,success,私がもう全面でピースしている写真。,True,17,17,0
,027_rcc_13595865_20260714090000_seg_01679,027_rcc_13595865_20260714090000,SPEAKER_01,8573.84,8575.36,1.52,success,妹が全然映ってないみたいな。,success,妹が全然写ってないみたいな。,False,14,14,0
,027_rcc_13595865_20260714090000_seg_01680,027_rcc_13595865_20260714090000,SPEAKER_01,8575.84,8577.44,1.6,success,をすごい言ってました。,success,すごい言ってました。,False,11,10,-1
,027_rcc_13595865_20260714090000_seg_01681,027_rcc_13595865_20260714090000,SPEAKER_01,8577.76,8578.32,0.56,success,なってから。,success,なってから。,True,6,6,0
,027_rcc_13595865_20260714090000_seg_01682,027_rcc_13595865_20260714090000,SPEAKER_00,8578.32,8579.28,0.96,success,大体そうですよ。,success,大体そうですよ。,True,8,8,0
,027_rcc_13595865_20260714090000_seg_01683,027_rcc_13595865_20260714090000,SPEAKER_00,8580.48,8585.28,4.8,success,ちゃんとかは絶対下にものすごい嫉妬を。,success,なんとかは絶対下にものすごい嫉妬を。,False,19,18,-1
,027_rcc_13595865_20260714090000_seg_01684,027_rcc_13595865_20260714090000,SPEAKER_00,8585.92,8589.36,3.44,success,ぐらいさ、歯を食いしばって我慢してるときとかあるじゃん。,success,今ぐらいさ歯を食いしばって我慢してる時とかあるじゃん。,False,28,27,-1
,027_rcc_13595865_20260714090000_seg_01685,027_rcc_13595865_20260714090000,SPEAKER_01,8590.08,8590.96,0.88,success,うんうんうん。,success,うんうんうん。,True,7,7,0
,027_rcc_13595865_20260714090000_seg_01686,027_rcc_13595865_20260714090000,SPEAKER_00,8591.04,8593.04,2.0,success,下ばっかり、下ばっかり。,success,下ばっかり下ばっかり。,False,12,11,-1
,027_rcc_13595865_20260714090000_seg_01687,027_rcc_13595865_20260714090000,SPEAKER_00,8593.44,8594.0,0.56,success,さあうん。,success,さあうん。,True,5,5,0
,027_rcc_13595865_20260714090000_seg_01688,027_rcc_13595865_20260714090000,SPEAKER_00,8594.32,8597.44,3.12,success,何か気にしたりとか面倒見たりとかするともうパッて見たらクッ。,success,なんか気にしたりとか面倒見たりとかするともうパッと見たらくっ。,False,30,31,1
,027_rcc_13595865_20260714090000_seg_01689,027_rcc_13595865_20260714090000,SPEAKER_00,8599.68,8602.08,2.4,success,入試ボロボロみたいなもうなんかもう。,success,入試ボロボロみたいなもうなんかもう。,True,18,18,0
,027_rcc_13595865_20260714090000_seg_01690,027_rcc_13595865_20260714090000,SPEAKER_00,8603.04,8610.4,7.36,success,歯抜けるの早そうぐらい、くーってしてたら、かわいそう、ごめん、ごめん、ちょっと気ぃ遣ってあげればよかったねって。,success,歯抜けるの早そうぐらいくってしてたらかわいそうにごめんごめんちょっと気ぃ遣ってあげればよかったねって。,False,56,51,-5
,027_rcc_13595865_20260714090000_seg_01691,027_rcc_13595865_20260714090000,SPEAKER_01,8610.56,8611.44,0.88,success,本当そうですよ。,success,本当そうですよ。,True,8,8,0
,027_rcc_13595865_20260714090000_seg_01692,027_rcc_13595865_20260714090000,SPEAKER_01,8611.68,8612.96,1.28,success,我慢することが多い。,success,我慢することが多い。,True,10,10,0
,027_rcc_13595865_20260714090000_seg_01693,027_rcc_13595865_20260714090000,SPEAKER_01,8613.6,8614.32,0.72,success,姉ちゃんは。,success,姉ちゃんは。,True,6,6,0
,027_rcc_13595865_20260714090000_seg_01694,027_rcc_13595865_20260714090000,SPEAKER_01,8615.04,8616.96,1.92,success,ぶつけますけど、今。,success,ぶつけますけど、今。,True,10,10,0
,027_rcc_13595865_20260714090000_seg_01695,027_rcc_13595865_20260714090000,SPEAKER_01,8618.56,8620.16,1.6,success,泣いたら勝ちって思ってません?,success,泣いたら勝ちって思ってません?,True,15,15,0
,027_rcc_13595865_20260714090000_seg_01696,027_rcc_13595865_20260714090000,SPEAKER_00,8621.52,8622.16,0.64,success,下の子は?,success,下の子は。,False,5,5,0
,027_rcc_13595865_20260714090000_seg_01697,027_rcc_13595865_20260714090000,SPEAKER_00,8622.64,8624.08,1.44,success,楠本とか新本とか見たいやつ。,success,楠本とか新本とかみたいなやつでしょ?,False,14,18,4
,027_rcc_13595865_20260714090000_seg_01698,027_rcc_13595865_20260714090000,SPEAKER_00,8626.16,8628.72,2.56,success,お前それ逆セクハラだからみたいな。,success,お前それ逆セクハラだからみたいな。,True,17,17,0
,027_rcc_13595865_20260714090000_seg_01699,027_rcc_13595865_20260714090000,SPEAKER_01,8629.44,8632.0,2.56,success,本当さ、泣いたらお姉ちゃんが悪いみたいな。,success,本当さ泣いたらお姉ちゃんが悪いみたいな。,False,21,20,-1
,027_rcc_13595865_20260714090000_seg_01700,027_rcc_13595865_20260714090000,SPEAKER_01,8632.88,8635.52,2.64,success,いや、いやいやいや、今、さっき知ったん妹のほうやろとか。,success,いやいやいやいや今さっき知ったん妹の方やろとか。,False,28,24,-4
,027_rcc_13595865_20260714090000_seg_01701,027_rcc_13595865_20260714090000,SPEAKER_01,8635.76,8643.36,7.6,success,持ってたけどイエーイチェンゲとかってなったら謝りなさいって言われてなんで私が謝らなきゃいけないの?みたいな。,success,持ってたけどイウニチェンゲとかってなったら謝りなさいって言われてなんで私が謝らなきゃいけないの?みたいな。,False,54,53,-1
,027_rcc_13595865_20260714090000_seg_01702,027_rcc_13595865_20260714090000,SPEAKER_00,8643.44,8645.44,2.0,success,お前そのまんま大きくなったな。,success,お前そのまんま大きくなったな。,True,15,15,0
,027_rcc_13595865_20260714090000_seg_01703,027_rcc_13595865_20260714090000,SPEAKER_01,8648.24,8649.2,0.96,success,まっすぐ成長します。,success,まっすぐ成長します。,True,10,10,0
,027_rcc_13595865_20260714090000_seg_01704,027_rcc_13595865_20260714090000,SPEAKER_00,8649.6,8651.2,1.6,success,すごい、すくすく。,success,すごいすくすく。,False,9,8,-1
,027_rcc_13595865_20260714090000_seg_01705,027_rcc_13595865_20260714090000,SPEAKER_02,8652.8,8653.6,0.8,success,変わらないです。,success,変わらないです。,True,8,8,0
,027_rcc_13595865_20260714090000_seg_01706,027_rcc_13595865_20260714090000,SPEAKER_00,8653.76,8656.32,2.56,success,濁りなくなったね、そのまんま。,success,濁りなくなったねそのまんま。,False,15,14,-1
,027_rcc_13595865_20260714090000_seg_01707,027_rcc_13595865_20260714090000,SPEAKER_02,8657.36,8658.16,0.8,success,清らかに。,success,清らかに。,True,5,5,0
,027_rcc_13595865_20260714090000_seg_01708,027_rcc_13595865_20260714090000,SPEAKER_00,8659.12,8668.4,9.28,success,お前、乃木坂見ながら、歯食いしばってたじゃん、くーって、あの程度であんなちやほやされるのか、私のほうがかわいいのに、くーって。,success,お前乃木坂見ながら歯食いしばってたでしょクーッてあの程度であんなちやほやされるのか私のほうがかわいいのにくって。,False,63,56,-7
,027_rcc_13595865_20260714090000_seg_01709,027_rcc_13595865_20260714090000,SPEAKER_02,8668.8,8670.64,1.84,success,私はラジオで輝くって思いました。,success,私はラジオで輝くって思いました。,True,16,16,0
,027_rcc_13595865_20260714090000_seg_01710,027_rcc_13595865_20260714090000,SPEAKER_00,8671.92,8672.8,0.88,success,恐ろしい。,success,恐ろしい。,True,5,5,0
,027_rcc_13595865_20260714090000_seg_01711,027_rcc_13595865_20260714090000,SPEAKER_02,8675.2,8676.16,0.96,success,音美さん。,success,乙女さん。,False,5,5,0
,027_rcc_13595865_20260714090000_seg_01712,027_rcc_13595865_20260714090000,SPEAKER_02,8676.64,8680.4,3.76,success,私が今、応援しているのは受験生の娘。,success,私が今応援しているのは受験生の娘。,False,18,17,-1
,027_rcc_13595865_20260714090000_seg_01713,027_rcc_13595865_20260714090000,SPEAKER_02,8680.64,8693.84,13.2,success,といっても応援ソングを歌うわけでも扇子を持って舞うわけでもないです私にできることといったらおいしいご飯を作って待ってることくらいですあとおいしいお弁当を持たせることくらいかな。,success,ねっといっても応援ソングを歌うわけでも扇子を持って舞うわけでもないです私にできることといったらおいしいご飯を作って待ってることくらいですあとおいしいお弁当を持たせることくらいかな。,False,88,90,2
,027_rcc_13595865_20260714090000_seg_01714,027_rcc_13595865_20260714090000,SPEAKER_02,8694.08,8698.88,4.8,success,こんな応援しかできないことがとてももどかしいですが、精いっぱい応援します。,success,こんな応援しかできない事がとてももどかしいですが精いっぱい応援します。,False,37,35,-2
,027_rcc_13595865_20260714090000_seg_01715,027_rcc_13595865_20260714090000,SPEAKER_00,8699.68,8702.48,2.8,success,まあ静かに見守ってくれるのが一番いいよね。,success,まあ静かに見守ってくれるのが一番いいよね。,True,21,21,0
,027_rcc_13595865_20260714090000_seg_01716,027_rcc_13595865_20260714090000,SPEAKER_02,8702.48,8703.12,0.64,success,まあそうですね。,success,まあそうですね。,True,8,8,0
,027_rcc_13595865_20260714090000_seg_01717,027_rcc_13595865_20260714090000,SPEAKER_00,8704.0,8712.64,8.64,success,してる最中に横で負けないことトライしないことなんとかしないこと信じることみたいに言われても。,success,してる最中に横で負けないことトライしないことなんとかしないこと信じることみたいに言われても。,True,46,46,0
,027_rcc_13595865_20260714090000_seg_01718,027_rcc_13595865_20260714090000,SPEAKER_01,8713.6,8714.64,1.04,success,ううるさいね。,success,うるさいね。,False,7,6,-1
,027_rcc_13595865_20260714090000_seg_01719,027_rcc_13595865_20260714090000,SPEAKER_00,8715.6,8722.16,6.56,success,だめになりそうなとき、それが一番大事。,success,ダメになりそうなときそれが一番大事。,False,19,18,-1
,027_rcc_13595865_20260714090000_seg_01720,027_rcc_13595865_20260714090000,SPEAKER_00,8723.04,8724.08,1.04,success,心込めちゃった。,success,心込めちゃった。,True,8,8,0
,027_rcc_13595865_20260714090000_seg_01721,027_rcc_13595865_20260714090000,SPEAKER_01,8726.24,8727.28,1.04,success,カラオケだと思ってます。,success,カラオケだと思ってます。,True,12,12,0
,027_rcc_13595865_20260714090000_seg_01722,027_rcc_13595865_20260714090000,SPEAKER_01,8729.52,8730.96,1.44,success,やて!ってなるかもしれない。,success,やて!ってなるかもしれない。,True,14,14,0
,027_rcc_13595865_20260714090000_seg_01723,027_rcc_13595865_20260714090000,SPEAKER_00,8731.52,8732.8,1.28,success,ずっとやられてる、それは。,success,ずっとやられてるんですそれを。,False,13,15,2
,027_rcc_13595865_20260714090000_seg_01724,027_rcc_13595865_20260714090000,SPEAKER_01,8734.08,8735.2,1.12,success,めっちゃ嫌ですそれ。,success,めっちゃ嫌ですそれ。,True,10,10,0
,027_rcc_13595865_20260714090000_seg_01725,027_rcc_13595865_20260714090000,SPEAKER_01,8736.0,8737.2,1.2,success,そんな親絶対。,success,そんな親絶対。,True,7,7,0
,027_rcc_13595865_20260714090000_seg_01726,027_rcc_13595865_20260714090000,SPEAKER_01,8739.52,8740.8,1.28,success,でもなんかお弁当とかは。,success,でも何かお弁当とかは。,False,12,11,-1
,027_rcc_13595865_20260714090000_seg_01727,027_rcc_13595865_20260714090000,SPEAKER_01,8741.04,8745.12,4.08,success,やっぱりこだわり持って作ってくれてたなって、受験期のときはとても。,success,まあやっぱりこだわり持ってこう作ってくれてたなって受験期の時はとても。,False,33,35,2
,027_rcc_13595865_20260714090000_seg_01728,027_rcc_13595865_20260714090000,SPEAKER_01,8746.08,8747.6,1.52,success,何か一口メモみたいな。,success,何か一口メモみたいな。,True,11,11,0
,027_rcc_13595865_20260714090000_seg_01729,027_rcc_13595865_20260714090000,SPEAKER_01,8748.4,8753.04,4.64,success,ひと言目も一口じゃないかひと言メモみたいなのをいつもお弁当に添えてくれて。,success,ひと言メモ一口じゃないかひと言メモみたいなのをいつもお弁当に添えてくれて。,False,37,37,0
,027_rcc_13595865_20260714090000_seg_01730,027_rcc_13595865_20260714090000,SPEAKER_00,8756.32,8758.08,1.76,success,白飯のようにごまでメッセージが。,success,白飯のようにゴマでメッセージが。,False,16,16,0
,027_rcc_13595865_20260714090000_seg_01731,027_rcc_13595865_20260714090000,SPEAKER_01,8758.96,8759.68,0.72,success,そんな器用じゃない。,success,そんな器用じゃない。,True,10,10,0
,027_rcc_13595865_20260714090000_seg_01732,027_rcc_13595865_20260714090000,SPEAKER_00,8759.84,8761.28,1.44,success,開けないこと。,success,開けないこと。,True,7,7,0
,027_rcc_13595865_20260714090000_seg_01733,027_rcc_13595865_20260714090000,SPEAKER_00,8761.52,8763.52,2.0,success,逃げ出さないこと。,success,逃げ出さないこと。,True,9,9,0
,027_rcc_13595865_20260714090000_seg_01734,027_rcc_13595865_20260714090000,SPEAKER_00,8764.24,8766.0,1.76,success,カンニングしないこと。,success,カンニングしないこと。,True,11,11,0
,027_rcc_13595865_20260714090000_seg_01735,027_rcc_13595865_20260714090000,SPEAKER_00,8766.56,8768.08,1.52,success,血でいることみたいな。,success,地でることみたいな。,False,11,10,-1
,027_rcc_13595865_20260714090000_seg_01736,027_rcc_13595865_20260714090000,SPEAKER_01,8768.32,8769.04,0.72,success,大事大事。,success,大事大事。,True,5,5,0
,027_rcc_13595865_20260714090000_seg_01737,027_rcc_13595865_20260714090000,SPEAKER_00,8769.36,8770.32,0.96,success,すごい。,success,すごい!,False,4,4,0
,027_rcc_13595865_20260714090000_seg_01738,027_rcc_13595865_20260714090000,SPEAKER_01,8771.44,8773.2,1.76,success,こだわってはなかったけど。,success,そんなこだわってはなかったけど。,False,13,16,3
,027_rcc_13595865_20260714090000_seg_01739,027_rcc_13595865_20260714090000,SPEAKER_01,8774.08,8776.64,2.56,success,メモ帳に、なんかまあ、きょうも頑張ってねとか。,success,メモ帳になんかまあ今日も頑張ってねとか。,False,23,20,-3
,027_rcc_13595865_20260714090000_seg_01740,027_rcc_13595865_20260714090000,SPEAKER_00,8776.72,8782.16,5.44,success,わわわわわわわわわわわわわ。,success,わわわわわわわわわわわわわ。,True,14,14,0
,027_rcc_13595865_20260714090000_seg_01741,027_rcc_13595865_20260714090000,SPEAKER_01,8782.48,8783.52,1.04,success,どこの歌詞だよ。,success,どこの歌詞だよ。,True,8,8,0
,027_rcc_13595865_20260714090000_seg_01742,027_rcc_13595865_20260714090000,SPEAKER_00,8785.76,8788.32,2.56,success,分かりにくいけどあの歌の中にあるんだろうみたいな。,success,分かりにくいけどあの歌の中にあるんだろうみたいな。,True,25,25,0
,027_rcc_13595865_20260714090000_seg_01743,027_rcc_13595865_20260714090000,SPEAKER_01,8790.16,8792.48,2.32,success,そんな特殊な応援の仕方はされてないですけど。,success,そんな特殊な応援のしかたはされてないですけど。,False,22,23,1
,027_rcc_13595865_20260714090000_seg_01744,027_rcc_13595865_20260714090000,SPEAKER_01,8793.84,8797.6,3.76,success,ああ受験期は大変でしたもんね、受験生の本人も。,success,ああ受験期は大変でしたもんね受験生の本人も。,False,23,22,-1
,027_rcc_13595865_20260714090000_seg_01745,027_rcc_13595865_20260714090000,SPEAKER_00,8797.68,8801.76,4.08,success,いいとこを目指してる方々はそうでしょうよ。,success,うんまあいいとこを目指してる方々はそうでしょうよ。,False,21,25,4
,027_rcc_13595865_20260714090000_seg_01746,027_rcc_13595865_20260714090000,SPEAKER_00,8803.6,8806.8,3.2,success,本当、のんきに構えてたから、だから時たま。,success,本当のんきに構えてたからだから時たま。,False,21,19,-2
,027_rcc_13595865_20260714090000_seg_01747,027_rcc_13595865_20260714090000,SPEAKER_00,8807.2,8810.96,3.76,success,母キヨが夜中にさうどんとか作ってくる。,success,母キヨが夜中にさうどんとか作ってくる。,True,19,19,0
,027_rcc_13595865_20260714090000_seg_01748,027_rcc_13595865_20260714090000,SPEAKER_00,8811.52,8812.8,1.28,success,俺んちうどん屋だったからさ。,success,俺んちうどん屋だったからさ。,True,14,14,0
,027_rcc_13595865_20260714090000_seg_01749,027_rcc_13595865_20260714090000,SPEAKER_00,8813.6,8818.88,5.28,success,うどん、讃岐うどんの有馬家っていうさ、うどん屋2軒やっててさ、だから、うどんはいくらでも作れたのよ。,success,うどん讃岐うどんの有馬家っていうさうどん屋2軒やっててさだからうどんはいくらでも作れたのよ。,False,50,46,-4
,027_rcc_13595865_20260714090000_seg_01750,027_rcc_13595865_20260714090000,SPEAKER_00,8819.28,8822.08,2.8,success,時田もうどんとか持ってくると、ただの夜食。,success,時たもうどんとか持ってくるとただの夜食。,False,21,20,-1
,027_rcc_13595865_20260714090000_seg_01751,027_rcc_13595865_20260714090000,SPEAKER_00,8822.56,8827.04,4.48,success,勉強してる最中とかじゃなくてただの夜食。,success,何か勉強してる最中とかじゃなくてただの夜食。,False,20,22,2
,027_rcc_13595865_20260714090000_seg_01752,027_rcc_13595865_20260714090000,SPEAKER_01,8828.32,8831.04,2.72,success,ただのなんかごはんのプラスの。,success,ただの何かごはんのプラスの。,False,15,14,-1
,027_rcc_13595865_20260714090000_seg_01753,027_rcc_13595865_20260714090000,SPEAKER_00,8831.12,8834.88,3.76,success,あんたあかんやろシャーペン持っちょるけど今お母さんが上がってくると思ってシャーペン持ってると。,success,あんたがあれやろシャーペン持ちよるけど今お母さんが上がってくると思ってシャーペン持ってると。,False,47,46,-1
,027_rcc_13595865_20260714090000_seg_01754,027_rcc_13595865_20260714090000,SPEAKER_01,8836.56,8837.2,0.64,success,バレてるじゃん。,success,バレてるじゃん。,True,8,8,0
,027_rcc_13595865_20260714090000_seg_01755,027_rcc_13595865_20260714090000,SPEAKER_01,8838.48,8840.0,1.52,success,それでも夜食を持ってきてくれる。,success,それでも夜食を持ってきてくれる。,True,16,16,0
,027_rcc_13595865_20260714090000_seg_01756,027_rcc_13595865_20260714090000,SPEAKER_00,8842.96,8844.56,1.6,success,たばこ吸ったみたいなこと。,success,たばこ吸ったみたいなこと。,True,13,13,0
,027_rcc_13595865_20260714090000_seg_01757,027_rcc_13595865_20260714090000,SPEAKER_01,8844.64,8845.2,0.56,success,あった!,success,あった!,True,4,4,0
,027_rcc_13595865_20260714090000_seg_01758,027_rcc_13595865_20260714090000,SPEAKER_00,8846.64,8848.64,2.0,success,起こすってあんたはっつってイエストランツ。,success,ぼこすってよあんたはっつってイエストランツ。,False,21,22,1
,027_rcc_13595865_20260714090000_seg_01759,027_rcc_13595865_20260714090000,SPEAKER_00,8850.24,8854.48,4.24,success,じゃあ、絶対たばこ吸っちゃう、ちょっといすを上げてごらん、いや、なんかいすがさ。,success,じゃあ絶対タバコ吸うちょっと椅子を上げてごらんいや何か椅子がさ。,False,40,32,-8
,027_rcc_13595865_20260714090000_seg_01760,027_rcc_13595865_20260714090000,SPEAKER_00,8855.04,8856.48,1.44,success,ボックスみたいになってて。,success,こうボックスみたいになってて。,False,13,15,2
,027_rcc_13595865_20260714090000_seg_01761,027_rcc_13595865_20260714090000,SPEAKER_00,8856.88,8858.24,1.36,success,中に荷物が入れられるって。,success,中に荷物が入れられるってさ。,False,13,14,1
,027_rcc_13595865_20260714090000_seg_01762,027_rcc_13595865_20260714090000,SPEAKER_00,8858.8,8860.4,1.6,success,中にエロ本とかいっぱい隠してた。,success,この中にエロ本とかいっぱい書くじゃない。,False,16,20,4
,027_rcc_13595865_20260714090000_seg_01763,027_rcc_13595865_20260714090000,SPEAKER_00,8860.64,8865.36,4.72,success,椅子を分けてごらん椅子を目黒からお母さん椅子の中だけは見るのやめて分かった。,success,で椅子を開けてごらん椅子を埋める時間お母さん椅子の中だけは見るのやめて分かった。,False,38,40,2
,027_rcc_13595865_20260714090000_seg_01764,027_rcc_13595865_20260714090000,SPEAKER_01,8867.44,8870.48,3.04,success,子どもってなんか甘いですよねそういうところ。,success,子どもってなんか甘いですよねそういうところ。,True,22,22,0
,027_rcc_13595865_20260714090000_seg_01765,027_rcc_13595865_20260714090000,SPEAKER_01,8871.76,8874.16,2.4,success,親ってもうすぐ見抜くじゃないですか。,success,親ってもうすぐ見抜くじゃないですか。,True,18,18,0
,027_rcc_13595865_20260714090000_seg_01766,027_rcc_13595865_20260714090000,SPEAKER_01,8876.08,8881.12,5.04,success,あれはもうちょっと尊敬するくらいどれだけちょっと軽いウソついたってもう速攻で。,success,あれはもうちょっと尊敬するくらいどれだけちょっと軽いウソついたってもう速攻で。,True,39,39,0
,027_rcc_13595865_20260714090000_seg_01767,027_rcc_13595865_20260714090000,SPEAKER_00,8882.64,8888.48,5.84,success,俺が俺たちが中学生とかの時さもう校内暴力とかさ。,success,俺が俺たちが中学生とかの時さ校内暴力とかさ。,False,24,22,-2
,027_rcc_13595865_20260714090000_seg_01768,027_rcc_13595865_20260714090000,SPEAKER_00,8889.36,8890.56,1.2,success,なめ猫分もう不良!,success,なめ猫分もう不良。,False,9,9,0
,027_rcc_13595865_20260714090000_seg_01769,027_rcc_13595865_20260714090000,SPEAKER_00,8891.84,8901.84,10.0,success,世の中不良じゃなかったらかっこ悪いみたいな風潮があってさ俺全然不良でもなかったのに家を出てちょっと行ったらもう靴下は脱いで。,success,世の中不良じゃなかったらかっこ悪いみたいな風潮があってさ俺全然不良でもなかったのに家を出てちょっと行ったらもう靴下は脱いで。,True,62,62,0
,027_rcc_13595865_20260714090000_seg_01770,027_rcc_13595865_20260714090000,SPEAKER_00,8902.64,8906.32,3.68,success,はだしになって靴のかかとを踏んで。,success,はだしになってで靴のかかとを踏んで。,False,17,18,1
,027_rcc_13595865_20260714090000_seg_01771,027_rcc_13595865_20260714090000,SPEAKER_00,8906.8,8907.44,0.64,success,歩くみたいな。,success,歩くみたい。,False,7,6,-1
,027_rcc_13595865_20260714090000_seg_01772,027_rcc_13595865_20260714090000,SPEAKER_00,8908.72,8912.32,3.6,success,で、家帰るのさ、家帰る直前に、靴下はいて。,success,で家帰るのさ家帰る直前に靴下はいて。,False,21,18,-3
,027_rcc_13595865_20260714090000_seg_01773,027_rcc_13595865_20260714090000,SPEAKER_00,8913.68,8918.64,4.96,success,普通に履いて帰るんだけどあんた靴下をどこかで脱いじょるやろって言われて。,success,で靴普通に履いて帰るんだけどあんた靴下をどこかで脱いじょるやろって言われて。,False,36,38,2
,027_rcc_13595865_20260714090000_seg_01774,027_rcc_13595865_20260714090000,SPEAKER_00,8920.16,8921.52,1.36,success,靴下汚れてないからさ。,success,靴下汚れてないからさ。,True,11,11,0
,027_rcc_13595865_20260714090000_seg_01775,027_rcc_13595865_20260714090000,SPEAKER_00,8922.88,8924.96,2.08,success,あんた、どっかで靴下脱いでるやろって言って。,success,あんたどっかで靴下脱いでるやろっつって言って。,False,22,23,1
,027_rcc_13595865_20260714090000_seg_01776,027_rcc_13595865_20260714090000,SPEAKER_00,8925.52,8926.56,1.04,success,栗をぶってって言って。,success,栗をぶってっつってた。,False,11,11,0
,027_rcc_13595865_20260714090000_seg_01777,027_rcc_13595865_20260714090000,SPEAKER_00,8927.28,8930.64,3.36,success,んや、はいちょるよって言って、靴下が全然汚れちゃうかねって言って。,success,いや、はいちょるよって、靴下が全然汚れちゃうかねって言って。,False,33,30,-3
,027_rcc_13595865_20260714090000_seg_01778,027_rcc_13595865_20260714090000,SPEAKER_00,8932.08,8933.68,1.6,success,よく見てんな。,success,よく見てんな。,True,7,7,0
,027_rcc_13595865_20260714090000_seg_01779,027_rcc_13595865_20260714090000,SPEAKER_00,8934.8,8936.8,2.0,success,母親親って。,success,母親親って。,True,6,6,0
,027_rcc_13595865_20260714090000_seg_01780,027_rcc_13595865_20260714090000,SPEAKER_00,8937.04,8939.04,2.0,success,侮れないよねホントに。,success,侮れないよね本当に。,False,11,10,-1
,027_rcc_13595865_20260714090000_seg_01781,027_rcc_13595865_20260714090000,SPEAKER_01,8945.44,8946.56,1.12,success,あっちょっと部活。,success,あっちょっと部活。,True,9,9,0
,027_rcc_13595865_20260714090000_seg_01782,027_rcc_13595865_20260714090000,SPEAKER_01,8949.12,8950.64,1.52,success,ふんうそやろ?,success,ふんうそやろ?,True,7,7,0
,027_rcc_13595865_20260714090000_seg_01783,027_rcc_13595865_20260714090000,SPEAKER_01,8952.32,8954.64,2.32,success,いやいや、うそ、うそちゃうよって言ってたんですけど。,success,いやいやうそうそちゃうよって言ってたんですけど。,False,26,24,-2
,027_rcc_13595865_20260714090000_seg_01784,027_rcc_13595865_20260714090000,SPEAKER_01,8955.76,8956.4,0.64,success,ええやん。,success,ええよ。,False,5,4,-1
,027_rcc_13595865_20260714090000_seg_01785,027_rcc_13595865_20260714090000,SPEAKER_01,8956.8,8959.76,2.96,success,車で帰ってくる時にちょうど。,success,車で帰ってくる時にちょうど。,True,14,14,0
,027_rcc_13595865_20260714090000_seg_01786,027_rcc_13595865_20260714090000,SPEAKER_01,8960.24,8960.8,0.56,success,あんたが。,success,あんたが。,True,5,5,0
,027_rcc_13595865_20260714090000_seg_01787,027_rcc_13595865_20260714090000,SPEAKER_00,8960.8,8961.76,0.96,success,男と歩いたみたいな。,success,男と歩いた道。,False,10,7,-3
,027_rcc_13595865_20260714090000_seg_01788,027_rcc_13595865_20260714090000,SPEAKER_01,8963.52,8964.64,1.12,success,男としゃべってんの見たよ。,success,男としゃべってんの見たよ。,True,13,13,0
,027_rcc_13595865_20260714090000_seg_01789,027_rcc_13595865_20260714090000,SPEAKER_00,8964.72,8965.28,0.56,success,ああ。,success,ああ。,True,3,3,0
,027_rcc_13595865_20260714090000_seg_01790,027_rcc_13595865_20260714090000,SPEAKER_00,8967.52,8968.72,1.2,success,じゃあちょっと窓開けて。,success,じゃあちょっと窓開けて。,True,12,12,0
,027_rcc_13595865_20260714090000_seg_01791,027_rcc_13595865_20260714090000,SPEAKER_00,8974.48,8977.100195,2.62,success,なりそうなとき。,success,なりそうなとき。,True,8,8,0
,027_rcc_13595865_20260714090000_seg_01792,027_rcc_13595865_20260714090000,SPEAKER_01,8980.48,8981.28,0.8,success,愛知が嫌だ。,success,あいつが嫌だ。,False,6,7,1
,027_rcc_13595865_20260714090000_seg_01793,027_rcc_13595865_20260714090000,SPEAKER_00,8986.48,8988.72,2.24,success,ふと2人の周りを車がぐるぐる。,success,と2人の周りを車が来るんですよ。,False,15,16,1
,027_rcc_13595865_20260714090000_seg_01794,027_rcc_13595865_20260714090000,SPEAKER_00,8989.12,8990.8,1.68,success,ぐるぐるぐるぐる回って。,success,ぐるぐるぐるぐる回って。,True,12,12,0
,027_rcc_13595865_20260714090000_seg_01795,027_rcc_13595865_20260714090000,SPEAKER_01,8993.2,8994.8,1.6,success,母さんって、私、すっごい嫌なんですけど。,success,お母さん?って言われて、すっごい嫌なんですけど。,False,20,24,4
,027_rcc_13595865_20260714090000_seg_01796,027_rcc_13595865_20260714090000,SPEAKER_00,8995.2,8996.88,1.68,success,ずっと応援歌歌ってるんだけど。,success,ずっと応援歌を歌ってるんだけど。,False,15,16,1
,027_rcc_13595865_20260714090000_seg_01797,027_rcc_13595865_20260714090000,SPEAKER_01,8997.76,8999.2,1.44,success,何に対して応援してんの?,success,何に対して応援してんの?,True,12,12,0
,027_rcc_13595865_20260714090000_seg_01798,027_rcc_13595865_20260714090000,SPEAKER_00,8999.28,9000.24,0.96,success,本当さ!,success,本当さ!,True,4,4,0
,027_rcc_13595865_20260714090000_seg_01799,027_rcc_13595865_20260714090000,SPEAKER_00,9005.76,9006.380469,0.62,success,腹減ってくる。,success,腹減ってく。,False,7,6,-1
,027_rcc_13595865_20260714090000_seg_01800,027_rcc_13595865_20260714090000,SPEAKER_00,9011.44,9016.940039,5.5,success,だけを見てもあんた何か食べて帰ってきたやろっていやなんも食べちょらへん。,success,だけを見てもあんた何か食べて帰ってきたやろって人間なんも食べちょらへん。,False,36,36,0
,027_rcc_13595865_20260714090000_seg_01801,027_rcc_13595865_20260714090000,SPEAKER_00,9020.08,9021.28,1.2,success,離れ食べ物かって。,success,まだ食べ物だって。,False,9,9,0
,027_rcc_13595865_20260714090000_seg_01802,027_rcc_13595865_20260714090000,SPEAKER_00,9022.24,9024.4,2.16,success,案の定たこ焼き食ってたりとかさ。,success,案の定たこ焼き食ってたりとかさ。,True,16,16,0
,027_rcc_13595865_20260714090000_seg_01803,027_rcc_13595865_20260714090000,SPEAKER_00,9025.2,9026.4,1.2,success,すぐ分かってたよね。,success,すぐ分かってたよね。,True,10,10,0
,027_rcc_13595865_20260714090000_seg_01804,027_rcc_13595865_20260714090000,SPEAKER_00,9028.4,9031.04,2.64,success,その割におやじの浮気には気付かないみたいな。,success,その割におやじの浮気には気付かないみたいな。,True,22,22,0
,027_rcc_13595865_20260714090000_seg_01805,027_rcc_13595865_20260714090000,SPEAKER_00,9031.36,9032.300391,0.94,success,なんて!,success,なんで!,False,4,4,0
,027_rcc_13595865_20260714090000_seg_01806,027_rcc_13595865_20260714090000,SPEAKER_02,9034.48,9035.180273,0.7,success,エスカ!,success,エスカ!,True,4,4,0
,027_rcc_13595865_20260714090000_seg_01807,027_rcc_13595865_20260714090000,SPEAKER_02,9037.04,9038.16,1.12,success,見逃してるだけで。,success,見逃してるだけで。,True,9,9,0
,027_rcc_13595865_20260714090000_seg_01808,027_rcc_13595865_20260714090000,SPEAKER_00,9038.16,9039.36,1.2,success,かっさらしいよね。,success,とっさらしいよね。,False,9,9,0
,027_rcc_13595865_20260714090000_seg_01809,027_rcc_13595865_20260714090000,SPEAKER_02,9048.4,9049.100195,0.7,success,するのがしん。,success,振るのが新作。,False,7,7,0
,027_rcc_13595865_20260714090000_seg_01810,027_rcc_13595865_20260714090000,SPEAKER_02,9050.32,9051.500098,1.18,success,心中の試合を見た。,success,心中の試合を見た。,True,9,9,0
,027_rcc_13595865_20260714090000_seg_01811,027_rcc_13595865_20260714090000,SPEAKER_02,9052.660059,9056.300391,3.64,success,高校でも一生懸命スタンドから応援する姿を見せていました。,success,高校でも一生懸命スタンドから応援する姿を見せてきました。,False,28,28,0
,027_rcc_13595865_20260714090000_seg_01812,027_rcc_13595865_20260714090000,SPEAKER_02,9059.52,9060.140234,0.62,success,ぜんさまさま様。,success,御前様様。,False,8,5,-3
,027_rcc_13595865_20260714090000_seg_01813,027_rcc_13595865_20260714090000,SPEAKER_00,9068.4,9069.04,0.64,success,本当!,success,本当!?,False,3,4,1
,027_rcc_13595865_20260714090000_seg_01814,027_rcc_13595865_20260714090000,SPEAKER_01,9069.04,9070.08,1.04,success,楽しみです、そうなんだ。,success,楽しみでそうなんだ!,False,12,10,-2
,027_rcc_13595865_20260714090000_seg_01815,027_rcc_13595865_20260714090000,SPEAKER_00,9072.4,9074.8,2.4,success,もうね、弱くなってどうしようもならなかったのよ。,success,もうね弱くなってどうしようもならなかったのよ。,False,24,23,-1
,027_rcc_13595865_20260714090000_seg_01816,027_rcc_13595865_20260714090000,SPEAKER_02,9074.88,9075.68,0.8,success,あっそうなんですか?,success,あっそうなんですか?,True,10,10,0
,027_rcc_13595865_20260714090000_seg_01817,027_rcc_13595865_20260714090000,SPEAKER_00,9075.76,9076.96,1.2,success,俺たち男子校だったの。,success,俺らの時男子校だったの?,False,11,12,1
,027_rcc_13595865_20260714090000_seg_01818,027_rcc_13595865_20260714090000,SPEAKER_00,9077.76,9079.04,1.28,success,それが共学になったの。,success,でそれが驚がくになったの。,False,11,13,2
,027_rcc_13595865_20260714090000_seg_01819,027_rcc_13595865_20260714090000,SPEAKER_00,9079.6,9082.220312,2.62,success,そこからもうみんな女の子にメロンメロンになって。,success,そっからもうみんな女の子にメロンメロンになって。,False,24,24,0
,027_rcc_13595865_20260714090000_seg_01820,027_rcc_13595865_20260714090000,SPEAKER_00,9084.16,9085.92,1.76,success,全然ダメでさ。,success,全然ダメでさ。,True,7,7,0
,027_rcc_13595865_20260714090000_seg_01821,027_rcc_13595865_20260714090000,SPEAKER_01,9086.16,9087.92,1.76,success,それが理由かは分かりませんけど。,success,それが理由かは分かりませんけど。,True,16,16,0
,027_rcc_13595865_20260714090000_seg_01822,027_rcc_13595865_20260714090000,SPEAKER_01,9088.88,9089.68,0.8,success,あっ、そうなんですか。,success,あっそうなんですか?,False,11,10,-1
,027_rcc_13595865_20260714090000_seg_01823,027_rcc_13595865_20260714090000,SPEAKER_00,9093.52,9098.48,4.96,success,だってワールドカップっていったら大したことでしょだって日本も行けなかったぐらいのことでしょワールドカップだったら。,success,だってワールドカップっていったら大したことですよだって日本も行けなかったぐらいのことでしょワールドカップだったら。,False,57,57,0
,027_rcc_13595865_20260714090000_seg_01824,027_rcc_13595865_20260714090000,SPEAKER_00,9100.72,9101.420508,0.701,success,ベスト。,success,ベスト。,True,4,4,0
,027_rcc_13595865_20260714090000_seg_01825,027_rcc_13595865_20260714090000,SPEAKER_00,9105.04,9106.220312,1.18,success,論文とかにガンガン。,success,文とかにガンガン。,False,10,9,-1
,027_rcc_13595865_20260714090000_seg_01826,027_rcc_13595865_20260714090000,SPEAKER_01,9107.92,9108.64,0.72,success,とてですよ。,success,とてですよ。,True,6,6,0
,027_rcc_13595865_20260714090000_seg_01827,027_rcc_13595865_20260714090000,SPEAKER_00,9109.12,9109.68,0.56,success,もうもう。,success,桃。,False,5,2,-3
,027_rcc_13595865_20260714090000_seg_01828,027_rcc_13595865_20260714090000,SPEAKER_01,9115.12,9116.300391,1.18,success,頑張ってる姿見たら。,success,頑張ってる姿見たら。,True,10,10,0
,027_rcc_13595865_20260714090000_seg_01829,027_rcc_13595865_20260714090000,SPEAKER_01,9117.52,9118.220312,0.7,success,ないことももらえます。,success,舞妓でももらい。,False,11,8,-3
,027_rcc_13595865_20260714090000_seg_01830,027_rcc_13595865_20260714090000,SPEAKER_00,9121.84,9123.44,1.6,success,緩やかな嫉妬があって、高校生に。,success,緩やかな嫉妬があって高校生に。,False,16,15,-1
,027_rcc_13595865_20260714090000_seg_01831,027_rcc_13595865_20260714090000,SPEAKER_01,9124.72,9125.420508,0.701,success,高校生に?,success,高校生に?,True,5,5,0
,027_rcc_13595865_20260714090000_seg_01832,027_rcc_13595865_20260714090000,SPEAKER_00,9127.12,9129.2,2.08,success,国体の1回戦からこいつはテレビで見に来るの?とか。,success,特待生の1回戦からこいつはテレビで見てるの?とか。,False,25,25,0
,027_rcc_13595865_20260714090000_seg_01833,027_rcc_13595865_20260714090000,SPEAKER_00,9130.32,9131.180273,0.86,success,見せるほどでもねえ。,success,見せるほどでもねえ。,True,10,10,0
,027_rcc_13595865_20260714090000_seg_01834,027_rcc_13595865_20260714090000,SPEAKER_00,9136.72,9137.76,1.04,success,解説の中。,success,解説の中。,True,5,5,0
,027_rcc_13595865_20260714090000_seg_01835,027_rcc_13595865_20260714090000,SPEAKER_00,9140.56,9142.56,2.0,success,お前、見たことねえだろ、この練習とか。,success,お前見たことねえだろこの練習とか。,False,19,17,-2
,027_rcc_13595865_20260714090000_seg_01836,027_rcc_13595865_20260714090000,SPEAKER_01,9147.92,9148.64,0.72,success,まあそうですね。,success,まあそうですな。,False,8,8,0
,027_rcc_13595865_20260714090000_seg_01837,027_rcc_13595865_20260714090000,SPEAKER_00,9148.72,9150.380469,1.66,success,ええそのまやかしみたいなのいっぱい。,success,aそのまやかしみたいなのいっぱいある。,False,18,19,1
,027_rcc_13595865_20260714090000_seg_01838,027_rcc_13595865_20260714090000,SPEAKER_00,9151.6,9152.300391,0.7,success,うちは強かった。,success,うちは強かった。,True,8,8,0
,027_rcc_13595865_20260714090000_seg_01839,027_rcc_13595865_20260714090000,SPEAKER_00,9156.88,9158.060156,1.18,success,不登校だったりもしたからさ。,success,不登校だったりもしたからさ。,True,14,14,0
,027_rcc_13595865_20260714090000_seg_01840,027_rcc_13595865_20260714090000,SPEAKER_00,9159.84,9160.460059,0.62,success,だけど。,success,だけど。,True,4,4,0
,027_rcc_13595865_20260714090000_seg_01841,027_rcc_13595865_20260714090000,SPEAKER_00,9161.68,9162.860449,1.18,success,取材来てないよね?とか。,success,取材来てないよね?とか。,True,12,12,0
,027_rcc_13595865_20260714090000_seg_01842,027_rcc_13595865_20260714090000,SPEAKER_00,9165.52,9176.48,10.96,success,地区大会とかの今までのデータだけを打率が何割だからとか防御率がこのぐらいだからとかっていうのを見て総合判断してるだけで。,success,地区大会とかの今までのデータだけを打率が何割だからとか防御率がこのぐらいだからとかっていうのを見て総合判断してるだけで。,True,60,60,0
,027_rcc_13595865_20260714090000_seg_01843,027_rcc_13595865_20260714090000,SPEAKER_00,9176.88,9188.88,12.0,success,全然見に来てねえじゃんとかって思ってたからそのくせumkとかmrtとかさ地元のテレビ局とかがさ何か優勝候補の日向学院高校にいやお前らなんか来たことねえバカとかって思いながら。,success,全然見に来てねえじゃんとかって思ってたからそのくせumkとかmrtとかさ地元のテレビ局とかがさ何か優勝候補の日向学院高校にいやお前らなんか来たことねえバカとかって思いながら。,True,87,87,0
,027_rcc_13595865_20260714090000_seg_01844,027_rcc_13595865_20260714090000,SPEAKER_01,9190.48,9191.68,1.2,success,そんな子どもながら。,success,そんな子どもながら。,True,10,10,0
,027_rcc_13595865_20260714090000_seg_01845,027_rcc_13595865_20260714090000,SPEAKER_00,9191.84,9205.76,13.92,success,いいやって高校生だってさ甲子園出て何するかっていったら自分がバッターボックスに入った時自分の名前出るじゃんバットタイミングを取ってるふりして1回だけ指さすとか自分の名前が出る時絶対やろうなとかって言いながら。,success,いいやん、高校生だってさ、甲子園出て何するかっていったら、自分がバッターボックスに入ったとき、自分の名前出るじゃん、なんかバット、タイミングを取ってるふりして1回だけ指さすとか、自分の名前が出る時、絶対やろうなとかって言いながら。,False,104,115,11
,027_rcc_13595865_20260714090000_seg_01846,027_rcc_13595865_20260714090000,SPEAKER_00,9208.56,9209.68,1.12,success,いっつも思うけど。,success,いっつも思うけど。,True,9,9,0
,027_rcc_13595865_20260714090000_seg_01847,027_rcc_13595865_20260714090000,SPEAKER_00,9210.4,9215.2,4.8,success,高校野球は、特に甲子園は、負けたチームに校歌を歌わせよう。,success,高校野球は特に甲子園は負けたチームに校歌を歌わせよう。,False,29,27,-2
,027_rcc_13595865_20260714090000_seg_01848,027_rcc_13595865_20260714090000,SPEAKER_00,9216.08,9217.76,1.68,success,全部の学校が校歌を歌える。,success,全部の学校が校歌を歌える。,True,13,13,0
,027_rcc_13595865_20260714090000_seg_01849,027_rcc_13595865_20260714090000,SPEAKER_00,9219.6,9222.8,3.2,success,で最後優勝したチームが改めて1曲どうぞ。,success,で最後優勝したチームが改めて1曲どうぞ。,True,20,20,0
,027_rcc_13595865_20260714090000_seg_01850,027_rcc_13595865_20260714090000,SPEAKER_01,9224.16,9224.88,0.72,success,本当です!,success,本当です!,True,5,5,0
,027_rcc_13595865_20260714090000_seg_01851,027_rcc_13595865_20260714090000,SPEAKER_01,9225.28,9226.24,0.96,success,それがいい。,success,それがいい!,False,6,6,0
,027_rcc_13595865_20260714090000_seg_01852,027_rcc_13595865_20260714090000,SPEAKER_00,9227.12,9230.88,3.76,success,チームの優勝校とかも含めて何回も聞かされるじゃん。,success,チームの優勝校とかも含めて何回も聞かされるじゃん。,True,25,25,0
,027_rcc_13595865_20260714090000_seg_01853,027_rcc_13595865_20260714090000,SPEAKER_00,9231.36,9234.4,3.04,success,そしたら負けたチームに歌わせてあげたらいいじゃんと思って。,success,そしたら負けたチームに歌わせてあげたらいいじゃんと思って。,True,29,29,0
,027_rcc_13595865_20260714090000_seg_01854,027_rcc_13595865_20260714090000,SPEAKER_00,9235.12,9237.28,2.16,success,日本レコード大賞新人賞みたいな。,success,日本レコード大賞新人賞みたいなの。,False,16,17,1
,027_rcc_13595865_20260714090000_seg_01855,027_rcc_13595865_20260714090000,SPEAKER_01,9239.52,9240.24,0.72,success,本当ですね。,success,本当ですね。,True,6,6,0
,027_rcc_13595865_20260714090000_seg_01856,027_rcc_13595865_20260714090000,SPEAKER_01,9240.56,9242.08,1.52,success,で、砂集めて。,success,で砂集めて。,False,7,6,-1
,027_rcc_13595865_20260714090000_seg_01857,027_rcc_13595865_20260714090000,SPEAKER_01,9242.96,9243.76,0.8,success,よってカメラが。,success,よってカメラが。,True,8,8,0
,027_rcc_13595865_20260714090000_seg_01858,027_rcc_13595865_20260714090000,SPEAKER_01,9244.16,9244.88,0.72,success,うん印象的。,success,うん印象的。,True,6,6,0
,027_rcc_13595865_20260714090000_seg_01859,027_rcc_13595865_20260714090000,SPEAKER_00,9246.32,9248.72,2.4,success,砂勝手に持って帰ってますけど大丈夫ですか?とか。,success,砂勝手に持って帰ってますけど大丈夫ですか?とか。,True,24,24,0
,027_rcc_13595865_20260714090000_seg_01860,027_rcc_13595865_20260714090000,SPEAKER_01,9249.2,9249.92,0.72,success,いいんだよいいんだよ。,success,いいんだよいいんだよ。,True,11,11,0
,027_rcc_13595865_20260714090000_seg_01861,027_rcc_13595865_20260714090000,SPEAKER_00,9250.56,9251.76,1.2,success,泥棒じゃないですかみたいな。,success,泥棒じゃないですかみたいな。,True,14,14,0
,027_rcc_13595865_20260714090000_seg_01862,027_rcc_13595865_20260714090000,SPEAKER_00,9252.8,9254.48,1.68,success,許可取ってるんですかねとかって。,success,許可取ってるんですかね?とかって。,False,16,17,1
,027_rcc_13595865_20260714090000_seg_01863,027_rcc_13595865_20260714090000,SPEAKER_01,9254.64,9255.92,1.28,success,本当に知らない方。,success,本当に知らない方。,True,9,9,0
,027_rcc_13595865_20260714090000_seg_01864,027_rcc_13595865_20260714090000,SPEAKER_00,9259.2,9260.08,0.88,success,やった方がいいと思うのよ。,success,った方がいいと思うのよ。,False,13,12,-1
,027_rcc_13595865_20260714090000_seg_01865,027_rcc_13595865_20260714090000,SPEAKER_01,9260.08,9261.92,1.84,success,いやいいと思いますそうした方が。,success,いやいいと思いますそうした方が。,True,16,16,0
,027_rcc_13595865_20260714090000_seg_01866,027_rcc_13595865_20260714090000,SPEAKER_01,9262.16,9263.76,1.6,success,いろんな曲聴けるし。,success,いろんな曲聴けるし。,True,10,10,0
,027_rcc_13595865_20260714090000_seg_01867,027_rcc_13595865_20260714090000,SPEAKER_01,9264.16,9264.88,0.72,success,かっこうのね。,success,格好のね。,False,7,5,-2
,027_rcc_13595865_20260714090000_seg_01868,027_rcc_13595865_20260714090000,SPEAKER_00,9264.96,9268.48,3.52,success,だって今何かレゲエみたいな校歌の学校が。,success,だって今なんかレゲエみたいな校歌の学校が。,False,20,21,1
,027_rcc_13595865_20260714090000_seg_01869,027_rcc_13595865_20260714090000,SPEAKER_00,9269.44,9270.08,0.64,success,つるからね。,success,鶴からね。,False,6,5,-1
,027_rcc_13595865_20260714090000_seg_01870,027_rcc_13595865_20260714090000,SPEAKER_01,9270.16,9270.8,0.64,success,そうなんですか。,success,そうなんですか。,True,8,8,0
,027_rcc_13595865_20260714090000_seg_01871,027_rcc_13595865_20260714090000,SPEAKER_00,9271.04,9274.0,2.96,success,5位よ、もう昔のあんな雰囲気じゃないよ。,success,すごいよもう昔のあんな雰囲気ってないよ。,False,20,20,0
,027_rcc_13595865_20260714090000_seg_01872,027_rcc_13595865_20260714090000,SPEAKER_00,9275.28,9279.36,4.08,success,おーい、イエーイ!みたいなのが、本当、すごいのがあるよ。,success,おーいイエーイみたいなのが本当すごいのがあるよ。,False,28,24,-4
,027_rcc_13595865_20260714090000_seg_01873,027_rcc_13595865_20260714090000,SPEAKER_00,9279.84,9283.6,3.76,success,どっか去年かおととしか甲子園出た学校の。,success,どっか去年かおととしか甲子園出た学校の。,True,20,20,0
,027_rcc_13595865_20260714090000_seg_01874,027_rcc_13595865_20260714090000,SPEAKER_00,9284.08,9286.88,2.8,success,その効果がレゲエだっていうのでむちゃくちゃ話題になったよ。,success,その校歌がレゲエだっていうのでむちゃくちゃ話題になったよ。,False,29,29,0
,027_rcc_13595865_20260714090000_seg_01875,027_rcc_13595865_20260714090000,SPEAKER_01,9288.64,9290.08,1.44,success,じゃあ勝って歌えたってことですか?,success,じゃあ勝って歌えたってことですか?,True,17,17,0
,027_rcc_13595865_20260714090000_seg_01876,027_rcc_13595865_20260714090000,SPEAKER_01,9292.64,9295.68,3.04,success,私の高校でもね掛け合いがあったりするから。,success,私の高校でもね掛け合いがあったりするから。,True,21,21,0
,027_rcc_13595865_20260714090000_seg_01877,027_rcc_13595865_20260714090000,SPEAKER_01,9296.88,9297.68,0.8,success,お弟子さん。,success,お弟子さん。,True,6,6,0
,027_rcc_13595865_20260714090000_seg_01878,027_rcc_13595865_20260714090000,SPEAKER_00,9297.76,9298.56,0.8,success,うん。,success,ああ。,False,3,3,0
,027_rcc_13595865_20260714090000_seg_01879,027_rcc_13595865_20260714090000,SPEAKER_00,9299.52,9300.32,0.8,success,貸して。,success,合宿って?,False,4,5,1
,027_rcc_13595865_20260714090000_seg_01880,027_rcc_13595865_20260714090000,SPEAKER_00,9300.72,9303.12,2.4,success,もしかしてみたいなことでしょ?,success,もしかしてみたいなことでしょ?,True,15,15,0
,027_rcc_13595865_20260714090000_seg_01881,027_rcc_13595865_20260714090000,SPEAKER_00,9304.56,9307.52,2.96,success,血のほかにも誰か。,success,血の他にも誰か。,False,9,8,-1
,027_rcc_13595865_20260714090000_seg_01882,027_rcc_13595865_20260714090000,SPEAKER_00,9307.92,9311.36,3.44,success,いい人がいるのなら。,success,いい人がいるのなら。,True,10,10,0
,027_rcc_13595865_20260714090000_seg_01883,027_rcc_13595865_20260714090000,SPEAKER_00,9312.0,9315.92,3.92,success,何とかかんとか何とかよはい!,success,何とかかんとか何とかよはい!,True,14,14,0
,027_rcc_13595865_20260714090000_seg_01884,027_rcc_13595865_20260714090000,SPEAKER_01,9319.2,9319.76,0.56,success,リングが遅かった!,success,天狗が遅かった!,False,9,8,-1
,027_rcc_13595865_20260714090000_seg_01885,027_rcc_13595865_20260714090000,SPEAKER_00,9320.0,9322.4,2.4,success,ごめんなさい、あのね、歌詞が全然分からない。,success,ごめんなさいあのね歌詞が全然分かんない。,False,22,20,-2
,027_rcc_13595865_20260714090000_seg_01886,027_rcc_13595865_20260714090000,SPEAKER_00,9323.6,9324.96,1.36,success,もしかしてしか出てこない。,success,もしかしてしか出てこない。,True,13,13,0
,027_rcc_13595865_20260714090000_seg_01887,027_rcc_13595865_20260714090000,SPEAKER_00,9326.0,9327.28,1.28,success,全然出てこない。,success,全然出てこない。,True,8,8,0
,027_rcc_13595865_20260714090000_seg_01888,027_rcc_13595865_20260714090000,SPEAKER_01,9327.52,9328.8,1.28,success,もしかして何なんだろうって。,success,もしかして何なんだろうってすごい。,False,14,17,3
,027_rcc_13595865_20260714090000_seg_01889,027_rcc_13595865_20260714090000,SPEAKER_01,9332.32,9334.8,2.48,success,そんな恋愛の曲ではない。,success,そんな恋愛の曲ではない。,True,12,12,0
,027_rcc_13595865_20260714090000_seg_01890,027_rcc_13595865_20260714090000,SPEAKER_01,9335.84,9336.72,0.88,success,というやつです。,success,こういうやつです。,False,8,9,1
,027_rcc_13595865_20260714090000_seg_01891,027_rcc_13595865_20260714090000,SPEAKER_01,9337.92,9340.64,2.72,success,はいはいはいそうなんとか学校何とか学校。,success,はいはいはいそうなんとか学校何とか学校。,True,20,20,0
,027_rcc_13595865_20260714090000_seg_01892,027_rcc_13595865_20260714090000,SPEAKER_01,9341.2,9341.92,0.72,success,上からハモるみたいな。,success,上からハモるみたいな。,True,11,11,0
,027_rcc_13595865_20260714090000_seg_01893,027_rcc_13595865_20260714090000,SPEAKER_00,9343.04,9343.84,0.8,success,学校。,success,学校。,True,3,3,0
,027_rcc_13595865_20260714090000_seg_01894,027_rcc_13595865_20260714090000,SPEAKER_01,9346.32,9348.8,2.48,success,飽きたらさあるかもしれない。,success,秋田ですそれ飽きたらさあるかもしれない。,False,14,20,6
,027_rcc_13595865_20260714090000_seg_01895,027_rcc_13595865_20260714090000,SPEAKER_00,9349.12,9354.64,5.52,success,いけ!なんていう高校だろう漬物高校みたいな何かいぶりがっこみたいな。,success,いけ!なんていう高校だろう漬物高校みたいな何かいぶりがっこみたいな。,True,34,34,0
,027_rcc_13595865_20260714090000_seg_01896,027_rcc_13595865_20260714090000,SPEAKER_00,9356.32,9358.24,1.92,success,いぶりがっこみたいな。,success,学校いぶりがっこみたいな。,False,11,13,2
,027_rcc_13595865_20260714090000_seg_01897,027_rcc_13595865_20260714090000,SPEAKER_01,9359.04,9360.0,0.96,success,甲子園で聴いてみたいです。,success,甲子園で聴いてみたいです。,True,13,13,0
,027_rcc_13595865_20260714090000_seg_01898,027_rcc_13595865_20260714090000,SPEAKER_00,9361.68,9362.88,1.2,success,ということで今週は。,success,ということで今週は。,True,10,10,0
,027_rcc_13595865_20260714090000_seg_01899,027_rcc_13595865_20260714090000,SPEAKER_00,9363.68,9367.04,3.36,success,ザ応援でお待ちしています。,success,さあ応援でお待ちしています。,False,13,14,1
,027_rcc_13595865_20260714090000_seg_01900,027_rcc_13595865_20260714090000,SPEAKER_00,9368.0,9370.0,2.0,success,jelで働く人は。,success,jelで働く人は。,True,9,9,0
,027_rcc_13595865_20260714090000_seg_01901,027_rcc_13595865_20260714090000,SPEAKER_00,9370.48,9373.68,3.2,success,人生も仕事も一生懸命な人。,success,人生も仕事も一生懸命な人。,True,13,13,0
,027_rcc_13595865_20260714090000_seg_01902,027_rcc_13595865_20260714090000,SPEAKER_00,9374.56,9381.52,6.96,success,類を見ない福利厚生、教育支援、ハワイ旅行など、jeaのロボットで世界を見ませんか?,success,類を見ない福利厚生教育支援ハワイ旅行などjeaのロボットで世界を見ませんか?,False,41,38,-3
,027_rcc_13595865_20260714090000_seg_01903,027_rcc_13595865_20260714090000,SPEAKER_00,9382.16,9387.28,5.12,success,デュッシーサワエミテーション2jイヤーフィーマスラバットマンファクトラ。,success,デッシーサワエブテーションtojeyodaffeemsラバットマンファクトラー。,False,36,40,4
,027_rcc_13595865_20260714090000_seg_01904,027_rcc_13595865_20260714090000,SPEAKER_02,9389.2,9395.92,6.72,success,午前様会議その2このコーナーは株式会社jelの提供でお送りしました。,success,午前様会議その2このコーナーは株式会社jelの提供でお送りしました。,True,34,34,0
,027_rcc_13595865_20260714090000_seg_01905,027_rcc_13595865_20260714090000,SPEAKER_01,9418.48,9421.100195,2.62,success,テレビ番組で無人島サバイバルに挑戦し続けた。,success,テレビ番組で無人島サバイバルに挑戦し続けた。,True,22,22,0
,027_rcc_13595865_20260714090000_seg_01906,027_rcc_13595865_20260714090000,SPEAKER_01,9422.32,9423.980078,1.66,success,キレン熱血授業今。,success,駅伝熱血授業インポーズ。,False,9,12,3
,027_rcc_13595865_20260714090000_seg_01907,027_rcc_13595865_20260714090000,SPEAKER_01,9429.04,9429.740332,0.7,success,から学んだ。,success,から学んだ。,True,6,6,0
,027_rcc_13595865_20260714090000_seg_01908,027_rcc_13595865_20260714090000,SPEAKER_00,9450.16,9451.2,1.04,success,ブー。,success,ブー!,False,3,3,0
,027_rcc_13595865_20260714090000_seg_01909,027_rcc_13595865_20260714090000,SPEAKER_02,9451.36,9454.220312,2.86,success,番組からヒット商品を生み出していこうというコーナー。,success,番組からヒット商品を生み出していこうというコーナー。,True,26,26,0
,027_rcc_13595865_20260714090000_seg_01910,027_rcc_13595865_20260714090000,SPEAKER_02,9459.76,9460.460059,0.7,success,ぼくかえてもらった。,success,変えてもらった!,False,10,8,-2
,027_rcc_13595865_20260714090000_seg_01911,027_rcc_13595865_20260714090000,SPEAKER_02,9461.68,9465.260352,3.58,success,名曲ゴーストライターです。,success,名曲ゴーストライターです。,True,13,13,0
,027_rcc_13595865_20260714090000_seg_01912,027_rcc_13595865_20260714090000,SPEAKER_00,9466.48,9468.140234,1.66,success,皆さんに歌詞を考えてもらいます。,success,皆さんに歌詞を考えてもらいたい。,False,16,16,0
,027_rcc_13595865_20260714090000_seg_01913,027_rcc_13595865_20260714090000,SPEAKER_02,9482.32,9484.460059,2.14,success,1992年リリースの1曲。,success,1992年リリースの1曲。,True,13,13,0
,027_rcc_13595865_20260714090000_seg_01914,027_rcc_13595865_20260714090000,SPEAKER_02,9486.16,9486.860449,0.7,success,ラマラス。,success,ラマラス。,True,5,5,0
,027_rcc_13595865_20260714090000_seg_01915,027_rcc_13595865_20260714090000,SPEAKER_02,9488.08,9488.780371,0.7,success,血が隠された。,success,血が隠された!,False,7,7,0
,027_rcc_13595865_20260714090000_seg_01916,027_rcc_13595865_20260714090000,SPEAKER_02,9491.92,9492.620215,0.7,success,素直にならない。,success,素直にならない。,True,8,8,0
,027_rcc_13595865_20260714090000_seg_01917,027_rcc_13595865_20260714090000,SPEAKER_02,9493.84,9496.48,2.64,success,この部分に面白い歌詞を入れ込んでください。,success,この部分に面白い歌詞を入れ込んでください。,True,21,21,0
,027_rcc_13595865_20260714090000_seg_01918,027_rcc_13595865_20260714090000,SPEAKER_00,9496.56,9500.780371,4.22,success,ということで今日もたくさんのバカバカしいネタの数々が届いています早速。,success,ということで今日もたくさんのバカバカしいネタの数々が届いています早速。,True,35,35,0
,027_rcc_13595865_20260714090000_seg_01919,027_rcc_13595865_20260714090000,SPEAKER_00,9502.4,9505.52,3.12,success,ラジオネーム三原の丸腰刑事。,success,ラジオネーム三原の丸腰刑事。,True,14,14,0
,027_rcc_13595865_20260714090000_seg_01920,027_rcc_13595865_20260714090000,SPEAKER_00,9511.54043,9513.260352,1.72,success,おやじもじいちゃんもね、はげとるけん。,success,おやじもじいちゃんもねハゲとるけん。,False,19,18,-1
,027_rcc_13595865_20260714090000_seg_01921,027_rcc_13595865_20260714090000,SPEAKER_00,9524.64,9525.260352,0.62,success,引き継がれる。,success,引き継がれる。,True,7,7,0
,027_rcc_13595865_20260714090000_seg_01922,027_rcc_13595865_20260714090000,SPEAKER_01,9527.44,9528.140234,0.7,success,解いたほうがいいんです。,success,ほっといた方がいいんです。,False,12,13,1
,027_rcc_13595865_20260714090000_seg_01923,027_rcc_13595865_20260714090000,SPEAKER_00,9529.36,9532.08,2.72,success,そりゃそうでしょ、ハゲハゲ詐欺みたいになるわけでしょ。,success,そりゃそうでしょハゲハゲ詐欺みたいになるわけでしょ。,False,27,26,-1
,027_rcc_13595865_20260714090000_seg_01924,027_rcc_13595865_20260714090000,SPEAKER_01,9533.52,9534.32,0.8,success,詐欺詐欺ですか?,success,詐欺詐欺ですか?,True,8,8,0
,027_rcc_13595865_20260714090000_seg_01925,027_rcc_13595865_20260714090000,SPEAKER_00,9535.28,9537.6,2.32,success,でもね女の人もデブデブ詐欺みたいな事あった。,success,でもね女の人もデブデブ詐欺みたいなことあったりする。,False,22,26,4
,027_rcc_13595865_20260714090000_seg_01926,027_rcc_13595865_20260714090000,SPEAKER_01,9538.16,9539.12,0.96,success,そうですね。,success,そうですね。,True,6,6,0
,027_rcc_13595865_20260714090000_seg_01927,027_rcc_13595865_20260714090000,SPEAKER_01,9539.36,9540.4,1.04,success,写真とかで。,success,写真とかで。,True,6,6,0
,027_rcc_13595865_20260714090000_seg_01928,027_rcc_13595865_20260714090000,SPEAKER_01,9540.96,9541.6,0.64,success,ボードでもかっこ。,success,ボディー今過保護。,False,9,9,0
,027_rcc_13595865_20260714090000_seg_01929,027_rcc_13595865_20260714090000,SPEAKER_00,9542.08,9551.84,9.76,success,この人が新郎でこの人が新婦であなたとあなたって時が両方もう面影ゼロみたいな。,success,この人が新郎でこの人が新婦であなたとあなたって時が両方もう面影ゼロみたいな。,True,38,38,0
,027_rcc_13595865_20260714090000_seg_01930,027_rcc_13595865_20260714090000,SPEAKER_01,9552.72,9554.4,1.68,success,幸せ太りなんだろうな。,success,幸せ太りなんだろうなって。,False,11,13,2
,027_rcc_13595865_20260714090000_seg_01931,027_rcc_13595865_20260714090000,SPEAKER_00,9555.44,9558.8,3.36,success,太った人せいって言われるじゃん幸せハゲとかないわけじゃん。,success,太った人せいって言われるじゃん幸せハゲとかないわけじゃん。,True,29,29,0
,027_rcc_13595865_20260714090000_seg_01932,027_rcc_13595865_20260714090000,SPEAKER_01,9560.96,9561.68,0.72,success,ストレスかな?,success,ストレスかなって思ってます。,False,7,14,7
,027_rcc_13595865_20260714090000_seg_01933,027_rcc_13595865_20260714090000,SPEAKER_00,9562.16,9565.36,3.2,success,不幸ハゲはあるかもしれないけど幸せハゲじゃんって。,success,不幸ハゲはあるかもしれないけど幸せハゲじゃんって。,True,25,25,0
,027_rcc_13595865_20260714090000_seg_01934,027_rcc_13595865_20260714090000,SPEAKER_00,9566.32,9567.2,0.88,success,太りは言われるじゃん。,success,太りは言われるじゃん。,True,11,11,0
,027_rcc_13595865_20260714090000_seg_01935,027_rcc_13595865_20260714090000,SPEAKER_01,9567.28,9570.0,2.72,success,言われますね、そういう確かにことばはない。,success,言われますねそういう確かに言葉はない。,False,21,19,-2
,027_rcc_13595865_20260714090000_seg_01936,027_rcc_13595865_20260714090000,SPEAKER_00,9571.04,9576.64,5.6,success,太ることに関してはさ本人が食べたことによるものが大きい。,success,太ることに関してはさ本人が食べたことによるものが大きい。,True,28,28,0
,027_rcc_13595865_20260714090000_seg_01937,027_rcc_13595865_20260714090000,SPEAKER_00,9577.68,9578.56,0.88,success,ハゲるのは。,success,ハゲるのは。,True,6,6,0
,027_rcc_13595865_20260714090000_seg_01938,027_rcc_13595865_20260714090000,SPEAKER_00,9579.52,9580.4,0.88,success,親のせい。,success,親のせい。,True,5,5,0
,027_rcc_13595865_20260714090000_seg_01939,027_rcc_13595865_20260714090000,SPEAKER_01,9582.48,9584.0,1.52,success,いわゆる自分が何かしたっていうわけ。,success,自分が何かしたっていうわけ。,False,18,14,-4
,027_rcc_13595865_20260714090000_seg_01940,027_rcc_13595865_20260714090000,SPEAKER_01,9584.48,9585.2,0.72,success,ってないから。,success,えっないから。,False,7,7,0
,027_rcc_13595865_20260714090000_seg_01941,027_rcc_13595865_20260714090000,SPEAKER_00,9586.16,9589.76,3.6,success,相手に対する憤りがあるよね、何をしたって思う。,success,絵に対する憤りがあるよね、何をしたって思う。,False,23,22,-1
,027_rcc_13595865_20260714090000_seg_01942,027_rcc_13595865_20260714090000,SPEAKER_01,9591.12,9591.92,0.8,success,ああ、まあ、そっか。,success,ああまあそうか。,False,10,8,-2
,027_rcc_13595865_20260714090000_seg_01943,027_rcc_13595865_20260714090000,SPEAKER_00,9591.92,9594.24,2.32,success,選ばれし者になってしまったということよね。,success,まあ選ばれし者になってしまったってことよね。,False,21,22,1
,027_rcc_13595865_20260714090000_seg_01944,027_rcc_13595865_20260714090000,SPEAKER_01,9594.32,9595.12,0.8,success,ああ、そうですね。,success,まあそうですね。,False,9,8,-1
,027_rcc_13595865_20260714090000_seg_01945,027_rcc_13595865_20260714090000,SPEAKER_01,9595.6,9597.04,1.44,success,光栄だとは思えない。,success,光栄だとは思えない。,True,10,10,0
,027_rcc_13595865_20260714090000_seg_01946,027_rcc_13595865_20260714090000,SPEAKER_00,9598.96,9604.48,5.52,success,なんで日本はさ、ハゲたかっこいい人とかいないんだろうね、外国はいっぱいいるじゃない。,success,何で日本はさハゲたかっこいい人とかいないんだろうね。外国はいっぱいいるじゃない。,False,42,40,-2
,027_rcc_13595865_20260714090000_seg_01947,027_rcc_13595865_20260714090000,SPEAKER_00,9605.52,9607.12,1.6,success,もう若いときからハゲてんのに。,success,もう若い時からハゲてんのにええ。,False,15,16,1
,027_rcc_13595865_20260714090000_seg_01948,027_rcc_13595865_20260714090000,SPEAKER_00,9607.44,9610.16,2.72,success,youtubeとかでもすごい人気がある人もいたりとかさ。,success,とかでもすごい人気がある人もいたりとかさ。,False,28,21,-7
,027_rcc_13595865_20260714090000_seg_01949,027_rcc_13595865_20260714090000,SPEAKER_00,9610.56,9612.72,2.16,success,それこそ王族とかもそうだったりするじゃん。,success,それこそ王族とかもそうだったりするじゃん。,True,21,21,0
,027_rcc_13595865_20260714090000_seg_01950,027_rcc_13595865_20260714090000,SPEAKER_00,9613.28,9616.4,3.12,success,みんなそうだったりするのに日本人はハゲた瞬間にハゲって言うとか。,success,みんなそうだったりするのに日本人はハゲた瞬間にハゲって言って。,False,32,31,-1
,027_rcc_13595865_20260714090000_seg_01951,027_rcc_13595865_20260714090000,SPEAKER_01,9618.4,9619.92,1.52,success,なんでこうね、隠さなきゃいけないの?,success,何でこうね隠さなきゃいけないの?,False,18,16,-2
,027_rcc_13595865_20260714090000_seg_01952,027_rcc_13595865_20260714090000,SPEAKER_01,9620.32,9621.52,1.2,success,困難になってしまう。,success,がんになってしまう。,False,10,10,0
,027_rcc_13595865_20260714090000_seg_01953,027_rcc_13595865_20260714090000,SPEAKER_00,9623.6,9624.16,0.56,success,みたいな。,success,できたな。,False,5,5,0
,027_rcc_13595865_20260714090000_seg_01954,027_rcc_13595865_20260714090000,SPEAKER_00,9624.56,9626.8,2.24,success,こととかあればいいのにね。,success,こととかあればいいのにね。,True,13,13,0
,027_rcc_13595865_20260714090000_seg_01955,027_rcc_13595865_20260714090000,SPEAKER_00,9627.76,9629.9,2.14,success,えっとね神戸のあなた。,success,えっとね神戸のあなた。,True,11,11,0
,027_rcc_13595865_20260714090000_seg_01956,027_rcc_13595865_20260714090000,SPEAKER_00,9635.44,9642.96,7.52,success,好きな子だから意地悪するって今言ったよね?って事は嫌いな子には優しくするって事かい?,success,まあ好きな子だから意地悪するって今言ったよね?って事は嫌いな子には優しくするって事かい?,False,42,44,2
,027_rcc_13595865_20260714090000_seg_01957,027_rcc_13595865_20260714090000,SPEAKER_01,9646.88,9648.88,2.0,success,え難しい問題。,success,え難しい問題。,True,7,7,0
,027_rcc_13595865_20260714090000_seg_01958,027_rcc_13595865_20260714090000,SPEAKER_00,9648.96,9650.8,1.84,success,結局みんなで意地悪するんだよね。,success,結局みんなで意地悪するんだよね。,True,16,16,0
,027_rcc_13595865_20260714090000_seg_01959,027_rcc_13595865_20260714090000,SPEAKER_01,9653.2,9655.82041,2.62,success,意地悪する人は、みんなに意地悪するから。,success,意地悪する人はみんなに意地悪するから。,False,20,19,-1
,027_rcc_13595865_20260714090000_seg_01960,027_rcc_13595865_20260714090000,SPEAKER_00,9657.04,9658.24,1.2,success,やらってよく言うけど。,success,ペラッてよく言うけど。,False,11,11,0
,027_rcc_13595865_20260714090000_seg_01961,027_rcc_13595865_20260714090000,SPEAKER_01,9658.24,9658.88,0.64,success,言いますね。,success,言いますね。,True,6,6,0
,027_rcc_13595865_20260714090000_seg_01962,027_rcc_13595865_20260714090000,SPEAKER_00,9658.88,9665.68,6.8,success,じゃあ、嫌いな子に優しくするのかい?って言われたら、いや、そんなことないかって、冷静に思うよね。,success,じゃあ嫌いな子に優しくするのかい?って言われたらいやそんなことないかって冷静に思うよね。,False,48,44,-4
,027_rcc_13595865_20260714090000_seg_01963,027_rcc_13595865_20260714090000,SPEAKER_00,9666.64,9667.82041,1.18,success,うま面おはぎ。,success,うま面おはぎ。,True,7,7,0
,027_rcc_13595865_20260714090000_seg_01964,027_rcc_13595865_20260714090000,SPEAKER_00,9674.56,9677.04,2.48,success,本家じゃけえね何かと面倒よ。,success,本家じゃけえね何かと面倒よ。,True,14,14,0
,027_rcc_13595865_20260714090000_seg_01965,027_rcc_13595865_20260714090000,SPEAKER_01,9680.08,9680.96,0.88,success,ですねそれもね。,success,ですねそれもね。,True,8,8,0
,027_rcc_13595865_20260714090000_seg_01966,027_rcc_13595865_20260714090000,SPEAKER_00,9680.96,9684.140234,3.18,success,広島はホントに本家。,success,広島はホントに本家。,True,10,10,0
,027_rcc_13595865_20260714090000_seg_01967,027_rcc_13595865_20260714090000,SPEAKER_00,9687.28,9688.56,1.28,success,さんのむちゃ湯。,success,それはもうむっちゃ言う。,False,8,12,4
,027_rcc_13595865_20260714090000_seg_01968,027_rcc_13595865_20260714090000,SPEAKER_00,9689.2,9692.64,3.44,success,めっちゃ本家だからとかお盆が大変ですとか。,success,じゃあ本家だからとかお盆が大変ですとか。,False,21,20,-1
,027_rcc_13595865_20260714090000_seg_01969,027_rcc_13595865_20260714090000,SPEAKER_00,9693.04,9695.84,2.8,success,大変ですとか、うちは分家だから楽ですとか。,success,大変ですとかうちは分家だから楽ですとか。,False,21,20,-1
,027_rcc_13595865_20260714090000_seg_01970,027_rcc_13595865_20260714090000,SPEAKER_01,9696.64,9697.28,0.64,success,あるんだそれ。,success,あるんだし。,False,7,6,-1
,027_rcc_13595865_20260714090000_seg_01971,027_rcc_13595865_20260714090000,SPEAKER_00,9697.52,9698.16,0.64,success,5位言う。,success,どういう。,False,5,5,0
,027_rcc_13595865_20260714090000_seg_01972,027_rcc_13595865_20260714090000,SPEAKER_00,9698.96,9699.84,0.88,success,本家文家。,success,本家分家。,False,5,5,0
,027_rcc_13595865_20260714090000_seg_01973,027_rcc_13595865_20260714090000,SPEAKER_00,9700.88,9701.84,0.96,success,前田前田みたいな。,success,前田前だみたいな。,False,9,9,0
,027_rcc_13595865_20260714090000_seg_01974,027_rcc_13595865_20260714090000,SPEAKER_00,9703.84,9704.780371,0.94,success,夕暮れの道。,success,夕暮れの道。,True,6,6,0
,027_rcc_13595865_20260714090000_seg_01975,027_rcc_13595865_20260714090000,SPEAKER_00,9710.8,9717.84,7.04,success,あなた、この間、かっこつけて、ああ、俺、お店では値段見ないで買ってるわって自慢してたけど、あれ、ダイソーじゃろ。,success,この間かっこつけて俺お店では値段見ないで買ってるわって自慢してたけどあれダイソーじゃろ?,False,56,44,-12
,027_rcc_13595865_20260714090000_seg_01976,027_rcc_13595865_20260714090000,SPEAKER_00,9721.36,9724.940039,3.58,success,ダイソーでも最近いいもんだったらこれいくらするんかなと思ってやっぱ300円か。,success,ダイソーでも最近いいもんだったらこれいくらするんかなと思ってやっぱ300円か。,True,39,39,0
,027_rcc_13595865_20260714090000_seg_01977,027_rcc_13595865_20260714090000,SPEAKER_00,9726.580469,9727.28,0.7,success,あったりするよね。,success,思ったりするよね。,False,9,9,0
,027_rcc_13595865_20260714090000_seg_01978,027_rcc_13595865_20260714090000,SPEAKER_01,9727.36,9728.8,1.44,success,100円じゃないものが。,success,100円じゃないものが。,True,12,12,0
,027_rcc_13595865_20260714090000_seg_01979,027_rcc_13595865_20260714090000,SPEAKER_00,9730.32,9733.28,2.96,success,100円じゃないの?と思って、見て、100円!って思うときもあるよね。,success,100円じゃないよねと思って見て100円!?って思う時もあるよね。,False,35,33,-2
,027_rcc_13595865_20260714090000_seg_01980,027_rcc_13595865_20260714090000,SPEAKER_01,9733.28,9733.84,0.56,success,安っ!,success,安っ!,True,3,3,0
,027_rcc_13595865_20260714090000_seg_01981,027_rcc_13595865_20260714090000,SPEAKER_00,9733.92,9735.12,1.2,success,びっくりするよね。,success,びっくりするよね。,True,9,9,0
,027_rcc_13595865_20260714090000_seg_01982,027_rcc_13595865_20260714090000,SPEAKER_01,9735.28,9735.84,0.56,success,まずあります。,success,まずあります。,True,7,7,0
,027_rcc_13595865_20260714090000_seg_01983,027_rcc_13595865_20260714090000,SPEAKER_00,9736.4,9737.9,1.5,success,福山の舘ひろし。,success,福山の舘ひろし。,True,8,8,0
,027_rcc_13595865_20260714090000_seg_01984,027_rcc_13595865_20260714090000,SPEAKER_00,9743.44,9745.580176,2.14,success,かわいいだけじゃダメなんだ。,success,かわいいだけじゃダメなんだ。,True,14,14,0
,027_rcc_13595865_20260714090000_seg_01985,027_rcc_13595865_20260714090000,SPEAKER_00,9751.6,9752.300391,0.7,success,バイダさん。,success,前田さん。,False,6,5,-1
,027_rcc_13595865_20260714090000_seg_01986,027_rcc_13595865_20260714090000,SPEAKER_00,9756.4,9758.48,2.08,success,愛だけじゃだめなんだって人たちがメッセージくれたのよ。,success,愛だけじゃダメなんだって人たちがメッセージくれたんだよ。,False,27,28,1
,027_rcc_13595865_20260714090000_seg_01987,027_rcc_13595865_20260714090000,SPEAKER_01,9758.56,9759.6,1.04,success,ダメなんだじゃないですよ。,success,ダメなんだじゃないですよ。,True,13,13,0
,027_rcc_13595865_20260714090000_seg_01988,027_rcc_13595865_20260714090000,SPEAKER_01,9760.24,9762.4,2.16,success,だめですか?って聞いてますから、あれは。,success,だめですか?って聞いてますからあれは。,False,20,19,-1
,027_rcc_13595865_20260714090000_seg_01989,027_rcc_13595865_20260714090000,SPEAKER_00,9762.4,9765.44,3.04,success,福山優勝を披露した横山天才横山さん。,success,岡山優勝を決めました横山天才横山さん。,False,18,19,1
,027_rcc_13595865_20260714090000_seg_01990,027_rcc_13595865_20260714090000,SPEAKER_00,9765.84,9767.28,1.44,success,キューティーストリートです!とか言って。,success,キューティーストリートです!とかって。,False,20,19,-1
,027_rcc_13595865_20260714090000_seg_01991,027_rcc_13595865_20260714090000,SPEAKER_01,9768.08,9768.8,0.72,success,でかい!,success,でかい!,True,4,4,0
,027_rcc_13595865_20260714090000_seg_01992,027_rcc_13595865_20260714090000,SPEAKER_00,9768.96,9770.4,1.44,success,俺もすっごいうれしかったもん。,success,俺もすっごいうれしかったもん。,True,15,15,0
,027_rcc_13595865_20260714090000_seg_01993,027_rcc_13595865_20260714090000,SPEAKER_01,9770.48,9771.2,0.72,success,うれしいですね。,success,うれしいですね。,True,8,8,0
,027_rcc_13595865_20260714090000_seg_01994,027_rcc_13595865_20260714090000,SPEAKER_01,9772.0,9772.8,0.8,success,メッセージも。,success,メッセージも。,True,7,7,0
,027_rcc_13595865_20260714090000_seg_01995,027_rcc_13595865_20260714090000,SPEAKER_00,9772.8,9773.68,0.88,success,メッセージもらった。,success,メッセージもらった。,True,10,10,0
,027_rcc_13595865_20260714090000_seg_01996,027_rcc_13595865_20260714090000,SPEAKER_02,9775.12,9776.4,1.28,success,呼ばれるなんてないですよ。,success,呼ばれるなんてないですよ。,True,13,13,0
,027_rcc_13595865_20260714090000_seg_01997,027_rcc_13595865_20260714090000,SPEAKER_00,9776.88,9777.84,0.96,success,怖いですよ、本当。,success,怖いですよほんと。,False,9,9,0
,027_rcc_13595865_20260714090000_seg_01998,027_rcc_13595865_20260714090000,SPEAKER_00,9778.08,9780.88,2.8,success,これ、ハゲてるだけじゃだめですか?,success,これハゲてるだけじゃ駄目ですか?,False,17,16,-1
,027_rcc_13595865_20260714090000_seg_01999,027_rcc_13595865_20260714090000,SPEAKER_01,9785.6,9786.16,0.56,success,ザはダメ。,success,それはダメ。,False,5,6,1
,027_rcc_13595865_20260714090000_seg_02000,027_rcc_13595865_20260714090000,SPEAKER_00,9786.96,9788.16,1.2,success,プラスがない。,success,プラスダイ。,False,7,6,-1
,027_rcc_13595865_20260714090000_seg_02001,027_rcc_13595865_20260714090000,SPEAKER_00,9789.44,9791.92,2.48,success,つけていますけどだめですか?とか。,success,つけていますけど駄目ですか?とか。,False,17,17,0
,027_rcc_13595865_20260714090000_seg_02002,027_rcc_13595865_20260714090000,SPEAKER_01,9793.36,9794.56,1.2,success,歌にはならないです。,success,歌にはならないです。,True,10,10,0
,027_rcc_13595865_20260714090000_seg_02003,027_rcc_13595865_20260714090000,SPEAKER_00,9796.88,9797.52,0.64,success,雨か。,success,駄目か。,False,3,4,1
,027_rcc_13595865_20260714090000_seg_02004,027_rcc_13595865_20260714090000,SPEAKER_01,9797.52,9798.16,0.64,success,ダメです。,success,駄目です。,False,5,5,0
,027_rcc_13595865_20260714090000_seg_02005,027_rcc_13595865_20260714090000,SPEAKER_00,9799.52,9801.84,2.32,success,いやいやいやってやってもだめ。,success,いやいやにゃんにゃんにゃんにゃんってやっても駄目。,False,15,25,10
,027_rcc_13595865_20260714090000_seg_02006,027_rcc_13595865_20260714090000,SPEAKER_01,9802.56,9803.36,0.8,success,ちょっと痛いかも。,success,ちょっと痛いかも。,True,9,9,0
,027_rcc_13595865_20260714090000_seg_02007,027_rcc_13595865_20260714090000,SPEAKER_00,9803.36,9804.96,1.6,success,カトタカ。,success,それからカトタカ。,False,5,9,4
,027_rcc_13595865_20260714090000_seg_02008,027_rcc_13595865_20260714090000,SPEAKER_00,9812.08,9815.52,3.44,success,大きい声で鳴いとるセミはね、あれはみんな雄じゃけん。,success,大きい声で鳴いとるセミはねあれはみんなオスじゃけん。,False,26,26,0
,027_rcc_13595865_20260714090000_seg_02009,027_rcc_13595865_20260714090000,SPEAKER_01,9824.32,9825.12,0.8,success,うん!,success,ばあっ!,False,3,4,1
,027_rcc_13595865_20260714090000_seg_02010,027_rcc_13595865_20260714090000,SPEAKER_00,9825.84,9827.6,1.76,success,7日しか生きれんお願い!,success,7日しか生きれへんお願い!,False,12,13,1
,027_rcc_13595865_20260714090000_seg_02011,027_rcc_13595865_20260714090000,SPEAKER_00,9828.88,9832.96,4.08,success,もう4日目、4日目!とかって言ってるんじゃないの?,success,もう4日目4日目!とかって言ってんじゃないの?,False,25,23,-2
,027_rcc_13595865_20260714090000_seg_02012,027_rcc_13595865_20260714090000,SPEAKER_01,9833.28,9834.24,0.96,success,にしては。,success,にしては。,True,5,5,0
,027_rcc_13595865_20260714090000_seg_02013,027_rcc_13595865_20260714090000,SPEAKER_01,9834.72,9836.0,1.28,success,めっちゃいろんなとこでさっき。,success,めっちゃいろんなとこで酒飲んでる。,False,15,17,2
,027_rcc_13595865_20260714090000_seg_02014,027_rcc_13595865_20260714090000,SPEAKER_00,9836.64,9839.84,3.2,success,よろしくお願いします!,success,6日目ですよろしくお願いします!,False,11,16,5
,027_rcc_13595865_20260714090000_seg_02015,027_rcc_13595865_20260714090000,SPEAKER_00,9840.4,9841.44,1.04,success,すっごい。,success,すっごい。,True,5,5,0
,027_rcc_13595865_20260714090000_seg_02016,027_rcc_13595865_20260714090000,SPEAKER_01,9842.64,9844.0,1.36,success,あと1日です!,success,あと1日です!,True,7,7,0
,027_rcc_13595865_20260714090000_seg_02017,027_rcc_13595865_20260714090000,SPEAKER_00,9844.08,9847.52,3.44,success,すっごい、もう選挙の最後みたいになりました。,success,すっごいもう選挙の最後みたいになりました。,False,22,21,-1
,027_rcc_13595865_20260714090000_seg_02018,027_rcc_13595865_20260714090000,SPEAKER_00,9848.32,9849.260352,0.94,success,勝太郎。,success,勝太郎!,False,4,4,0
,027_rcc_13595865_20260714090000_seg_02019,027_rcc_13595865_20260714090000,SPEAKER_00,9854.8,9859.28,4.48,success,ねえトマトは食べられるけどトマトジュースの麺ケーキ。,success,ねえトマトは食べられるけどトマトジュースの麺ケーキ。,True,26,26,0
,027_rcc_13595865_20260714090000_seg_02020,027_rcc_13595865_20260714090000,SPEAKER_00,9873.04,9883.84,10.8,success,色んなもの積んでビールとかさおつまみとか積んでみんなでじゃあ執行みたいな感じで出たのよそしたら途中でさ仲間がさスイカ持ってきたのさ。,success,さ色んなもの積んでビールとかさおつまみとか積んででみんなでじゃあ執行みたいな感じで出たのよそしたら途中でさ仲間がさスイカ持ってきたのさ。,False,66,68,2
,027_rcc_13595865_20260714090000_seg_02021,027_rcc_13595865_20260714090000,SPEAKER_00,9884.72,9885.44,0.72,success,出るのかも。,success,けど。,False,6,3,-3
,027_rcc_13595865_20260714090000_seg_02022,027_rcc_13595865_20260714090000,SPEAKER_00,9886.48,9896.88,10.4,success,はいってこうやって配っててはいってわー俺今年初スイカとかって言いながらこれ食べながら種は皮にプッてしていいかね?って言いながらいいっしょ!とかって言いながら。,success,はいってこうやって配っててはいってわ俺今年初スイカとかって言いながらこれ食べながら種は皮にプッてしていいかね?って言いながらいいしょう!とかって言いながら。,False,79,78,-1
,027_rcc_13595865_20260714090000_seg_02023,027_rcc_13595865_20260714090000,SPEAKER_00,9897.2,9900.24,3.04,success,やっぱさ俺。,success,やっぱさ俺。,True,6,6,0
,027_rcc_13595865_20260714090000_seg_02024,027_rcc_13595865_20260714090000,SPEAKER_00,9900.56,9902.08,1.52,success,スイカ駄目なんよみたいな。,success,スイカ駄目なんよみたいな。,True,13,13,0
,027_rcc_13595865_20260714090000_seg_02025,027_rcc_13595865_20260714090000,SPEAKER_00,9904.56,9905.36,0.8,success,食えよ!,success,食えよ。,False,4,4,0
,027_rcc_13595865_20260714090000_seg_02026,027_rcc_13595865_20260714090000,SPEAKER_00,9907.68,9910.72,3.04,success,俺、売り系だめなんよって言って、俺、お前がだめと思って。,success,俺売り系ダメなんよっつって俺お前がダメと思った。,False,28,24,-4
,027_rcc_13595865_20260714090000_seg_02027,027_rcc_13595865_20260714090000,SPEAKER_01,9912.72,9913.52,0.8,success,まあ雰囲気が。,success,まあ雰囲気が。,True,7,7,0
,027_rcc_13595865_20260714090000_seg_02028,027_rcc_13595865_20260714090000,SPEAKER_00,9914.16,9915.52,1.36,success,ええじゃないのって。,success,いいじゃないの!って。,False,10,11,1
,027_rcc_13595865_20260714090000_seg_02029,027_rcc_13595865_20260714090000,SPEAKER_01,9916.64,9918.56,1.92,success,それはよっぽどだめなんじゃないですか。,success,これはよっぽど駄目なんじゃないですか。,False,19,19,0
,027_rcc_13595865_20260714090000_seg_02030,027_rcc_13595865_20260714090000,SPEAKER_00,9919.68,9920.88,1.2,success,食べたらスイカまんみたいな。,success,食べたらスイカまんみたいな。,True,14,14,0
,027_rcc_13595865_20260714090000_seg_02031,027_rcc_13595865_20260714090000,SPEAKER_00,9921.68,9924.16,2.48,success,緑、黒、緑、黒、緑、黒みたいな顔に。,success,緑黒緑黒緑黒みたいな顔に。,False,18,13,-5
,027_rcc_13595865_20260714090000_seg_02032,027_rcc_13595865_20260714090000,SPEAKER_00,9924.4,9925.2,0.8,success,なるのかな?,success,なるのかなあ。,False,6,7,1
,027_rcc_13595865_20260714090000_seg_02033,027_rcc_13595865_20260714090000,SPEAKER_01,9925.44,9926.64,1.2,success,飲しちゃうのかもしれない。,success,インしちゃうのかもしれない。,False,13,14,1
,027_rcc_13595865_20260714090000_seg_02034,027_rcc_13595865_20260714090000,SPEAKER_00,9926.72,9928.72,2.0,success,だったら一回見せて。,success,だったら一回。,False,10,7,-3
,027_rcc_13595865_20260714090000_seg_02035,027_rcc_13595865_20260714090000,SPEAKER_00,9929.6,9934.220312,4.62,success,食べてみせてって、ちょっともうね、桜エビ太郎。,success,食べてみせてってちょっともうね桜エビ太郎!,False,23,21,-2
,027_rcc_13595865_20260714090000_seg_02036,027_rcc_13595865_20260714090000,SPEAKER_00,9940.24,9942.16,1.92,success,毎朝ラジオ体操するけ?,success,毎朝ラジオ体操する系?,False,11,11,0
,027_rcc_13595865_20260714090000_seg_02037,027_rcc_13595865_20260714090000,SPEAKER_00,9948.24,9949.580176,1.34,success,デートとかしても。,success,デートとかしても。,True,9,9,0
,027_rcc_13595865_20260714090000_seg_02038,027_rcc_13595865_20260714090000,SPEAKER_00,9951.28,9951.980078,0.7,success,6時ぐらいだったら。,success,6時間たった。,False,10,7,-3
,027_rcc_13595865_20260714090000_seg_02039,027_rcc_13595865_20260714090000,SPEAKER_00,9954.72,9955.34043,0.62,success,ラジオ体操は。,success,ラジオ体操始まる。,False,7,9,2
,027_rcc_13595865_20260714090000_seg_02040,027_rcc_13595865_20260714090000,SPEAKER_01,9957.28,9958.0,0.72,success,ちょっと嫌かもな。,success,ちょっと嫌かもな。,True,9,9,0
,027_rcc_13595865_20260714090000_seg_02041,027_rcc_13595865_20260714090000,SPEAKER_01,9959.76,9961.12,1.36,success,もうどこでもやられたらちょっと。,success,もうどこでもやられたらちょっと。,True,16,16,0
,027_rcc_13595865_20260714090000_seg_02042,027_rcc_13595865_20260714090000,SPEAKER_00,9961.44,9963.44,2.0,success,旦那が毎週バーベキューっていうね。,success,旦那が毎週バーベキューっていうね。,True,17,17,0
,027_rcc_13595865_20260714090000_seg_02043,027_rcc_13595865_20260714090000,SPEAKER_00,9963.92,9965.36,1.44,success,綾野と同じぐらい嫌だよね。,success,綾野と同じぐらい嫌だよね。,True,13,13,0
,027_rcc_13595865_20260714090000_seg_02044,027_rcc_13595865_20260714090000,SPEAKER_00,9966.16,9966.72,0.56,success,だね。,success,だべ。,False,3,3,0
,027_rcc_13595865_20260714090000_seg_02045,027_rcc_13595865_20260714090000,SPEAKER_00,9967.84,9969.44,1.6,success,食器とか洗えとかって言われて。,success,食器とか洗えとかって言われて。,True,15,15,0
,027_rcc_13595865_20260714090000_seg_02046,027_rcc_13595865_20260714090000,SPEAKER_00,9970.32,9973.92,3.6,success,すっごい。なんて水がないとこ行くんだ、ばかと思って、そっちへ。,success,すっごいなんて水がないとこ行くんだバカと思ってそちら。,False,31,27,-4
,027_rcc_13595865_20260714090000_seg_02047,027_rcc_13595865_20260714090000,SPEAKER_01,9974.16,9975.52,1.36,success,最後片づけるのこっちなんだけど。,success,最後片づけるのこっちなんだけど。,True,16,16,0
,027_rcc_13595865_20260714090000_seg_02048,027_rcc_13595865_20260714090000,SPEAKER_00,9976.4,9977.2,0.8,success,よかったですよね。,success,なんですよね。,False,9,7,-2
,027_rcc_13595865_20260714090000_seg_02049,027_rcc_13595865_20260714090000,SPEAKER_00,9978.96,9982.88,3.92,success,銀の皿とか出して、そこに焼き肉のたれ、それ円満か。,success,銀の皿とか出してそこに焼き肉のたれあそこ円満か。,False,25,24,-1
,027_rcc_13595865_20260714090000_seg_02050,027_rcc_13595865_20260714090000,SPEAKER_00,9984.56,9985.76,1.2,success,m−1のイベントか。,success,m−1のイベントかな。,False,10,11,1
,027_rcc_13595865_20260714090000_seg_02051,027_rcc_13595865_20260714090000,SPEAKER_01,9986.24,9987.12,0.88,success,ちょっとやりたいんですよね。,success,ちょっとやりたいんですよね。,True,14,14,0
,027_rcc_13595865_20260714090000_seg_02052,027_rcc_13595865_20260714090000,SPEAKER_00,9988.24,9989.52,1.28,success,めっちゃうれしくて。,success,めっちゃうれしくて。,True,10,10,0
,027_rcc_13595865_20260714090000_seg_02053,027_rcc_13595865_20260714090000,SPEAKER_00,9990.24,9991.34043,1.1,success,中央輪火。,success,中央林家!,False,5,5,0
,027_rcc_13595865_20260714090000_seg_02054,027_rcc_13595865_20260714090000,SPEAKER_00,9998.32,10001.12,2.8,success,毎週土曜日は晩ご飯でギョーザじゃけん。,success,毎週土曜日は晩ごはんでギョーザじゃけん。,False,19,20,1
,027_rcc_13595865_20260714090000_seg_02055,027_rcc_13595865_20260714090000,SPEAKER_00,10009.84,10024.24,14.4,success,俺の知り合いで月末の最後の金曜日は家族みんなで回転寿司行くっていう人がいてそれポイントがあるんだってだから月にこうちゃんと最後の締めのとこで使わないと余るんだって。,success,俺の知り合いで月末の最後の金曜日は家族みんなで回転寿司行くっていう人がいてそれポイントがあるんだってだから月にこうちゃんと最後の締めのとこで使わないと余るんだって。,True,82,82,0
,027_rcc_13595865_20260714090000_seg_02056,027_rcc_13595865_20260714090000,SPEAKER_01,10025.92,10026.8,0.88,success,だからもう。,success,だからもう。,True,6,6,0
,027_rcc_13595865_20260714090000_seg_02057,027_rcc_13595865_20260714090000,SPEAKER_00,10028.64,10034.16,5.52,success,なんか6時半だか7時だかもうそこのすし屋に集合してパッて食べたらもうそのまま解散なんだって。,success,なんか6時半だか7時だかもうそこのすし屋に集合してパッて食べたらもうそのまま解散なんだって。,True,46,46,0
,027_rcc_13595865_20260714090000_seg_02058,027_rcc_13595865_20260714090000,SPEAKER_00,10038.16,10038.96,0.8,success,ポイントなんだって。,success,ポイントなんだって。,True,10,10,0
,027_rcc_13595865_20260714090000_seg_02059,027_rcc_13595865_20260714090000,SPEAKER_01,10039.04,10039.92,0.88,success,ポイントのために。,success,ポイントのために。,True,9,9,0
,027_rcc_13595865_20260714090000_seg_02060,027_rcc_13595865_20260714090000,SPEAKER_01,10040.16,10040.8,0.64,success,家族総出。,success,家族総出。,True,5,5,0
,027_rcc_13595865_20260714090000_seg_02061,027_rcc_13595865_20260714090000,SPEAKER_00,10041.2,10042.24,1.04,success,全然払わないっつってて。,success,1点も払わないっつってて。,False,12,13,1
,027_rcc_13595865_20260714090000_seg_02062,027_rcc_13595865_20260714090000,SPEAKER_01,10042.96,10044.08,1.12,success,いやまあそれはいい。,success,でもまあそれはいい。,False,10,10,0
,027_rcc_13595865_20260714090000_seg_02063,027_rcc_13595865_20260714090000,SPEAKER_00,10044.48,10046.88,2.4,success,それ逃したらクーッて。,success,行くよねそれ逃したらクーッ!,False,11,14,3
,027_rcc_13595865_20260714090000_seg_02064,027_rcc_13595865_20260714090000,SPEAKER_00,10049.36,10050.32,0.96,success,思うよね。,success,思うよね。,True,5,5,0
,027_rcc_13595865_20260714090000_seg_02065,027_rcc_13595865_20260714090000,SPEAKER_00,10051.2,10052.300391,1.1,success,333時。,success,333チュ。,False,5,6,1
,027_rcc_13595865_20260714090000_seg_02066,027_rcc_13595865_20260714090000,SPEAKER_00,10059.28,10068.140234,8.86,success,ここは県内で最強の心霊スポットよっつって言って連れてきたけどさこの家俺のばあちゃんちだっけ?,success,ここは県内で最強の心霊スポットよっつって言って連れてきたけどさこの家俺のばあちゃんちじゃけん。,False,46,47,1
,027_rcc_13595865_20260714090000_seg_02067,027_rcc_13595865_20260714090000,SPEAKER_00,10073.68,10080.72,7.04,success,すごいね、逆にどんな歴史があったか知りたいよね、何があった?って思うよね。,success,っぽいね逆にどんな歴史があったか知りたいよね何があった?って思うよね。,False,37,35,-2
,027_rcc_13595865_20260714090000_seg_02068,027_rcc_13595865_20260714090000,SPEAKER_00,10082.4,10083.500098,1.1,success,リゾート野郎!,success,リゾート野郎!,True,7,7,0
,027_rcc_13595865_20260714090000_seg_02069,027_rcc_13595865_20260714090000,SPEAKER_00,10089.04,10095.36,6.32,success,知念ちょっと笑うときに引き笑いじゃけえ引き笑いじゃけえ最後はねってなってちょっと豚鼻になるよ。,success,うちねちょっと笑う時に引き笑いじゃけえ引き笑いじゃけえ最後はねホントにちょっと豚腹になるよ。,False,47,46,-1
,027_rcc_13595865_20260714090000_seg_02070,027_rcc_13595865_20260714090000,SPEAKER_00,10114.0,10120.08,6.08,success,年頃のときに恥ずかしかったことが大人になったらそんなでもないことがあるじゃん。,success,お母さん年頃のときに恥ずかしかったことが大人になったらそんなでもないことがあるじゃん。,False,39,43,4
,027_rcc_13595865_20260714090000_seg_02071,027_rcc_13595865_20260714090000,SPEAKER_00,10123.2,10127.180273,3.98,success,慣れてないときに歯と歯がぶつかったりとかしたとき。,success,慣れてないときに歯と歯がぶつかったりとかしたとき。,True,25,25,0
,027_rcc_13595865_20260714090000_seg_02072,027_rcc_13595865_20260714090000,SPEAKER_00,10128.4,10129.28,0.88,success,はと分からん。,success,ハト!,False,7,3,-4
,027_rcc_13595865_20260714090000_seg_02073,027_rcc_13595865_20260714090000,SPEAKER_00,10130.8,10134.380469,3.58,success,思うけど、もう大人になったら、がんがん、がんがんぶつけていこうとかって。,success,思うけどもう大人になったらガンガンガンガンぶつけていこうとかって思う。,False,36,35,-1
,027_rcc_13595865_20260714090000_seg_02074,027_rcc_13595865_20260714090000,SPEAKER_01,10136.08,10136.96,0.88,success,慣れていく。,success,慣れていく。,True,6,6,0
,027_rcc_13595865_20260714090000_seg_02075,027_rcc_13595865_20260714090000,SPEAKER_00,10140.0,10143.68,3.68,success,取っても引き笑いになってもそれはそれで。,success,取っても引き笑いになってもそれはそれで。,True,20,20,0
,027_rcc_13595865_20260714090000_seg_02076,027_rcc_13595865_20260714090000,SPEAKER_02,10147.04,10147.6,0.56,success,うんうん。,success,うんうん。,True,5,5,0
,027_rcc_13595865_20260714090000_seg_02077,027_rcc_13595865_20260714090000,SPEAKER_02,10147.92,10149.260352,1.34,success,私も確かにその感覚。,success,私も確かにその感覚。,True,10,10,0
,027_rcc_13595865_20260714090000_seg_02078,027_rcc_13595865_20260714090000,SPEAKER_00,10150.48,10152.72,2.24,success,あっねえ本物に近づいてる。,success,あっねえ本物に近づいてる。,True,13,13,0
,027_rcc_13595865_20260714090000_seg_02079,027_rcc_13595865_20260714090000,SPEAKER_02,10154.72,10156.0,1.28,success,どんななだめ方なの?,success,どんななだめ方なの?,True,10,10,0
,027_rcc_13595865_20260714090000_seg_02080,027_rcc_13595865_20260714090000,SPEAKER_02,10158.24,10159.04,0.8,success,よかったねみたいな。,success,よかったね。,False,10,6,-4
,027_rcc_13595865_20260714090000_seg_02081,027_rcc_13595865_20260714090000,SPEAKER_02,10160.16,10171.34043,11.18,success,さあでは来週お題変わりますので発表しましょう来週は1981年リリースの1曲大滝詠一さんのfortimesfanからこの部分です。,success,さあでは来週お題変わりますので発表しましょう来週は1981年リリースの1曲大滝詠一さんのfortimesfanからこの部分。,False,64,62,-2
,027_rcc_13595865_20260714090000_seg_02082,027_rcc_13595865_20260714090000,SPEAKER_02,10186.48,10191.500098,5.02,success,大滝詠一さんのフォータイムスファンからこの歌詞が隠された部分。,success,大滝詠一さんのフォータイムスファンからこの歌詞が隠された部分。,True,31,31,0
,027_rcc_13595865_20260714090000_seg_02083,027_rcc_13595865_20260714090000,SPEAKER_02,10195.12,10196.64,1.52,success,白い歌詞を入れ込んでください。,success,広い歌詞を入れ込んでください。,False,15,15,0
,027_rcc_13595865_20260714090000_seg_02084,027_rcc_13595865_20260714090000,SPEAKER_00,10198.48,10203.44,4.96,success,僕のように楽しみを4倍にしたいというのならどうするかです。,success,僕のように楽しみを4倍にしたいというのならどうするかです。,True,29,29,0
,027_rcc_13595865_20260714090000_seg_02085,027_rcc_13595865_20260714090000,SPEAKER_02,10203.6,10206.380469,2.78,success,締め切りは来週の番組スタートまで。,success,はい締め切りは来週の番組スタートまで。,False,17,19,2
,027_rcc_13595865_20260714090000_seg_02086,027_rcc_13595865_20260714090000,SPEAKER_02,10207.6,10208.300391,0.7,success,ネタお待ちしています!,success,ネタお待ちしております。,False,11,12,1
,027_rcc_13595865_20260714090000_seg_02087,027_rcc_13595865_20260714090000,SPEAKER_01,10212.88,10215.020117,2.14,success,ジャパンツアー人のチカラ。,success,ジャパンツアー人のチカラ。,True,13,13,0
,027_rcc_13595865_20260714090000_seg_02088,027_rcc_13595865_20260714090000,SPEAKER_01,10216.24,10219.28,3.04,success,土曜日、三次市民ホールキリビで開催。,success,20日土曜日三次市民ホールキリビで開催。,False,18,20,2
,027_rcc_13595865_20260714090000_seg_02089,027_rcc_13595865_20260714090000,SPEAKER_01,10221.52,10230.56,9.04,success,鍛え上げたメンバーが打ち鳴らぬ音圧を会場で体感してくださいただいまチケット好評販売中お問い合わせはキャンディープロモーションまで。,success,鍛え上げたメンバーが打ち鳴らす迫力の音圧を会場で体感してくださいただいまチケット好評販売中お問い合わせはキャンディープロモーションまで。,False,65,68,3
,027_rcc_13595865_20260714090000_seg_02090,027_rcc_13595865_20260714090000,SPEAKER_00,10259.92,10261.100195,1.18,success,戸町上空です。,success,元町上空です。,False,7,7,0
,027_rcc_13595865_20260714090000_seg_02091,027_rcc_13595865_20260714090000,SPEAKER_00,10270.48,10272.96,2.48,success,気温がぐんぐん上がってるんでしょうね。,success,気温がぐんぐん上がってるんでしょうね。,True,19,19,0
,027_rcc_13595865_20260714090000_seg_02092,027_rcc_13595865_20260714090000,SPEAKER_01,10272.96,10274.060156,1.1,success,大竹で35てん5度。,success,大竹で35てん3度。,False,10,10,0
,027_rcc_13595865_20260714090000_seg_02093,027_rcc_13595865_20260714090000,SPEAKER_01,10278.64,10279.82041,1.18,success,全国で見ると。,success,全国で見ると。,True,7,7,0
,027_rcc_13595865_20260714090000_seg_02094,027_rcc_13595865_20260714090000,SPEAKER_00,10287.76,10293.36,5.6,success,中国大陸のほうに行こうとしている台風の影響があったりするんですか?,success,あの中国大陸のほうに行こうとしている台風の影響があったりするんですか?,False,33,35,2
,027_rcc_13595865_20260714090000_seg_02095,027_rcc_13595865_20260714090000,SPEAKER_01,10296.64,10297.36,0.72,success,言うことなくなっちゃう。,success,行くことなくなっちゃった。,False,12,13,1
,027_rcc_13595865_20260714090000_seg_02096,027_rcc_13595865_20260714090000,SPEAKER_02,10297.36,10297.92,0.56,success,タートル。,success,ダートラ!,False,5,5,0
,027_rcc_13595865_20260714090000_seg_02097,027_rcc_13595865_20260714090000,SPEAKER_01,10298.72,10300.48,1.76,success,コーナーに1個は専門的なね。,success,コロナに1個は専門的なね。,False,14,13,-1
,027_rcc_13595865_20260714090000_seg_02098,027_rcc_13595865_20260714090000,SPEAKER_02,10305.2,10306.32,1.12,success,あっ今高いのはちょっと。,success,あっ今高いのはちょっと。,True,12,12,0
,027_rcc_13595865_20260714090000_seg_02099,027_rcc_13595865_20260714090000,SPEAKER_00,10310.8,10311.36,0.56,success,フフフ。,success,うん。,False,4,3,-1
,027_rcc_13595865_20260714090000_seg_02100,027_rcc_13595865_20260714090000,SPEAKER_02,10317.04,10318.220312,1.18,success,内陸部はもっと高くなります。,success,離陸部はもっと高くなります。,False,14,14,0
,027_rcc_13595865_20260714090000_seg_02101,027_rcc_13595865_20260714090000,SPEAKER_02,10324.24,10325.12,0.88,success,はじまりますから。,success,始まりますから。,False,9,8,-1
,027_rcc_13595865_20260714090000_seg_02102,027_rcc_13595865_20260714090000,SPEAKER_02,10331.44,10332.16,0.72,success,変というか。,success,変というか。,True,6,6,0
,027_rcc_13595865_20260714090000_seg_02103,027_rcc_13595865_20260714090000,SPEAKER_02,10332.56,10334.08,1.52,success,じっとしているほうがね。,success,じっとしている方がね。,False,12,11,-1
,027_rcc_13595865_20260714090000_seg_02104,027_rcc_13595865_20260714090000,SPEAKER_00,10335.76,10341.740332,5.98,success,グラウンドにいる生徒たちの方が照り返しとか考えたら楽かもしれないよね。,success,グラウンドにいる生徒たちの方が照り返しとか考えたら楽かもしれないよね。,True,35,35,0
,027_rcc_13595865_20260714090000_seg_02105,027_rcc_13595865_20260714090000,SPEAKER_00,10344.88,10345.92,1.04,success,落ちながら。,success,落ちながら。,True,6,6,0
,027_rcc_13595865_20260714090000_seg_02106,027_rcc_13595865_20260714090000,SPEAKER_00,10347.2,10347.980078,0.78,success,あと応援団。,success,あと応援団。,True,6,6,0
,027_rcc_13595865_20260714090000_seg_02107,027_rcc_13595865_20260714090000,SPEAKER_00,10349.68,10355.44,5.76,success,旗持たされてるやつとかさあの旗地面つけちゃいけないとかさあるもんね。,success,旗持たされてるやつとかさ旗を地面つけちゃいけないとかさあるもんね。,False,34,33,-1
,027_rcc_13595865_20260714090000_seg_02108,027_rcc_13595865_20260714090000,SPEAKER_00,10356.32,10358.0,1.68,success,プレゼントどうぞじゃあ。,success,はいはいはいはい。,False,12,9,-3
,027_rcc_13595865_20260714090000_seg_02109,027_rcc_13595865_20260714090000,SPEAKER_02,10358.32,10361.42002,3.1,success,丸美屋食品からのりたま釜飯の素麻婆豆腐の素材。,success,丸美屋食品からのり玉釜飯の素麻婆豆腐の素材です。,False,23,24,1
,027_rcc_13595865_20260714090000_seg_02110,027_rcc_13595865_20260714090000,SPEAKER_01,10363.2,10363.76,0.56,success,幸せを。,success,幸せを。,True,4,4,0
,027_rcc_13595865_20260714090000_seg_02111,027_rcc_13595865_20260714090000,SPEAKER_01,10364.16,10365.2,1.04,success,クックママさん。,success,クックママさん。,True,8,8,0
,027_rcc_13595865_20260714090000_seg_02112,027_rcc_13595865_20260714090000,SPEAKER_02,10365.2,10367.52,2.32,success,立てりましょうさんにプレゼントです。,success,立てりましょうさんにプレゼントです。,True,18,18,0
,027_rcc_13595865_20260714090000_seg_02113,027_rcc_13595865_20260714090000,SPEAKER_00,10367.52,10368.48,0.96,success,はいそれぞれおめでとうございます。,success,はいそろそろおめでとうございます。,False,17,17,0
,027_rcc_13595865_20260714090000_seg_02114,027_rcc_13595865_20260714090000,SPEAKER_00,10368.96,10369.580176,0.62,success,大丈夫?,success,大丈夫?,True,4,4,0
,027_rcc_13595865_20260714090000_seg_02115,027_rcc_13595865_20260714090000,SPEAKER_00,10371.04,10376.300391,5.26,success,昨日扇風機をかけながら寝ていたんですが気がつくと止まっていましたタイマーにしてたかなと思って。,success,昨日扇風機をかけながら寝ていたんですが気が付くと止まっていましたタイマーにしてたかなと思っていた。,False,47,49,2
,027_rcc_13595865_20260714090000_seg_02116,027_rcc_13595865_20260714090000,SPEAKER_00,10380.4,10382.060156,1.66,success,扇風機あらもう。,success,扇風機あぁもう!,False,8,8,0
,027_rcc_13595865_20260714090000_seg_02117,027_rcc_13595865_20260714090000,SPEAKER_00,10383.28,10384.24,0.96,success,じゃあもう。,success,じゃあもう。,True,6,6,0
,027_rcc_13595865_20260714090000_seg_02118,027_rcc_13595865_20260714090000,SPEAKER_00,10387.54043,10388.08,0.54,success,じめっ!,success,地面。,False,4,3,-1
,027_rcc_13595865_20260714090000_seg_02119,027_rcc_13595865_20260714090000,SPEAKER_01,10391.76,10392.64,0.88,success,イエイイエイイエイ!,success,イエイイエイイエイ!,True,10,10,0
,027_rcc_13595865_20260714090000_seg_02120,027_rcc_13595865_20260714090000,SPEAKER_00,10393.44,10394.64,1.2,success,暑苦しくてごめんね。,success,暑苦しくてごめんね。,True,10,10,0
,027_rcc_13595865_20260714090000_seg_02121,027_rcc_13595865_20260714090000,SPEAKER_01,10395.52,10397.6,2.08,success,暑すぎて、滝汗じゃないですか。,success,すぎて炊き汗じゃないですか。,False,15,14,-1
,027_rcc_13595865_20260714090000_seg_02122,027_rcc_13595865_20260714090000,SPEAKER_00,10397.6,10399.28,1.68,success,もう休めばいいのに。,success,もう休めばいいのにじゃん!,False,10,13,3
,027_rcc_13595865_20260714090000_seg_02123,027_rcc_13595865_20260714090000,SPEAKER_00,10400.0,10401.36,1.36,success,rcc!,success,rcc!,True,4,4,0
,027_rcc_13595865_20260714090000_seg_02124,027_rcc_13595865_20260714090000,SPEAKER_00,10401.6,10403.28,1.68,success,暑苦しい。,success,暑苦しい。,True,5,5,0
,027_rcc_13595865_20260714090000_seg_02125,027_rcc_13595865_20260714090000,SPEAKER_00,10403.6,10404.140234,0.54,success,ダンディさん!,success,ダンディさん。,False,7,7,0
,027_rcc_13595865_20260714090000_seg_02126,027_rcc_13595865_20260714090000,SPEAKER_00,10406.8,10408.8,2.0,success,上がる株教えてとか。,success,上がる株教えて!とか。,False,10,11,1
,027_rcc_13595865_20260714090000_seg_02127,027_rcc_13595865_20260714090000,SPEAKER_00,10410.0,10410.8,0.8,success,うちは。,success,うちは。,True,4,4,0
,027_rcc_13595865_20260714090000_seg_02128,027_rcc_13595865_20260714090000,SPEAKER_00,10424.56,10425.52,0.96,success,お前、関係ないんだもん。,success,お前関係ないんだもん。,False,12,11,-1
,027_rcc_13595865_20260714090000_seg_02129,027_rcc_13595865_20260714090000,SPEAKER_01,10425.68,10426.56,0.88,success,関係あります!,success,関係あります!,True,7,7,0
,027_rcc_13595865_20260714090000_seg_02130,027_rcc_13595865_20260714090000,SPEAKER_01,10427.2,10429.100195,1.9,success,楠本さんのピンチヒッターというのは。,success,楠本さんのそのピンチヒッターっていうのは。,False,18,21,3
,027_rcc_13595865_20260714090000_seg_02131,027_rcc_13595865_20260714090000,SPEAKER_01,10430.8,10431.6,0.8,success,ロシア。,success,ロシア。,True,4,4,0
,027_rcc_13595865_20260714090000_seg_02132,027_rcc_13595865_20260714090000,SPEAKER_01,10431.84,10432.96,1.12,success,住んでたところが。,success,住んでたところが。,True,9,9,0
,027_rcc_13595865_20260714090000_seg_02133,027_rcc_13595865_20260714090000,SPEAKER_01,10433.2,10433.9,0.7,success,あのザジモン。,success,あのザジモさん。,False,7,8,1
,027_rcc_13595865_20260714090000_seg_02134,027_rcc_13595865_20260714090000,SPEAKER_00,10436.8,10439.12,2.32,success,カンパイ!,success,カンパイ!,True,5,5,0
,027_rcc_13595865_20260714090000_seg_02135,027_rcc_13595865_20260714090000,SPEAKER_01,10445.68,10446.860449,1.18,success,キララ博記念公園で。,success,きらら博記念公園で。,False,10,10,0
,027_rcc_13595865_20260714090000_seg_02136,027_rcc_13595865_20260714090000,SPEAKER_01,10455.76,10456.940039,1.18,success,今&モア。,success,今&モア。,True,5,5,0
,027_rcc_13595865_20260714090000_seg_02137,027_rcc_13595865_20260714090000,SPEAKER_01,10458.16,10458.860449,0.7,success,ダルウェーウォッチ。,success,ダルウェブウォッチ。,False,10,10,0
