segment_index,segment_id,target_id,speaker,start_sec,end_sec,duration_sec,parakeet_exact_status,parakeet_exact_text,parakeet_silence2_status,parakeet_silence2_text,texts_match,exact_chars,silence2_chars,char_diff
,029_kbc_13615767_20260714175500_seg_00000,029_kbc_13615767_20260714175500,SPEAKER_00,22.899999,24.139999,1.24,success,茶の提供でお送りします。,empty_text,,False,12,0,-12
,029_kbc_13615767_20260714175500_seg_00001,029_kbc_13615767_20260714175500,SPEAKER_01,51.699998,53.6,1.9,success,ともちゃんの手料理は日本一だよ。,success,ともちゃんの手料理は日本一だよ。,True,16,16,0
,029_kbc_13615767_20260714175500_seg_00002,029_kbc_13615767_20260714175500,SPEAKER_00,53.76,63.92,10.16,success,けど日本一って気になるなペナントレースクライマックスシリーズ日本シリーズを制したチームだけが名乗れる日本一軽はずみに使っていいのかな?,success,けど日本一って気になるなぁペナントレースクライマックスシリーズ日本シリーズを制したチームだけが名乗れる日本一軽はずみに使っていいのかな?,False,67,68,1
,029_kbc_13615767_20260714175500_seg_00003,029_kbc_13615767_20260714175500,SPEAKER_02,105.52,108.4,2.88,success,スナイター漫談火曜日ブルリバー直樹純也とクイズ!,success,靴ナイター漫談火曜日ブルーリバー直木順也トーク。,False,24,24,0
,029_kbc_13615767_20260714175500_seg_00004,029_kbc_13615767_20260714175500,SPEAKER_03,108.4,109.100001,0.7,success,原康介です。,success,田原浩介です!,False,6,7,1
,029_kbc_13615767_20260714175500_seg_00005,029_kbc_13615767_20260714175500,SPEAKER_02,110.32,113.9,3.58,success,デーゲームでございましたのでこの時間は漫談フルバージョン。,success,デーゲームでございましたのでこの時間は漫談フルバージョン。,True,29,29,0
,029_kbc_13615767_20260714175500_seg_00006,029_kbc_13615767_20260714175500,SPEAKER_02,127.6,128.24,0.64,success,褒美には。,success,大ビニアさん。,False,5,7,2
,029_kbc_13615767_20260714175500_seg_00007,029_kbc_13615767_20260714175500,SPEAKER_03,142.96,143.84,0.88,success,たまにある夏や。,success,たまにある夏休み。,False,8,9,1
,029_kbc_13615767_20260714175500_seg_00008,029_kbc_13615767_20260714175500,SPEAKER_03,151.12,151.819991,0.7,success,だからせっかく。,success,だからセット。,False,8,7,-1
,029_kbc_13615767_20260714175500_seg_00009,029_kbc_13615767_20260714175500,SPEAKER_02,155.44,157.76,2.32,success,冬休みがあれな分とか。,success,冬休みが荒れな分とか。,False,11,11,0
,029_kbc_13615767_20260714175500_seg_00010,029_kbc_13615767_20260714175500,SPEAKER_02,161.68,164.299994,2.62,success,実在って選手たちもなかなか体のリズムが。,success,実際に選手たちもなかなか体のリズムが。,False,20,19,-1
,029_kbc_13615767_20260714175500_seg_00011,029_kbc_13615767_20260714175500,SPEAKER_02,175.12,175.819991,0.7,success,うそま。,success,ぶんのま。,False,4,5,1
,029_kbc_13615767_20260714175500_seg_00012,029_kbc_13615767_20260714175500,SPEAKER_02,179.92,181.099989,1.18,success,あの前半最後。,success,あの前半最後のシーン。,False,7,11,4
,029_kbc_13615767_20260714175500_seg_00013,029_kbc_13615767_20260714175500,SPEAKER_02,190.0,193.099989,3.1,success,どうも大変ですわ、きょうのゲームも。,success,どうも大変ですわ今日のねゲームも。,False,18,17,-1
,029_kbc_13615767_20260714175500_seg_00014,029_kbc_13615767_20260714175500,SPEAKER_02,194.32,195.019987,0.7,success,したいなと思います。,success,いらっしゃいなと思います。,False,10,13,3
,029_kbc_13615767_20260714175500_seg_00015,029_kbc_13615767_20260714175500,SPEAKER_02,198.16,199.12,0.96,success,しびれましたかね。,success,しびれましたよね。,False,9,9,0
,029_kbc_13615767_20260714175500_seg_00016,029_kbc_13615767_20260714175500,SPEAKER_03,200.24,201.739989,1.5,success,が、まあまあ、ミスが。,success,がまあまあミスが。,False,11,9,-2
,029_kbc_13615767_20260714175500_seg_00017,029_kbc_13615767_20260714175500,SPEAKER_03,203.44,204.16,0.72,success,感じでしたね。,success,感じでしたね。,True,7,7,0
,029_kbc_13615767_20260714175500_seg_00018,029_kbc_13615767_20260714175500,SPEAKER_02,204.16,205.099989,0.94,success,後半ドドドドドドドドドドドドドドドドドドドドドドド,success,後半ドドドッ。,False,25,7,-18
,029_kbc_13615767_20260714175500_seg_00019,029_kbc_13615767_20260714175500,SPEAKER_02,218.32,220.939986,2.62,success,毎日ハムとのマーク。,success,まんにちハムとのマーク。,False,10,12,2
,029_kbc_13615767_20260714175500_seg_00020,029_kbc_13615767_20260714175500,SPEAKER_02,222.16,223.819991,1.66,success,首位争いになるんじゃない?,success,首位争いになるんじゃない?,True,13,13,0
,029_kbc_13615767_20260714175500_seg_00021,029_kbc_13615767_20260714175500,SPEAKER_03,228.4,229.579993,1.18,success,相性がちょっとたまたまね。,success,相性がちょっとたまたまね。,True,13,13,0
,029_kbc_13615767_20260714175500_seg_00022,029_kbc_13615767_20260714175500,SPEAKER_02,231.92,232.45999,0.54,success,そうです。,success,そうです。,True,5,5,0
,029_kbc_13615767_20260714175500_seg_00023,029_kbc_13615767_20260714175500,SPEAKER_02,234.16,235.819991,1.66,success,この3連。,success,でこの3連。,False,5,6,1
,029_kbc_13615767_20260714175500_seg_00024,029_kbc_13615767_20260714175500,SPEAKER_02,238.96,239.68,0.72,success,山線のそりゃ。,success,今日も洗脳するに。,False,7,9,2
,029_kbc_13615767_20260714175500_seg_00025,029_kbc_13615767_20260714175500,SPEAKER_03,245.2,245.899992,0.7,success,まあ3度目。,success,でもまあさんざん。,False,6,9,3
,029_kbc_13615767_20260714175500_seg_00026,029_kbc_13615767_20260714175500,SPEAKER_03,247.6,248.77999,1.18,success,俺と西山のカーブか。,success,俺と西山のカードか。,False,10,10,0
,029_kbc_13615767_20260714175500_seg_00027,029_kbc_13615767_20260714175500,SPEAKER_02,250.48,251.179991,0.7,success,感染で。,success,番宣で。,False,4,4,0
,029_kbc_13615767_20260714175500_seg_00028,029_kbc_13615767_20260714175500,SPEAKER_02,253.36,254.539992,1.18,success,決まるって誰が好きなの?,success,決まるって誰が好きなの?,True,12,12,0
,029_kbc_13615767_20260714175500_seg_00029,029_kbc_13615767_20260714175500,SPEAKER_03,259.6,261.2,1.6,success,有原投手、しっかり。,success,まあ有原投手しっかり。,False,10,11,1
,029_kbc_13615767_20260714175500_seg_00030,029_kbc_13615767_20260714175500,SPEAKER_03,261.76,262.48,0.72,success,伊藤投手もね。,success,両投手もね。,False,7,6,-1
,029_kbc_13615767_20260714175500_seg_00031,029_kbc_13615767_20260714175500,SPEAKER_03,262.8,264.140005,1.34,success,来てください、もう今はばりばりです。,success,もう今はバリバリ。,False,18,9,-9
,029_kbc_13615767_20260714175500_seg_00032,029_kbc_13615767_20260714175500,SPEAKER_03,270.32,271.2,0.88,success,ねっ伊藤さん。,success,ねえ伊藤さん。,False,7,7,0
,029_kbc_13615767_20260714175500_seg_00033,029_kbc_13615767_20260714175500,SPEAKER_03,271.6,272.72,1.12,success,ちょっともたついた分。,success,ちょっともたついた分。,True,11,11,0
,029_kbc_13615767_20260714175500_seg_00034,029_kbc_13615767_20260714175500,SPEAKER_03,273.04,274.32,1.28,success,日本ホークスがばばっと変わったんです。,success,ホークスがババッと変わったんですよ。,False,19,18,-1
,029_kbc_13615767_20260714175500_seg_00035,029_kbc_13615767_20260714175500,SPEAKER_02,274.4,275.180014,0.78,success,僕はみんな。,success,他みんな。,False,6,5,-1
,029_kbc_13615767_20260714175500_seg_00036,029_kbc_13615767_20260714175500,SPEAKER_02,293.2,295.340002,2.14,success,気付けば、その。,success,でまあ気付けばその。,False,8,10,2
,029_kbc_13615767_20260714175500_seg_00037,029_kbc_13615767_20260714175500,SPEAKER_02,296.56,297.76,1.2,success,えクラスは。,success,えaクラスは。,False,6,7,1
,029_kbc_13615767_20260714175500_seg_00038,029_kbc_13615767_20260714175500,SPEAKER_03,304.24,305.9,1.66,success,これで6とか7ついたら。,success,これで6とか7ついたら。,True,12,12,0
,029_kbc_13615767_20260714175500_seg_00039,029_kbc_13615767_20260714175500,SPEAKER_02,309.6,310.24,0.64,success,ぬけ。,success,ぬけ。,True,3,3,0
,029_kbc_13615767_20260714175500_seg_00040,029_kbc_13615767_20260714175500,SPEAKER_02,311.92,313.099997,1.18,success,まあライオンズの。,success,まあライオンズの。,True,9,9,0
,029_kbc_13615767_20260714175500_seg_00041,029_kbc_13615767_20260714175500,SPEAKER_02,316.24,316.940009,0.7,success,いろいろ変わって。,success,いろいろ変わる。,False,9,8,-1
,029_kbc_13615767_20260714175500_seg_00042,029_kbc_13615767_20260714175500,SPEAKER_02,319.6,322.220007,2.62,success,この漫談はですね、ホークスの。,success,あのこの漫談はですねホークスの。,False,15,16,1
,029_kbc_13615767_20260714175500_seg_00043,029_kbc_13615767_20260714175500,SPEAKER_02,323.76,326.539999,2.78,success,皆さんからもホークス戦の情報、ホークスへの応援メッセージ。,success,皆さんからもホークス戦の情報ホークスへの応援メッセージ。,False,29,28,-1
,029_kbc_13615767_20260714175500_seg_00044,029_kbc_13615767_20260714175500,SPEAKER_02,328.4,330.16,1.76,success,#はkbc。,success,#はkbcホーム。,False,6,9,3
,029_kbc_13615767_20260714175500_seg_00045,029_kbc_13615767_20260714175500,SPEAKER_02,331.04,333.76,2.72,success,漫談でお間違えのないように警備員。,success,ということになっておりますね。,False,17,15,-2
,029_kbc_13615767_20260714175500_seg_00046,029_kbc_13615767_20260714175500,SPEAKER_02,338.32,343.340002,5.02,success,だから日ハム戦はもうデー、デーデーで来ますんで、今週はたっぷりと。,success,だから日ハム戦はもうデーデーデーで来ますので今週はたっぷりと。,False,33,31,-2
,029_kbc_13615767_20260714175500_seg_00047,029_kbc_13615767_20260714175500,SPEAKER_02,345.52,346.16,0.64,success,パパね。,success,までね。,False,4,4,0
,029_kbc_13615767_20260714175500_seg_00048,029_kbc_13615767_20260714175500,SPEAKER_02,347.92,349.099997,1.18,success,シーズンオフみたいな状態。,success,シーズンオフみたいな状況ですね。,False,13,16,3
,029_kbc_13615767_20260714175500_seg_00049,029_kbc_13615767_20260714175500,SPEAKER_03,355.6,356.16,0.56,success,どう教えたんですか?,success,何で教えたんすか?,False,10,9,-1
,029_kbc_13615767_20260714175500_seg_00050,029_kbc_13615767_20260714175500,SPEAKER_03,363.68,365.68,2.0,success,美咲ちゃん、ハニーちゃん、コンビもなかなか。,success,美咲ちゃんハニーちゃんコンビもなかなか。,False,22,20,-2
,029_kbc_13615767_20260714175500_seg_00051,029_kbc_13615767_20260714175500,SPEAKER_02,368.08,369.260001,1.18,success,であの今日。,success,であの君。,False,6,5,-1
,029_kbc_13615767_20260714175500_seg_00052,029_kbc_13615767_20260714175500,SPEAKER_02,373.84,375.500006,1.66,success,貴重な甲州一種。,success,貴重な甲州一生。,False,8,8,0
,029_kbc_13615767_20260714175500_seg_00053,029_kbc_13615767_20260714175500,SPEAKER_02,380.08,380.780005,0.7,success,えっどうだ?,success,どうだ?,False,6,4,-2
,029_kbc_13615767_20260714175500_seg_00054,029_kbc_13615767_20260714175500,SPEAKER_02,404.08,405.260001,1.18,success,あなつかんパンダの。,success,あ懐かしい。,False,10,6,-4
,029_kbc_13615767_20260714175500_seg_00055,029_kbc_13615767_20260714175500,SPEAKER_02,406.96,407.659995,0.7,success,ナスパンダル。,success,ナースパンダルーム。,False,7,10,3
,029_kbc_13615767_20260714175500_seg_00056,029_kbc_13615767_20260714175500,SPEAKER_03,411.28,411.84,0.56,success,剣心も。,success,剣心も?,False,4,4,0
,029_kbc_13615767_20260714175500_seg_00057,029_kbc_13615767_20260714175500,SPEAKER_02,411.92,412.8,0.88,success,すごいねここだけ。,success,すごいねここだけ。,True,9,9,0
,029_kbc_13615767_20260714175500_seg_00058,029_kbc_13615767_20260714175500,SPEAKER_02,413.76,414.379996,0.62,success,ハリポータ。,success,ラリポーター。,False,6,7,1
,029_kbc_13615767_20260714175500_seg_00059,029_kbc_13615767_20260714175500,SPEAKER_02,416.08,418.4,2.32,success,副部長よ、マジで。,success,極無よマジで。,False,9,7,-2
,029_kbc_13615767_20260714175500_seg_00060,029_kbc_13615767_20260714175500,SPEAKER_02,426.72,427.819998,1.1,success,そして金曜日が。,success,そして金曜日が。,True,8,8,0
,029_kbc_13615767_20260714175500_seg_00061,029_kbc_13615767_20260714175500,SPEAKER_02,434.32,435.02001,0.7,success,ピューガ夜。,success,龍河夜。,False,6,4,-2
,029_kbc_13615767_20260714175500_seg_00062,029_kbc_13615767_20260714175500,SPEAKER_02,436.24,437.420004,1.18,success,プルリバが言う。,success,ブルーリバベンド。,False,8,9,1
,029_kbc_13615767_20260714175500_seg_00063,029_kbc_13615767_20260714175500,SPEAKER_02,441.52,452.64,11.12,success,それでは今日行われておりますプロ野球の情報からお伝えしたいと思います、もう時刻が6時2分を回っておりますので、もうぼちぼち他球場も。,success,それでは今日行われておりますプロ野球の情報からお伝えしたいと思いますが時刻が6時2分を回っておりますのでもうぼちぼち他球場も試合が始まっています。,False,66,73,7
,029_kbc_13615767_20260714175500_seg_00064,029_kbc_13615767_20260714175500,SPEAKER_02,453.2,456.620001,3.42,success,まずはパリーグが今日は。,success,試合が始まっておりますね。,False,12,13,1
,029_kbc_13615767_20260714175500_seg_00065,029_kbc_13615767_20260714175500,SPEAKER_02,464.08,466.700003,2.62,success,到着しました、エスコンフィールドで行われましたファイターズ。,success,エスコンフィールドで行われましたファイターズの試合。,False,30,26,-4
,029_kbc_13615767_20260714175500_seg_00066,029_kbc_13615767_20260714175500,SPEAKER_02,468.820001,471.44,2.62,success,3対2でホークスが勝ちました。,success,2対2でホークスが勝ちました。,False,15,15,0
,029_kbc_13615767_20260714175500_seg_00067,029_kbc_13615767_20260714175500,SPEAKER_03,471.44,472.0,0.56,success,うん。,success,うん。,True,3,3,0
,029_kbc_13615767_20260714175500_seg_00068,029_kbc_13615767_20260714175500,SPEAKER_02,472.16,475.340002,3.18,success,これでホークスは3連勝50勝1敗。,success,これでホークスは3連勝50勝1敗。,True,17,17,0
,029_kbc_13615767_20260714175500_seg_00069,029_kbc_13615767_20260714175500,SPEAKER_03,480.4,483.499991,3.1,success,アップgtoがハッシュタグでね一応この3連戦じゃないですか。,success,ctoがハッシュタグでね一応この3連戦じゃなくて。,False,30,25,-5
,029_kbc_13615767_20260714175500_seg_00070,029_kbc_13615767_20260714175500,SPEAKER_03,485.2,486.379996,1.18,success,13、女子、15のオリックス。,success,13女子15のオリックス。,False,15,13,-2
,029_kbc_13615767_20260714175500_seg_00071,029_kbc_13615767_20260714175500,SPEAKER_03,490.48,499.44,8.96,success,3人以上の観衆が、球団としては5月と同様、ナイターや、きょうのことかな、これ、ナイターや週末などで来場が難しい方を含め、より。,success,3人以上の観衆が球団としては5月と同様ナイターや今日の事かなこれナイターや週末などで来場が難しい方を含めより。,False,63,55,-8
,029_kbc_13615767_20260714175500_seg_00072,029_kbc_13615767_20260714175500,SPEAKER_03,499.92,502.219992,2.3,success,方に多様な感染環境を提供するために。,success,方に多様な感染環境を提供する。,False,18,15,-3
,029_kbc_13615767_20260714175500_seg_00073,029_kbc_13615767_20260714175500,SPEAKER_03,505.84,506.48,0.64,success,天の人とか?,success,福天の人なの?,False,6,7,1
,029_kbc_13615767_20260714175500_seg_00074,029_kbc_13615767_20260714175500,SPEAKER_02,508.24,508.939993,0.7,success,この仕事だし。,success,もう仕事だし。,False,7,7,0
,029_kbc_13615767_20260714175500_seg_00075,029_kbc_13615767_20260714175500,SPEAKER_02,512.64,514.219977,1.58,success,人用にチョキやって。,success,他の人用にチョキやって。,False,10,12,2
,029_kbc_13615767_20260714175500_seg_00076,029_kbc_13615767_20260714175500,SPEAKER_02,516.88,521.899969,5.02,success,混みはあるでしょうけどだからホントに夜勤とかね夜にお仕事をしながら。,success,混みはあるでしょうけどだからホントに夜勤とかね夜にお仕事をしながら。,True,34,34,0
,029_kbc_13615767_20260714175500_seg_00077,029_kbc_13615767_20260714175500,SPEAKER_01,523.28,524.16,0.88,success,夜は行きたい。,success,夜はい。,False,7,4,-3
,029_kbc_13615767_20260714175500_seg_00078,029_kbc_13615767_20260714175500,SPEAKER_02,524.56,525.259985,0.7,success,風末とか。,success,風末とか。,True,5,5,0
,029_kbc_13615767_20260714175500_seg_00079,029_kbc_13615767_20260714175500,SPEAKER_02,534.48,535.36,0.88,success,泣いたあとね。,success,大体あとね。,False,7,6,-1
,029_kbc_13615767_20260714175500_seg_00080,029_kbc_13615767_20260714175500,SPEAKER_02,554.8,562.219977,7.42,success,朝ですより先に始まる俺、まだ残っとったけんちょっと気まずかったけど。,success,本当よ、朝ですより先に始まる俺、まだ残っとったけんちょっと気まずかったけど。,False,34,38,4
,029_kbc_13615767_20260714175500_seg_00081,029_kbc_13615767_20260714175500,SPEAKER_02,569.04,569.76,0.72,success,ああ。,success,ラン。,False,3,3,0
,029_kbc_13615767_20260714175500_seg_00082,029_kbc_13615767_20260714175500,SPEAKER_03,569.84,571.819983,1.98,success,でもまあまあ6時7時にはもう寝ます。,success,でもまあまあ6時7時にはもう寝ますよ。,False,18,19,1
,029_kbc_13615767_20260714175500_seg_00083,029_kbc_13615767_20260714175500,SPEAKER_02,581.2,583.2,2.0,success,3万人も前回来たってことは。,success,3万人も前回来たって事はやっぱり。,False,14,17,3
,029_kbc_13615767_20260714175500_seg_00084,029_kbc_13615767_20260714175500,SPEAKER_02,596.56,597.84,1.28,success,一回結果が出たから。,success,一回結果が出たから。,True,10,10,0
,029_kbc_13615767_20260714175500_seg_00085,029_kbc_13615767_20260714175500,SPEAKER_02,598.08,605.419958,7.34,success,いいね、いいね、望まれてるねなんていうことでしょう。ということで今日は一時プレーボールでしたファイターズ×ホークスのゲームはホークスが4連勝。,success,いいねいいね望まれてるねなんていうことでしょう。という事で今日は一時プレーボールでしたファイターズ対ホークスのゲームはホークスが4連勝。,False,71,68,-3
,029_kbc_13615767_20260714175500_seg_00086,029_kbc_13615767_20260714175500,SPEAKER_02,608.08,612.13996,4.06,success,続きまして楽天モバイルで行われておりますイーグルス対バファローズのゲーム。,success,続きまして楽天モバイルで行われておりますイーグルス対バファローズのゲーム。,True,37,37,0
,029_kbc_13615767_20260714175500_seg_00087,029_kbc_13615767_20260714175500,SPEAKER_02,613.36,616.459967,3.1,success,先発、イーグルスが瀧中そしてバファローズが瀧中。,success,先発イーグルスが瀧中そしてバファローズが瀧中。,False,24,23,-1
,029_kbc_13615767_20260714175500_seg_00088,029_kbc_13615767_20260714175500,SPEAKER_02,623.92,625.579962,1.66,success,イーグルスの攻撃に入る。,success,イーグルスの攻撃に入る。,True,12,12,0
,029_kbc_13615767_20260714175500_seg_00089,029_kbc_13615767_20260714175500,SPEAKER_02,628.72,632.299963,3.58,success,そしてパリーグ最後、ベルーナドームで行われております、ライオンズ×マリーンズ。,success,そしてパリーグ最後ベルーナドームで行われておりますライオンズ×マリン。,False,39,35,-4
,029_kbc_13615767_20260714175500_seg_00090,029_kbc_13615767_20260714175500,SPEAKER_02,641.2,642.37998,1.18,success,ってが。,success,手が。,False,4,3,-1
,029_kbc_13615767_20260714175500_seg_00091,029_kbc_13615767_20260714175500,SPEAKER_02,652.8,658.219946,5.42,success,続いてセリーグセリーグはナイトゲーム3試合目です。,success,ゲームに動きはございません続いてセリーグはナイトゲーム3試合ぶりです。,False,25,35,10
,029_kbc_13615767_20260714175500_seg_00092,029_kbc_13615767_20260714175500,SPEAKER_02,659.44,664.939978,5.5,success,まず神宮球場のスワローズ対ジャイアンツのゲーム先発はスワローズが山。,success,まず神宮球場のスワローズ対ジャイアンツのゲーム先発はスワローズが山田。,False,34,35,1
,029_kbc_13615767_20260714175500_seg_00093,029_kbc_13615767_20260714175500,SPEAKER_02,667.6,668.779974,1.18,success,ゲームは0対0。,success,ゲームは0対0。,True,8,8,0
,029_kbc_13615767_20260714175500_seg_00094,029_kbc_13615767_20260714175500,SPEAKER_02,673.36,674.059973,0.7,success,バンテリンドーム。,success,バンテリンドーム。,True,9,9,0
,029_kbc_13615767_20260714175500_seg_00095,029_kbc_13615767_20260714175500,SPEAKER_02,675.28,680.779974,5.5,success,タイガースのゲーム先発はドラゴンズがマラーそしてタイガースが高橋。,success,タイガースのゲーム先発はドラゴンズがマラーそしてタイガースが高橋。,True,33,33,0
,029_kbc_13615767_20260714175500_seg_00096,029_kbc_13615767_20260714175500,SPEAKER_02,681.52,685.579962,4.06,success,こちら1回の表タイガースがもう2連勝。,success,ということでこちら1回の表タイガースがもう2連勝。,False,19,25,6
,029_kbc_13615767_20260714175500_seg_00097,029_kbc_13615767_20260714175500,SPEAKER_02,693.04,695.179968,2.14,success,チャルト全然歌えない。,success,チャルト全然歌えない。,True,11,11,0
,029_kbc_13615767_20260714175500_seg_00098,029_kbc_13615767_20260714175500,SPEAKER_02,697.92,698.539954,0.62,success,すっごいピッ。,success,すっごいびっくり。,False,7,9,2
,029_kbc_13615767_20260714175500_seg_00099,029_kbc_13615767_20260714175500,SPEAKER_02,703.6,705.739966,2.14,success,今日は森下。,success,今日はえ森下。,False,6,7,1
,029_kbc_13615767_20260714175500_seg_00100,029_kbc_13615767_20260714175500,SPEAKER_02,710.739954,712.459967,1.72,success,2者連続ホームランって打点もホームラン。,success,2者連続ホームランって打点もホームラン。,True,20,20,0
,029_kbc_13615767_20260714175500_seg_00101,029_kbc_13615767_20260714175500,SPEAKER_02,716.56,722.539954,5.98,success,輝明は打率が3割4分3厘というすごい打ってますから2者連続ホームランでタイガースの大谷。,success,輝明は打率が3割4分3厘というすごい打ってますから2者連続ホームランでタイガースの打率。,False,44,44,0
,029_kbc_13615767_20260714175500_seg_00102,029_kbc_13615767_20260714175500,SPEAKER_02,723.76,724.459967,0.7,success,ほぼ先生。,success,顧問宣誓。,False,5,5,0
,029_kbc_13615767_20260714175500_seg_00103,029_kbc_13615767_20260714175500,SPEAKER_02,726.16,732.619971,6.46,success,最後、マツダスタジアムカープ対ベイスターズのゲーム先発はカープが岡本そしてベイスターズが石田。,success,最後、マツダスタジアムカープ対ベイスターズのゲーム先発はカープが岡本そしてベイスターズが石田。,True,47,47,0
,029_kbc_13615767_20260714175500_seg_00104,029_kbc_13615767_20260714175500,SPEAKER_02,735.28,736.459967,1.18,success,スターズの攻撃中です。,success,その攻撃中です。,False,11,8,-3
,029_kbc_13615767_20260714175500_seg_00105,029_kbc_13615767_20260714175500,SPEAKER_02,739.44,741.259955,1.82,success,いやー、タイガース、すごいですね。,success,いやタイガースすごいな。,False,17,12,-5
,029_kbc_13615767_20260714175500_seg_00106,029_kbc_13615767_20260714175500,SPEAKER_01,744.4,745.44,1.04,success,松島茂将はさ。,success,羽柴茂雄翔はさ。,False,7,8,1
,029_kbc_13615767_20260714175500_seg_00107,029_kbc_13615767_20260714175500,SPEAKER_01,748.72,749.899969,1.18,success,このままいけばさ。,success,このままいけよそうそっち。,False,9,13,4
,029_kbc_13615767_20260714175500_seg_00108,029_kbc_13615767_20260714175500,SPEAKER_01,752.56,754.08,1.52,success,皮肉にも阪神皮肉にも。,success,皮肉にも阪神皮肉にっていうか。,False,11,15,4
,029_kbc_13615767_20260714175500_seg_00109,029_kbc_13615767_20260714175500,SPEAKER_02,754.32,754.96,0.64,success,チーム。,success,アイドルチーム。,False,4,8,4
,029_kbc_13615767_20260714175500_seg_00110,029_kbc_13615767_20260714175500,SPEAKER_03,755.68,756.88,1.2,success,思うんやけど、ジャイアンツ選手。,success,ほんやけどジャイアンツ選手。,False,16,14,-2
,029_kbc_13615767_20260714175500_seg_00111,029_kbc_13615767_20260714175500,SPEAKER_01,758.8,759.6,0.8,success,初代になると。,success,初代になると。,True,7,7,0
,029_kbc_13615767_20260714175500_seg_00112,029_kbc_13615767_20260714175500,SPEAKER_02,759.68,762.24,2.56,success,ああミスターもそれを望んでるでしょう。,success,まあミスターもそれを望んでるでしょう。,False,19,19,0
,029_kbc_13615767_20260714175500_seg_00113,029_kbc_13615767_20260714175500,SPEAKER_02,762.72,763.28,0.56,success,でもこっ。,success,でも。,False,5,3,-2
,029_kbc_13615767_20260714175500_seg_00114,029_kbc_13615767_20260714175500,SPEAKER_02,777.04,780.619971,3.58,success,このあとも随時、プロ野球の試合結果お伝えしてまいります。,success,このあとも随時プロ野球の試合経過お伝えしてまいります。,False,28,27,-1
,029_kbc_13615767_20260714175500_seg_00115,029_kbc_13615767_20260714175500,SPEAKER_02,784.24,791.659949,7.42,success,メニューご紹介しておきましょうプロ野球関連のニュースコーナーから野球に無理やり引っかけたようなネタコーナーまで盛りだくさんで今日も4時間お届けします。,success,メニューご紹介しておきましょうプロ野球関連のニュースコーナーから野球に無理やり引っかけたようなネタコーナーまで盛りだくさんで今日も4時間。,False,75,69,-6
,029_kbc_13615767_20260714175500_seg_00116,029_kbc_13615767_20260714175500,SPEAKER_02,793.299951,795.019965,1.72,success,6時台8時台9時台。,success,6時台8時台9時台。,True,10,10,0
,029_kbc_13615767_20260714175500_seg_00117,029_kbc_13615767_20260714175500,SPEAKER_02,796.24,797.899969,1.66,success,3回予定ではお送りします。,success,3回予定ではお送りします。,True,13,13,0
,029_kbc_13615767_20260714175500_seg_00118,029_kbc_13615767_20260714175500,SPEAKER_02,801.04,801.739966,0.7,success,下の皆さんが。,success,ちなみに皆さんが。,False,7,9,2
,029_kbc_13615767_20260714175500_seg_00119,029_kbc_13615767_20260714175500,SPEAKER_02,802.899957,803.659949,0.76,success,気にしていること。,success,変身していること。,False,9,9,0
,029_kbc_13615767_20260714175500_seg_00120,029_kbc_13615767_20260714175500,SPEAKER_02,804.88,805.579962,0.7,success,楽しい楽しい。,success,楽しい楽しい!,False,7,7,0
,029_kbc_13615767_20260714175500_seg_00121,029_kbc_13615767_20260714175500,SPEAKER_02,807.28,808.459967,1.18,success,なじんでないよっていう。,success,まだなじんでないよっていう。,False,12,14,2
,029_kbc_13615767_20260714175500_seg_00122,029_kbc_13615767_20260714175500,SPEAKER_02,809.68,813.739966,4.06,success,7時20分過ぎぐらいに、このあとすぐ、一度やってみますので。,success,20分過ぎぐらいにこのあとすぐ一度やってみますので。,False,30,26,-4
,029_kbc_13615767_20260714175500_seg_00123,029_kbc_13615767_20260714175500,SPEAKER_02,826.0,826.699957,0.7,success,だって確信。,success,だって確信?,False,6,6,0
,029_kbc_13615767_20260714175500_seg_00124,029_kbc_13615767_20260714175500,SPEAKER_02,837.52,838.699957,1.18,success,かけたコーナーとなっております。,success,かけたコーナーとなっております。,True,16,16,0
,029_kbc_13615767_20260714175500_seg_00125,029_kbc_13615767_20260714175500,SPEAKER_02,843.28,847.819952,4.54,success,そして7時台と8時台には去年もやりました大好評企画なんちゃら。,success,7時台と8時台には去年もやりました大好評企画なんちゃら。,False,31,28,-3
,029_kbc_13615767_20260714175500_seg_00126,029_kbc_13615767_20260714175500,SPEAKER_02,849.52,852.619971,3.1,success,まずはこちらのコーナー。,success,旬な音ネタコーナーとなっております。,False,12,18,6
,029_kbc_13615767_20260714175500_seg_00127,029_kbc_13615767_20260714175500,SPEAKER_02,874.24,875.2,0.96,success,はいまずは。,success,はいまあですね。,False,6,8,2
,029_kbc_13615767_20260714175500_seg_00128,029_kbc_13615767_20260714175500,SPEAKER_02,876.24,877.099951,0.86,success,タンタンタン。,success,タンタンタン。,True,7,7,0
,029_kbc_13615767_20260714175500_seg_00129,029_kbc_13615767_20260714175500,SPEAKER_02,880.24,881.419958,1.18,success,あとから皆さんに。,success,あとから皆さんに。,True,9,9,0
,029_kbc_13615767_20260714175500_seg_00130,029_kbc_13615767_20260714175500,SPEAKER_02,888.4,889.84,1.44,success,兄ちゃんその。,success,兄ちゃんその。,True,7,7,0
,029_kbc_13615767_20260714175500_seg_00131,029_kbc_13615767_20260714175500,SPEAKER_02,892.24,897.259955,5.02,success,僕、全然最初できんくて、そしたら、だんだん皆さんがだんだん尺を入れてくれる。,success,僕全然最初できんくてそしたらだんだん皆さんがだんだん尺を入れてくれるようになって。,False,38,41,3
,029_kbc_13615767_20260714175500_seg_00132,029_kbc_13615767_20260714175500,SPEAKER_02,905.68,906.4,0.72,success,っていうのあったけどあっ。,success,っていうのはあったけどあっそうだ。,False,13,17,4
,029_kbc_13615767_20260714175500_seg_00133,029_kbc_13615767_20260714175500,SPEAKER_02,906.8,908.299963,1.5,success,負けついたんだマージャン。,success,負けついたんだ麻雀。,False,13,10,-3
,029_kbc_13615767_20260714175500_seg_00134,029_kbc_13615767_20260714175500,SPEAKER_02,914.32,915.019965,0.7,success,簡単。,success,タンタンタン。,False,3,7,4
,029_kbc_13615767_20260714175500_seg_00135,029_kbc_13615767_20260714175500,SPEAKER_02,918.64,920.299963,1.66,success,10秒ぐらいありますんで。,success,10秒ぐらいありますんで。,True,13,13,0
,029_kbc_13615767_20260714175500_seg_00136,029_kbc_13615767_20260714175500,SPEAKER_02,926.32,927.499976,1.18,success,亜生ホニャララ。,success,おせほにゃ。,False,8,6,-2
,029_kbc_13615767_20260714175500_seg_00137,029_kbc_13615767_20260714175500,SPEAKER_02,932.08,934.699957,2.62,success,話していただいたネタバラシを最後のかっ飛ばせる。,success,話していただいたネタバラシを最後のかっとばせる。,False,24,24,0
,029_kbc_13615767_20260714175500_seg_00138,029_kbc_13615767_20260714175500,SPEAKER_02,949.36,950.539954,1.18,success,皆さんネタコーナー。,success,皆さんネタコーナー。,True,10,10,0
,029_kbc_13615767_20260714175500_seg_00139,029_kbc_13615767_20260714175500,SPEAKER_02,951.76,953.899939,2.14,success,ちょっとまだよく分からんなっていう。,success,あのちょっとまだよく分からんなっていう。,False,18,20,2
,029_kbc_13615767_20260714175500_seg_00140,029_kbc_13615767_20260714175500,SPEAKER_02,955.6,956.779944,1.18,success,いただいたあと8時台さん。,success,いただいたあとは8時台さん。,False,13,14,1
,029_kbc_13615767_20260714175500_seg_00141,029_kbc_13615767_20260714175500,SPEAKER_02,964.24,969.259955,5.02,success,今ではねいつの間にやらおなじみになりました。,success,もう今ではねいつの間にやらおなじみになりましたプロ野球。,False,22,28,6
,029_kbc_13615767_20260714175500_seg_00142,029_kbc_13615767_20260714175500,SPEAKER_02,971.92,974.059973,2.14,success,登場曲のイントロを聴いていただきましょう。,success,登場曲のイントロを聴いていただきましょう。,True,21,21,0
,029_kbc_13615767_20260714175500_seg_00143,029_kbc_13615767_20260714175500,SPEAKER_02,975.28,976.939978,1.66,success,どの登場曲かを当てていただく。,success,どの登場曲かを当てていただく。,True,15,15,0
,029_kbc_13615767_20260714175500_seg_00144,029_kbc_13615767_20260714175500,SPEAKER_02,982.48,983.659949,1.18,success,選手でやろうとしたら。,success,選手でやろうとしたら。,True,11,11,0
,029_kbc_13615767_20260714175500_seg_00145,029_kbc_13615767_20260714175500,SPEAKER_02,986.259973,988.16,1.9,success,使ってるっていうことが。,success,使ってるっていうことが。,True,12,12,0
,029_kbc_13615767_20260714175500_seg_00146,029_kbc_13615767_20260714175500,SPEAKER_02,989.68,991.84,2.16,success,その選手、合ってますよみたいな。,success,その選手合ってますよみたいな。,False,16,15,-1
,029_kbc_13615767_20260714175500_seg_00147,029_kbc_13615767_20260714175500,SPEAKER_02,992.08,993.739966,1.66,success,ごちゃごちゃならないでもうホークスに絞って。,success,ごちょごちょならないでもうホークスに絞って。,False,22,22,0
,029_kbc_13615767_20260714175500_seg_00148,029_kbc_13615767_20260714175500,SPEAKER_02,995.92,996.619971,0.7,success,じゃあ登場曲。,success,じゃあ登場曲。,True,7,7,0
,029_kbc_13615767_20260714175500_seg_00149,029_kbc_13615767_20260714175500,SPEAKER_02,1009.84,1010.539954,0.7,success,今風すぎて。,success,今風すぎて。,True,6,6,0
,029_kbc_13615767_20260714175500_seg_00150,029_kbc_13615767_20260714175500,SPEAKER_01,1017.92,1018.56,0.64,success,待っちゃっても。,success,待っちゃっても。,True,8,8,0
,029_kbc_13615767_20260714175500_seg_00151,029_kbc_13615767_20260714175500,SPEAKER_01,1019.28,1020.64,1.36,success,どっちにジェシーがおうって。,success,どっちにジェシーおうて。,False,14,12,-2
,029_kbc_13615767_20260714175500_seg_00152,029_kbc_13615767_20260714175500,SPEAKER_01,1021.12,1022.08,0.96,success,どっちにチェフ太郎。,success,どっちにちぇふたろう。,False,10,11,1
,029_kbc_13615767_20260714175500_seg_00153,029_kbc_13615767_20260714175500,SPEAKER_02,1024.72,1025.419958,0.7,success,どっちにもおらん。,success,どっちにもおらん!,False,9,9,0
,029_kbc_13615767_20260714175500_seg_00154,029_kbc_13615767_20260714175500,SPEAKER_02,1027.52,1028.299963,0.78,success,2曜日のゲーム。,success,火曜日の警備。,False,8,7,-1
,029_kbc_13615767_20260714175500_seg_00155,029_kbc_13615767_20260714175500,SPEAKER_01,1030.96,1032.13999,1.18,success,違うんですよ。,success,違うんですよ。,True,7,7,0
,029_kbc_13615767_20260714175500_seg_00156,029_kbc_13615767_20260714175500,SPEAKER_02,1038.16,1038.859961,0.7,success,うがえ。,success,部下ええ。,False,4,5,1
,029_kbc_13615767_20260714175500_seg_00157,029_kbc_13615767_20260714175500,SPEAKER_01,1048.72,1049.419958,0.7,success,ピンクの作文。,success,ピンクのサクモ!,False,7,8,1
,029_kbc_13615767_20260714175500_seg_00158,029_kbc_13615767_20260714175500,SPEAKER_01,1066.64,1067.179907,0.54,success,までかな?,success,現場でかな。,False,5,6,1
,029_kbc_13615767_20260714175500_seg_00159,029_kbc_13615767_20260714175500,SPEAKER_01,1070.32,1071.52,1.2,success,もちろん山田君しか分からん。,success,もちろん山田君しか分からない。,False,14,15,1
,029_kbc_13615767_20260714175500_seg_00160,029_kbc_13615767_20260714175500,SPEAKER_01,1071.84,1073.419958,1.58,success,なにわ男子だ。,success,なにわ男子だ。,True,7,7,0
,029_kbc_13615767_20260714175500_seg_00161,029_kbc_13615767_20260714175500,SPEAKER_01,1077.52,1078.16,0.64,success,キスマイ。,success,いいかキスマイ。,False,5,8,3
,029_kbc_13615767_20260714175500_seg_00162,029_kbc_13615767_20260714175500,SPEAKER_01,1113.68,1114.699927,1.02,success,興奮してずっとと。,success,興奮してずっと飛んでる。,False,9,12,3
,029_kbc_13615767_20260714175500_seg_00163,029_kbc_13615767_20260714175500,SPEAKER_01,1121.68,1123.28,1.6,success,マジ30分ぐらい。,success,マジ30分ぐらい。,True,9,9,0
,029_kbc_13615767_20260714175500_seg_00164,029_kbc_13615767_20260714175500,SPEAKER_01,1127.44,1128.08,0.64,success,えっ?,success,えっ?,True,3,3,0
,029_kbc_13615767_20260714175500_seg_00165,029_kbc_13615767_20260714175500,SPEAKER_02,1133.2,1133.9,0.7,success,モンスター大きい。,success,モンスター大木。,False,9,8,-1
,029_kbc_13615767_20260714175500_seg_00166,029_kbc_13615767_20260714175500,SPEAKER_01,1146.64,1147.52,0.88,success,痛いの取っちゃう。,success,痛いのどっちだ?,False,9,8,-1
,029_kbc_13615767_20260714175500_seg_00167,029_kbc_13615767_20260714175500,SPEAKER_02,1151.92,1152.8,0.88,success,鍋と。,success,鍋と。,True,3,3,0
,029_kbc_13615767_20260714175500_seg_00168,029_kbc_13615767_20260714175500,SPEAKER_01,1160.24,1163.2,2.96,success,酒は肝臓で洗うんだよでおなじみのね。,success,あいつはね酒は肝臓で洗うんだよでおなじみのね。,False,18,23,5
,029_kbc_13615767_20260714175500_seg_00169,029_kbc_13615767_20260714175500,SPEAKER_02,1163.44,1170.0,6.56,success,町中華でやろうぜじゃないでしょっつってねっそのトークを今日は玉ちゃんいじりでやろうと思います。,success,町中華でやろうぜじゃないでしょっつってねっそのトークを今日は玉ちゃんいじりでやろうと。,False,47,43,-4
,029_kbc_13615767_20260714175500_seg_00170,029_kbc_13615767_20260714175500,SPEAKER_02,1170.72,1171.44,0.72,success,今日忙しい。,success,今日忙しい。,True,6,6,0
,029_kbc_13615767_20260714175500_seg_00171,029_kbc_13615767_20260714175500,SPEAKER_01,1172.24,1173.259985,1.02,success,エントリーというまあでもライブ。,success,まあでもライブ。,False,16,8,-8
,029_kbc_13615767_20260714175500_seg_00172,029_kbc_13615767_20260714175500,SPEAKER_01,1174.48,1175.659949,1.18,success,これはライブでもその話。,success,これはライブでもその話。,True,12,12,0
,029_kbc_13615767_20260714175500_seg_00173,029_kbc_13615767_20260714175500,SPEAKER_01,1177.84,1179.499976,1.66,success,ファンはもう、ジブラジでも。,success,ファンはもうジブラジでも。,False,14,13,-1
,029_kbc_13615767_20260714175500_seg_00174,029_kbc_13615767_20260714175500,SPEAKER_01,1186.48,1187.179907,0.7,success,寿司が。,success,寿司ヶ谷。,False,4,5,1
,029_kbc_13615767_20260714175500_seg_00175,029_kbc_13615767_20260714175500,SPEAKER_02,1191.28,1192.24,0.96,success,藤ヶ谷君。,success,藤ヶ谷君。,True,5,5,0
,029_kbc_13615767_20260714175500_seg_00176,029_kbc_13615767_20260714175500,SPEAKER_02,1193.04,1193.6,0.56,success,藤ヶ谷君。,success,藤ヶ谷君。,True,5,5,0
,029_kbc_13615767_20260714175500_seg_00177,029_kbc_13615767_20260714175500,SPEAKER_01,1193.68,1196.48,2.8,success,で中居君が残り4人でブサイクで付けて。,success,で中居君が残り4人でブサイクで付けて。,True,19,19,0
,029_kbc_13615767_20260714175500_seg_00178,029_kbc_13615767_20260714175500,SPEAKER_01,1199.44,1200.88,1.44,success,衣装が最初目である。,success,衣装が最初目である。,True,10,10,0
,029_kbc_13615767_20260714175500_seg_00179,029_kbc_13615767_20260714175500,SPEAKER_01,1201.28,1202.88,1.6,success,なんですよ、格差つけられてるんですよ。,success,ですよ格差つけられてるんですよ。,False,19,16,-3
,029_kbc_13615767_20260714175500_seg_00180,029_kbc_13615767_20260714175500,SPEAKER_01,1203.28,1204.939917,1.66,success,2ってだけだけどそっちの3人をフィーチャーしていく。,success,人っていうだけでそっちの3人をフューチャーしていく。,False,26,26,0
,029_kbc_13615767_20260714175500_seg_00181,029_kbc_13615767_20260714175500,SPEAKER_01,1207.6,1208.299902,0.7,success,千賀。,success,千賀。,True,3,3,0
,029_kbc_13615767_20260714175500_seg_00182,029_kbc_13615767_20260714175500,SPEAKER_02,1218.16,1218.859961,0.7,success,snowmanとかsnowman。,success,snowmanとかstory。,False,17,15,-2
,029_kbc_13615767_20260714175500_seg_00183,029_kbc_13615767_20260714175500,SPEAKER_01,1229.68,1230.4,0.72,success,いいですかこれ。,success,いいですかこれ。,True,8,8,0
,029_kbc_13615767_20260714175500_seg_00184,029_kbc_13615767_20260714175500,SPEAKER_01,1243.12,1243.819922,0.7,success,奥村投手。,success,奥村投手。,True,5,5,0
,029_kbc_13615767_20260714175500_seg_00185,029_kbc_13615767_20260714175500,SPEAKER_01,1246.8,1247.659949,0.86,success,もし別に言います。,success,もちろん別に言えます。,False,9,11,2
,029_kbc_13615767_20260714175500_seg_00186,029_kbc_13615767_20260714175500,SPEAKER_02,1249.36,1251.52,2.16,success,ちょっとね遅咲きのみたいな。,success,ちょっとね遅咲きのみたいな感じ。,False,14,16,2
,029_kbc_13615767_20260714175500_seg_00187,029_kbc_13615767_20260714175500,SPEAKER_02,1252.56,1253.419958,0.86,success,それでも若かったもん。,success,それでも若かった。,False,11,9,-2
,029_kbc_13615767_20260714175500_seg_00188,029_kbc_13615767_20260714175500,SPEAKER_01,1270.88,1271.659949,0.78,success,色とか。,success,色とか。,True,4,4,0
,029_kbc_13615767_20260714175500_seg_00189,029_kbc_13615767_20260714175500,SPEAKER_02,1275.699976,1276.459937,0.76,success,ってこいや怒り。,success,出てこいやおこんにちは。,False,8,12,4
,029_kbc_13615767_20260714175500_seg_00190,029_kbc_13615767_20260714175500,SPEAKER_02,1279.6,1282.219946,2.62,success,これ、当てるとかじゃないので、もうただただ楽しんでいただく。,success,これ当てるとかじゃないのでもうただただ楽しんでいただく。,False,30,28,-2
,029_kbc_13615767_20260714175500_seg_00191,029_kbc_13615767_20260714175500,SPEAKER_02,1284.88,1287.499976,2.62,success,9時ごろにはせんべいせんべいもやっちゃいます。,success,9時ごろにはせんべいせんべいもやっちゃいます。,True,23,23,0
,029_kbc_13615767_20260714175500_seg_00192,029_kbc_13615767_20260714175500,SPEAKER_02,1288.72,1292.779944,4.06,success,漫談が月1ぐらいしかないので、たくさん皆さんからライブのたびに頂いてます。,success,カップ漫談が月1ぐらいしかないのでたくさん皆さんからライブの度に頂いております。,False,37,40,3
,029_kbc_13615767_20260714175500_seg_00193,029_kbc_13615767_20260714175500,SPEAKER_02,1294.48,1297.099951,2.62,success,賞味期限に追われておりますんで、きょうもまたちょっと。,success,賞味期限に追われておりますんで今日もまたちょっと。,False,27,25,-2
,029_kbc_13615767_20260714175500_seg_00194,029_kbc_13615767_20260714175500,SPEAKER_02,1298.32,1308.13999,9.82,success,2つぐらいご紹介できたらなと思っておりますんで皆さんもせんべい片手に聴いていただけたらなと思っておりますそしてですね去年に引き続きあの登場曲考えました。,success,2つぐらいご紹介できたらなと思っておりますんで皆さんもせんべい片手に聴いていただけたらなと思っておりますそしてですね去年に引き続きあの登場曲考えました。,True,76,76,0
,029_kbc_13615767_20260714175500_seg_00195,029_kbc_13615767_20260714175500,SPEAKER_02,1311.28,1314.859961,3.58,success,この選手にはこの状況でこの登場曲が合いそうだなと。,success,この選手にはこの状況でこの登場曲が合いそうだなと。,True,25,25,0
,029_kbc_13615767_20260714175500_seg_00196,029_kbc_13615767_20260714175500,SPEAKER_01,1318.8,1320.24,1.44,success,その選手のカラーになったり。,success,その選手のカラーであったり。,False,14,14,0
,029_kbc_13615767_20260714175500_seg_00197,029_kbc_13615767_20260714175500,SPEAKER_01,1320.48,1323.04,2.56,success,中田選手もさ、ホークスじゃないやん、日ハムのさ。,success,中田選手もさホークスじゃないやん日ハムはさ。,False,24,22,-2
,029_kbc_13615767_20260714175500_seg_00198,029_kbc_13615767_20260714175500,SPEAKER_01,1324.72,1325.44,0.72,success,ビーグルの曲。,success,ビーグルの曲。,True,7,7,0
,029_kbc_13615767_20260714175500_seg_00199,029_kbc_13615767_20260714175500,SPEAKER_02,1333.84,1335.84,2.0,success,パーフェクトヒューマンね。,success,パーフェクトヒューマンね。,True,13,13,0
,029_kbc_13615767_20260714175500_seg_00200,029_kbc_13615767_20260714175500,SPEAKER_02,1340.56,1343.179907,2.62,success,選手のこういう登場曲考えましたっていうのの。,success,選手のこういう登場曲考えましたっていうのは。,False,22,22,0
,029_kbc_13615767_20260714175500_seg_00201,029_kbc_13615767_20260714175500,SPEAKER_02,1349.68,1351.819922,2.14,success,募集しておりますんで、なんでもメッセージを送ってきて。,success,募集しておりますんでなんでもメッセージを送ってきて下さい。,False,27,29,2
,029_kbc_13615767_20260714175500_seg_00202,029_kbc_13615767_20260714175500,SPEAKER_02,1366.48,1367.659949,1.18,success,xやられてる方は?,success,xやられてる方は?,True,9,9,0
,029_kbc_13615767_20260714175500_seg_00203,029_kbc_13615767_20260714175500,SPEAKER_02,1373.139917,1376.299902,3.16,success,ホークサイター漫談ブルリバーが4時間の生放送でお送りします。,success,フォークサイダー漫談ブルーリバーが4時間の生放送でお送りいたします。,False,30,34,4
,029_kbc_13615767_20260714175500_seg_00204,029_kbc_13615767_20260714175500,SPEAKER_02,1384.24,1385.9,1.66,success,ホークスの話題からご紹介します。,success,ホークスの話題からご紹介。,False,16,13,-3
,029_kbc_13615767_20260714175500_seg_00205,029_kbc_13615767_20260714175500,SPEAKER_02,1388.08,1394.059912,5.98,success,ゲームの情報からいきましょうソフトバンク、しのぎ合い制して3連勝です。,success,ゲームの情報からいきましょうソフトバンクしのぎ合い制して3連勝です。,False,35,34,-1
,029_kbc_13615767_20260714175500_seg_00206,029_kbc_13615767_20260714175500,SPEAKER_02,1395.28,1404.13999,8.86,success,一番乗りというニシスポwebotの記事ですソフトバンク、相手のミスを突いて接戦を制し3連勝で両リーグ50勝1敗。,success,一番乗りというニシスポwebotの記事ですソフトバンク相手のミスを突いて接戦を制し3連勝で両リーグ50勝1。,False,56,54,-2
,029_kbc_13615767_20260714175500_seg_00207,029_kbc_13615767_20260714175500,SPEAKER_02,1405.36,1409.419958,4.06,success,昨日の日本ハム戦を対戦成績11勝1敗と。,success,昨日、日本ハム戦を対戦成績11勝1敗と。,False,20,20,0
,029_kbc_13615767_20260714175500_seg_00208,029_kbc_13615767_20260714175500,SPEAKER_02,1411.12,1416.619971,5.5,success,16日にもこの日本ハム戦のカードのシーズン勝ち越しを決めるんじゃなかろうか。,success,16日にもこの日本ハム戦のカードのシーズン勝ち越しを決めるんじゃなかろうか。,True,38,38,0
,029_kbc_13615767_20260714175500_seg_00209,029_kbc_13615767_20260714175500,SPEAKER_02,1418.88,1419.979956,1.1,success,もう上沢投手も。,success,もう上沢投手も。,True,8,8,0
,029_kbc_13615767_20260714175500_seg_00210,029_kbc_13615767_20260714175500,SPEAKER_02,1421.28,1426.48,5.2,success,ピッチャー、そしてもちろん日ハムの北山投手もいいピッチャーですからすごい投手戦で1−1で。,success,ピッチャー、そしてもちろん日ハムの北山投手もいいピッチャーですからすごい投手戦で1−1で。,True,45,45,0
,029_kbc_13615767_20260714175500_seg_00211,029_kbc_13615767_20260714175500,SPEAKER_01,1426.64,1429.28,2.64,success,いやあのでもホークスならではやなと思ったのはさ。,success,いやあのでもホークスならではやなと思ったのはさ。,True,24,24,0
,029_kbc_13615767_20260714175500_seg_00212,029_kbc_13615767_20260714175500,SPEAKER_01,1431.28,1432.459937,1.18,success,8回かな。,success,8回かな。,True,5,5,0
,029_kbc_13615767_20260714175500_seg_00213,029_kbc_13615767_20260714175500,SPEAKER_01,1434.16,1434.859961,0.7,success,あのところでさ。,success,あんところでさ。,False,8,8,0
,029_kbc_13615767_20260714175500_seg_00214,029_kbc_13615767_20260714175500,SPEAKER_01,1439.92,1440.8,0.88,success,海はダウンズも。,success,海よダウンズもさ。,False,8,9,1
,029_kbc_13615767_20260714175500_seg_00215,029_kbc_13615767_20260714175500,SPEAKER_01,1441.12,1442.059912,0.94,success,ところで結構打球速く。,success,ところで結構打球速くて。,False,11,12,1
,029_kbc_13615767_20260714175500_seg_00216,029_kbc_13615767_20260714175500,SPEAKER_01,1444.64,1448.64,4.0,success,全力で走ってなかったら落としたけどさファーストねアウトになったかもしれない。,success,全力に走ってなかったらまあ落としたけどさファーストねアウトになったかもしれない。,False,38,40,2
,029_kbc_13615767_20260714175500_seg_00217,029_kbc_13615767_20260714175500,SPEAKER_01,1449.12,1451.179907,2.06,success,dainzも全力疾走。,success,あのダウンズも全力疾走で。,False,11,13,2
,029_kbc_13615767_20260714175500_seg_00218,029_kbc_13615767_20260714175500,SPEAKER_01,1460.08,1462.56,2.48,success,いいよねいやだって助っ人で来てさ。,success,いいよね、いやだって助っ人で来てさ。,False,17,18,1
,029_kbc_13615767_20260714175500_seg_00219,029_kbc_13615767_20260714175500,SPEAKER_01,1462.8,1463.76,0.96,success,2回あったら普通パン。,success,2軍やったら普通パン。,False,11,11,0
,029_kbc_13615767_20260714175500_seg_00220,029_kbc_13615767_20260714175500,SPEAKER_02,1467.28,1468.56,1.28,success,俺すげえなと思った。,success,いや俺すげえなと思って。,False,10,12,2
,029_kbc_13615767_20260714175500_seg_00221,029_kbc_13615767_20260714175500,SPEAKER_01,1469.04,1470.24,1.2,success,どこでヘッドスライディングって俺。,success,過去でヘッドスライディングって俺。,False,17,17,0
,029_kbc_13615767_20260714175500_seg_00222,029_kbc_13615767_20260714175500,SPEAKER_01,1470.48,1471.12,0.64,success,ラッシャル以来。,success,グラシアル以来。,False,8,8,0
,029_kbc_13615767_20260714175500_seg_00223,029_kbc_13615767_20260714175500,SPEAKER_02,1471.28,1473.36,2.08,success,ああいやホントねグラシアル。,success,いやホントねグラシアナ。,False,14,12,-2
,029_kbc_13615767_20260714175500_seg_00224,029_kbc_13615767_20260714175500,SPEAKER_01,1475.12,1475.92,0.8,success,最初来たときや。,success,最初来た時や。,False,8,7,-1
,029_kbc_13615767_20260714175500_seg_00225,029_kbc_13615767_20260714175500,SPEAKER_01,1476.24,1477.2,0.96,success,知のバッグ。,success,血のバッグ。,False,6,6,0
,029_kbc_13615767_20260714175500_seg_00226,029_kbc_13615767_20260714175500,SPEAKER_01,1477.68,1479.28,1.6,success,wbcかプレミアの年?,success,wbcかプレミアの年。,False,11,11,0
,029_kbc_13615767_20260714175500_seg_00227,029_kbc_13615767_20260714175500,SPEAKER_01,1480.96,1482.56,1.6,success,もしかしたら疲労もあるけど。,success,もしかしたら疲労もあるけれども。,False,14,16,2
,029_kbc_13615767_20260714175500_seg_00228,029_kbc_13615767_20260714175500,SPEAKER_01,1482.96,1484.16,1.2,success,ササードで来たよ。,success,ササードで来たよ。,True,9,9,0
,029_kbc_13615767_20260714175500_seg_00229,029_kbc_13615767_20260714175500,SPEAKER_01,1486.16,1488.64,2.48,success,じゃないけどちょっとデスパイネのおまけの。,success,じゃないけどちょっとデスパイネのおまけの。,True,21,21,0
,029_kbc_13615767_20260714175500_seg_00230,029_kbc_13615767_20260714175500,SPEAKER_02,1489.68,1490.48,0.8,success,ちょっとフォローを。,success,ちょっとフォローを振り返ってみましょう。,False,10,20,10
,029_kbc_13615767_20260714175500_seg_00231,029_kbc_13615767_20260714175500,SPEAKER_01,1491.12,1492.16,1.04,success,レギュラーじゃなくて。,success,レギュラーじゃなくて。,True,11,11,0
,029_kbc_13615767_20260714175500_seg_00232,029_kbc_13615767_20260714175500,SPEAKER_01,1492.56,1496.779944,4.22,success,バックアップでみたいな感じだけど、最初、2軍とか3軍制ねやったけど、2軍とか3軍戦。,success,バックアップで見たら感じた時最初2軍とか3軍戦やったけど2軍とか3軍戦。,False,42,36,-6
,029_kbc_13615767_20260714175500_seg_00233,029_kbc_13615767_20260714175500,SPEAKER_01,1505.68,1506.37998,0.7,success,フィフティーバントしてます。,success,セーフティーバントです。,False,14,12,-2
,029_kbc_13615767_20260714175500_seg_00234,029_kbc_13615767_20260714175500,SPEAKER_02,1509.44,1510.08,0.64,success,親子グラス。,success,この英語グラシア。,False,6,9,3
,029_kbc_13615767_20260714175500_seg_00235,029_kbc_13615767_20260714175500,SPEAKER_01,1511.28,1514.72,3.44,success,確か2軍とかおったときに、なんかトレーナーの人っていうか、一応。,success,確か2軍とかおった時になんかそのトレーナーの人というか一応。,False,32,30,-2
,029_kbc_13615767_20260714175500_seg_00236,029_kbc_13615767_20260714175500,SPEAKER_01,1515.2,1518.88,3.68,success,トレーニングしとった人、トレーナーさんに、頑張ってますよ、こうやって打ってますよっていうのを。,success,トレーニングしよった人トレーナーさんに頑張ってますよこうやって打ってますよっていうのを。,False,47,44,-3
,029_kbc_13615767_20260714175500_seg_00237,029_kbc_13615767_20260714175500,SPEAKER_02,1523.92,1525.099951,1.18,success,タカヤさんをぶん殴ろうと。,success,高谷さんをぶん殴ろうとした。,False,13,14,1
,029_kbc_13615767_20260714175500_seg_00238,029_kbc_13615767_20260714175500,SPEAKER_01,1533.52,1534.24,0.72,success,というか。,success,というか。,True,5,5,0
,029_kbc_13615767_20260714175500_seg_00239,029_kbc_13615767_20260714175500,SPEAKER_01,1534.48,1535.179907,0.7,success,一台やったんじゃない?,success,志田やったんじゃないの?,False,11,12,1
,029_kbc_13615767_20260714175500_seg_00240,029_kbc_13615767_20260714175500,SPEAKER_02,1536.4,1537.04,0.64,success,あしたよね。,success,あしたよね?,False,6,6,0
,029_kbc_13615767_20260714175500_seg_00241,029_kbc_13615767_20260714175500,SPEAKER_01,1537.84,1539.04,1.2,success,野球の流れが。,success,野球の流れが。,True,7,7,0
,029_kbc_13615767_20260714175500_seg_00242,029_kbc_13615767_20260714175500,SPEAKER_01,1539.6,1540.48,0.88,success,慶應コンビでやってます。,success,栄養コンビで山口。,False,12,9,-3
,029_kbc_13615767_20260714175500_seg_00243,029_kbc_13615767_20260714175500,SPEAKER_01,1541.04,1544.32,3.28,success,結果さ、清宮選手にホームラン打たれたでしょ、その9回。,success,結果さ清宮選手にホームラン打たれたでしょその9回。,False,27,25,-2
,029_kbc_13615767_20260714175500_seg_00244,029_kbc_13615767_20260714175500,SPEAKER_01,1545.2,1546.08,0.88,success,1点差やったらね。,success,1点差やったらね。,True,9,9,0
,029_kbc_13615767_20260714175500_seg_00245,029_kbc_13615767_20260714175500,SPEAKER_02,1549.84,1551.979956,2.14,success,正木選手も今日も絶好調。,success,だからねだから正木選手も今日も絶好調。,False,12,19,7
,029_kbc_13615767_20260714175500_seg_00246,029_kbc_13615767_20260714175500,SPEAKER_02,1553.2,1558.219946,5.02,success,正木選手が12号ソロ、これもう、ホームラン20本どころじゃないような。,success,正木選手が12号ソロこれもうホームラン20本どころじゃないような。,False,35,33,-2
,029_kbc_13615767_20260714175500_seg_00247,029_kbc_13615767_20260714175500,SPEAKER_02,1559.44,1560.32,0.88,success,活躍ですよ。,success,活躍ですよ。,True,6,6,0
,029_kbc_13615767_20260714175500_seg_00248,029_kbc_13615767_20260714175500,SPEAKER_01,1560.32,1561.92,1.6,success,交流戦ぐらいから出始めたのにね。,success,交流戦ぐらいから出始めたのにね。,True,16,16,0
,029_kbc_13615767_20260714175500_seg_00249,029_kbc_13615767_20260714175500,SPEAKER_02,1563.76,1564.459937,0.7,success,でずっと。,success,ずっと。,False,5,4,-1
,029_kbc_13615767_20260714175500_seg_00250,029_kbc_13615767_20260714175500,SPEAKER_02,1565.68,1567.339941,1.66,success,タイミングでビャッと打つとかじゃない?,success,タイミング的にビャッと打つとかじゃないの?,False,19,21,2
,029_kbc_13615767_20260714175500_seg_00251,029_kbc_13615767_20260714175500,SPEAKER_02,1568.56,1569.259985,0.7,success,とちゃん。,success,とちゃん。,True,5,5,0
,029_kbc_13615767_20260714175500_seg_00252,029_kbc_13615767_20260714175500,SPEAKER_02,1570.72,1571.28,0.56,success,そうしか。,success,調子は。,False,5,4,-1
,029_kbc_13615767_20260714175500_seg_00253,029_kbc_13615767_20260714175500,SPEAKER_02,1573.84,1574.64,0.8,success,漢字で。,success,漢字で。,True,4,4,0
,029_kbc_13615767_20260714175500_seg_00254,029_kbc_13615767_20260714175500,SPEAKER_02,1576.24,1577.419897,1.18,success,今日も4安打。,success,今日も4安打。,True,7,7,0
,029_kbc_13615767_20260714175500_seg_00255,029_kbc_13615767_20260714175500,SPEAKER_02,1581.52,1582.699927,1.18,success,あのまあ杉山さん。,success,あのまあ杉山さんえ。,False,9,10,1
,029_kbc_13615767_20260714175500_seg_00256,029_kbc_13615767_20260714175500,SPEAKER_02,1584.4,1587.019995,2.62,success,ソロホームランは浴びましたけども4対2で見事。,success,ソロホームランは浴びましたけども4対2で見事勝利。,False,23,25,2
,029_kbc_13615767_20260714175500_seg_00257,029_kbc_13615767_20260714175500,SPEAKER_02,1589.68,1592.779944,3.1,success,貯金は今季最多の19。,success,貯金は今季最多の19。,True,11,11,0
,029_kbc_13615767_20260714175500_seg_00258,029_kbc_13615767_20260714175500,SPEAKER_02,1595.92,1600.459937,4.54,success,上沢投手ね、6回無失点の好投だったんですけども、ちょっと勝ちがつかなかったっていうのがね。,success,上沢投手ね、6回無失点の好投だったんですけども、ちょっと勝ちがつかなかったっていうのがね。,True,45,45,0
,029_kbc_13615767_20260714175500_seg_00259,029_kbc_13615767_20260714175500,SPEAKER_03,1607.44,1608.619971,1.18,success,今日はもう中継ぎが大変。,success,今日はもう中継ぎが大変。,True,12,12,0
,029_kbc_13615767_20260714175500_seg_00260,029_kbc_13615767_20260714175500,SPEAKER_02,1611.04,1615.92,4.88,success,本当、1イニングでも長くちょっと投げてほしいというような、また9連戦、最後の最後にまた。,success,本当、1イニングでも長くちょっと投げてほしいというような、また9連戦、最後の最後にまた。,True,44,44,0
,029_kbc_13615767_20260714175500_seg_00261,029_kbc_13615767_20260714175500,SPEAKER_02,1616.32,1617.259985,0.94,success,ありますからそこにも。,success,ありますからそこにも。,True,11,11,0
,029_kbc_13615767_20260714175500_seg_00262,029_kbc_13615767_20260714175500,SPEAKER_02,1618.48,1623.499976,5.02,success,あるんでしょうけどもね、柳町選手もちょっとボール。,success,あるんでしょうけども柳町選手もちょっとボール。,False,25,23,-2
,029_kbc_13615767_20260714175500_seg_00263,029_kbc_13615767_20260714175500,SPEAKER_03,1629.44,1630.24,0.8,success,きっかけになるんじゃない?,success,きっかけになるんじゃ。,False,13,11,-2
,029_kbc_13615767_20260714175500_seg_00264,029_kbc_13615767_20260714175500,SPEAKER_02,1630.4,1631.92,1.52,success,ねえつながってくれ。,success,ねえつながってくれ。,True,10,10,0
,029_kbc_13615767_20260714175500_seg_00265,029_kbc_13615767_20260714175500,SPEAKER_03,1632.4,1634.539954,2.14,success,3連戦終わって9連戦終わればオールスター。,success,3連戦終わって9連戦終わればオールスター。,True,21,21,0
,029_kbc_13615767_20260714175500_seg_00266,029_kbc_13615767_20260714175500,SPEAKER_03,1636.8,1637.68,0.88,success,スター出る人は休む。,success,スター出る人は休む。,True,10,10,0
,029_kbc_13615767_20260714175500_seg_00267,029_kbc_13615767_20260714175500,SPEAKER_01,1640.48,1642.16,1.68,success,ゆっくりできるんで皆さんね。,success,ゆっくりできるんで皆さんね。,True,14,14,0
,029_kbc_13615767_20260714175500_seg_00268,029_kbc_13615767_20260714175500,SPEAKER_01,1642.56,1643.68,1.12,success,バーベキューするなり。,success,バーベキューするなりし。,False,11,12,1
,029_kbc_13615767_20260714175500_seg_00269,029_kbc_13615767_20260714175500,SPEAKER_02,1643.76,1644.64,0.88,success,廃棄しないんですか?,success,ありきしないです。,False,10,9,-1
,029_kbc_13615767_20260714175500_seg_00270,029_kbc_13615767_20260714175500,SPEAKER_02,1645.12,1645.84,0.72,success,毎年。,success,毎年。,True,3,3,0
,029_kbc_13615767_20260714175500_seg_00271,029_kbc_13615767_20260714175500,SPEAKER_02,1647.68,1649.12,1.44,success,白井トロタギってやつだ。,success,白井と大竹ってやつだね。,False,12,12,0
,029_kbc_13615767_20260714175500_seg_00272,029_kbc_13615767_20260714175500,SPEAKER_02,1650.64,1652.299902,1.66,success,ロケでバーベキューをしないと。,success,ロケーでバーベキューをしないと。,False,15,16,1
,029_kbc_13615767_20260714175500_seg_00273,029_kbc_13615767_20260714175500,SPEAKER_02,1657.76,1661.92,4.16,success,あなたです、あなたですよ、ももそも鍋連れてきたじゃないんですよ。,success,あなたです、あなたですよ、のぼせも鍋連れてきたじゃないんですよ。,False,32,32,0
,029_kbc_13615767_20260714175500_seg_00274,029_kbc_13615767_20260714175500,SPEAKER_01,1661.92,1662.56,0.64,success,ジムにもいました。,success,自分にも言いました。,False,9,10,1
,029_kbc_13615767_20260714175500_seg_00275,029_kbc_13615767_20260714175500,SPEAKER_02,1662.56,1664.299902,1.74,success,あぁ実にならないやつ。,success,あぁ実にならないやつ。,True,11,11,0
,029_kbc_13615767_20260714175500_seg_00276,029_kbc_13615767_20260714175500,SPEAKER_01,1676.56,1678.699927,2.14,success,ちょっと土井がちょっと嫌な感じで言ったのが。,success,土井がちょっと嫌な感じで言ったのが。,False,22,18,-4
,029_kbc_13615767_20260714175500_seg_00277,029_kbc_13615767_20260714175500,SPEAKER_01,1679.92,1680.64,0.72,success,皆一緒に行って。,success,じゃあ一緒に行ってみよう。,False,8,13,5
,029_kbc_13615767_20260714175500_seg_00278,029_kbc_13615767_20260714175500,SPEAKER_01,1681.44,1684.88,3.44,success,あれとは、いや、もうこんな楽しい、まあね。,success,あれとはいやもうこんな楽しいまあね。,False,21,18,-3
,029_kbc_13615767_20260714175500_seg_00279,029_kbc_13615767_20260714175500,SPEAKER_01,1685.2,1686.4,1.2,success,もうバーベキューしてプール。,success,もうバーベキューしてプン。,False,14,13,-1
,029_kbc_13615767_20260714175500_seg_00280,029_kbc_13615767_20260714175500,SPEAKER_03,1690.48,1691.179907,0.7,success,楽しい!,success,楽しい!,True,4,4,0
,029_kbc_13615767_20260714175500_seg_00281,029_kbc_13615767_20260714175500,SPEAKER_01,1692.88,1694.059912,1.18,success,壁を超えることないかもしれない。,success,俺を超えることないかもしれない。,False,16,16,0
,029_kbc_13615767_20260714175500_seg_00282,029_kbc_13615767_20260714175500,SPEAKER_02,1696.72,1698.56,1.84,success,孫が、孫にそんなこと言われたら、もう。,success,孫が孫にそんなこと言われたらもう。,False,19,17,-2
,029_kbc_13615767_20260714175500_seg_00283,029_kbc_13615767_20260714175500,SPEAKER_01,1700.24,1701.68,1.44,success,聞こえるか聞こえんかぐらいのところで言われて。,success,聞こえるか聞こえんかぐらいのとこで言われてる?,False,23,23,0
,029_kbc_13615767_20260714175500_seg_00284,029_kbc_13615767_20260714175500,SPEAKER_01,1706.48,1707.499976,1.02,success,こんな楽しかったの?,success,こんな楽しかったの?,True,10,10,0
,029_kbc_13615767_20260714175500_seg_00285,029_kbc_13615767_20260714175500,SPEAKER_01,1710.16,1712.299902,2.14,success,以上の日がないかもしれんとか言ったら、土井が。,success,以上の日はないかもしれんとか言ったら土井が。,False,23,22,-1
,029_kbc_13615767_20260714175500_seg_00286,029_kbc_13615767_20260714175500,SPEAKER_01,1718.8,1720.8,2.0,success,一番そういうのを言ってきたようなやつ。,success,一番そういうの言ってきたようなやつ。,False,19,18,-1
,029_kbc_13615767_20260714175500_seg_00287,029_kbc_13615767_20260714175500,SPEAKER_01,1721.52,1724.32,2.8,success,だけど多分、もしかしたら土井は先に行かれたと思う。,success,だけど多分もしかしたら土井は先にいかれたと思う。,False,25,24,-1
,029_kbc_13615767_20260714175500_seg_00288,029_kbc_13615767_20260714175500,SPEAKER_01,1729.84,1730.539893,0.7,success,今日夏みたいな。,success,今日夏みたいな。,True,8,8,0
,029_kbc_13615767_20260714175500_seg_00289,029_kbc_13615767_20260714175500,SPEAKER_02,1733.36,1733.899939,0.54,success,言うタイプじゃ。,success,言うタイプじゃ。,True,8,8,0
,029_kbc_13615767_20260714175500_seg_00290,029_kbc_13615767_20260714175500,SPEAKER_02,1736.08,1737.44,1.36,success,ハハハハハ!,success,ハハハハハハ!,False,6,7,1
,029_kbc_13615767_20260714175500_seg_00291,029_kbc_13615767_20260714175500,SPEAKER_02,1738.8,1739.6,0.8,success,気持ちよく。,success,気持ちよく。,True,6,6,0
,029_kbc_13615767_20260714175500_seg_00292,029_kbc_13615767_20260714175500,SPEAKER_02,1739.84,1741.099951,1.26,success,とわのよいしょに浸って。,success,とわのよいしょに浸って。,True,12,12,0
,029_kbc_13615767_20260714175500_seg_00293,029_kbc_13615767_20260714175500,SPEAKER_01,1743.76,1744.64,0.88,success,もうブーメランパンツ。,success,もうブーメランパンツだ。,False,11,12,1
,029_kbc_13615767_20260714175500_seg_00294,029_kbc_13615767_20260714175500,SPEAKER_02,1746.72,1747.6,0.88,success,ハハハハ!,success,ハハハハ!,True,5,5,0
,029_kbc_13615767_20260714175500_seg_00295,029_kbc_13615767_20260714175500,SPEAKER_01,1749.52,1750.8,1.28,success,そうよあれじゃん。,success,そうよ。,False,9,4,-5
,029_kbc_13615767_20260714175500_seg_00296,029_kbc_13615767_20260714175500,SPEAKER_02,1752.88,1754.08,1.2,success,で東京行くやろ?,success,で東京行くやろ?,True,8,8,0
,029_kbc_13615767_20260714175500_seg_00297,029_kbc_13615767_20260714175500,SPEAKER_02,1754.4,1755.019934,0.62,success,ざけやがった!,success,ふざけやがった!,False,7,8,1
,029_kbc_13615767_20260714175500_seg_00298,029_kbc_13615767_20260714175500,SPEAKER_01,1757.28,1758.24,0.96,success,先生。,success,先生。,True,3,3,0
,029_kbc_13615767_20260714175500_seg_00299,029_kbc_13615767_20260714175500,SPEAKER_02,1758.88,1759.52,0.64,success,ああまあ。,success,ああ待って。,False,5,6,1
,029_kbc_13615767_20260714175500_seg_00300,029_kbc_13615767_20260714175500,SPEAKER_02,1759.92,1761.259985,1.34,success,まあ休めますけどね。,success,まあ休めますけどね。,True,10,10,0
,029_kbc_13615767_20260714175500_seg_00301,029_kbc_13615767_20260714175500,SPEAKER_02,1762.8,1764.13999,1.34,success,そうねそうそうだからあの。,success,そうねそうそうだからあの。,True,13,13,0
,029_kbc_13615767_20260714175500_seg_00302,029_kbc_13615767_20260714175500,SPEAKER_02,1765.84,1767.12,1.28,success,ぐらいでだいぶでかい。,success,3分ぐらいでだいぶできますよ。,False,11,15,4
,029_kbc_13615767_20260714175500_seg_00303,029_kbc_13615767_20260714175500,SPEAKER_01,1768.72,1771.2,2.48,success,ちょっと疲れだって大谷選手も欠場して疲労回復。,success,ちょっと疲れだって大谷選手も欠場して疲労してるし。,False,23,25,2
,029_kbc_13615767_20260714175500_seg_00304,029_kbc_13615767_20260714175500,SPEAKER_01,1771.52,1772.299902,0.78,success,お水抜く。,success,お水抜く。,True,5,5,0
,029_kbc_13615767_20260714175500_seg_00305,029_kbc_13615767_20260714175500,SPEAKER_01,1774.0,1776.0,2.0,success,ちょっと体に疲れがたまってる。,success,ちょっと体に疲れがたまってるような。,False,15,18,3
,029_kbc_13615767_20260714175500_seg_00306,029_kbc_13615767_20260714175500,SPEAKER_01,1776.4,1781.04,4.64,success,リフレッシュするにはいいんじゃないですか、3日、4日、結構出るけどね、ホークスでも。,success,リフレッシュするにはいいんじゃないですか3日、4日結構出るけどね、ホークスでも。とは。,False,42,43,1
,029_kbc_13615767_20260714175500_seg_00307,029_kbc_13615767_20260714175500,SPEAKER_01,1782.32,1784.48,2.16,success,大津投手、オスナ投手も選ばれたし。,success,大津投手オスナ投手も選ばれたし。,False,17,16,-1
,029_kbc_13615767_20260714175500_seg_00308,029_kbc_13615767_20260714175500,SPEAKER_02,1786.96,1788.24,1.28,success,オールスターのね記事も。,success,オールスターのね記事も。,True,12,12,0
,029_kbc_13615767_20260714175500_seg_00309,029_kbc_13615767_20260714175500,SPEAKER_01,1788.56,1789.12,0.56,success,ポンちゃん。,success,ポンちゃん。,True,6,6,0
,029_kbc_13615767_20260714175500_seg_00310,029_kbc_13615767_20260714175500,SPEAKER_02,1790.8,1810.72,19.92,success,大津投手とオスナ投手が監督選抜で選抜されましたので追加でまたホークスからオールスターに出る選手が増えたとだから大津、オスナそして周東、栗原、近藤。,success,大津投手とオスナ投手が監督選抜で選抜されましたので追加でまたホークスからオールスターに出る選手が増えたとだから大津、オスナそして周東、栗原、近藤。,True,73,73,0
,029_kbc_13615767_20260714175500_seg_00311,029_kbc_13615767_20260714175500,SPEAKER_02,1811.12,1814.539893,3.42,success,5人出ます。,success,かな5人かな。,False,6,7,1
,029_kbc_13615767_20260714175500_seg_00312,029_kbc_13615767_20260714175500,SPEAKER_02,1816.24,1820.779944,4.54,success,オールスターをオスナ投手なんかは2023年以来の2度目ということで。,success,オールスターをねオスナ投手なんかは2023年以来の2度目という事で。,False,34,34,0
,029_kbc_13615767_20260714175500_seg_00313,029_kbc_13615767_20260714175500,SPEAKER_02,1822.48,1824.13999,1.66,success,オールスターすごく楽しみです。,success,オールスターすごく楽しみ。,False,15,13,-2
,029_kbc_13615767_20260714175500_seg_00314,029_kbc_13615767_20260714175500,SPEAKER_02,1825.36,1828.459937,3.1,success,興奮できるポイントがたくさんあるので今年もしっかり楽しみです。,success,興奮できるポイントがたくさんあるので今年もしっかり楽しみです。,True,31,31,0
,029_kbc_13615767_20260714175500_seg_00315,029_kbc_13615767_20260714175500,SPEAKER_01,1832.08,1833.28,1.2,success,うちのオールスターよかったよね。,success,うちのオールスターよかったよね。,True,16,16,0
,029_kbc_13615767_20260714175500_seg_00316,029_kbc_13615767_20260714175500,SPEAKER_02,1833.36,1834.48,1.12,success,よかったよ。,success,よかったよ。,True,6,6,0
,029_kbc_13615767_20260714175500_seg_00317,029_kbc_13615767_20260714175500,SPEAKER_01,1834.72,1835.92,1.2,success,ベンチでみんなうちわであおぎよう。,success,ベンチでみんなうちわであおぎよ。,False,17,16,-1
,029_kbc_13615767_20260714175500_seg_00318,029_kbc_13615767_20260714175500,SPEAKER_02,1836.0,1839.019934,3.02,success,そうそう、屋根がない、大体球場に。,success,そうそうで屋根がない大体球場。,False,17,15,-2
,029_kbc_13615767_20260714175500_seg_00319,029_kbc_13615767_20260714175500,SPEAKER_02,1841.68,1842.72,1.04,success,あれうちから始まるでしょ。,success,あれうちから始まるでしょ。,True,13,13,0
,029_kbc_13615767_20260714175500_seg_00320,029_kbc_13615767_20260714175500,SPEAKER_01,1842.8,1844.08,1.28,success,いいおふざけがちょっと減った。,success,いいおふざけがちょっと変。,False,15,13,-2
,029_kbc_13615767_20260714175500_seg_00321,029_kbc_13615767_20260714175500,SPEAKER_02,1844.88,1845.44,0.56,success,できた。,success,できた。,True,4,4,0
,029_kbc_13615767_20260714175500_seg_00322,029_kbc_13615767_20260714175500,SPEAKER_02,1846.0,1848.72,2.72,success,向こう昔お祭りやったけんな。,success,やっぱり振ってほしいよね。,False,14,13,-1
,029_kbc_13615767_20260714175500_seg_00323,029_kbc_13615767_20260714175500,SPEAKER_01,1848.8,1850.24,1.44,success,違う人のヘルメットかぶったりさ。,success,違う人のヘルメットかぶったりさ。,True,16,16,0
,029_kbc_13615767_20260714175500_seg_00324,029_kbc_13615767_20260714175500,SPEAKER_01,1853.2,1853.84,0.64,success,本当にさ。,success,本当にさ。,True,5,5,0
,029_kbc_13615767_20260714175500_seg_00325,029_kbc_13615767_20260714175500,SPEAKER_01,1854.24,1855.68,1.44,success,なんか変な電光掲示板って。,success,なんか変な電光掲示板じゃったりする。,False,13,18,5
,029_kbc_13615767_20260714175500_seg_00326,029_kbc_13615767_20260714175500,SPEAKER_02,1855.92,1856.48,0.56,success,そうそう。,success,そうそう。,True,5,5,0
,029_kbc_13615767_20260714175500_seg_00327,029_kbc_13615767_20260714175500,SPEAKER_02,1863.28,1863.979956,0.7,success,お祭りやったもん。,success,お祭りやったもん。,True,9,9,0
,029_kbc_13615767_20260714175500_seg_00328,029_kbc_13615767_20260714175500,SPEAKER_02,1866.64,1869.12,2.48,success,ああそうイチローピッチャーイチロー。,success,ああそうイチローピッチャーイチローねえ。,False,18,20,2
,029_kbc_13615767_20260714175500_seg_00329,029_kbc_13615767_20260714175500,SPEAKER_02,1871.44,1873.6,2.16,success,あのときまたね、松井さんから。,success,あの時またね松井さんから。,False,15,13,-2
,029_kbc_13615767_20260714175500_seg_00330,029_kbc_13615767_20260714175500,SPEAKER_02,1873.92,1874.96,1.04,success,そこを代打で来ない。,success,そこを代打で来ない。,True,10,10,0
,029_kbc_13615767_20260714175500_seg_00331,029_kbc_13615767_20260714175500,SPEAKER_01,1876.4,1876.96,0.56,success,高橋さんに。,success,戸松さんに。,False,6,6,0
,029_kbc_13615767_20260714175500_seg_00332,029_kbc_13615767_20260714175500,SPEAKER_02,1878.64,1881.739966,3.1,success,なんかね、あのまんま松井さんを打たせたほうが盛り上がったけど。,success,なんかねあのまんま松井さん打たせた方が盛り上がったけど。,False,31,28,-3
,029_kbc_13615767_20260714175500_seg_00333,029_kbc_13615767_20260714175500,SPEAKER_02,1883.44,1885.2,1.76,success,全然得しないみたいな。,success,最近全然得しないみたいな。,False,11,13,2
,029_kbc_13615767_20260714175500_seg_00334,029_kbc_13615767_20260714175500,SPEAKER_02,1886.32,1886.88,0.56,success,ああ。,success,ああ。,True,3,3,0
,029_kbc_13615767_20260714175500_seg_00335,029_kbc_13615767_20260714175500,SPEAKER_01,1887.04,1887.68,0.64,success,しよったもんね。,success,足折ったもんね。,False,8,8,0
,029_kbc_13615767_20260714175500_seg_00336,029_kbc_13615767_20260714175500,SPEAKER_01,1888.24,1888.88,0.64,success,ネクストでね。,success,ネクストでね。,True,7,7,0
,029_kbc_13615767_20260714175500_seg_00337,029_kbc_13615767_20260714175500,SPEAKER_02,1888.88,1891.339941,2.46,success,そこの中野さんのね見たかった。,success,そこの中で小倉さんのね見たかった。,False,15,17,2
,029_kbc_13615767_20260714175500_seg_00338,029_kbc_13615767_20260714175500,SPEAKER_02,1892.56,1893.259985,0.7,success,内情やと。,success,内情や。,False,5,4,-1
,029_kbc_13615767_20260714175500_seg_00339,029_kbc_13615767_20260714175500,SPEAKER_01,1895.92,1900.0,4.08,success,だけど、俺、あれ、正解は思ったんよ、松井と1番見たいと思うよ、ファン。,success,だけど、俺、あれ、正解は思ったんよ、松井とイチローは見たいと思うよ、ファン。,False,35,38,3
,029_kbc_13615767_20260714175500_seg_00340,029_kbc_13615767_20260714175500,SPEAKER_01,1900.64,1902.48,1.84,success,でもやっぱさ確かにさ。,success,でもやっぱさ確かにさ。,True,11,11,0
,029_kbc_13615767_20260714175500_seg_00341,029_kbc_13615767_20260714175500,SPEAKER_02,1905.2,1907.179907,1.98,success,あそのパターン!,success,身内で言ってほしかった。,False,8,12,4
,029_kbc_13615767_20260714175500_seg_00342,029_kbc_13615767_20260714175500,SPEAKER_02,1909.36,1912.459937,3.1,success,ピッチャーじゃないのがピッチャーするんだからこっちもじゃあ判断あげますよ。,success,ピッチャーじゃない時はピッチャーするんだからこっちもじゃあ判断あげますよ。,False,37,37,0
,029_kbc_13615767_20260714175500_seg_00343,029_kbc_13615767_20260714175500,SPEAKER_01,1914.0,1915.2,1.2,success,松井、実は右打ち。,success,松井実は右打ちだ。,False,9,9,0
,029_kbc_13615767_20260714175500_seg_00344,029_kbc_13615767_20260714175500,SPEAKER_02,1915.28,1916.72,1.44,success,いやもともとね。,success,いやもともとね。,True,8,8,0
,029_kbc_13615767_20260714175500_seg_00345,029_kbc_13615767_20260714175500,SPEAKER_01,1917.84,1918.48,0.64,success,なくなるけん。,success,なくなるけん。,True,7,7,0
,029_kbc_13615767_20260714175500_seg_00346,029_kbc_13615767_20260714175500,SPEAKER_01,1918.8,1923.019934,4.22,success,兄ちゃん野球しとって、お前、ちょっと右で打ったら飛び過ぎてボールなくなるから。,success,手のにちゃうちゃ野球しとってお前ちょっと右で打ったら飛びすぎてボールなくなるから。,False,39,41,2
,029_kbc_13615767_20260714175500_seg_00347,029_kbc_13615767_20260714175500,SPEAKER_02,1926.16,1929.84,3.68,success,下手したらずっと本当はハンデを上げてる。,success,いや下手したらずっと本当はハンデを上げてる。,False,20,22,2
,029_kbc_13615767_20260714175500_seg_00348,029_kbc_13615767_20260714175500,SPEAKER_01,1932.32,1942.24,9.92,success,左手で利き腕じゃないほうでやれよっていう状態のままプロまで行っとうけん本来は右打ちやけんだけど打てっこともないと思う。,success,左手で利き腕じゃないほうでやれよっていう状態のままプロまで行っとうけん本来は右打ちやけんだけど打てっこともないと思う。,True,59,59,0
,029_kbc_13615767_20260714175500_seg_00349,029_kbc_13615767_20260714175500,SPEAKER_02,1942.96,1944.16,1.2,success,昔の感覚をね。,success,昔の感覚をね。,True,7,7,0
,029_kbc_13615767_20260714175500_seg_00350,029_kbc_13615767_20260714175500,SPEAKER_01,1944.24,1946.16,1.92,success,でもなんか、けがした、けがした。,success,まあでも何かってけがしたけがした。,False,16,17,1
,029_kbc_13615767_20260714175500_seg_00351,029_kbc_13615767_20260714175500,SPEAKER_02,1947.28,1952.299902,5.02,success,オールスターも楽しむのもいいけどやっぱシーズン後半戦というのをやっぱね考えないといけないと。,success,オールスターも楽しむのもいいけどやっぱシーズン後半戦というのを考えないといけないと。,False,46,42,-4
,029_kbc_13615767_20260714175500_seg_00352,029_kbc_13615767_20260714175500,SPEAKER_01,1957.76,1962.4,4.64,success,俺もなんか言ったらスピードガンコンテストも本来イチローがブレークした年あってイチローがね勝たない。,success,でもなんか言ったらスピードガンコンテストも本来イチローがブレークした年あってイチローがね勝たない。,False,49,49,0
,029_kbc_13615767_20260714175500_seg_00353,029_kbc_13615767_20260714175500,SPEAKER_01,1962.96,1964.96,2.0,success,ちょっとイチローに花をじゃない。,success,ちょっとイチローに花をじゃないけど。,False,16,18,2
,029_kbc_13615767_20260714175500_seg_00354,029_kbc_13615767_20260714175500,SPEAKER_01,1966.96,1969.6,2.64,success,あんまり知られてなかったオリックスの中嶋監督。,success,あんまり知られてなかったオリックスの中嶋監督。,True,23,23,0
,029_kbc_13615767_20260714175500_seg_00355,029_kbc_13615767_20260714175500,SPEAKER_01,1970.16,1970.96,0.8,success,当時キャッチャー。,success,当時キャプテン。,False,9,8,-1
,029_kbc_13615767_20260714175500_seg_00356,029_kbc_13615767_20260714175500,SPEAKER_01,1972.72,1973.68,0.96,success,硬いんや。,success,硬いよ。,False,5,4,-1
,029_kbc_13615767_20260714175500_seg_00357,029_kbc_13615767_20260714175500,SPEAKER_01,1974.08,1975.339941,1.26,success,でキャッチャーミットであのおっ。,success,でキャッチャーミットであのおい。,False,16,16,0
,029_kbc_13615767_20260714175500_seg_00358,029_kbc_13615767_20260714175500,SPEAKER_01,1976.56,1979.12,2.56,success,参加して、イチローより球速くて、ちょっと変な感じ。,success,参加してイチローより球速くてちょっと変な感じ。,False,25,23,-2
,029_kbc_13615767_20260714175500_seg_00359,029_kbc_13615767_20260714175500,SPEAKER_02,1979.52,1981.28,1.76,success,アハハハハ!,success,アハハハハ!,True,6,6,0
,029_kbc_13615767_20260714175500_seg_00360,029_kbc_13615767_20260714175500,SPEAKER_02,1981.76,1982.56,0.8,success,盛り上がるつもり?,success,盛り上がるつもり?,True,9,9,0
,029_kbc_13615767_20260714175500_seg_00361,029_kbc_13615767_20260714175500,SPEAKER_01,1983.12,1984.0,0.88,success,3か1は投げる。,success,3が1はない。,False,8,7,-1
,029_kbc_13615767_20260714175500_seg_00362,029_kbc_13615767_20260714175500,SPEAKER_01,1985.92,1990.08,4.16,success,超えて、ちょっと変な感じになったみたいな、いや、違う、違うよ、おもろいな、こっち。,success,超えてちょっと変な感じになったみたいないや違う違うよおもろいなこっちは。,False,41,36,-5
,029_kbc_13615767_20260714175500_seg_00363,029_kbc_13615767_20260714175500,SPEAKER_01,1991.92,1992.96,1.04,success,やったのに。,success,手にやったのに。,False,6,8,2
,029_kbc_13615767_20260714175500_seg_00364,029_kbc_13615767_20260714175500,SPEAKER_02,1993.04,1996.939917,3.9,success,それぐらい昔はやっぱお祭りでねやってた。,success,それぐらい昔はやっぱお祭りでねやってたから。,False,20,22,2
,029_kbc_13615767_20260714175500_seg_00365,029_kbc_13615767_20260714175500,SPEAKER_02,1999.12,2002.219946,3.1,success,そうねやっぱパリオリンピック。,success,そうねでやっぱあのパリオリンピック。,False,15,18,3
,029_kbc_13615767_20260714175500_seg_00366,029_kbc_13615767_20260714175500,SPEAKER_02,2003.44,2013.76,10.32,success,セリーグの監督も、やっぱりライバル球団からお預かり、選手をお預かりしてるっていうところで、あまり無理させない、けがをさせないようにみたいな、気を遣いもやっぱり、だいぶ。,success,セリーグの監督もやっぱりライバル球団からお預かり選手をお預かりしてるっていうところであまり無理させないけがをさせないようにみたいな気ぃ使いもやっぱりだいぶ。,False,84,78,-6
,029_kbc_13615767_20260714175500_seg_00367,029_kbc_13615767_20260714175500,SPEAKER_02,2014.08,2014.72,0.64,success,あるもんね。,success,あるもんね。,True,6,6,0
,029_kbc_13615767_20260714175500_seg_00368,029_kbc_13615767_20260714175500,SPEAKER_02,2016.88,2021.419897,4.54,success,ということでオールスター、今年、富山でも行われるんですけど。,success,という事でオールスター今年富山でもね行われるんですけど。,False,30,28,-2
,029_kbc_13615767_20260714175500_seg_00369,029_kbc_13615767_20260714175500,SPEAKER_02,2025.36,2026.219946,0.86,success,そこもちょっと楽しみ。,success,そこもちょっと楽しみ。,True,11,11,0
,029_kbc_13615767_20260714175500_seg_00370,029_kbc_13615767_20260714175500,SPEAKER_02,2027.44,2031.499976,4.06,success,今日、ホークスは日本ハムファイターズ相手に4対2で。,success,今日ホークスは日本ハムファイターズ相手に4対2で敗退。,False,26,27,1
,029_kbc_13615767_20260714175500_seg_00371,029_kbc_13615767_20260714175500,SPEAKER_02,2033.2,2034.37998,1.18,success,ukレホン。,success,幽警部でございます。,False,6,10,4
,029_kbc_13615767_20260714175500_seg_00372,029_kbc_13615767_20260714175500,SPEAKER_02,2036.019922,2039.68,3.66,success,それではここで1曲ご紹介いたしましょう。,success,それではここで1曲ご紹介致しましょう。,False,20,19,-1
,029_kbc_13615767_20260714175500_seg_00373,029_kbc_13615767_20260714175500,SPEAKER_02,2040.0,2046.8,6.8,success,今日活躍しました柳町選手の登場曲です。,success,今日活躍しました柳町選手の登場曲です。,True,19,19,0
,029_kbc_13615767_20260714175500_seg_00374,029_kbc_13615767_20260714175500,SPEAKER_01,2286.16,2287.6,1.44,success,小さな風が。,success,小さな風が。,True,6,6,0
,029_kbc_13615767_20260714175500_seg_00375,029_kbc_13615767_20260714175500,SPEAKER_01,2288.0,2289.259863,1.26,success,記憶のかけらを運ぶ。,success,記憶のかけらを運ぶ。,True,10,10,0
,029_kbc_13615767_20260714175500_seg_00376,029_kbc_13615767_20260714175500,SPEAKER_00,2303.92,2304.619971,0.7,success,この翌日。,success,この翌日。,True,5,5,0
,029_kbc_13615767_20260714175500_seg_00377,029_kbc_13615767_20260714175500,SPEAKER_02,2358.57998,2363.66001,5.08,success,9時34分です、kbcフォークネタ漫談火曜日、ブルーリバーが4時間の生放送でお送りします。,success,9時34分ですkbcフォークセンター漫談火曜日ブルーリバーが4時間の生放送でお送りいたします。,False,45,47,2
,029_kbc_13615767_20260714175500_seg_00378,029_kbc_13615767_20260714175500,SPEAKER_02,2364.88,2367.499854,2.62,success,さあここからは確信ダダダダンのコーナーです。,success,さあ、ここからは確信ダダダダンのコーナーです。,False,22,23,1
,029_kbc_13615767_20260714175500_seg_00379,029_kbc_13615767_20260714175500,SPEAKER_02,2368.72,2371.339941,2.62,success,瞬間に分かるホームラン確信ホームランっていいますよね。,success,瞬間にわかるホームラン確信ホームランっていいますよね。,False,27,27,0
,029_kbc_13615767_20260714175500_seg_00380,029_kbc_13615767_20260714175500,SPEAKER_02,2374.48,2377.579932,3.1,success,ツールの核心に相談とか面談とかの電話。,success,ツールの核心に相談とか面談とかの電話。,True,19,19,0
,029_kbc_13615767_20260714175500_seg_00381,029_kbc_13615767_20260714175500,SPEAKER_02,2383.6,2388.619971,5.02,success,このコーナーはリサーの皆さんが普段確信していることを紹介するただそれだけ。,success,このコーナーはリスナーの皆さんが普段確信している事を紹介するただそれだけ。,False,37,37,0
,029_kbc_13615767_20260714175500_seg_00382,029_kbc_13615767_20260714175500,SPEAKER_02,2391.76,2392.940039,1.18,success,サインしたのが確信隊。,success,サインしたのが革新担当。,False,11,12,1
,029_kbc_13615767_20260714175500_seg_00383,029_kbc_13615767_20260714175500,SPEAKER_02,2395.12,2398.219824,3.1,success,いろいろな皆さんの核心、だんだんだんだんご紹介したいと思います。,success,これからいろいろな皆さんの核心だんだんだんご紹介していきましょう。,False,32,33,1
,029_kbc_13615767_20260714175500_seg_00384,029_kbc_13615767_20260714175500,SPEAKER_02,2403.76,2404.459814,0.7,success,笑ったってこと成功!,success,笑ったぞ成功。,False,10,7,-3
,029_kbc_13615767_20260714175500_seg_00385,029_kbc_13615767_20260714175500,SPEAKER_03,2406.16,2406.72,0.56,success,どうもそんな。,success,どうもそんな。,True,7,7,0
,029_kbc_13615767_20260714175500_seg_00386,029_kbc_13615767_20260714175500,SPEAKER_03,2407.28,2407.819922,0.54,success,どうなんでしょう?,success,どうなんでしょう?,True,9,9,0
,029_kbc_13615767_20260714175500_seg_00387,029_kbc_13615767_20260714175500,SPEAKER_02,2411.28,2412.8,1.52,success,あるあるみたいなこと?,success,あるあるみたいなこと?,True,11,11,0
,029_kbc_13615767_20260714175500_seg_00388,029_kbc_13615767_20260714175500,SPEAKER_02,2419.12,2419.819922,0.7,success,見ておなか痛いこれ。,success,意味でおなか痛くなる。,False,10,11,1
,029_kbc_13615767_20260714175500_seg_00389,029_kbc_13615767_20260714175500,SPEAKER_02,2421.04,2425.92,4.88,success,すごいね、ただの見た目です、お笑いクッキー見た目だけです、今日は。,success,いやすごいねただの見た目ですお笑いクッキー見た目だけです今日は。,False,33,32,-1
,029_kbc_13615767_20260714175500_seg_00390,029_kbc_13615767_20260714175500,SPEAKER_02,2427.76,2429.42002,1.66,success,あれちっちゃくないっす?,success,ジャイアンツフルフェイスあれちっちゃくない?,False,12,22,10
,029_kbc_13615767_20260714175500_seg_00391,029_kbc_13615767_20260714175500,SPEAKER_02,2430.64,2432.779883,2.14,success,かずみがでかいだけスクーターみたいです。,success,和実がでかいだけスクーターみたいなスクーターみたいな。,False,20,27,7
,029_kbc_13615767_20260714175500_seg_00392,029_kbc_13615767_20260714175500,SPEAKER_02,2436.4,2437.579932,1.18,success,ふだん夏も降る。,success,ふだん夏も古い。,False,8,8,0
,029_kbc_13615767_20260714175500_seg_00393,029_kbc_13615767_20260714175500,SPEAKER_02,2440.72,2447.180029,6.46,success,ちょっと癖のある特徴の癖のある紹介のしかたっていうのが特徴な。,success,ええちょっとあのクセのある特徴のクセのある紹介の仕方っていうのが特徴な。,False,31,36,5
,029_kbc_13615767_20260714175500_seg_00394,029_kbc_13615767_20260714175500,SPEAKER_02,2449.36,2454.37998,5.02,success,まずはこの6時台やってみますんでこのあともまだまだやりますから。,success,まずはこの6時台やってみますんでこのあともまだまだやりますからあっそんなことないんだ。,False,32,43,11
,029_kbc_13615767_20260714175500_seg_00395,029_kbc_13615767_20260714175500,SPEAKER_01,2464.24,2466.08,1.84,success,ガーシーさんの確信弾です。,success,ガーシーさんの確信弾です。,True,13,13,0
,029_kbc_13615767_20260714175500_seg_00396,029_kbc_13615767_20260714175500,SPEAKER_02,2469.04,2470.16,1.12,success,いった!,success,いった!,True,4,4,0
,029_kbc_13615767_20260714175500_seg_00397,029_kbc_13615767_20260714175500,SPEAKER_02,2470.8,2475.2,4.4,success,打った瞬間、打った瞬間、確信歩き!,success,打った瞬間、打った瞬間、確信歩きー!,False,17,18,1
,029_kbc_13615767_20260714175500_seg_00398,029_kbc_13615767_20260714175500,SPEAKER_02,2475.76,2480.72,4.96,success,バックスクリーンへ確信の一発、確信だ!,success,バックスクリーンへ確信の一発確信だ!,False,19,18,-1
,029_kbc_13615767_20260714175500_seg_00399,029_kbc_13615767_20260714175500,SPEAKER_01,2484.08,2485.84,1.76,success,たばこだけのつもりだったのに。,success,たばこだけのつもりだったのに。,True,15,15,0
,029_kbc_13615767_20260714175500_seg_00400,029_kbc_13615767_20260714175500,SPEAKER_01,2486.4,2487.499854,1.1,success,揚げ物買っちゃうんよね。,success,揚げ物買っちゃうんよね。,True,12,12,0
,029_kbc_13615767_20260714175500_seg_00401,029_kbc_13615767_20260714175500,SPEAKER_01,2493.52,2494.699927,1.18,success,見に行ったはずなのに。,success,見に行ったはずなのに。,True,11,11,0
,029_kbc_13615767_20260714175500_seg_00402,029_kbc_13615767_20260714175500,SPEAKER_01,2495.92,2499.52,3.6,success,スナックコーナーが目に入り、ついつい揚げ物を買ってしまいます。,success,ホットスナックコーナーが目に入りついつい揚げ物を買ってしまいます。,False,31,33,2
,029_kbc_13615767_20260714175500_seg_00403,029_kbc_13615767_20260714175500,SPEAKER_01,2499.92,2501.42002,1.5,success,これが冬になると肉まん。,success,これが冬になると肉まん。,True,12,12,0
,029_kbc_13615767_20260714175500_seg_00404,029_kbc_13615767_20260714175500,SPEAKER_03,2505.04,2507.180029,2.14,success,きれいなものを買っちゃうっていう。,success,余計なものを買っちゃうっていう。,False,17,16,-1
,029_kbc_13615767_20260714175500_seg_00405,029_kbc_13615767_20260714175500,SPEAKER_03,2518.0,2521.04,3.04,success,プライムデーと川原混ぜるな危険です。,success,プライムデーと川原を混ぜるな危険ですね。,False,18,20,2
,029_kbc_13615767_20260714175500_seg_00406,029_kbc_13615767_20260714175500,SPEAKER_01,2521.12,2521.84,0.72,success,アゾンマイの。,success,アマゾン迷子のあと。,False,7,10,3
,029_kbc_13615767_20260714175500_seg_00407,029_kbc_13615767_20260714175500,SPEAKER_03,2522.16,2523.12,0.96,success,あやっべえ!,success,あやっべえ!,True,6,6,0
,029_kbc_13615767_20260714175500_seg_00408,029_kbc_13615767_20260714175500,SPEAKER_01,2523.2,2525.2,2.0,success,これもたばこと一緒で。,success,これもたばこと一緒で。,True,11,11,0
,029_kbc_13615767_20260714175500_seg_00409,029_kbc_13615767_20260714175500,SPEAKER_01,2525.52,2526.37998,0.86,success,あの何?,success,あのね。,False,4,4,0
,029_kbc_13615767_20260714175500_seg_00410,029_kbc_13615767_20260714175500,SPEAKER_01,2527.6,2529.259863,1.66,success,はいあのフェイス。,success,あのフェイスブック。,False,9,10,1
,029_kbc_13615767_20260714175500_seg_00411,029_kbc_13615767_20260714175500,SPEAKER_01,2530.48,2533.579932,3.1,success,先の方のねやつがなくなったけん。,success,右の方のねやつがなくなったけん8か9。,False,16,19,3
,029_kbc_13615767_20260714175500_seg_00412,029_kbc_13615767_20260714175500,SPEAKER_01,2536.24,2539.52,3.28,success,プライムデーやと思って、いかんか待とうと思って、それはもういるやん。,success,プライムデーやと思っていかんか待とうと思ってそれはもういるやん。,False,34,32,-2
,029_kbc_13615767_20260714175500_seg_00413,029_kbc_13615767_20260714175500,SPEAKER_03,2540.08,2540.96,0.88,success,まあまあまあまあ。,success,まあまあまあまあ。,True,9,9,0
,029_kbc_13615767_20260714175500_seg_00414,029_kbc_13615767_20260714175500,SPEAKER_01,2540.96,2543.180029,2.22,success,おう見たらよかったと何か10%か10%。,success,おう見たらよかったと何か10パーか10%。,False,20,21,1
,029_kbc_13615767_20260714175500_seg_00415,029_kbc_13615767_20260714175500,SPEAKER_01,2546.8,2548.939917,2.14,success,捕まってよかったって見た。,success,2日まってよかったって見た。,False,13,14,1
,029_kbc_13615767_20260714175500_seg_00416,029_kbc_13615767_20260714175500,SPEAKER_01,2552.24,2554.48,2.24,success,安くなってますよとかがもうどんどん出て。,success,安くなってますよとかがもうどんどん出て。,True,20,20,0
,029_kbc_13615767_20260714175500_seg_00417,029_kbc_13615767_20260714175500,SPEAKER_03,2554.48,2556.619971,2.14,success,片手ボタン必要ないじゃないですか。,success,片手ボタン必要ないんじゃないですか。,False,17,18,1
,029_kbc_13615767_20260714175500_seg_00418,029_kbc_13615767_20260714175500,SPEAKER_01,2560.24,2562.859961,2.62,success,普段いらんけどこれを買っとくか水も。,success,ふだんいらんけどこれを買っとくか水も。,False,18,19,1
,029_kbc_13615767_20260714175500_seg_00419,029_kbc_13615767_20260714175500,SPEAKER_01,2564.56,2565.12,0.56,success,パックン。,success,パックン。,True,5,5,0
,029_kbc_13615767_20260714175500_seg_00420,029_kbc_13615767_20260714175500,SPEAKER_01,2567.44,2568.48,1.04,success,魚のやつ?,success,魚のやつ?,True,5,5,0
,029_kbc_13615767_20260714175500_seg_00421,029_kbc_13615767_20260714175500,SPEAKER_01,2570.8,2571.6,0.8,success,金の何か。,success,金の何か。,True,5,5,0
,029_kbc_13615767_20260714175500_seg_00422,029_kbc_13615767_20260714175500,SPEAKER_02,2571.76,2573.68,1.92,success,あもうイライラいらいら。,success,あもうイライラいらいら。,True,12,12,0
,029_kbc_13615767_20260714175500_seg_00423,029_kbc_13615767_20260714175500,SPEAKER_01,2574.16,2575.2,1.04,success,段ボールだらけ、今。,success,もう段ボールだらけ今。,False,10,11,1
,029_kbc_13615767_20260714175500_seg_00424,029_kbc_13615767_20260714175500,SPEAKER_01,2578.64,2580.8,2.16,success,届いてないから把握でき聞くぐらいもうなんかその。,success,届いてないから把握できないもうなんかその。,False,24,21,-3
,029_kbc_13615767_20260714175500_seg_00425,029_kbc_13615767_20260714175500,SPEAKER_01,2583.28,2584.459814,1.18,success,本当はその。,success,本当はその。,True,6,6,0
,029_kbc_13615767_20260714175500_seg_00426,029_kbc_13615767_20260714175500,SPEAKER_01,2585.68,2587.2,1.52,success,会う予定だったんすけど。,success,会う予定だったんすけど。,True,12,12,0
,029_kbc_13615767_20260714175500_seg_00427,029_kbc_13615767_20260714175500,SPEAKER_01,2587.44,2588.299902,0.86,success,あのその。,success,あのその。,True,5,5,0
,029_kbc_13615767_20260714175500_seg_00428,029_kbc_13615767_20260714175500,SPEAKER_01,2589.52,2591.84,2.32,success,タオルがまだ届いてないのに、ほかの。,success,タオルがまだ届いてないのに他の。,False,18,16,-2
,029_kbc_13615767_20260714175500_seg_00429,029_kbc_13615767_20260714175500,SPEAKER_03,2593.36,2594.24,0.88,success,一緒に欲しかったやつが。,success,一緒に欲しかったやつが。,True,12,12,0
,029_kbc_13615767_20260714175500_seg_00430,029_kbc_13615767_20260714175500,SPEAKER_01,2594.32,2595.979834,1.66,success,ジューシーハンバーグ冷凍。,success,ジューシーハンバーグ冷凍。,True,13,13,0
,029_kbc_13615767_20260714175500_seg_00431,029_kbc_13615767_20260714175500,SPEAKER_01,2600.64,2602.08,1.44,success,マルチビタミンe。,success,マルチビタミンe。,True,9,9,0
,029_kbc_13615767_20260714175500_seg_00432,029_kbc_13615767_20260714175500,SPEAKER_01,2609.68,2610.859961,1.18,success,鹿肉ビーフジャー。,success,鹿肉ビーフジャム。,False,9,9,0
,029_kbc_13615767_20260714175500_seg_00433,029_kbc_13615767_20260714175500,SPEAKER_01,2620.24,2620.96,0.72,success,シューマイ。,success,シューマイ。,True,6,6,0
,029_kbc_13615767_20260714175500_seg_00434,029_kbc_13615767_20260714175500,SPEAKER_02,2621.68,2622.4,0.72,success,ザカットは!,success,ってカットは!,False,6,7,1
,029_kbc_13615767_20260714175500_seg_00435,029_kbc_13615767_20260714175500,SPEAKER_01,2632.88,2633.84,0.96,success,計画正解。,success,計画正解。,True,5,5,0
,029_kbc_13615767_20260714175500_seg_00436,029_kbc_13615767_20260714175500,SPEAKER_03,2639.92,2644.459814,4.54,success,もういい、もうそういうのはもう、ちゃんともう、アマゾンとかで買うやつ。,success,もういいいいそういうのはもうちゃんともうアマゾンとかで買うやつ。,False,35,32,-3
,029_kbc_13615767_20260714175500_seg_00437,029_kbc_13615767_20260714175500,SPEAKER_03,2646.16,2647.339941,1.18,success,と思ったらジューシーハンバーグ。,success,ふと思ったらジューシーハンバーグ。,False,16,17,1
,029_kbc_13615767_20260714175500_seg_00438,029_kbc_13615767_20260714175500,SPEAKER_03,2651.92,2653.099951,1.18,success,150グラム3万円。,success,150グラム3万円。,True,10,10,0
,029_kbc_13615767_20260714175500_seg_00439,029_kbc_13615767_20260714175500,SPEAKER_03,2654.4,2655.019873,0.62,success,つい。,success,ついに。,False,3,4,1
,029_kbc_13615767_20260714175500_seg_00440,029_kbc_13615767_20260714175500,SPEAKER_03,2660.56,2662.219824,1.66,success,袋にぶわーって入ったやつ。,success,袋にぶわーって入ったやつ。,True,13,13,0
,029_kbc_13615767_20260714175500_seg_00441,029_kbc_13615767_20260714175500,SPEAKER_03,2663.44,2665.04,1.6,success,違う違う違う違う違う違う違う!,success,違う違う違う違う!,False,15,9,-6
,029_kbc_13615767_20260714175500_seg_00442,029_kbc_13615767_20260714175500,SPEAKER_01,2667.12,2669.9,2.78,success,イオン感じの真空のやつがそんな箱兄じゃねえ。,success,いい感じの真空のやつがそんな箱兄じゃねえ。,False,22,21,-1
,029_kbc_13615767_20260714175500_seg_00443,029_kbc_13615767_20260714175500,SPEAKER_01,2671.6,2673.6,2.0,success,コストコのパン屋さん。,success,コストコのあのパン屋さん。,False,11,13,2
,029_kbc_13615767_20260714175500_seg_00444,029_kbc_13615767_20260714175500,SPEAKER_01,2677.6,2679.92,2.32,success,冷凍のハンバーグがうわっさーって入っとる。,success,冷凍のハンバーグがうわっサーッて入っとる。,False,21,21,0
,029_kbc_13615767_20260714175500_seg_00445,029_kbc_13615767_20260714175500,SPEAKER_01,2680.24,2682.08,1.84,success,1個取り出してチンするだけでいい。,success,1個取り出してチンするだけでいい。,True,17,17,0
,029_kbc_13615767_20260714175500_seg_00446,029_kbc_13615767_20260714175500,SPEAKER_02,2682.16,2683.92,1.76,success,実はあんばいはもちろんあれね。,success,実はあんバーガーはもちろんあれね1つ。,False,15,19,4
,029_kbc_13615767_20260714175500_seg_00447,029_kbc_13615767_20260714175500,SPEAKER_01,2685.28,2686.64,1.36,success,ハンバーグ120グラムです。,success,ハンバーグ120グラムです。,True,14,14,0
,029_kbc_13615767_20260714175500_seg_00448,029_kbc_13615767_20260714175500,SPEAKER_02,2686.64,2688.48,1.84,success,いやいやまあまあしっかりあるやん。,success,いやいやまあまあしっかりあるやん。,True,17,17,0
,029_kbc_13615767_20260714175500_seg_00449,029_kbc_13615767_20260714175500,SPEAKER_01,2689.76,2690.96,1.2,success,いやまんまと。,success,いやまんまと。,True,7,7,0
,029_kbc_13615767_20260714175500_seg_00450,029_kbc_13615767_20260714175500,SPEAKER_02,2692.16,2695.52,3.36,success,革新だーじゃ、革新だで、冷凍庫さん、大丈夫なの?,success,確信だじゃ確信だで冷凍庫さん大丈夫なの?,False,24,20,-4
,029_kbc_13615767_20260714175500_seg_00451,029_kbc_13615767_20260714175500,SPEAKER_02,2697.28,2698.08,0.8,success,その前回。,success,その前回。,True,5,5,0
,029_kbc_13615767_20260714175500_seg_00452,029_kbc_13615767_20260714175500,SPEAKER_02,2699.76,2701.28,1.52,success,やばいって!,success,やばいって!,True,6,6,0
,029_kbc_13615767_20260714175500_seg_00453,029_kbc_13615767_20260714175500,SPEAKER_01,2702.8,2709.76,6.96,success,ほんでもう冷凍はだってあれだけいうてもハンバーグと牛タンだけやけんそうなんですよ。,success,ほんでもう冷凍はだってあれだけいうてもハンバーグと牛タンだけやけんそうなんですよ。,True,41,41,0
,029_kbc_13615767_20260714175500_seg_00454,029_kbc_13615767_20260714175500,SPEAKER_01,2711.84,2719.76,7.92,success,あと一応金曜日鍋とかと飲むけん今日は氷も大量に買ってきましたあいつらはもうむちゃくちゃ酒飲むけんな鍋とマシオ。,success,あと一応金曜日鍋とかと飲むけん今日は氷も大量に買ってきましたあいつらはもうむちゃくちゃ酒飲むけんな鍋とマシを。,False,55,55,0
,029_kbc_13615767_20260714175500_seg_00455,029_kbc_13615767_20260714175500,SPEAKER_01,2720.0,2721.44,1.44,success,とわも確信ダール。,success,永遠も確信団ある。,False,9,9,0
,029_kbc_13615767_20260714175500_seg_00456,029_kbc_13615767_20260714175500,SPEAKER_02,2721.44,2722.96,1.52,success,十和が確信弾がある。,success,永遠が確信弾がある。,False,10,10,0
,029_kbc_13615767_20260714175500_seg_00457,029_kbc_13615767_20260714175500,SPEAKER_01,2722.96,2723.76,0.8,success,何やろう?,success,なんやろ?,False,5,5,0
,029_kbc_13615767_20260714175500_seg_00458,029_kbc_13615767_20260714175500,SPEAKER_02,2723.92,2724.72,0.8,success,ないよとは。,success,ないとは。,False,6,5,-1
,029_kbc_13615767_20260714175500_seg_00459,029_kbc_13615767_20260714175500,SPEAKER_01,2725.6,2727.12,1.52,success,そんなフルスイングしてないもん。,success,そんなフルスイングしてないもん。,True,16,16,0
,029_kbc_13615767_20260714175500_seg_00460,029_kbc_13615767_20260714175500,SPEAKER_02,2727.12,2728.72,1.6,success,確信なんてないよ、お前は。,success,確信なんてないよお前は。,False,13,12,-1
,029_kbc_13615767_20260714175500_seg_00461,029_kbc_13615767_20260714175500,SPEAKER_02,2729.52,2747.2,17.68,success,どんだけお前キングオブコント1回戦で敗退してそのテンションで来れるんだいやいやもうそれはもうムカつくな声が出てますそれはもう引きずっててもしょうがないんでそれはもう切り替えてもう大丈夫来年に向けてちょっともう終わったことはね終わったことはですけど。,success,どんだけお前キングオブコント1回戦で敗退してそのテンションで来れるんだいやいやもうそれはもうムカつくな、声が出てるそれはもう引きずっててもしょうがないのでそれはもう切り替えてもう大丈夫です来年に向けてちょっともう終わったことはね終わったことはですけど。,False,124,126,2
,029_kbc_13615767_20260714175500_seg_00462,029_kbc_13615767_20260714175500,SPEAKER_03,2747.36,2748.32,0.96,success,この底の方は!,success,この底の方!,False,7,6,-1
,029_kbc_13615767_20260714175500_seg_00463,029_kbc_13615767_20260714175500,SPEAKER_03,2749.28,2751.04,1.76,success,食べてないですけど、あっ、まだ全然。,success,出てないですけどあっまだ全然。,False,18,15,-3
,029_kbc_13615767_20260714175500_seg_00464,029_kbc_13615767_20260714175500,SPEAKER_03,2751.84,2752.48,0.64,success,痛い部分はあるわ。,success,だいぶ悪い。,False,9,6,-3
,029_kbc_13615767_20260714175500_seg_00465,029_kbc_13615767_20260714175500,SPEAKER_03,2752.72,2753.52,0.8,success,出ないですけど。,success,行ってないですけど。,False,8,10,2
,029_kbc_13615767_20260714175500_seg_00466,029_kbc_13615767_20260714175500,SPEAKER_01,2753.6,2754.4,0.8,success,何ですか?,success,な何ですか?,False,5,6,1
,029_kbc_13615767_20260714175500_seg_00467,029_kbc_13615767_20260714175500,SPEAKER_03,2754.48,2755.44,0.96,success,確信弾があるとは。,success,もう確信弾があるとは。,False,9,11,2
,029_kbc_13615767_20260714175500_seg_00468,029_kbc_13615767_20260714175500,SPEAKER_03,2755.68,2756.4,0.72,success,じゃあちょっと。,success,じゃあちょっと。,True,8,8,0
,029_kbc_13615767_20260714175500_seg_00469,029_kbc_13615767_20260714175500,SPEAKER_03,2758.96,2759.6,0.64,success,お願いします。,success,お願いします。,True,7,7,0
,029_kbc_13615767_20260714175500_seg_00470,029_kbc_13615767_20260714175500,SPEAKER_02,2762.4,2774.64,12.24,success,大きいぞ、大きいぞ、打球を見上げて、打球を見上げて、確信歩き、レフトスタンドへ、大きな大きな確信だ!,success,大きいぞ、大きいぞ、打球を見上げて、打球を見上げて、確信歩き、レフトスタンドへ、大きな大きな確信だ!,True,50,50,0
,029_kbc_13615767_20260714175500_seg_00471,029_kbc_13615767_20260714175500,SPEAKER_02,2778.8,2786.539893,7.74,success,川原さんとlineでやり取りしてるとき、やり取りの最後は絶対、ゴリラのスタンプ送ってくるよな。,success,川原さんとlineでやり取りしてるとき、やり取りの最後は絶対、ゴリラのスタンプ送ってくるよな。,True,47,47,0
,029_kbc_13615767_20260714175500_seg_00472,029_kbc_13615767_20260714175500,SPEAKER_02,2792.08,2795.180029,3.1,success,やり取りの最後、絶対ゴリラのスタンプ送ってくるんですけど。,success,やり取りの最後絶対ゴリラのスタンプ送ってくるんですけど。,False,29,28,-1
,029_kbc_13615767_20260714175500_seg_00473,029_kbc_13615767_20260714175500,SPEAKER_02,2797.36,2798.059912,0.7,success,ええまあうっ。,success,まあうっ。,False,7,5,-2
,029_kbc_13615767_20260714175500_seg_00474,029_kbc_13615767_20260714175500,SPEAKER_02,2802.16,2802.859961,0.7,success,来るんすよ。,empty_text,,False,6,0,-6
,029_kbc_13615767_20260714175500_seg_00475,029_kbc_13615767_20260714175500,SPEAKER_02,2804.56,2808.8,4.24,success,動くやつとかイラストタッチのやつとかかわいいやつとか。,success,動くやつとかイラストタッチのやつとかかわいいやつとかごめんなさい。,False,27,33,6
,029_kbc_13615767_20260714175500_seg_00476,029_kbc_13615767_20260714175500,SPEAKER_01,2808.88,2809.44,0.56,success,裏はゴリラ。,success,平場ゴリラ。,False,6,6,0
,029_kbc_13615767_20260714175500_seg_00477,029_kbc_13615767_20260714175500,SPEAKER_02,2809.44,2811.28,1.84,success,ゴリラはゴリラなんですけど。,success,ゴリラはゴリラなんですけど。,True,14,14,0
,029_kbc_13615767_20260714175500_seg_00478,029_kbc_13615767_20260714175500,SPEAKER_01,2812.0,2816.24,4.24,success,その前にゴリラの10個セットで売ってるじゃないですかがちょっとよく分からんけど。,success,その前にゴリラの10個セットで売ってるじゃないですかがちょっとよく分からんけど。,True,40,40,0
,029_kbc_13615767_20260714175500_seg_00479,029_kbc_13615767_20260714175500,SPEAKER_02,2817.6,2818.56,0.96,success,インスタントの。,success,インスタントの。,True,8,8,0
,029_kbc_13615767_20260714175500_seg_00480,029_kbc_13615767_20260714175500,SPEAKER_02,2822.32,2825.68,3.36,success,多分お大事にゴリラとかあるんですけどこれは何か。,success,なんか例えばお大事にゴリラとかあるんですけどこれはなんか。,False,24,29,5
,029_kbc_13615767_20260714175500_seg_00481,029_kbc_13615767_20260714175500,SPEAKER_02,2827.12,2829.28,2.16,success,なんですけど、なんか別のやり取りしておもろい。,success,なんですけどなんか別のやりとりしておいて。,False,23,21,-2
,029_kbc_13615767_20260714175500_seg_00482,029_kbc_13615767_20260714175500,SPEAKER_02,2829.52,2832.4,2.88,success,このゴリラ、要するにああ、そのゴリラみたいなことは白いやつ。,success,そのゴリラよとかああそのゴリラ見たことない白いやつ。,False,30,26,-4
,029_kbc_13615767_20260714175500_seg_00483,029_kbc_13615767_20260714175500,SPEAKER_02,2834.0,2834.8,0.8,success,カラカラカラ!,success,カラカラカラ!,True,7,7,0
,029_kbc_13615767_20260714175500_seg_00484,029_kbc_13615767_20260714175500,SPEAKER_02,2842.0,2850.48,8.48,success,lineの時はそれが必ず送られてくるんですけどこの間僕が単独ライブの告知したらそれ頑張れよって送ってきてくれてあっインスタの方でもくれるなって。,success,lineの時はそれが必ず送られてくるんですけどこの間僕が単独ライブの告知したらそれ頑張れよって送ってきてくれてあっインスタの方でもくれるなって。,True,72,72,0
,029_kbc_13615767_20260714175500_seg_00485,029_kbc_13615767_20260714175500,SPEAKER_02,2852.08,2861.42002,9.34,success,そっちでも最後なんかチンパンジーみたいな猿系猿系ではあるな絶対サル系のやつをちょっとこうちょっとな。,success,そっちでも最後なんかチンパンジーみたいな猿系猿系ではあるよな絶対サル系のやつ。,False,50,39,-11
,029_kbc_13615767_20260714175500_seg_00486,029_kbc_13615767_20260714175500,SPEAKER_01,2862.64,2863.339941,0.7,success,ヴィラズ。,success,ヴィラズ。,True,5,5,0
,029_kbc_13615767_20260714175500_seg_00487,029_kbc_13615767_20260714175500,SPEAKER_02,2872.8,2873.84,1.04,success,いろんなゴリ。,success,いろんなゴリラ。,False,7,8,1
,029_kbc_13615767_20260714175500_seg_00488,029_kbc_13615767_20260714175500,SPEAKER_01,2874.56,2876.299902,1.74,success,どんなゴリラ、まさか俺のゴリラ。,success,どんなゴリラまさか俺のゴリラ?,False,16,15,-1
,029_kbc_13615767_20260714175500_seg_00489,029_kbc_13615767_20260714175500,SPEAKER_02,2877.76,2885.42002,7.66,success,マジでグループlineもいろいろあるやん番組のグループlineもあるしマネージャーと我々だけのジムのlineもあるし。,success,マジでグループlineもいろいろあるやん番組のグループlineもあるしマネージャーと我々だけのグループline。,False,59,56,-3
,029_kbc_13615767_20260714175500_seg_00490,029_kbc_13615767_20260714175500,SPEAKER_02,2886.64,2889.36,2.72,success,それでよういろんな種類のゴリラ見るわ言われて。,success,それでよういろんな種類のゴリラ見るわ言われて。,True,23,23,0
,029_kbc_13615767_20260714175500_seg_00491,029_kbc_13615767_20260714175500,SPEAKER_01,2894.32,2895.76,1.44,success,もじもじ君みたいな。,success,もじもじくんみたいな。,False,10,11,1
,029_kbc_13615767_20260714175500_seg_00492,029_kbc_13615767_20260714175500,SPEAKER_02,2895.76,2896.48,0.72,success,クイーン!,success,クイーン!,True,5,5,0
,029_kbc_13615767_20260714175500_seg_00493,029_kbc_13615767_20260714175500,SPEAKER_01,2896.48,2903.179907,6.7,success,やっとるやつとかグーみたいなやつも最近ちょっと好きなんよ真っ白のへえだから若いね何かあのあれみたいな。,success,やっとうやつとかグーみたいなやつも最近ちょっと好きなんよ真っ白のへえだから若いね何かあのあれみたいな。,False,51,51,0
,029_kbc_13615767_20260714175500_seg_00494,029_kbc_13615767_20260714175500,SPEAKER_01,2904.88,2907.499854,2.62,success,みたいなただただただ白の。,success,みたいなただただただ白の若い。,False,13,15,2
,029_kbc_13615767_20260714175500_seg_00495,029_kbc_13615767_20260714175500,SPEAKER_01,2908.72,2909.42002,0.7,success,じゃあそれだけ。,success,じゃあ磯崎。,False,8,6,-2
,029_kbc_13615767_20260714175500_seg_00496,029_kbc_13615767_20260714175500,SPEAKER_02,2911.6,2913.04,1.44,success,うわ若い。,success,ちょっとよねうわ若い。,False,5,11,6
,029_kbc_13615767_20260714175500_seg_00497,029_kbc_13615767_20260714175500,SPEAKER_02,2913.84,2914.72,0.88,success,バカ。,success,分かったよ。,False,3,6,3
,029_kbc_13615767_20260714175500_seg_00498,029_kbc_13615767_20260714175500,SPEAKER_01,2914.88,2918.8,3.92,success,ゴリラ買うけんそのゴリラシリーズの新しい。,success,ゴリラ買うけんそのゴリラシリーズの新しい。,True,21,21,0
,029_kbc_13615767_20260714175500_seg_00499,029_kbc_13615767_20260714175500,SPEAKER_02,2919.6,2920.16,0.56,success,はいはい。,success,はいはい。,True,5,5,0
,029_kbc_13615767_20260714175500_seg_00500,029_kbc_13615767_20260714175500,SPEAKER_01,2920.48,2921.44,0.96,success,チーノが出ましたよ。,success,っていうのが出ましたよ。,False,10,12,2
,029_kbc_13615767_20260714175500_seg_00501,029_kbc_13615767_20260714175500,SPEAKER_01,2923.68,2926.64,2.96,success,もう100円とかやけんおっ何か。,success,もう100円とかやけんおっ何か。,True,16,16,0
,029_kbc_13615767_20260714175500_seg_00502,029_kbc_13615767_20260714175500,SPEAKER_01,2927.04,2930.48,3.44,success,よく見りゃいいやんみたいなほんでまたね買って買うやんか。,success,いいやみたいなほんでまたね顔や顔。,False,28,17,-11
,029_kbc_13615767_20260714175500_seg_00503,029_kbc_13615767_20260714175500,SPEAKER_02,2934.72,2936.32,1.6,success,いやそんなことあります。,success,いやそんなことないです。,False,12,12,0
,029_kbc_13615767_20260714175500_seg_00504,029_kbc_13615767_20260714175500,SPEAKER_01,2939.44,2942.24,2.8,success,いらんてとか言ってくれるけど、もうわがよか本当。,success,いらんて!とか言ってくれるけどもう我が世はこと。,False,24,24,0
,029_kbc_13615767_20260714175500_seg_00505,029_kbc_13615767_20260714175500,SPEAKER_02,2942.32,2943.28,0.96,success,ハハハハ!,success,ハハハハ!,True,5,5,0
,029_kbc_13615767_20260714175500_seg_00506,029_kbc_13615767_20260714175500,SPEAKER_02,2944.72,2948.779883,4.06,success,確かにな自分の責任やもんな。,success,確かにな自分の責任やもんな自分の責任やったら。,False,14,23,9
,029_kbc_13615767_20260714175500_seg_00507,029_kbc_13615767_20260714175500,SPEAKER_01,2950.0,2952.619971,2.62,success,シューマイやねツイッター。,success,シューマイのねtwitterで。,False,13,16,3
,029_kbc_13615767_20260714175500_seg_00508,029_kbc_13615767_20260714175500,SPEAKER_02,2956.8,2957.44,0.64,success,ビオレ。,success,ドレイ!,False,4,4,0
,029_kbc_13615767_20260714175500_seg_00509,029_kbc_13615767_20260714175500,SPEAKER_01,2957.68,2960.8,3.12,success,なくなってちょうどね。,success,なくなってちょうどね。,True,11,11,0
,029_kbc_13615767_20260714175500_seg_00510,029_kbc_13615767_20260714175500,SPEAKER_01,2964.4,2966.539893,2.14,success,俺と真正はうちで飲むけんさ。,success,俺と真っ白はうちで飲むけんさ長。,False,14,16,2
,029_kbc_13615767_20260714175500_seg_00511,029_kbc_13615767_20260714175500,SPEAKER_02,2969.2,2975.66001,6.46,success,マジでギャルが来る感じで言いよるけど鍋と鍋とマシオをそんなに表に。,success,マジでギャルが来る感じで言いよるけど鍋と鍋とマシオをそんなに表に。,True,33,33,0
,029_kbc_13615767_20260714175500_seg_00512,029_kbc_13615767_20260714175500,SPEAKER_01,2977.84,2980.459814,2.62,success,総菜焼いたりいろいろするけど後輩が座って酒飲みよってから。,success,総菜焼いたりいろいろするけど後輩が座って酒飲みよってから。,True,29,29,0
,029_kbc_13615767_20260714175500_seg_00513,029_kbc_13615767_20260714175500,SPEAKER_02,2983.2,2983.92,0.72,success,ハハッ。,success,ハハハハ。,False,4,5,1
,029_kbc_13615767_20260714175500_seg_00514,029_kbc_13615767_20260714175500,SPEAKER_02,2984.24,2985.04,0.8,success,腹が先外!,success,博士外苑!,False,5,5,0
,029_kbc_13615767_20260714175500_seg_00515,029_kbc_13615767_20260714175500,SPEAKER_01,2985.12,2988.56,3.44,success,氷とか途中でなくなったら、ちょっと買いに行ったりするの面倒くさいなとか思って。,success,氷とか途中でなくなったらちょっと買いに行ったりするの面倒くさいなとか思って。,False,39,38,-1
,029_kbc_13615767_20260714175500_seg_00516,029_kbc_13615767_20260714175500,SPEAKER_01,2988.96,2992.459814,3.5,success,待てよ、もう僕、ロケで、あっ、これ、忘れとって買わんやったらいかんしと思って。,success,待ってもう僕ロケでこれ忘れとって買わんやったらいかんしと思って。,False,39,32,-7
,029_kbc_13615767_20260714175500_seg_00517,029_kbc_13615767_20260714175500,SPEAKER_01,2993.68,3009.739844,16.06,success,氷もあんま遠いとこで買ったら溶けるけん今日朝の番組終わって朝やったら家帰るすぐやけん氷買ってあとはと思ってそれこそ僕焼酎は鍋が今日やたら焼酎今ソーダ入れてたけど僕は水割りなんで炭酸いらないんですけどハイボールもレモンの炭酸で飲むからレモン。,success,氷もあんま遠いとこで買ったら溶けるけん今日朝の番組終わって朝やったら家帰るすぐやけん氷買ってあとはと思ってそれこそ僕焼酎は鍋が今日やたら焼酎今相談入れてたけど僕は水割りなんで炭酸いらないんですけどハイボールもレモンの炭酸で飲むからレモン。,False,120,119,-1
,029_kbc_13615767_20260714175500_seg_00518,029_kbc_13615767_20260714175500,SPEAKER_01,3011.44,3012.13999,0.7,success,魔性はある。,success,甘しょうはある。,False,6,8,2
,029_kbc_13615767_20260714175500_seg_00519,029_kbc_13615767_20260714175500,SPEAKER_01,3013.779932,3020.299902,6.52,success,塩炭水で割るけん芋焼酎レモン炭酸やったら割ったらちょっとおいしくないけどノーマルがいいわけやん。,success,炭酸水で割るけん芋焼酎レモン炭酸やったら割ったらちょっとおいしくないけどノーマルがいいわけやん。,False,48,48,0
,029_kbc_13615767_20260714175500_seg_00520,029_kbc_13615767_20260714175500,SPEAKER_01,3021.52,3022.96,1.44,success,朝水も帰ってます。,success,朝水も帰ってます。,True,9,9,0
,029_kbc_13615767_20260714175500_seg_00521,029_kbc_13615767_20260714175500,SPEAKER_02,3023.28,3036.48,13.2,success,でも確かに僕も何回か河原さんちで飲ませていただいたことあるんですけどホントもうめちゃくちゃおもてなししてくれて食べ終わったあとに何か冷凍庫にコストコぐらいアイスがそうそうアイスアイスクーっつってアイスクーっつってアイスクリーム。,success,でも確かに僕も何回か河原さんちで飲ませていただいたことあるんですけどホントもうめちゃくちゃおもてなししてくれて食べ終わったあとに何か冷凍庫にコストコぐらいアイスがブリッジそうそうアイスアイスクーっつってアイスクーっつってアイスクリーム。,False,114,118,4
,029_kbc_13615767_20260714175500_seg_00522,029_kbc_13615767_20260714175500,SPEAKER_01,3039.52,3041.12,1.6,success,業務用みたいなのいっぱい入ってるやつですか?,success,業務用みたいにいっぱい入ったやつ買ったと思います。,False,22,25,3
,029_kbc_13615767_20260714175500_seg_00523,029_kbc_13615767_20260714175500,SPEAKER_03,3047.12,3048.32,1.2,success,孫来るの楽しみにしてます。,success,山心を楽しみにしてます。,False,13,12,-1
,029_kbc_13615767_20260714175500_seg_00524,029_kbc_13615767_20260714175500,SPEAKER_02,3048.56,3052.939917,4.38,success,そっか僕とかお酒そんな飲めないからそれ用にリキュール甘い。,success,そっか僕とかお酒そんな飲めないからそれ用にリキュール甘い。,True,29,29,0
,029_kbc_13615767_20260714175500_seg_00525,029_kbc_13615767_20260714175500,SPEAKER_03,3055.6,3056.56,0.96,success,メイン人用に。,success,ペン人用に。,False,7,6,-1
,029_kbc_13615767_20260714175500_seg_00526,029_kbc_13615767_20260714175500,SPEAKER_03,3057.04,3060.24,3.2,success,魔性の子どもが来たとき用に、本当、プラスチックのコップもね、ぐらん。,success,魔性の子どもが来た時用にホントプラスチックのコップをねグラン。,False,34,31,-3
,029_kbc_13615767_20260714175500_seg_00527,029_kbc_13615767_20260714175500,SPEAKER_02,3063.36,3072.13999,8.78,success,いいのよ、スタンプからそこまで話を入れないで皆さん、確信ダダダダンこのあともやりますから今の感じでメッセージを送ってきてください。,success,いいのよ、スタンプからそこまで話して皆さん、確信ダダダダンこのあともやりますから今の感じでメッセージを送ってきてください。,False,65,61,-4
,029_kbc_13615767_20260714175500_seg_00528,029_kbc_13615767_20260714175500,SPEAKER_02,3093.52,3094.16,0.64,success,車村。,success,車村。,True,3,3,0
,029_kbc_13615767_20260714175500_seg_00529,029_kbc_13615767_20260714175500,SPEAKER_02,3095.6,3097.36,1.76,success,ここで打てば逆転。,success,ここで撃てば逆転。,False,9,9,0
,029_kbc_13615767_20260714175500_seg_00530,029_kbc_13615767_20260714175500,SPEAKER_02,3102.24,3106.4,4.16,success,縫い目まで見えるでも俺観客なんだけどな!,success,見えるでも俺観客なんだけどな!,False,20,15,-5
,029_kbc_13615767_20260714175500_seg_00531,029_kbc_13615767_20260714175500,SPEAKER_02,3146.8,3153.259863,6.46,success,kbcフォークスナイター漫談火曜日ブルーリバーが4時間の生放送でお送りします。,success,時刻は6時47分ですkbcフォークスナイター漫談火曜日ブルーリバーが4時間の生放送でお送りします。,False,39,49,10
,029_kbc_13615767_20260714175500_seg_00532,029_kbc_13615767_20260714175500,SPEAKER_02,3155.92,3158.059912,2.14,success,行われておりますプロ野球の試合経過お願い。,success,行われておりますプロ野球の試合経過お届けください。,False,21,25,4
,029_kbc_13615767_20260714175500_seg_00533,029_kbc_13615767_20260714175500,SPEAKER_02,3163.12,3163.819922,0.7,success,2試合。,success,西愛!,False,4,3,-1
,029_kbc_13615767_20260714175500_seg_00534,029_kbc_13615767_20260714175500,SPEAKER_02,3166.48,3167.179907,0.7,success,えまず。,success,えまずはですね。,False,4,8,4
,029_kbc_13615767_20260714175500_seg_00535,029_kbc_13615767_20260714175500,SPEAKER_02,3168.88,3171.019873,2.14,success,楽天モバイルのイーグルス対バファローズの。,success,楽天モバイルのイーグルス対バファローズの一戦。,False,21,23,2
,029_kbc_13615767_20260714175500_seg_00536,029_kbc_13615767_20260714175500,SPEAKER_02,3176.96,3179.179907,2.22,success,オリックス3回の表チャンスでした。,success,オリックス3回の表チャンスでした。,True,17,17,0
,029_kbc_13615767_20260714175500_seg_00537,029_kbc_13615767_20260714175500,SPEAKER_02,3184.72,3188.779883,4.06,success,ベルーナドームのライオンズ対マリーンズのゲーム、こちらも1対0。,success,ベルーナドームのライオンズ対マリーンズのゲームこちらも1対0。,False,32,31,-1
,029_kbc_13615767_20260714175500_seg_00538,029_kbc_13615767_20260714175500,SPEAKER_02,3190.0,3190.88,0.88,success,ズンがリードしてます。,success,オンズがリードしてます。,False,11,12,1
,029_kbc_13615767_20260714175500_seg_00539,029_kbc_13615767_20260714175500,SPEAKER_01,3191.36,3192.56,1.2,success,点取りましたね。,success,点取りましたね。,True,8,8,0
,029_kbc_13615767_20260714175500_seg_00540,029_kbc_13615767_20260714175500,SPEAKER_01,3193.84,3195.979834,2.14,success,なんでなかなかね、ネビン選手が本当。,success,なのでなかなかねネビン選手が本当に。,False,18,18,0
,029_kbc_13615767_20260714175500_seg_00541,029_kbc_13615767_20260714175500,SPEAKER_01,3199.12,3199.84,0.72,success,エビムツも。,success,エビムツも。,True,6,6,0
,029_kbc_13615767_20260714175500_seg_00542,029_kbc_13615767_20260714175500,SPEAKER_02,3199.92,3203.179907,3.26,success,ヘビ打ちますねこのライオズのいい。,success,ヘビ打ちますねってこのライオンズのいい。,False,17,20,3
,029_kbc_13615767_20260714175500_seg_00543,029_kbc_13615767_20260714175500,SPEAKER_02,3211.12,3211.819922,0.7,success,うちの息子はかな。,success,うちの息子はかなり。,False,9,10,1
,029_kbc_13615767_20260714175500_seg_00544,029_kbc_13615767_20260714175500,SPEAKER_01,3213.52,3214.219824,0.7,success,50駅。,success,個人的。,False,4,4,0
,029_kbc_13615767_20260714175500_seg_00545,029_kbc_13615767_20260714175500,SPEAKER_02,3219.28,3219.979834,0.7,success,ライオンズがリード。,success,ライオンズがリード。,True,10,10,0
,029_kbc_13615767_20260714175500_seg_00546,029_kbc_13615767_20260714175500,SPEAKER_02,3221.2,3228.619971,7.42,success,セリーグはナイトゲーム3試合行われております、まずは神宮球場、スワローズ×ジャイアンツのゲーム、0−0。,success,セリーグはナイトゲーム3試合行われております、まずは神宮球場、スワローズ対ジャイアンツのゲーム、0対0。,False,52,52,0
,029_kbc_13615767_20260714175500_seg_00547,029_kbc_13615767_20260714175500,SPEAKER_02,3231.76,3232.939917,1.18,success,ザスワローズの。,success,ザスワローズの。,True,8,8,0
,029_kbc_13615767_20260714175500_seg_00548,029_kbc_13615767_20260714175500,SPEAKER_02,3235.6,3240.13999,4.54,success,京センドームドラゴンズ対タイガースのゲームは2対0でタイガースがリード。,success,バンテリンドームドラゴンズ対タイガースのゲームは2対0でタイガースがリード。,False,36,38,2
,029_kbc_13615767_20260714175500_seg_00549,029_kbc_13615767_20260714175500,SPEAKER_02,3242.32,3243.019873,0.7,success,今回の裏。,success,今回の運動。,False,5,6,1
,029_kbc_13615767_20260714175500_seg_00550,029_kbc_13615767_20260714175500,SPEAKER_01,3246.16,3246.859961,0.7,success,本人選手帰ってきました。,success,本選手帰ってきた。,False,12,9,-3
,029_kbc_13615767_20260714175500_seg_00551,029_kbc_13615767_20260714175500,SPEAKER_01,3252.88,3253.84,0.96,success,この1から5は。,success,この1から5は。,True,8,8,0
,029_kbc_13615767_20260714175500_seg_00552,029_kbc_13615767_20260714175500,SPEAKER_02,3255.76,3258.859961,3.1,success,2者連続ホームランのあとやっぱり。,success,2者連続ホームランのあとやっぱりあの。,False,17,19,2
,029_kbc_13615767_20260714175500_seg_00553,029_kbc_13615767_20260714175500,SPEAKER_02,3260.08,3261.259863,1.18,success,プリン3連発っていうのが。,success,プリン3連発っていうのはやっぱり。,False,13,17,4
,029_kbc_13615767_20260714175500_seg_00554,029_kbc_13615767_20260714175500,SPEAKER_01,3263.44,3264.13999,0.7,success,アスカケホーだ。,success,明日かけ放題。,False,8,7,-1
,029_kbc_13615767_20260714175500_seg_00555,029_kbc_13615767_20260714175500,SPEAKER_02,3266.32,3269.42002,3.1,success,2年目の大山選手のときに、ホームラン、ホームランって、ホームラン。,success,上の大山選手の時にホームランホームラン!ってホームラン。,False,33,28,-5
,029_kbc_13615767_20260714175500_seg_00556,029_kbc_13615767_20260714175500,SPEAKER_02,3271.68,3272.779883,1.1,success,すごいプレッシャーだったと思います。,success,すごいプレッシャーだったと思う。,False,18,16,-2
,029_kbc_13615767_20260714175500_seg_00557,029_kbc_13615767_20260714175500,SPEAKER_02,3277.84,3279.019873,1.18,success,ホームランじゃなかったんで。,success,ホームランじゃなかったんで。,True,14,14,0
,029_kbc_13615767_20260714175500_seg_00558,029_kbc_13615767_20260714175500,SPEAKER_02,3280.32,3281.68,1.36,success,あーって多分なって。,success,あ!って多分なって。,False,10,10,0
,029_kbc_13615767_20260714175500_seg_00559,029_kbc_13615767_20260714175500,SPEAKER_01,3285.28,3286.08,0.8,success,でも大やばいこれ。,success,大山がこれ。,False,9,6,-3
,029_kbc_13615767_20260714175500_seg_00560,029_kbc_13615767_20260714175500,SPEAKER_02,3286.16,3287.6,1.44,success,打ったらあれ以来の3者連続。,success,打ったらあれ以来の三者連続。,False,14,14,0
,029_kbc_13615767_20260714175500_seg_00561,029_kbc_13615767_20260714175500,SPEAKER_02,3287.92,3289.04,1.12,success,みたいな盛り上がるところで。,success,いわゆる盛り上がるところで。,False,14,14,0
,029_kbc_13615767_20260714175500_seg_00562,029_kbc_13615767_20260714175500,SPEAKER_01,3289.04,3290.48,1.44,success,岡田さんはおったけんね。,success,岡田さんはおったけんね。,True,12,12,0
,029_kbc_13615767_20260714175500_seg_00563,029_kbc_13615767_20260714175500,SPEAKER_01,3292.4,3293.04,0.64,success,そうね。,success,そうね。,True,4,4,0
,029_kbc_13615767_20260714175500_seg_00564,029_kbc_13615767_20260714175500,SPEAKER_02,3293.44,3307.339941,13.9,success,これはなかなかのプレッシャーだったと思いますよさあそして最後マツダスタジアムカープ×ベイスターズのゲーム3−0でカープがリードしておりますまだまだ2回のウラチャンスで攻撃中カープ。,success,なかなかのプレッシャーだったと思いますよそして最後マツダスタジアムカープ×ベイスターズのゲーム3−0でカープがリードしておりますまだまだ2回のウラチャンスで攻撃中カープ。,False,90,85,-5
,029_kbc_13615767_20260714175500_seg_00565,029_kbc_13615767_20260714175500,SPEAKER_02,3309.2,3312.619971,3.42,success,このあとも随時プロ野球の試合経過をお伝えしていきます。,success,このあとも随時、プロ野球の試合結果をお伝えしていきます。,False,27,28,1
,029_kbc_13615767_20260714175500_seg_00566,029_kbc_13615767_20260714175500,SPEAKER_02,3315.28,3327.499854,12.22,success,ここでリスナーの皆さんがオススメするプロ野球選手の登場曲あの登場曲考えましたということでリクエストをおかけしましょうラジオネーム鳥博士からいただきました宮城県からですね。,success,ではここでリスナーの皆さんがオススメするプロ野球選手の登場曲あの登場曲考えましたということでリクエストをおかけしましょうラジオネーム鳥博士から頂きました宮城県からですね。,False,85,85,0
,029_kbc_13615767_20260714175500_seg_00567,029_kbc_13615767_20260714175500,SPEAKER_02,3328.72,3335.36,6.64,success,こんばんは7月の頭に引退を発表された中村晃選手の登場曲を考えましたと。,success,こんばんは7月の頭に引退を発表された中村晃選手の登場曲を考えましたと。,True,35,35,0
,029_kbc_13615767_20260714175500_seg_00568,029_kbc_13615767_20260714175500,SPEAKER_01,3335.36,3336.32,0.96,success,エルシーランがね。,success,エドシーランがね。,False,9,9,0
,029_kbc_13615767_20260714175500_seg_00569,029_kbc_13615767_20260714175500,SPEAKER_02,3339.28,3345.76,6.48,success,それこそね2軍戦がpaypayドームで行われた時先週の木曜かな?,success,それこそね2軍戦がpaypayドームで行われた時先週の木曜かな?,True,32,32,0
,029_kbc_13615767_20260714175500_seg_00570,029_kbc_13615767_20260714175500,SPEAKER_02,3346.08,3347.179907,1.1,success,えっその前のもうちょっと前。,success,えっその前のもうちょっと前。,True,14,14,0
,029_kbc_13615767_20260714175500_seg_00571,029_kbc_13615767_20260714175500,SPEAKER_02,3356.56,3357.739844,1.18,success,paypayドームの横。,success,paypayドームの横!,False,12,12,0
,029_kbc_13615767_20260714175500_seg_00572,029_kbc_13615767_20260714175500,SPEAKER_02,3359.86001,3361.579932,1.72,success,点がちょうどありよったななんと。,success,点がちょうどありよったなあん時。,False,16,16,0
,029_kbc_13615767_20260714175500_seg_00573,029_kbc_13615767_20260714175500,SPEAKER_02,3366.64,3368.779883,2.14,success,ほんで流れて、俺もうわーって、1人で鳥肌立って。,success,ほんで流れて俺もううわって1人で鳥肌立って。,False,24,22,-2
,029_kbc_13615767_20260714175500_seg_00574,029_kbc_13615767_20260714175500,SPEAKER_02,3369.939844,3370.699805,0.76,success,興奮して。,success,興奮して来た。,False,5,7,2
,029_kbc_13615767_20260714175500_seg_00575,029_kbc_13615767_20260714175500,SPEAKER_02,3372.08,3374.539893,2.46,success,大体一人肌一人肌よ。,success,誰や一人肌大体鳥肌一人肌やん。,False,10,15,5
,029_kbc_13615767_20260714175500_seg_00576,029_kbc_13615767_20260714175500,SPEAKER_02,3375.76,3383.179907,7.42,success,だって興奮しとったやん勝手に晶なんて思いながらもうね中川?? ファンですから我々もうわーって思ってたらそのあとにハニーちゃんがしゃべりだして。,success,だって興奮しとったやん勝手に晶なんて思いながらもうね仲間?? ファンですから我々もうわって思ってたらそのあとにハニーちゃんがしゃべりだして。,False,71,70,-1
,029_kbc_13615767_20260714175500_seg_00577,029_kbc_13615767_20260714175500,SPEAKER_02,3385.36,3393.259863,7.9,success,ちょうどこんなタイミングある?と思ったら漫談やったっていうのでもう1個鳥肌立ってなんか。,success,ちょうどこんなタイミングある?と思ったら漫談やったっていうのでもう1個鳥肌立って何か。,False,44,43,-1
,029_kbc_13615767_20260714175500_seg_00578,029_kbc_13615767_20260714175500,SPEAKER_02,3395.76,3396.619971,0.86,success,おぉ兄ちゃん。,success,おぉ兄ちゃん。,True,7,7,0
,029_kbc_13615767_20260714175500_seg_00579,029_kbc_13615767_20260714175500,SPEAKER_02,3398.32,3400.72,2.4,success,耳之進やったかな?の回でしたよ。,success,耳之進やったかな?の回でしたよ。,True,16,16,0
,029_kbc_13615767_20260714175500_seg_00580,029_kbc_13615767_20260714175500,SPEAKER_02,3401.28,3403.52,2.24,success,興奮しました、あのとき、すごいタイミングで。,success,興奮しました、あのとき、すごいタイミングで。,True,22,22,0
,029_kbc_13615767_20260714175500_seg_00581,029_kbc_13615767_20260714175500,SPEAKER_01,3403.76,3405.52,1.76,success,リカちゃんも明菜の曲歌いやったよね。,success,ピカちゃんも明菜の曲歌いたよね。,False,18,16,-2
,029_kbc_13615767_20260714175500_seg_00582,029_kbc_13615767_20260714175500,SPEAKER_02,3406.96,3408.72,1.76,success,ファイターからっていうねちょっとね。,success,ファイターからっていうねちょっとね。,True,18,18,0
,029_kbc_13615767_20260714175500_seg_00583,029_kbc_13615767_20260714175500,SPEAKER_02,3412.24,3416.299902,4.06,success,2007年にホークスに入団して今シーズンで現役19年目。,success,2007年にホークスに入団して今シーズンで現役19年目幼いころ。,False,28,32,4
,029_kbc_13615767_20260714175500_seg_00584,029_kbc_13615767_20260714175500,SPEAKER_02,3417.52,3420.4,2.88,success,選手の中ではホークス選手歴が一番長い選手だと思います。,success,選手の中ではホークス選手歴が一番長い選手だと思います。,True,27,27,0
,029_kbc_13615767_20260714175500_seg_00585,029_kbc_13615767_20260714175500,SPEAKER_02,3421.04,3426.37998,5.34,success,ファンとしてはまだまだ現役で活躍する姿を見たかったですが引退会見での涙にすごい。,success,ファンとしてはまだまだ現役で活躍する姿を見たかったですが引退会見での涙にすごい感動しました。,False,40,46,6
,029_kbc_13615767_20260714175500_seg_00586,029_kbc_13615767_20260714175500,SPEAKER_02,3428.08,3448.939795,20.86,success,ちなみに中村晃選手のベストプレーを挙げるとすると2014年の阪神タイガースとの日本シリーズの第4戦タイガースの守護神オウスンファン投手からサヨナラホームランを打って両手を上げて喜んでいたシーンですできればあおちゃん母ちゃんの思う中村晃選手のベストプレーも聞いてみたいですとああ。,success,ちなみに中村晃選手のベストプレーを挙げるとすると2014年の阪神タイガースとの日本シリーズの第4戦タイガースの守護神オスンファン投手からサヨナラホームランを打って両手を上げて喜んでいたシーンですできればあおちゃん母ちゃんの思う中村晃選手のベストプレーも聞いてみたいですとああ。,False,139,138,-1
,029_kbc_13615767_20260714175500_seg_00587,029_kbc_13615767_20260714175500,SPEAKER_01,3452.08,3453.68,1.6,success,田中正義選手か投手。,success,田中正義選手か投手か。,False,10,11,1
,029_kbc_13615767_20260714175500_seg_00588,029_kbc_13615767_20260714175500,SPEAKER_01,3454.16,3455.76,1.6,success,日本ハムでサヨナラホームラン。,success,日本ハムでサヨナラホームラン。,True,15,15,0
,029_kbc_13615767_20260714175500_seg_00589,029_kbc_13615767_20260714175500,SPEAKER_01,3457.44,3458.08,0.64,success,どう思わなかった?,success,こう思わなかった?,False,9,9,0
,029_kbc_13615767_20260714175500_seg_00590,029_kbc_13615767_20260714175500,SPEAKER_01,3458.96,3459.6,0.64,success,決してね。,success,決してね。,True,5,5,0
,029_kbc_13615767_20260714175500_seg_00591,029_kbc_13615767_20260714175500,SPEAKER_02,3461.68,3465.259863,3.58,success,中村晃選手、サヨナラホームランとかもね、われわれ見に行ったときに。,success,中村晃選手のサヨナラホームランとかも我々、見に行った時に。,False,33,29,-4
,029_kbc_13615767_20260714175500_seg_00592,029_kbc_13615767_20260714175500,SPEAKER_02,3466.48,3467.44,0.96,success,たらヒットとかね。,success,大ヒットとかね。,False,9,8,-1
,029_kbc_13615767_20260714175500_seg_00593,029_kbc_13615767_20260714175500,SPEAKER_01,3469.36,3470.059912,0.7,success,阪神でいうと。,success,阪神でいうと。,True,7,7,0
,029_kbc_13615767_20260714175500_seg_00594,029_kbc_13615767_20260714175500,SPEAKER_01,3472.24,3474.37998,2.14,success,3年前ぐらいのね、甲子園で、ああ、大変だ!,success,3年前ぐらいのね甲子園でああ大変だ!,False,21,18,-3
,029_kbc_13615767_20260714175500_seg_00595,029_kbc_13615767_20260714175500,SPEAKER_01,3477.12,3480.8,3.68,success,晶がね、1、2塁かなんかやったときに、逆転タイムリー打ったんです。,success,晶がね一二塁かなんかやった時に逆転タイムリー打ったんです。,False,33,29,-4
,029_kbc_13615767_20260714175500_seg_00596,029_kbc_13615767_20260714175500,SPEAKER_01,3487.6,3492.619971,5.02,success,ランナーがね、キャッチャーでね、甲斐選手やったんですけどね、1塁ランナーやったかな、藤本さんが代走を出してた。,success,一塁ランナーがねキャッチャーでね甲斐選手やったんですけどね一塁ランナーやったかな藤本さんが代走を出してた。,False,55,53,-2
,029_kbc_13615767_20260714175500_seg_00597,029_kbc_13615767_20260714175500,SPEAKER_01,3505.6,3506.8,1.2,success,勘弁してよ。,success,勘弁してよ。,True,6,6,0
,029_kbc_13615767_20260714175500_seg_00598,029_kbc_13615767_20260714175500,SPEAKER_01,3512.16,3513.04,0.88,success,歩のせい。,success,ああいうので。,False,5,7,2
,029_kbc_13615767_20260714175500_seg_00599,029_kbc_13615767_20260714175500,SPEAKER_01,3513.28,3514.4,1.12,success,ボケたのであんな。,success,ボケたのであんなもん。,False,9,11,2
,029_kbc_13615767_20260714175500_seg_00600,029_kbc_13615767_20260714175500,SPEAKER_02,3517.84,3518.56,0.72,success,みんなではハーッ。,success,みんなでワハハ。,False,9,8,-1
,029_kbc_13615767_20260714175500_seg_00601,029_kbc_13615767_20260714175500,SPEAKER_01,3520.24,3520.88,0.64,success,だったから。,success,だっだから。,False,6,6,0
,029_kbc_13615767_20260714175500_seg_00602,029_kbc_13615767_20260714175500,SPEAKER_01,3527.68,3529.579932,1.9,success,ウォーターゲートとか鍋とかとね、福岡で。,success,揚げ皿とか鍋とかとね福岡でバンバン。,False,20,18,-2
,029_kbc_13615767_20260714175500_seg_00603,029_kbc_13615767_20260714175500,SPEAKER_01,3537.04,3537.68,0.64,success,こうしとったよ。,success,こうとしよったやん。,False,8,10,2
,029_kbc_13615767_20260714175500_seg_00604,029_kbc_13615767_20260714175500,SPEAKER_02,3538.8,3539.44,0.64,success,行ったときね。,success,行った時ね。,False,7,6,-1
,029_kbc_13615767_20260714175500_seg_00605,029_kbc_13615767_20260714175500,SPEAKER_01,3539.6,3540.4,0.8,success,甲子園見に行こうか。,success,甲子園見に行こうか!,False,10,10,0
,029_kbc_13615767_20260714175500_seg_00606,029_kbc_13615767_20260714175500,SPEAKER_01,3540.96,3544.16,3.2,success,だけどやめて結局バーベキューしよってあれで見よったよ。,success,だけどやめて結局バーベキューしよってあれで見よったんよ。,False,27,28,1
,029_kbc_13615767_20260714175500_seg_00607,029_kbc_13615767_20260714175500,SPEAKER_01,3544.96,3546.08,1.12,success,負けとホークス。,success,マケトホークス。,False,8,8,0
,029_kbc_13615767_20260714175500_seg_00608,029_kbc_13615767_20260714175500,SPEAKER_01,3546.64,3548.48,1.84,success,相手が大竹投手がピッチャー。,success,相手が大竹投手がピッチャー。,True,14,14,0
,029_kbc_13615767_20260714175500_seg_00609,029_kbc_13615767_20260714175500,SPEAKER_01,3551.92,3557.419897,5.5,success,ツーアウト1、2塁、阪神1点リードやったかな、中村晃、左中間に流した。,success,ツーアウト一二塁阪神1点リードやったかなで中村晃左中間に流した。,False,35,32,-3
,029_kbc_13615767_20260714175500_seg_00610,029_kbc_13615767_20260714175500,SPEAKER_01,3568.08,3568.64,0.56,success,ティラノ。,success,沖縄の。,False,5,4,-1
,029_kbc_13615767_20260714175500_seg_00611,029_kbc_13615767_20260714175500,SPEAKER_01,3569.36,3572.32,2.96,success,甲子園大歓声のあと1球をものともしない。,success,甲子園大歓声のあと1球をものともしない。,True,20,20,0
,029_kbc_13615767_20260714175500_seg_00612,029_kbc_13615767_20260714175500,SPEAKER_02,3572.32,3574.699805,2.38,success,そのやっぱ職人っていうのは。,success,そのやっぱ職人っていうのはね。,False,14,15,1
,029_kbc_13615767_20260714175500_seg_00613,029_kbc_13615767_20260714175500,SPEAKER_02,3575.92,3576.8,0.88,success,やっぱ強いやっぱ。,success,やっぱ強いよやっぱ。,False,9,10,1
,029_kbc_13615767_20260714175500_seg_00614,029_kbc_13615767_20260714175500,SPEAKER_01,3578.0,3587.36,9.36,success,csでさ、バント失敗したりして、全然打てんかって、楽天戦かな、1戦目、2戦目とか全然打てんで、バントの小フライとか上げておいて。,success,csでさバント失敗したりして全然打てんかって楽天戦かな1戦目2戦目とか全然打てんんでバントの小フライとか上げといて。,False,64,58,-6
,029_kbc_13615767_20260714175500_seg_00615,029_kbc_13615767_20260714175500,SPEAKER_01,3588.88,3590.56,1.68,success,4戦目ぐらいにバーンってライトに。,success,4戦目ぐらいにボーンってライトに当たって。,False,17,21,4
,029_kbc_13615767_20260714175500_seg_00616,029_kbc_13615767_20260714175500,SPEAKER_02,3590.96,3591.84,0.88,success,すごい。,empty_text,,False,4,0,-4
,029_kbc_13615767_20260714175500_seg_00617,029_kbc_13615767_20260714175500,SPEAKER_01,3594.64,3596.08,1.44,success,なんかこの悔しさがある。,success,何かこの悔しさがある。,False,12,11,-1
,029_kbc_13615767_20260714175500_seg_00618,029_kbc_13615767_20260714175500,SPEAKER_01,3596.48,3598.699805,2.22,success,1塁もすごいいいホームランやったら、回り打って。,success,一塁もすごいいいホームランやったのに周りの時。,False,24,23,-1
,029_kbc_13615767_20260714175500_seg_00619,029_kbc_13615767_20260714175500,SPEAKER_01,3600.88,3602.539893,1.66,success,タッチするときも、ちょっともう。,success,ひょっときタッチするときもちょっともう。,False,16,20,4
,029_kbc_13615767_20260714175500_seg_00620,029_kbc_13615767_20260714175500,SPEAKER_01,3604.24,3605.9,1.66,success,守備について。,success,守備について。,True,7,7,0
,029_kbc_13615767_20260714175500_seg_00621,029_kbc_13615767_20260714175500,SPEAKER_02,3609.04,3609.6,0.56,success,勝ったよね。,success,だったよね?,False,6,6,0
,029_kbc_13615767_20260714175500_seg_00622,029_kbc_13615767_20260714175500,SPEAKER_02,3612.4,3613.36,0.96,success,こうやっぱ語らないね。,success,こうやっぱ飾らないですね。,False,11,13,2
,029_kbc_13615767_20260714175500_seg_00623,029_kbc_13615767_20260714175500,SPEAKER_01,3614.8,3616.08,1.28,success,語る感じがいいよね。,success,って語る感じがいいよね。,False,10,12,2
,029_kbc_13615767_20260714175500_seg_00624,029_kbc_13615767_20260714175500,SPEAKER_02,3621.04,3622.699805,1.66,success,2回目でもう多いなと。,success,2回目でもう多いなと。,True,11,11,0
,029_kbc_13615767_20260714175500_seg_00625,029_kbc_13615767_20260714175500,SPEAKER_02,3628.16,3629.9,1.74,success,ハハハ分かっとったんや。,success,ハハハ分かっとったんや!,False,12,12,0
,029_kbc_13615767_20260714175500_seg_00626,029_kbc_13615767_20260714175500,SPEAKER_02,3633.28,3634.48,1.2,success,お母さん怒っとるんだと思う。,success,お母さん怒っとるんだと思った。,False,14,15,1
,029_kbc_13615767_20260714175500_seg_00627,029_kbc_13615767_20260714175500,SPEAKER_01,3636.88,3638.16,1.28,success,すごっすごっ。,success,すごっすごい。,False,7,7,0
,029_kbc_13615767_20260714175500_seg_00628,029_kbc_13615767_20260714175500,SPEAKER_01,3639.44,3640.48,1.04,success,もう雨降ってくるぞ。,success,おい、もう雨降ってくるぞ。,False,10,13,3
,029_kbc_13615767_20260714175500_seg_00629,029_kbc_13615767_20260714175500,SPEAKER_01,3641.6,3642.24,0.64,success,これこれこれ。,success,これこれこれ。,True,7,7,0
,029_kbc_13615767_20260714175500_seg_00630,029_kbc_13615767_20260714175500,SPEAKER_01,3642.88,3643.819922,0.94,success,ゴロゴロって鳴りやすいよ。,success,ゴロゴロゴロって鳴るよ。,False,13,12,-1
,029_kbc_13615767_20260714175500_seg_00631,029_kbc_13615767_20260714175500,SPEAKER_02,3645.36,3647.04,1.68,success,止まらんてやばっ!,success,止まらんてやばっ!,True,9,9,0
,029_kbc_13615767_20260714175500_seg_00632,029_kbc_13615767_20260714175500,SPEAKER_01,3647.12,3647.66001,0.54,success,ごめんなさい。,success,ごめんなさい。,True,7,7,0
,029_kbc_13615767_20260714175500_seg_00633,029_kbc_13615767_20260714175500,SPEAKER_02,3649.84,3651.019873,1.18,success,搭乗機を考えてくれました。,success,搭乗機を考えてくれます?,False,13,12,-1
,029_kbc_13615767_20260714175500_seg_00634,029_kbc_13615767_20260714175500,SPEAKER_02,3652.24,3652.939795,0.7,success,というより。,success,というよりも。,False,6,7,1
,029_kbc_13615767_20260714175500_seg_00635,029_kbc_13615767_20260714175500,SPEAKER_02,3654.72,3655.28,0.56,success,知ってたと。,success,でいたとおり。,False,6,7,1
,029_kbc_13615767_20260714175500_seg_00636,029_kbc_13615767_20260714175500,SPEAKER_03,3655.36,3657.92,2.56,success,登場曲で復刻してほしいものが。,success,登場曲で復刻してほしいものが。,True,15,15,0
,029_kbc_13615767_20260714175500_seg_00637,029_kbc_13615767_20260714175500,SPEAKER_02,3658.32,3659.68,1.36,success,リクエストお願いします。,success,リクエストお願いします。,True,12,12,0
,029_kbc_13615767_20260714175500_seg_00638,029_kbc_13615767_20260714175500,SPEAKER_02,3660.0,3662.059912,2.06,success,そういうことねお送りします。,success,そういうことねお送りします。,True,14,14,0
,029_kbc_13615767_20260714175500_seg_00639,029_kbc_13615767_20260714175500,SPEAKER_00,3991.12,3996.16,5.04,success,うん。,success,うん。,True,3,3,0
,029_kbc_13615767_20260714175500_seg_00640,029_kbc_13615767_20260714175500,SPEAKER_00,4020.33999,4021.099951,0.76,success,点火の翌日。,success,点火の翌日。,True,6,6,0
,029_kbc_13615767_20260714175500_seg_00641,029_kbc_13615767_20260714175500,SPEAKER_02,4058.96,4059.979834,1.02,success,打ちました、打ち上げた3番。,success,打ちました打ち上げたサーブ。,False,14,14,0
,029_kbc_13615767_20260714175500_seg_00642,029_kbc_13615767_20260714175500,SPEAKER_02,4068.0,4069.12,1.12,success,手にしがジョンマ!,success,デビシダジョンワン!,False,9,10,1
,029_kbc_13615767_20260714175500_seg_00643,029_kbc_13615767_20260714175500,SPEAKER_02,4070.72,4071.52,0.8,success,マイナンバー!,success,まだ!,False,7,3,-4
,029_kbc_13615767_20260714175500_seg_00644,029_kbc_13615767_20260714175500,SPEAKER_03,4072.4,4073.36,0.96,success,チャラ応援団!,success,こちらの応援団!,False,7,8,1
,029_kbc_13615767_20260714175500_seg_00645,029_kbc_13615767_20260714175500,SPEAKER_02,4077.04,4081.579932,4.54,success,北斎漫談火曜日ブルリバーが4時間の生放送でお送りしております。,success,僕サイネザマン漫談火曜日ブルーリバーが4時間の生放送でお送りしております。,False,31,37,6
,029_kbc_13615767_20260714175500_seg_00646,029_kbc_13615767_20260714175500,SPEAKER_02,4082.8,4083.499854,0.7,success,やりました。,success,やりました。,True,6,6,0
,029_kbc_13615767_20260714175500_seg_00647,029_kbc_13615767_20260714175500,SPEAKER_02,4087.12,4094.059912,6.94,success,単純なネタコーナーなんちゃら応援団ですたくさん届いておりますありがとうございますご紹介していきましょう。,success,単純なネタコーナーなんちゃら応援団ですたくさん届いておりますありがとうございますご紹介していきましょう。,True,52,52,0
,029_kbc_13615767_20260714175500_seg_00648,029_kbc_13615767_20260714175500,SPEAKER_02,4095.28,4097.419775,2.14,success,まずはラジオネーム。,success,まずはラジオネーム。,True,10,10,0
,029_kbc_13615767_20260714175500_seg_00649,029_kbc_13615767_20260714175500,SPEAKER_02,4098.64,4100.299658,1.66,success,月山さんから頂きました。,success,築山さんから頂きました。,False,12,12,0
,029_kbc_13615767_20260714175500_seg_00650,029_kbc_13615767_20260714175500,SPEAKER_02,4110.64,4111.339697,0.7,success,パー。,success,パーン!,False,3,4,1
,029_kbc_13615767_20260714175500_seg_00651,029_kbc_13615767_20260714175500,SPEAKER_02,4114.0,4116.13999,2.14,success,音で目覚めた奥野かな。,success,音で目覚めた扇野かな。,False,11,11,0
,029_kbc_13615767_20260714175500_seg_00652,029_kbc_13615767_20260714175500,SPEAKER_02,4118.32,4120.939795,2.62,success,リバースデー海の。,success,ピバースデー海の。,False,9,9,0
,029_kbc_13615767_20260714175500_seg_00653,029_kbc_13615767_20260714175500,SPEAKER_02,4126.0,4127.180029,1.18,success,7月15日。,success,7月15日。,True,6,6,0
,029_kbc_13615767_20260714175500_seg_00654,029_kbc_13615767_20260714175500,SPEAKER_02,4128.88,4130.059912,1.18,success,4年前の今日。,success,4年前の今日。,True,7,7,0
,029_kbc_13615767_20260714175500_seg_00655,029_kbc_13615767_20260714175500,SPEAKER_02,4134.16,4142.0,7.84,success,逆転負けをしてベンチで悔し泣きと10月にはマジック1で迎えた試合の延長戦で当時、西武ライオンズの山川選手が勝利。,success,試合で逆転負けをしてベンチで悔し泣きと10月にはマジック1で迎えた試合の延長戦で当時、西武ライオンズの山川選手が勝利。,False,56,59,3
,029_kbc_13615767_20260714175500_seg_00656,029_kbc_13615767_20260714175500,SPEAKER_02,4146.88,4147.68,0.8,success,覚えとんだ!,success,覚えとんだ!,True,6,6,0
,029_kbc_13615767_20260714175500_seg_00657,029_kbc_13615767_20260714175500,SPEAKER_02,4148.0,4150.220068,2.22,success,あとkbcに行くな、なんだとか言う。,success,あとkbcに行くのはなんだとか言うじゃないですか。,False,18,25,7
,029_kbc_13615767_20260714175500_seg_00658,029_kbc_13615767_20260714175500,SPEAKER_02,4163.36,4164.13999,0.78,success,寝る前やろ?,success,これうまいやろ?,False,6,8,2
,029_kbc_13615767_20260714175500_seg_00659,029_kbc_13615767_20260714175500,SPEAKER_02,4169.68,4170.379736,0.7,success,錦鯉。,success,時給100%。,False,3,7,4
,029_kbc_13615767_20260714175500_seg_00660,029_kbc_13615767_20260714175500,SPEAKER_02,4194.64,4196.779883,2.14,success,かつて守備に精彩を欠き、当時、2軍を退場。,success,かつて守備に精彩を欠き当時2軍を退団。,False,21,19,-2
,029_kbc_13615767_20260714175500_seg_00661,029_kbc_13615767_20260714175500,SPEAKER_02,4208.08,4212.13999,4.06,success,そこで腐らずに負けず嫌い精神ではい上がり今やレギュラーといってもいいほどの身長。,success,そこで腐らずに負けず嫌い精神ではい上がり今やレギュラーといってもいいほどの身長。,True,40,40,0
,029_kbc_13615767_20260714175500_seg_00662,029_kbc_13615767_20260714175500,SPEAKER_02,4213.36,4214.059912,0.7,success,並んでる。,success,76。,False,5,3,-2
,029_kbc_13615767_20260714175500_seg_00663,029_kbc_13615767_20260714175500,SPEAKER_02,4223.92,4225.099951,1.18,success,リーグ優勝日本一に導いた。,success,リーグ優勝日本一に導いた。,True,13,13,0
,029_kbc_13615767_20260714175500_seg_00664,029_kbc_13615767_20260714175500,SPEAKER_01,4229.68,4230.379736,0.7,success,書いて書いて。,success,嗅いでる嗅いで。,False,7,8,1
,029_kbc_13615767_20260714175500_seg_00665,029_kbc_13615767_20260714175500,SPEAKER_01,4232.56,4233.36,0.8,success,歌ったりさ。,success,って歌ったりさ。,False,6,8,2
,029_kbc_13615767_20260714175500_seg_00666,029_kbc_13615767_20260714175500,SPEAKER_01,4233.68,4236.72,3.04,success,多分キャッチャーでバリバリ出だしてからやっぱさ多分もうそれで。,success,多分キャッチャーでバリバリ出だしてからやっぱさ多分もうそれで。,True,31,31,0
,029_kbc_13615767_20260714175500_seg_00667,029_kbc_13615767_20260714175500,SPEAKER_01,4239.6,4240.32,0.72,success,いましたしね。,success,いましたしね。,True,7,7,0
,029_kbc_13615767_20260714175500_seg_00668,029_kbc_13615767_20260714175500,SPEAKER_01,4269.04,4269.6,0.56,success,この。,success,この。,True,3,3,0
,029_kbc_13615767_20260714175500_seg_00669,029_kbc_13615767_20260714175500,SPEAKER_01,4269.92,4275.76,5.84,success,応援のやつがさ、甲子園って結構、すぐ敏感で、なんかギャグやったり。,success,応援のやつがさ甲子園って結構すぐ敏感でなんかギャグやったり。,False,33,30,-3
,029_kbc_13615767_20260714175500_seg_00670,029_kbc_13615767_20260714175500,SPEAKER_01,4276.24,4278.859717,2.62,success,春日高校とか春日さんのかっす!,success,やっぱり春日高校とかある春日さんの。,False,15,18,3
,029_kbc_13615767_20260714175500_seg_00671,029_kbc_13615767_20260714175500,SPEAKER_01,4281.36,4282.72,1.36,success,スタンドにあったりしようよ。,success,スタンドにあったでしょうよ。,False,14,14,0
,029_kbc_13615767_20260714175500_seg_00672,029_kbc_13615767_20260714175500,SPEAKER_01,4284.24,4285.579932,1.34,success,なんかね、甲子園の道とか見る。,success,なんかね甲子園のミッションが見るの。,False,15,18,3
,029_kbc_13615767_20260714175500_seg_00673,029_kbc_13615767_20260714175500,SPEAKER_02,4288.64,4289.36,0.72,success,ドンドン。,success,ドンドン。,True,5,5,0
,029_kbc_13615767_20260714175500_seg_00674,029_kbc_13615767_20260714175500,SPEAKER_02,4292.56,4293.92,1.36,success,バイキングローどんどんうん。,success,バイキングロードウォー!,False,14,12,-2
,029_kbc_13615767_20260714175500_seg_00675,029_kbc_13615767_20260714175500,SPEAKER_02,4299.28,4300.459814,1.18,success,感じるもんでもまたね。,success,感じるもんでもあったね。,False,11,12,1
,029_kbc_13615767_20260714175500_seg_00676,029_kbc_13615767_20260714175500,SPEAKER_01,4301.68,4302.379736,0.7,success,やってさもう。,success,やってそこも。,False,7,7,0
,029_kbc_13615767_20260714175500_seg_00677,029_kbc_13615767_20260714175500,SPEAKER_01,4304.56,4305.740088,1.18,success,もしかしたらこの警備シラジオ。,success,もしかしたらこの警備指令。,False,15,13,-2
,029_kbc_13615767_20260714175500_seg_00678,029_kbc_13615767_20260714175500,SPEAKER_02,4308.4,4309.44,1.04,success,テテテテテテテテテテテテテテテ。,success,テテテテテテ。,False,16,7,-9
,029_kbc_13615767_20260714175500_seg_00679,029_kbc_13615767_20260714175500,SPEAKER_02,4310.24,4311.019873,0.78,success,アイダ。,success,アイナム。,False,4,5,1
,029_kbc_13615767_20260714175500_seg_00680,029_kbc_13615767_20260714175500,SPEAKER_02,4313.2,4314.0,0.8,success,終わんないちゃんと。,success,だからあんなちゃんとした。,False,10,13,3
,029_kbc_13615767_20260714175500_seg_00681,029_kbc_13615767_20260714175500,SPEAKER_02,4314.48,4316.0,1.52,success,デビティディ!,success,デビディティディ。,False,7,9,2
,029_kbc_13615767_20260714175500_seg_00682,029_kbc_13615767_20260714175500,SPEAKER_01,4316.56,4317.12,0.56,success,1年生。,success,第1打席。,False,4,5,1
,029_kbc_13615767_20260714175500_seg_00683,029_kbc_13615767_20260714175500,SPEAKER_02,4317.84,4322.539893,4.7,success,最後だけ合わせてそのバッターの3年の先輩。,success,バッターの3年の先輩。,False,21,11,-10
,029_kbc_13615767_20260714175500_seg_00684,029_kbc_13615767_20260714175500,SPEAKER_01,4323.76,4324.48,0.72,success,そうそうあれ。,success,そうそうあれ。,True,7,7,0
,029_kbc_13615767_20260714175500_seg_00685,029_kbc_13615767_20260714175500,SPEAKER_01,4324.8,4326.4,1.6,success,ひょうきんな1年生が。,success,ひょうきんな1年生が。,True,11,11,0
,029_kbc_13615767_20260714175500_seg_00686,029_kbc_13615767_20260714175500,SPEAKER_01,4330.0,4332.4,2.4,success,頭に打つぞみたいな。,success,頭に撃つぞみたいな。,False,10,10,0
,029_kbc_13615767_20260714175500_seg_00687,029_kbc_13615767_20260714175500,SPEAKER_01,4333.36,4335.28,1.92,success,あれ、あれ、何や、あの、俺とか言って。,success,あれあれ何やあのおい!とか言って。,False,19,17,-2
,029_kbc_13615767_20260714175500_seg_00688,029_kbc_13615767_20260714175500,SPEAKER_02,4335.28,4337.92,2.64,success,日本酒博てんだったけど。,success,日本酒博てん座だけどっつって。,False,12,15,3
,029_kbc_13615767_20260714175500_seg_00689,029_kbc_13615767_20260714175500,SPEAKER_02,4340.48,4341.260107,0.78,success,ちょっと笑い。,success,ちょっと笑い。,True,7,7,0
,029_kbc_13615767_20260714175500_seg_00690,029_kbc_13615767_20260714175500,SPEAKER_02,4344.88,4345.579932,0.7,success,いけ!,success,いってきます!,False,3,7,4
,029_kbc_13615767_20260714175500_seg_00691,029_kbc_13615767_20260714175500,SPEAKER_02,4347.28,4347.979834,0.7,success,中和されると思う。,success,中和されると思います。,False,9,11,2
,029_kbc_13615767_20260714175500_seg_00692,029_kbc_13615767_20260714175500,SPEAKER_02,4349.2,4350.64,1.44,success,自分のことばっか考えて練習せんくなって。,success,のことばっか考えて練習せんくな。,False,20,16,-4
,029_kbc_13615767_20260714175500_seg_00693,029_kbc_13615767_20260714175500,SPEAKER_01,4350.72,4351.339697,0.62,success,いやね。,success,いやね。,True,4,4,0
,029_kbc_13615767_20260714175500_seg_00694,029_kbc_13615767_20260714175500,SPEAKER_01,4355.92,4356.64,0.72,success,やすのね。,success,やつだね。,False,5,5,0
,029_kbc_13615767_20260714175500_seg_00695,029_kbc_13615767_20260714175500,SPEAKER_01,4356.96,4357.76,0.8,success,議論も甲子園でも。,success,ヒロも甲子園でも。,False,9,9,0
,029_kbc_13615767_20260714175500_seg_00696,029_kbc_13615767_20260714175500,SPEAKER_01,4381.36,4383.499854,2.14,success,ファイヤー。,success,もういいや。,False,6,6,0
,029_kbc_13615767_20260714175500_seg_00697,029_kbc_13615767_20260714175500,SPEAKER_01,4386.64,4387.339697,0.7,success,ではセリフやもん!,success,うわっセリフやもん。,False,9,10,1
,029_kbc_13615767_20260714175500_seg_00698,029_kbc_13615767_20260714175500,SPEAKER_01,4396.72,4400.299658,3.58,success,公園とか、だけど、そこになんか書いて。,success,だけどそこに何か書いて。,False,19,12,-7
,029_kbc_13615767_20260714175500_seg_00699,029_kbc_13615767_20260714175500,SPEAKER_02,4405.36,4407.019873,1.66,success,デレデレデレああ。,success,デデレデレッデレあぁ!,False,9,11,2
,029_kbc_13615767_20260714175500_seg_00700,029_kbc_13615767_20260714175500,SPEAKER_01,4410.4,4411.12,0.72,success,本当に何か。,success,本当に何か。,True,6,6,0
,029_kbc_13615767_20260714175500_seg_00701,029_kbc_13615767_20260714175500,SPEAKER_02,4413.84,4416.13999,2.3,success,最後まで聞いてくれよ。,success,最後まで聞いてくれやってくださいよ。,False,11,18,7
,029_kbc_13615767_20260714175500_seg_00702,029_kbc_13615767_20260714175500,SPEAKER_02,4420.72,4421.92,1.2,success,あれじゃないですか。,success,あれじゃないですか。,True,10,10,0
,029_kbc_13615767_20260714175500_seg_00703,029_kbc_13615767_20260714175500,SPEAKER_02,4424.56,4427.180029,2.62,success,よく言ったみたいなところで撃たれたりしてさそのあとにさ。,success,って言ったみたいなところで撃たれたりしてさそのあとにさ。,False,28,28,0
,029_kbc_13615767_20260714175500_seg_00704,029_kbc_13615767_20260714175500,SPEAKER_02,4431.36,4432.459814,1.1,success,ラジオネーム。,success,ラジオネーム。,True,7,7,0
,029_kbc_13615767_20260714175500_seg_00705,029_kbc_13615767_20260714175500,SPEAKER_02,4433.68,4434.859717,1.18,success,ホークスさんからいただきます。,success,ホークスさんから頂きました。,False,15,14,-1
,029_kbc_13615767_20260714175500_seg_00706,029_kbc_13615767_20260714175500,SPEAKER_02,4445.2,4445.899756,0.7,success,あの雑誌。,success,アノザ。,False,5,4,-1
,029_kbc_13615767_20260714175500_seg_00707,029_kbc_13615767_20260714175500,SPEAKER_02,4447.12,4449.260107,2.14,success,天下度の影響で帰れ。,success,演歌ドの影響で帰る。,False,10,10,0
,029_kbc_13615767_20260714175500_seg_00708,029_kbc_13615767_20260714175500,SPEAKER_02,4450.48,4451.180029,0.7,success,おいみ。,success,おいみ。,True,4,4,0
,029_kbc_13615767_20260714175500_seg_00709,029_kbc_13615767_20260714175500,SPEAKER_02,4452.88,4455.04,2.16,success,目的濃厚に反対。,success,目的濃厚に反対。,True,8,8,0
,029_kbc_13615767_20260714175500_seg_00710,029_kbc_13615767_20260714175500,SPEAKER_02,4461.92,4463.66001,1.74,success,タワーこれジャンプ勝手に。,success,タワーこれジャンプ勝手に。,True,13,13,0
,029_kbc_13615767_20260714175500_seg_00711,029_kbc_13615767_20260714175500,SPEAKER_02,4465.84,4467.019873,1.18,success,飛んだ人が藤井ペア。,success,そんな人が藤井ペア。,False,10,10,0
,029_kbc_13615767_20260714175500_seg_00712,029_kbc_13615767_20260714175500,SPEAKER_02,4468.24,4470.379736,2.14,success,ピースのなんか特典カードみたいな。,success,ピースのなんか得点カードみたいな。,False,17,17,0
,029_kbc_13615767_20260714175500_seg_00713,029_kbc_13615767_20260714175500,SPEAKER_02,4472.0,4475.44,3.44,success,言ったらそれだって全部全員もらえるんですもんいっぱい。,success,言うたらそれだって全部もう全員もらえるんですもんねいっぱい。,False,27,30,3
,029_kbc_13615767_20260714175500_seg_00714,029_kbc_13615767_20260714175500,SPEAKER_02,4480.24,4480.939795,0.7,success,持っとけば?,success,持っとけば?,True,6,6,0
,029_kbc_13615767_20260714175500_seg_00715,029_kbc_13615767_20260714175500,SPEAKER_02,4483.12,4484.299658,1.18,success,やがつくだもなんだの。,success,いやつくだのなんだのね。,False,11,12,1
,029_kbc_13615767_20260714175500_seg_00716,029_kbc_13615767_20260714175500,SPEAKER_01,4486.0,4488.13999,2.14,success,本当に普通にジャンプ読み続ける人が、全然。,success,本当に普通にジャンプ読み続ける人とかは全然。,False,21,22,1
,029_kbc_13615767_20260714175500_seg_00717,029_kbc_13615767_20260714175500,SPEAKER_02,4497.52,4503.979834,6.46,success,長期取る、だから、どこでもお一人に1冊とかしてくれんと、一気にがばっとたぶん何十冊って買っていけよる。,success,だからどこでもお一人に1冊とかしてくれんと一気にガバッと多分何十冊って買っていくよ。,False,51,42,-9
,029_kbc_13615767_20260714175500_seg_00718,029_kbc_13615767_20260714175500,SPEAKER_02,4522.96,4523.66001,0.7,success,さあ転売。,success,さあ転売。,True,5,5,0
,029_kbc_13615767_20260714175500_seg_00719,029_kbc_13615767_20260714175500,SPEAKER_02,4539.28,4541.2,1.92,success,ねえ、転売目的ので。,success,ねえ転売目的ので。,False,10,9,-1
,029_kbc_13615767_20260714175500_seg_00720,029_kbc_13615767_20260714175500,SPEAKER_03,4541.36,4544.8,3.44,success,俺の笑点座布団はプレミアついても売りませんよ。,success,俺の笑点座布団はプレミアついても売りませんよ。,True,23,23,0
,029_kbc_13615767_20260714175500_seg_00721,029_kbc_13615767_20260714175500,SPEAKER_03,4549.84,4551.979834,2.14,success,お鍋たちが来るときまで、座布団といてくれ。,success,鍋たちが来る時までに座布団解いてください。,False,21,21,0
,029_kbc_13615767_20260714175500_seg_00722,029_kbc_13615767_20260714175500,SPEAKER_03,4555.92,4556.779883,0.86,success,もうだめです、ほかにも。,success,もうなべ福岡に見えます。,False,12,12,0
,029_kbc_13615767_20260714175500_seg_00723,029_kbc_13615767_20260714175500,SPEAKER_02,4559.44,4561.099951,1.66,success,もらえるならうまいこと言うとも思えません。,success,もらえるようなうまいこと言うとも思えません。,False,21,22,1
,029_kbc_13615767_20260714175500_seg_00724,029_kbc_13615767_20260714175500,SPEAKER_02,4564.24,4564.939795,0.7,success,言うかどうか。,success,言うかどうか。,True,7,7,0
,029_kbc_13615767_20260714175500_seg_00725,029_kbc_13615767_20260714175500,SPEAKER_02,4566.16,4567.819678,1.66,success,昼のねロケ先。,success,昼のねロケ先。,True,7,7,0
,029_kbc_13615767_20260714175500_seg_00726,029_kbc_13615767_20260714175500,SPEAKER_02,4571.44,4573.04,1.6,success,座布団買ったんでしょ?って言って。,success,座布団買ったんでしょ?っつってさ。,False,17,17,0
,029_kbc_13615767_20260714175500_seg_00727,029_kbc_13615767_20260714175500,SPEAKER_02,4582.48,4583.66001,1.18,success,4万の座布団買った?,success,4万の座布団買った?,True,10,10,0
,029_kbc_13615767_20260714175500_seg_00728,029_kbc_13615767_20260714175500,SPEAKER_02,4588.56,4589.419775,0.86,success,今聴いてる。,success,今聞いてる。,False,6,6,0
,029_kbc_13615767_20260714175500_seg_00729,029_kbc_13615767_20260714175500,SPEAKER_02,4593.52,4611.979834,18.46,success,こんな感じで、誰かとか何か物でもいいです、応援するものは皆さんお任せします、とにかく10秒ぐらいの応援コメントと、最後に誰を応援しているのか、何を応援しているのかというネタバレのところだけ、かっとばせのところに入れていただいて、メッセージをお寄せください。,success,こんな感じで誰かとか何か物でもいいです応援するものは皆さんお任せしますとにかく10秒ぐらいの応援コメントと最後に誰を応援しているのか何を応援しているのかというネタバレのところだけかっとばせのところに入れていただいてメッセージをお寄せください。,False,128,121,-7
,029_kbc_13615767_20260714175500_seg_00730,029_kbc_13615767_20260714175500,SPEAKER_02,4620.4,4621.099951,0.7,success,フットワーク。,success,トマクキュン。,False,7,7,0
,029_kbc_13615767_20260714175500_seg_00731,029_kbc_13615767_20260714175500,SPEAKER_02,4624.24,4626.859717,2.62,success,なんちゃら応援団、8時台の後半にもお送りします。,success,なんちゃら応援団8時台の後半にもお送りします。,False,24,23,-1
,029_kbc_13615767_20260714175500_seg_00732,029_kbc_13615767_20260714175500,SPEAKER_02,4630.48,4642.0,11.52,success,それではあの登場曲考えましたということでリスナーさんのリクエスト曲おかけしましょうラジオネーム北海道からだいすけさんからいただきましたあおちゃん母ちゃんおばんでございますと。,success,それではあの登場曲考えましたということでリスナーさんのリクエスト曲おかけしましょうラジオネーム北海道からだいすけさんからいただきましたあおちゃん母ちゃんおばんでございますと。,True,87,87,0
,029_kbc_13615767_20260714175500_seg_00733,029_kbc_13615767_20260714175500,SPEAKER_01,4642.08,4642.8,0.72,success,ワンでございます。,success,おわんでございます。,False,9,10,1
,029_kbc_13615767_20260714175500_seg_00734,029_kbc_13615767_20260714175500,SPEAKER_02,4642.8,4648.96,6.16,success,お二人のフル漫談楽しみにしておりましたありがとうございます登場曲を考えました。,success,お二人のフル漫談楽しみにしておりましたありがとうございます緒方陸選手の登場曲を考えました。,False,39,45,6
,029_kbc_13615767_20260714175500_seg_00735,029_kbc_13615767_20260714175500,SPEAKER_02,4650.72,4678.220068,27.5,success,昨年の活躍から今年はけがで出遅れてしまいましたがようやく1軍に呼ばれ1軍のグラウンドに立つ姿を見れる時が来ました打って颯爽と走って外野での軽快な守備が見れることを楽しみにしています力強い歌詞がエネルギッシュな楽曲が緒方選手にマッチするんじゃないかと思い登場曲としてリクエストさせていただきますとお送りしましょう櫻坂46夏の近道。,success,昨年の活躍から今年はけがで出遅れてしまいましたがようやく1軍に呼ばれ1軍のグラウンドに立つ姿を見れる時が来ました打って颯爽と走って外野での軽快な守備が見れることを楽しみにしています力強い歌詞がエネルギッシュな楽曲が緒方選手にマッチするんじゃないかと思い登場曲としてリクエストさせていただきますとお送りしましょう櫻坂46夏の近道。,True,164,164,0
,029_kbc_13615767_20260714175500_seg_00736,029_kbc_13615767_20260714175500,SPEAKER_01,5004.8,5016.13999,11.34,success,このチョークふっくらソフトな質感で黒板に描きやすい止まらないまさにふっくらソフト黒板チョークスいや福岡ソフトバンク!,success,このチョークふっくらソフトな質感で黒板に描きやすい止まらないまさにふっくらソフト黒板チョークスいや福岡ソフトバンク!,True,58,58,0
,029_kbc_13615767_20260714175500_seg_00737,029_kbc_13615767_20260714175500,SPEAKER_01,5051.04,5053.28,2.24,success,イントロ出てこいよ!,success,イントロ出てこいや!,False,10,10,0
,029_kbc_13615767_20260714175500_seg_00738,029_kbc_13615767_20260714175500,SPEAKER_02,5060.56,5078.4,17.84,success,イントロ出てこいや!のお時間でございますプロ野球のオフシーズンに俺たちアウトローというイントロと逆ですねアウトロを聴いていただいて何の曲なのか当ててもらうというコーナーをやっておりましたが野球といえば登場曲じゃなかろうかと。,success,イントロ出てこいやー!のお時間でございますプロ野球のオフシーズンに俺たちアウトローというイントロと逆ですねアウトロを聴いていただいて何の曲なのか当ててもらうというコーナーをやっておりましたが野球といえば登場曲じゃなかろうかと。,False,112,113,1
,029_kbc_13615767_20260714175500_seg_00739,029_kbc_13615767_20260714175500,SPEAKER_02,5078.8,5096.299658,17.5,success,その登場曲のイントロを聴いていただいてどの選手の登場曲か当ててもらうクイズをやっておりますコーナーをやっております範囲を全球団にしようかなとスタッフさんも考えたそうなんですが同じ曲を色んな選手が使っているということが判明しまして。,success,その登場曲のイントロを聴いていただいてどの選手の登場曲か当ててもらうクイズをやっておりますコーナーをやっております範囲を全球団にしようかなとスタッフさんも考えたそうなんですが同じ曲をいろんな選手が使っているということが判明しまして。,False,115,116,1
,029_kbc_13615767_20260714175500_seg_00740,029_kbc_13615767_20260714175500,SPEAKER_02,5098.0,5099.66001,1.66,success,で行うのがこのイントロ。,success,って行うのがこのイントロ。,False,12,13,1
,029_kbc_13615767_20260714175500_seg_00741,029_kbc_13615767_20260714175500,SPEAKER_02,5102.96,5105.419775,2.46,success,おかけしますんでホークスファンの皆さん。,success,おかけしますんでホークスファンの皆さん。,True,20,20,0
,029_kbc_13615767_20260714175500_seg_00742,029_kbc_13615767_20260714175500,SPEAKER_02,5108.56,5114.24,5.68,success,俺たちアウトローの時はクイズで。,success,あの俺たちアウトローの時はクイズで。,False,16,18,2
,029_kbc_13615767_20260714175500_seg_00743,029_kbc_13615767_20260714175500,SPEAKER_02,5114.48,5118.16,3.68,success,プレゼントありましたけどこのコーナープレゼントございませんので。,success,プレゼントありましたけどこのコーナープレゼントございませんので。,True,32,32,0
,029_kbc_13615767_20260714175500_seg_00744,029_kbc_13615767_20260714175500,SPEAKER_02,5119.04,5120.299658,1.26,success,遊んでいただける。,success,遊んでいただける。,True,9,9,0
,029_kbc_13615767_20260714175500_seg_00745,029_kbc_13615767_20260714175500,SPEAKER_02,5123.380029,5125.099951,1.72,success,いつもやってるスタッフさんとは。,success,いつもやってるスタッフさんとは。,True,16,16,0
,029_kbc_13615767_20260714175500_seg_00746,029_kbc_13615767_20260714175500,SPEAKER_02,5126.259912,5127.019873,0.76,success,ベテランスタッフさんで。,success,ベテランスタッフさんで。,True,12,12,0
,029_kbc_13615767_20260714175500_seg_00747,029_kbc_13615767_20260714175500,SPEAKER_02,5128.24,5134.16,5.92,success,107歳ということなのでちょっとイントロを出しすぎる可能性があっていつも三國ちゃん、若いんで。,success,107歳ということなのでちょっとイントロを出しすぎる可能性があっていつも三國ちゃん、若いので。,False,47,47,0
,029_kbc_13615767_20260714175500_seg_00748,029_kbc_13615767_20260714175500,SPEAKER_02,5134.4,5139.499854,5.1,success,めっちゃ短いのでギョーンといや今流れた?ぐらいキレッキレでやってくれてる。,success,めっちゃ短いのでギョーンといや今流れた?ぐらいキレッキレでやってくれてる。,True,37,37,0
,029_kbc_13615767_20260714175500_seg_00749,029_kbc_13615767_20260714175500,SPEAKER_02,5140.659814,5141.36,0.7,success,プラス107。,success,足らずに1073。,False,7,9,2
,029_kbc_13615767_20260714175500_seg_00750,029_kbc_13615767_20260714175500,SPEAKER_01,5141.6,5142.859717,1.26,success,イントロというゲーム。,success,イントロという原点。,False,11,10,-1
,029_kbc_13615767_20260714175500_seg_00751,029_kbc_13615767_20260714175500,SPEAKER_02,5144.48,5145.6,1.12,success,確かに。,success,なあ確かに。,False,4,6,2
,029_kbc_13615767_20260714175500_seg_00752,029_kbc_13615767_20260714175500,SPEAKER_02,5147.92,5148.72,0.8,success,イントロドンとか。,success,イントロドンとか。,True,9,9,0
,029_kbc_13615767_20260714175500_seg_00753,029_kbc_13615767_20260714175500,SPEAKER_02,5151.84,5152.4,0.56,success,確かに。,success,確かに。,True,4,4,0
,029_kbc_13615767_20260714175500_seg_00754,029_kbc_13615767_20260714175500,SPEAKER_01,5152.48,5153.68,1.2,success,イントロの誕生から見た。,success,イントロの誕生から見る。,False,12,12,0
,029_kbc_13615767_20260714175500_seg_00755,029_kbc_13615767_20260714175500,SPEAKER_02,5154.72,5157.04,2.32,success,イントロで遊んでるの、これ、なんですか?と。,success,イントロで遊んでるのこれなんですか?と。,False,22,20,-2
,029_kbc_13615767_20260714175500_seg_00756,029_kbc_13615767_20260714175500,SPEAKER_02,5157.76,5158.48,0.72,success,可能性あります。,success,可能性あります。,True,8,8,0
,029_kbc_13615767_20260714175500_seg_00757,029_kbc_13615767_20260714175500,SPEAKER_02,5158.88,5163.28,4.4,success,確かに、なんで、ちょっと流しすぎたりとか、いろいろあるかもしれませんが。,success,確かになんでちょっと流しすぎたりとかいろいろあるかもしれませんが。,False,36,33,-3
,029_kbc_13615767_20260714175500_seg_00758,029_kbc_13615767_20260714175500,SPEAKER_01,5163.44,5164.939795,1.5,success,ハッシュタグでも分かった?,success,ハッシュタグでも分かった。,False,13,13,0
,029_kbc_13615767_20260714175500_seg_00759,029_kbc_13615767_20260714175500,SPEAKER_03,5167.2,5167.92,0.72,success,書かないでください。,success,書かないでください。,True,10,10,0
,029_kbc_13615767_20260714175500_seg_00760,029_kbc_13615767_20260714175500,SPEAKER_02,5168.16,5170.220068,2.06,success,みんなで最後まで楽しんでいきたいと思います。,success,みんなで最後まで楽しんでいきたいと思います。,True,22,22,0
,029_kbc_13615767_20260714175500_seg_00761,029_kbc_13615767_20260714175500,SPEAKER_02,5171.44,5173.44,2.0,success,まいりましょう1曲目こちら。,success,まいりましょう1曲目こちら。,True,14,14,0
,029_kbc_13615767_20260714175500_seg_00762,029_kbc_13615767_20260714175500,SPEAKER_02,5180.08,5180.8,0.72,success,えっと。,success,えっと。,True,4,4,0
,029_kbc_13615767_20260714175500_seg_00763,029_kbc_13615767_20260714175500,SPEAKER_02,5182.0,5183.92,1.92,success,すんげえ流してくれるやん。,success,すんげえ流してくれるやん!,False,13,13,0
,029_kbc_13615767_20260714175500_seg_00764,029_kbc_13615767_20260714175500,SPEAKER_01,5186.08,5188.0,1.92,success,もう曲は余裕で分かったよ。,success,もう曲は余裕で分かったよ。,True,13,13,0
,029_kbc_13615767_20260714175500_seg_00765,029_kbc_13615767_20260714175500,SPEAKER_02,5188.0,5190.32,2.32,success,曲は分かった、曲は分かりました。,success,曲は分かった曲は分かりました。,False,16,15,-1
,029_kbc_13615767_20260714175500_seg_00766,029_kbc_13615767_20260714175500,SPEAKER_01,5190.4,5191.36,0.96,success,このドラマ大好きです。,success,このドラマ大好きです。,True,11,11,0
,029_kbc_13615767_20260714175500_seg_00767,029_kbc_13615767_20260714175500,SPEAKER_02,5191.6,5192.16,0.56,success,副賞。,success,楽勝。,False,3,3,0
,029_kbc_13615767_20260714175500_seg_00768,029_kbc_13615767_20260714175500,SPEAKER_01,5192.96,5194.8,1.84,success,これ誰や?,success,これ誰や!,False,5,5,0
,029_kbc_13615767_20260714175500_seg_00769,029_kbc_13615767_20260714175500,SPEAKER_02,5199.04,5202.56,3.52,success,ちゃんのときの1曲目の一番最初に流すやつの。,success,藤井ちゃんの時の1曲目の一番最初に流すやつの。,False,22,23,1
,029_kbc_13615767_20260714175500_seg_00770,029_kbc_13615767_20260714175500,SPEAKER_02,5203.52,5205.04,1.52,success,40倍ぐらい流れましたよ。,success,40倍ぐらい流れました。,False,13,12,-1
,029_kbc_13615767_20260714175500_seg_00771,029_kbc_13615767_20260714175500,SPEAKER_02,5206.56,5208.32,1.76,success,おじいちゃん。,success,40ちゃん。,False,7,6,-1
,029_kbc_13615767_20260714175500_seg_00772,029_kbc_13615767_20260714175500,SPEAKER_01,5210.24,5210.88,0.64,success,悩みによって。,success,場合によって。,False,7,7,0
,029_kbc_13615767_20260714175500_seg_00773,029_kbc_13615767_20260714175500,SPEAKER_02,5210.96,5211.6,0.64,success,いや俺も。,success,じゃあ俺も。,False,5,6,1
,029_kbc_13615767_20260714175500_seg_00774,029_kbc_13615767_20260714175500,SPEAKER_02,5213.52,5216.16,2.64,success,うわ、誰やったか、これ。,success,うわ誰やったかこれ。,False,12,10,-2
,029_kbc_13615767_20260714175500_seg_00775,029_kbc_13615767_20260714175500,SPEAKER_02,5217.68,5220.4,2.72,success,これ一番やばいよそれならまだ曲が分からんほうがよかったな。,success,これ一番やばいよそれならまだ曲が分からん方がよかったな。,False,29,28,-1
,029_kbc_13615767_20260714175500_seg_00776,029_kbc_13615767_20260714175500,SPEAKER_02,5220.88,5223.2,2.32,success,ハハハやばいな。,success,ハハハやばいな。,True,8,8,0
,029_kbc_13615767_20260714175500_seg_00777,029_kbc_13615767_20260714175500,SPEAKER_02,5223.92,5227.92,4.0,success,うわー、出て、で、うわー、これ。,success,うわ出ててテレビでうわこれ。,False,16,14,-2
,029_kbc_13615767_20260714175500_seg_00778,029_kbc_13615767_20260714175500,SPEAKER_02,5232.8,5233.6,0.8,success,燃え出すあとで。,success,燃やそうとで。,False,8,7,-1
,029_kbc_13615767_20260714175500_seg_00779,029_kbc_13615767_20260714175500,SPEAKER_02,5234.24,5236.4,2.16,success,じゃあ2曲目まいりましょう2曲目こちら。,success,じゃあ2曲目まいりましょう2曲目こちら。,True,20,20,0
,029_kbc_13615767_20260714175500_seg_00780,029_kbc_13615767_20260714175500,SPEAKER_01,5240.64,5241.2,0.56,success,あっ曲は。,success,ああ曲は。,False,5,5,0
,029_kbc_13615767_20260714175500_seg_00781,029_kbc_13615767_20260714175500,SPEAKER_02,5241.44,5242.56,1.12,success,あっ、やべえ、次の事件。,success,あっやべえ次短。,False,12,8,-4
,029_kbc_13615767_20260714175500_seg_00782,029_kbc_13615767_20260714175500,SPEAKER_01,5243.12,5243.76,0.64,success,くわからん。,success,クワガタ。,False,6,5,-1
,029_kbc_13615767_20260714175500_seg_00783,029_kbc_13615767_20260714175500,SPEAKER_02,5246.08,5247.12,1.04,success,イントロの緩急。,success,イントロの緩急。,True,8,8,0
,029_kbc_13615767_20260714175500_seg_00784,029_kbc_13615767_20260714175500,SPEAKER_02,5248.48,5251.52,3.04,success,何や今のでも結構聞かせてくれたほうではあったよ。,success,何や今のでも結構聞かせてくれた方ではあったよ。,False,24,23,-1
,029_kbc_13615767_20260714175500_seg_00785,029_kbc_13615767_20260714175500,SPEAKER_02,5253.28,5255.04,1.76,success,俺にはもう完成にしか聞こえない。,success,俺にはもう歓声にしか聞こえない。,False,16,16,0
,029_kbc_13615767_20260714175500_seg_00786,029_kbc_13615767_20260714175500,SPEAKER_01,5255.04,5258.72,3.68,success,曲名は分かるけどな、1曲目は、2曲目は曲名も分かる。,success,曲名は分かるけどな1曲目は2曲目は曲名も分かる。,False,26,24,-2
,029_kbc_13615767_20260714175500_seg_00787,029_kbc_13615767_20260714175500,SPEAKER_02,5260.56,5263.52,2.96,success,じゃあ3曲目いきましょう3曲目こちら。,success,じゃあ3曲目いきましょう3曲目こちら。,True,19,19,0
,029_kbc_13615767_20260714175500_seg_00788,029_kbc_13615767_20260714175500,SPEAKER_02,5268.24,5270.08,1.84,success,なんだ、めっちゃ息吸ったぞ。,success,何だめっちゃ息吸ったぞ。,False,14,12,-2
,029_kbc_13615767_20260714175500_seg_00789,029_kbc_13615767_20260714175500,SPEAKER_02,5271.04,5273.2,2.16,success,もう歌いだしてましたね、イントロっちゅうか。,success,もう歌いだしてましたねイントロっちゅうか。,False,22,21,-1
,029_kbc_13615767_20260714175500_seg_00790,029_kbc_13615767_20260714175500,SPEAKER_02,5278.8,5281.04,2.24,success,何て言ったか分からんけど。,success,何て言ったか分からんけど。,True,13,13,0
,029_kbc_13615767_20260714175500_seg_00791,029_kbc_13615767_20260714175500,SPEAKER_02,5281.28,5282.0,0.72,success,ねえねえ。,success,ぬめん。,False,5,4,-1
,029_kbc_13615767_20260714175500_seg_00792,029_kbc_13615767_20260714175500,SPEAKER_02,5283.28,5286.32,3.04,success,うわでもなんか若い感じしたな最後は。,success,うわでも何か若い感じしたな最後は。,False,18,17,-1
,029_kbc_13615767_20260714175500_seg_00793,029_kbc_13615767_20260714175500,SPEAKER_02,5289.52,5291.28,1.76,success,あぁ!なんて言おう。,success,だ!なんて言おう。,False,10,9,-1
,029_kbc_13615767_20260714175500_seg_00794,029_kbc_13615767_20260714175500,SPEAKER_02,5291.68,5292.32,0.64,success,ハロー。,success,ハロー。,True,4,4,0
,029_kbc_13615767_20260714175500_seg_00795,029_kbc_13615767_20260714175500,SPEAKER_02,5292.56,5294.08,1.52,success,最初めっちゃ吸うやん。,success,最初めっちゃ吸うやん。,True,11,11,0
,029_kbc_13615767_20260714175500_seg_00796,029_kbc_13615767_20260714175500,SPEAKER_02,5300.56,5302.0,1.44,success,なんやなんやない。,success,何や何やない。,False,9,7,-2
,029_kbc_13615767_20260714175500_seg_00797,029_kbc_13615767_20260714175500,SPEAKER_02,5302.8,5303.52,0.72,success,はあ?,success,はあ!,False,3,3,0
,029_kbc_13615767_20260714175500_seg_00798,029_kbc_13615767_20260714175500,SPEAKER_02,5304.56,5305.52,0.96,success,何やこれ。,success,何やこれ。,True,5,5,0
,029_kbc_13615767_20260714175500_seg_00799,029_kbc_13615767_20260714175500,SPEAKER_02,5306.48,5307.6,1.12,success,めっちゃ息吸うやん。,success,めっちゃ息吸うやん。,True,10,10,0
,029_kbc_13615767_20260714175500_seg_00800,029_kbc_13615767_20260714175500,SPEAKER_01,5308.88,5310.32,1.44,success,チュリーさんなーも分からんって。,success,チリーさんなんも分からんって。,False,16,15,-1
,029_kbc_13615767_20260714175500_seg_00801,029_kbc_13615767_20260714175500,SPEAKER_02,5310.56,5311.28,0.72,success,アハハハハ!,success,ハハハハハ!,False,6,6,0
,029_kbc_13615767_20260714175500_seg_00802,029_kbc_13615767_20260714175500,SPEAKER_01,5312.48,5315.92,3.44,success,あとがさ、曲名分かるよね、どなたかなんよねっていう。,success,あとがさ、曲名分かるよね、どなたかなよねっていう。,False,26,25,-1
,029_kbc_13615767_20260714175500_seg_00803,029_kbc_13615767_20260714175500,SPEAKER_01,5316.48,5317.68,1.2,success,野ぶりんごさん。,success,ノブりんごさん。,False,8,8,0
,029_kbc_13615767_20260714175500_seg_00804,029_kbc_13615767_20260714175500,SPEAKER_01,5318.48,5321.28,2.8,success,かっこ大悟パイナップルさん1曲目はすぐ分かったっていう。,success,パイナップルさん1曲目はすぐわかったっていう。,False,28,23,-5
,029_kbc_13615767_20260714175500_seg_00805,029_kbc_13615767_20260714175500,SPEAKER_02,5323.44,5325.76,2.32,success,あっノブリンゴだから大丈夫。,success,あっノブリンゴだから大丈夫。,True,14,14,0
,029_kbc_13615767_20260714175500_seg_00806,029_kbc_13615767_20260714175500,SPEAKER_02,5326.8,5329.68,2.88,success,千鳥千鳥さんね。,success,フフッ千鳥千鳥さんね。,False,8,11,3
,029_kbc_13615767_20260714175500_seg_00807,029_kbc_13615767_20260714175500,SPEAKER_01,5329.68,5331.12,1.44,success,リンゴの逆パイナップルなんや。,success,りんごの逆パイナップルなんや。,False,15,15,0
,029_kbc_13615767_20260714175500_seg_00808,029_kbc_13615767_20260714175500,SPEAKER_02,5331.2,5331.76,0.56,success,あっ。,success,アハハハ!,False,3,5,2
,029_kbc_13615767_20260714175500_seg_00809,029_kbc_13615767_20260714175500,SPEAKER_02,5333.76,5335.04,1.28,success,すごいな。,success,フッすごいな。,False,5,7,2
,029_kbc_13615767_20260714175500_seg_00810,029_kbc_13615767_20260714175500,SPEAKER_01,5336.32,5337.92,1.6,success,プさん、分かったっていう。,success,プーさん分かったっていう。,False,13,13,0
,029_kbc_13615767_20260714175500_seg_00811,029_kbc_13615767_20260714175500,SPEAKER_02,5338.64,5339.6,0.96,success,わっすげえな。,success,うわっすげえな。,False,7,8,1
,029_kbc_13615767_20260714175500_seg_00812,029_kbc_13615767_20260714175500,SPEAKER_01,5339.6,5341.84,2.24,success,裕之介さん、これは楽勝よって。,success,裕之介さんこりゃ楽勝よって。,False,15,14,-1
,029_kbc_13615767_20260714175500_seg_00813,029_kbc_13615767_20260714175500,SPEAKER_01,5342.4,5344.08,1.68,success,めぐみちゃんは桜坂っていう。,success,めぐみちゃんは桜坂!っていう。,False,14,15,1
,029_kbc_13615767_20260714175500_seg_00814,029_kbc_13615767_20260714175500,SPEAKER_01,5344.32,5346.0,1.68,success,好きやけんめぐみちゃんね。,success,好きやけんめぐみちゃんね。,True,13,13,0
,029_kbc_13615767_20260714175500_seg_00815,029_kbc_13615767_20260714175500,SPEAKER_02,5346.08,5346.8,0.72,success,ずれがたぶん。,success,ずれがたった。,False,7,7,0
,029_kbc_13615767_20260714175500_seg_00816,029_kbc_13615767_20260714175500,SPEAKER_01,5347.12,5347.92,0.8,success,桜坂のね。,success,桜坂のね。,True,5,5,0
,029_kbc_13615767_20260714175500_seg_00817,029_kbc_13615767_20260714175500,SPEAKER_02,5348.0,5348.96,0.96,success,櫻坂大好きよ。,success,櫻坂大輔やもんね。,False,7,9,2
,029_kbc_13615767_20260714175500_seg_00818,029_kbc_13615767_20260714175500,SPEAKER_02,5349.76,5352.96,3.2,success,うわどの選手やったかおい。,success,うわどの選手やったかおい。,True,13,13,0
,029_kbc_13615767_20260714175500_seg_00819,029_kbc_13615767_20260714175500,SPEAKER_02,5353.6,5354.4,0.8,success,あの歌は。,success,あの歌は。,True,5,5,0
,029_kbc_13615767_20260714175500_seg_00820,029_kbc_13615767_20260714175500,SPEAKER_02,5358.16,5360.08,1.92,success,でも聞いたよ聞いた聞いた。,success,でも聞いたよ聞いた聞いた。,True,13,13,0
,029_kbc_13615767_20260714175500_seg_00821,029_kbc_13615767_20260714175500,SPEAKER_01,5360.08,5361.76,1.68,success,あれ、これ、回転分かったでしたっけ?,success,あれこれ変えてよかったでしたっけ?,False,18,17,-1
,029_kbc_13615767_20260714175500_seg_00822,029_kbc_13615767_20260714175500,SPEAKER_01,5362.0,5365.2,3.2,success,macgtoが書かないパターンに変わったのねっていう。,success,#macgtは書かないパターンに変わったのねっていう。,False,27,27,0
,029_kbc_13615767_20260714175500_seg_00823,029_kbc_13615767_20260714175500,SPEAKER_01,5367.44,5368.16,0.72,success,毎回変えます。,success,毎回変えます。,True,7,7,0
,029_kbc_13615767_20260714175500_seg_00824,029_kbc_13615767_20260714175500,SPEAKER_02,5368.96,5369.92,0.96,success,だと思うよ、かかる。,success,だと思うよかかる。,False,10,9,-1
,029_kbc_13615767_20260714175500_seg_00825,029_kbc_13615767_20260714175500,SPEAKER_01,5370.08,5371.76,1.68,success,書きよったら、俺、ハッシュタグ読めるって分かるわ。,success,書きよったら俺#読み終わったら分かるわ。,False,25,20,-5
,029_kbc_13615767_20260714175500_seg_00826,029_kbc_13615767_20260714175500,SPEAKER_02,5372.88,5374.0,1.12,success,書かぬよう。,success,書かぬよう。,True,6,6,0
,029_kbc_13615767_20260714175500_seg_00827,029_kbc_13615767_20260714175500,SPEAKER_02,5375.92,5376.8,0.88,success,かかるようよ。,success,かかるようよ。,True,7,7,0
,029_kbc_13615767_20260714175500_seg_00828,029_kbc_13615767_20260714175500,SPEAKER_02,5377.2,5378.4,1.2,success,帰っちゃったらだって。,success,で帰っちゃったのだって。,False,11,12,1
,029_kbc_13615767_20260714175500_seg_00829,029_kbc_13615767_20260714175500,SPEAKER_02,5379.36,5381.04,1.68,success,あのみんなのイントロ。,success,あのみんなのイントロ。,True,11,11,0
,029_kbc_13615767_20260714175500_seg_00830,029_kbc_13615767_20260714175500,SPEAKER_01,5381.68,5384.48,2.8,success,1曲目、イントロどころか、全部流してんじゃない?っていうね。,success,1曲目イントロどころか全部流してんじゃない?っていうね。,False,30,28,-2
,029_kbc_13615767_20260714175500_seg_00831,029_kbc_13615767_20260714175500,SPEAKER_02,5384.64,5386.0,1.36,success,いやそれぐらいあったよホントに。,success,いやそれぐらいあったよほんとに。,False,16,16,0
,029_kbc_13615767_20260714175500_seg_00832,029_kbc_13615767_20260714175500,SPEAKER_02,5386.48,5387.12,0.64,success,うん。,success,うん。,True,3,3,0
,029_kbc_13615767_20260714175500_seg_00833,029_kbc_13615767_20260714175500,SPEAKER_01,5387.28,5390.0,2.72,success,みみちょろさん、2曲目、めちゃくちゃ好きな曲って。,success,ミミチョウさん2曲目めちゃくちゃ好きな曲って。,False,25,23,-2
,029_kbc_13615767_20260714175500_seg_00834,029_kbc_13615767_20260714175500,SPEAKER_02,5390.0,5390.56,0.56,success,えっ!,success,えっ!,True,3,3,0
,029_kbc_13615767_20260714175500_seg_00835,029_kbc_13615767_20260714175500,SPEAKER_01,5390.56,5392.4,1.84,success,バジリコさん降参って書いてます。,success,バジリコ産降参って書いてます。,False,16,15,-1
,029_kbc_13615767_20260714175500_seg_00836,029_kbc_13615767_20260714175500,SPEAKER_02,5393.36,5394.16,0.8,success,潔いめ。,success,潔いね。,False,4,4,0
,029_kbc_13615767_20260714175500_seg_00837,029_kbc_13615767_20260714175500,SPEAKER_01,5394.72,5398.24,3.52,success,ティナさん、1曲目は曲名も選手も分かるって、いや、曲名は分かるんすよ。,success,ティナさん1曲目は曲名も選手もわかるっていや曲名は分かるんすよ。,False,35,32,-3
,029_kbc_13615767_20260714175500_seg_00838,029_kbc_13615767_20260714175500,SPEAKER_02,5404.24,5407.52,3.28,success,1曲目はなあれなのよね。,success,1曲目はなあれなのよね。,True,12,12,0
,029_kbc_13615767_20260714175500_seg_00839,029_kbc_13615767_20260714175500,SPEAKER_01,5407.6,5409.2,1.6,success,あれなんやろ、でも登場曲。,success,誰なんやろでも登場曲。,False,13,11,-2
,029_kbc_13615767_20260714175500_seg_00840,029_kbc_13615767_20260714175500,SPEAKER_02,5409.76,5411.28,1.52,success,でも使っとるよね。,success,でも使っとるよね。,True,9,9,0
,029_kbc_13615767_20260714175500_seg_00841,029_kbc_13615767_20260714175500,SPEAKER_02,5413.04,5413.76,0.72,success,聞いたもん。,success,聞いたもん。,True,6,6,0
,029_kbc_13615767_20260714175500_seg_00842,029_kbc_13615767_20260714175500,SPEAKER_01,5413.92,5414.96,1.04,success,1、2、3。,success,123。,False,6,4,-2
,029_kbc_13615767_20260714175500_seg_00843,029_kbc_13615767_20260714175500,SPEAKER_02,5423.12,5424.64,1.52,success,ことし注目を集めた。,success,今年注目を集めた。,False,10,9,-1
,029_kbc_13615767_20260714175500_seg_00844,029_kbc_13615767_20260714175500,SPEAKER_01,5424.8,5425.6,0.8,success,あの人かな?,success,あの人かな。,False,6,6,0
,029_kbc_13615767_20260714175500_seg_00845,029_kbc_13615767_20260714175500,SPEAKER_01,5427.6,5428.32,0.72,success,タイガーラスク。,success,タイガーラスク。,True,8,8,0
,029_kbc_13615767_20260714175500_seg_00846,029_kbc_13615767_20260714175500,SPEAKER_01,5428.88,5429.92,1.04,success,タコライオンパン。,success,タコライオンパ。,False,9,8,-1
,029_kbc_13615767_20260714175500_seg_00847,029_kbc_13615767_20260714175500,SPEAKER_01,5430.32,5432.72,2.4,success,1曲目やった、曲とセンスが勝った。,success,1曲目やったら曲と選手が勝った。,False,17,16,-1
,029_kbc_13615767_20260714175500_seg_00848,029_kbc_13615767_20260714175500,SPEAKER_01,5434.0,5436.72,2.72,success,鳥博士、魚素人。,success,鳥博士カッコ坂の素人。,False,8,11,3
,029_kbc_13615767_20260714175500_seg_00849,029_kbc_13615767_20260714175500,SPEAKER_02,5439.28,5440.88,1.6,success,それ何どういう何?,success,それ何どういう何?,True,9,9,0
,029_kbc_13615767_20260714175500_seg_00850,029_kbc_13615767_20260714175500,SPEAKER_02,5441.44,5442.24,0.8,success,何遊びそれ?,success,何遊びする?,False,6,6,0
,029_kbc_13615767_20260714175500_seg_00851,029_kbc_13615767_20260714175500,SPEAKER_01,5442.8,5443.36,0.56,success,知らんと?,success,知らんと?,True,5,5,0
,029_kbc_13615767_20260714175500_seg_00852,029_kbc_13615767_20260714175500,SPEAKER_02,5443.44,5444.24,0.8,success,志乃ちゃん何それ?,success,シロちゃん何それ?,False,9,9,0
,029_kbc_13615767_20260714175500_seg_00853,029_kbc_13615767_20260714175500,SPEAKER_01,5444.24,5445.6,1.36,success,えっ、血腹来よらんと?,success,えっ血村じきよらんと?,False,11,11,0
,029_kbc_13615767_20260714175500_seg_00854,029_kbc_13615767_20260714175500,SPEAKER_01,5446.08,5446.72,0.64,success,志村寺。,success,下村寺。,False,4,4,0
,029_kbc_13615767_20260714175500_seg_00855,029_kbc_13615767_20260714175500,SPEAKER_02,5447.2,5447.84,0.64,success,木村じ?,success,チムラジ?,False,4,5,1
,029_kbc_13615767_20260714175500_seg_00856,029_kbc_13615767_20260714175500,SPEAKER_02,5448.32,5449.12,0.8,success,聞くわけないやろ。,success,聞くわけないやろ。,True,9,9,0
,029_kbc_13615767_20260714175500_seg_00857,029_kbc_13615767_20260714175500,SPEAKER_01,5449.2,5452.32,3.12,success,ジョニーがだけこのラジオリスナーさんの漫才もあったけど。,success,ジョーニーがだけこのラジオリスナーさんと漫才もあったけど。,False,28,29,1
,029_kbc_13615767_20260714175500_seg_00858,029_kbc_13615767_20260714175500,SPEAKER_01,5453.92,5455.76,1.84,success,だけど逆逆や!みたいな。,success,だけん逆逆や!みたいな。,False,12,12,0
,029_kbc_13615767_20260714175500_seg_00859,029_kbc_13615767_20260714175500,SPEAKER_01,5456.08,5459.44,3.36,success,自然現象、天然放出取り上げ、魚素の人、鳥の博士。,success,自然月食は天然放出みたいな魚素人鳥の博士。,False,24,21,-3
,029_kbc_13615767_20260714175500_seg_00860,029_kbc_13615767_20260714175500,SPEAKER_01,5460.48,5470.4,9.92,success,逆になってないのもだけんそのチムニーのセンスになってるんだけどリンゴどぶりんごさんの大悟様ではあるけどりんごの対極がパイナップルなのかなっていうね。,success,逆になってないのもだけんそのチュムニのセンスやなっていうんだけどりんごをどぶりんごさんの醍醐様ではあるけどりんごの対極がパイナップルなのかなっていうね。,False,74,76,2
,029_kbc_13615767_20260714175500_seg_00861,029_kbc_13615767_20260714175500,SPEAKER_02,5470.56,5471.76,1.2,success,はいはいはいはいはい。,success,はいはいはいはいはい。,True,11,11,0
,029_kbc_13615767_20260714175500_seg_00862,029_kbc_13615767_20260714175500,SPEAKER_01,5472.0,5476.96,4.96,success,対局にしようか分からんけどでも鳥博士で魚素人でいや鳥博士やみたいなことよ。,success,対極にしようか分からんけどでも鳥博士で魚素人でいや鳥博士やみたいなことよ。,False,37,37,0
,029_kbc_13615767_20260714175500_seg_00863,029_kbc_13615767_20260714175500,SPEAKER_02,5477.44,5478.4,0.96,success,それがなんか血むら地でね。,success,それが血むら地でな。,False,13,10,-3
,029_kbc_13615767_20260714175500_seg_00864,029_kbc_13615767_20260714175500,SPEAKER_01,5478.8,5482.4,3.6,success,やったり、このネタでね、漫才でやったときにもやっと。,success,やっぱりこのネタでね漫才でやった時にもやっと。,False,26,23,-3
,029_kbc_13615767_20260714175500_seg_00865,029_kbc_13615767_20260714175500,SPEAKER_01,5483.28,5489.6,6.32,success,リスターさんはうれしくて、その格好、タイガーらしくやけん、タイガーでらしくやけん、ライオンパンにしたんやね。,success,リスターさんはうれしくてその格好タイガーらしくやけんタイガーでらしく焼けんライオンパンにしたんやね。,False,54,50,-4
,029_kbc_13615767_20260714175500_seg_00866,029_kbc_13615767_20260714175500,SPEAKER_02,5489.6,5492.4,2.8,success,それ最近またやってたっつったらチブラジで。,success,あそれ最近またやってたっつったらチームラジレン。,False,21,24,3
,029_kbc_13615767_20260714175500_seg_00867,029_kbc_13615767_20260714175500,SPEAKER_01,5492.88,5494.24,1.36,success,最近やってないよね。,success,最近やってないよね。,True,10,10,0
,029_kbc_13615767_20260714175500_seg_00868,029_kbc_13615767_20260714175500,SPEAKER_02,5495.36,5497.2,1.84,success,じゃあもうそんなみんなやらない?,success,じゃあもうそんなみんなやりたい?,False,16,16,0
,029_kbc_13615767_20260714175500_seg_00869,029_kbc_13615767_20260714175500,SPEAKER_02,5497.84,5498.88,1.04,success,バイクでやっとったの?,success,若い子とやっとったん?,False,11,11,0
,029_kbc_13615767_20260714175500_seg_00870,029_kbc_13615767_20260714175500,SPEAKER_01,5498.88,5500.24,1.36,success,格好やけん、たぶん、ずっと。,success,括?? やけん多分ずっと。,False,14,13,-1
,029_kbc_13615767_20260714175500_seg_00871,029_kbc_13615767_20260714175500,SPEAKER_02,5503.04,5505.28,2.24,success,なんかそういうのがね、なんか最近、はやっとるのかと思った。,success,なんかそういうのが最近はやっとんのかと思った。,False,29,23,-6
,029_kbc_13615767_20260714175500_seg_00872,029_kbc_13615767_20260714175500,SPEAKER_01,5506.64,5510.48,3.84,success,俺らが中島さんとかがレッドマウンテンとか。,success,俺らが中島さんとかがレッドマウンテンとか。,True,21,21,0
,029_kbc_13615767_20260714175500_seg_00873,029_kbc_13615767_20260714175500,SPEAKER_01,5512.32,5512.88,0.56,success,あの感じ。,success,その感じは?,False,5,6,1
,029_kbc_13615767_20260714175500_seg_00874,029_kbc_13615767_20260714175500,SPEAKER_02,5512.96,5513.52,0.56,success,うん。,success,うん。,True,3,3,0
,029_kbc_13615767_20260714175500_seg_00875,029_kbc_13615767_20260714175500,SPEAKER_03,5515.92,5518.0,2.08,success,中島さんがもううれしそうに。,success,中条さんがもううれしそうに。,False,14,14,0
,029_kbc_13615767_20260714175500_seg_00876,029_kbc_13615767_20260714175500,SPEAKER_02,5518.08,5518.96,0.88,success,えっ、レッドマウント。,success,えっレッドマウント?,False,11,10,-1
,029_kbc_13615767_20260714175500_seg_00877,029_kbc_13615767_20260714175500,SPEAKER_01,5519.6,5523.52,3.92,success,小学校5年生以後大盛りしかしたことないんで同じような中島さんね。,success,小学校5年生以降大盛りしかしたことないんで同じ中島さんね。,False,32,29,-3
,029_kbc_13615767_20260714175500_seg_00878,029_kbc_13615767_20260714175500,SPEAKER_02,5525.52,5526.56,1.04,success,全体変わってねえもん。,success,体形変わってねえもん。,False,11,11,0
,029_kbc_13615767_20260714175500_seg_00879,029_kbc_13615767_20260714175500,SPEAKER_01,5526.64,5535.76,9.12,success,むちゃくちゃ食うろにむちゃくちゃ食うホントすっごい怖い小学校5年生以降おごりしかしたことないですもんねって一回生放送でいじったら何で知ってんの?,success,むちゃくちゃ食うろにむちゃくちゃ食うほんとすっごい怖い。小学校5年生以降おごりしかしたことないですもんねって一回生放送でいじったら何で知ってんの?,False,72,73,1
,029_kbc_13615767_20260714175500_seg_00880,029_kbc_13615767_20260714175500,SPEAKER_01,5536.4,5537.2,0.8,success,やつですね。,success,アイクスプラム。,False,6,8,2
,029_kbc_13615767_20260714175500_seg_00881,029_kbc_13615767_20260714175500,SPEAKER_01,5539.92,5542.64,2.72,success,本当、自分で言うのはなんやけど、俺ら、結構はまってる。,success,いや本当自分でのなんやけど俺ら結構ハマってるから。,False,27,25,-2
,029_kbc_13615767_20260714175500_seg_00882,029_kbc_13615767_20260714175500,SPEAKER_02,5545.84,5546.64,0.8,success,確かに。,success,確かに。,True,4,4,0
,029_kbc_13615767_20260714175500_seg_00883,029_kbc_13615767_20260714175500,SPEAKER_01,5551.92,5552.56,0.64,success,すごい結構な。,success,すごい結構な。,True,7,7,0
,029_kbc_13615767_20260714175500_seg_00884,029_kbc_13615767_20260714175500,SPEAKER_02,5553.12,5555.04,1.92,success,漫才とかもすげえ評価しました。,success,漫才とかもすげえ評価します。,False,15,14,-1
,029_kbc_13615767_20260714175500_seg_00885,029_kbc_13615767_20260714175500,SPEAKER_02,5556.0,5556.72,0.72,success,痛いよ、本当に。,success,痛いよ本当に。,False,8,7,-1
,029_kbc_13615767_20260714175500_seg_00886,029_kbc_13615767_20260714175500,SPEAKER_01,5556.96,5558.16,1.2,success,オフのときも結構ある。,success,オフの時も結構ある。,False,11,10,-1
,029_kbc_13615767_20260714175500_seg_00887,029_kbc_13615767_20260714175500,SPEAKER_01,5560.24,5561.28,1.04,success,いや何か変わっとんな。,success,いや何かハマっとんな。,False,11,11,0
,029_kbc_13615767_20260714175500_seg_00888,029_kbc_13615767_20260714175500,SPEAKER_02,5562.16,5563.2,1.04,success,俺の体調気にかけてくれ。,success,俺の体調を気にかけてくれ。,False,12,13,1
,029_kbc_13615767_20260714175500_seg_00889,029_kbc_13615767_20260714175500,SPEAKER_02,5564.08,5564.96,0.88,success,立ち寄ると減税。,success,体調どけんね。,False,8,7,-1
,029_kbc_13615767_20260714175500_seg_00890,029_kbc_13615767_20260714175500,SPEAKER_01,5565.12,5566.16,1.04,success,そうそうそうそう。,success,そうそうそうそう。,True,9,9,0
,029_kbc_13615767_20260714175500_seg_00891,029_kbc_13615767_20260714175500,SPEAKER_02,5566.96,5568.32,1.36,success,中島さん、関係ないです。,success,中島さん関係ないです。,False,12,11,-1
,029_kbc_13615767_20260714175500_seg_00892,029_kbc_13615767_20260714175500,SPEAKER_02,5568.88,5571.44,2.56,success,ちょっと2局目と3局目が全然違う。,success,ちょっと2局目と三局目が全然違う。,False,17,17,0
,029_kbc_13615767_20260714175500_seg_00893,029_kbc_13615767_20260714175500,SPEAKER_01,5572.64,5573.76,1.12,success,さっぱりって。,success,今日はさっぱりって。,False,7,10,3
,029_kbc_13615767_20260714175500_seg_00894,029_kbc_13615767_20260714175500,SPEAKER_02,5574.0,5578.24,4.24,success,全然、ちょっと2曲目のちょいな、ちょいなイントロをちょっと。,success,全然ちょっと2曲目のちょいなイントロをちょっと。,False,30,24,-6
,029_kbc_13615767_20260714175500_seg_00895,029_kbc_13615767_20260714175500,SPEAKER_02,5585.12,5593.2,8.08,success,うえ、なんか懐かしい感じの古い感じかなと思ったら、歌いだしたら、なんか今風の、今風の感じやったわ、なんか。,success,なんか懐かしい感じの古い感じかなと思ったら歌いだしたら何か今風の今風の感じやったわ何か。,False,53,44,-9
,029_kbc_13615767_20260714175500_seg_00896,029_kbc_13615767_20260714175500,SPEAKER_02,5595.28,5603.36,8.08,success,一気になんかほら、なんか、ちゃんみなだ、なんか鼻だみたいな雰囲気が出てきたやん、なんかちょっと強めの、なんか女子の。,success,一気になんかあのほらちゃんみなだなんか鼻だみたいな雰囲気が出てきたやんなんかちょっと強めの女子の。,False,58,49,-9
,029_kbc_13615767_20260714175500_seg_00897,029_kbc_13615767_20260714175500,SPEAKER_01,5603.84,5605.28,1.44,success,俺もう?? 田來未に聞こえたけど。,success,俺もう ?? 田來未に聞こえたけど。,False,17,18,1
,029_kbc_13615767_20260714175500_seg_00898,029_kbc_13615767_20260714175500,SPEAKER_02,5605.6,5607.6,2.0,success,あそっちか?,success,あそっちか?,True,6,6,0
,029_kbc_13615767_20260714175500_seg_00899,029_kbc_13615767_20260714175500,SPEAKER_02,5608.56,5612.48,3.92,success,いやなんか今風な感じやったな声ってこれを使っとる人おる?,success,いやなんか今風な感じやったな声ってこれを使っとる人おる?,True,28,28,0
,029_kbc_13615767_20260714175500_seg_00900,029_kbc_13615767_20260714175500,SPEAKER_01,5613.68,5614.24,0.56,success,確かに。,success,確かに。,True,4,4,0
,029_kbc_13615767_20260714175500_seg_00901,029_kbc_13615767_20260714175500,SPEAKER_02,5615.76,5617.579932,1.82,success,もうちょいサービスお願いします。,success,もうちょいサービスお願いします。,True,16,16,0
,029_kbc_13615767_20260714175500_seg_00902,029_kbc_13615767_20260714175500,SPEAKER_01,5627.28,5628.32,1.04,success,?? 田來未じゃない?,success,えっこの番組じゃない?,False,11,11,0
,029_kbc_13615767_20260714175500_seg_00903,029_kbc_13615767_20260714175500,SPEAKER_02,5632.72,5636.08,3.36,success,でもだから路線はそうよねだからさちゃんみなとかなんかそんな感じ。,success,でもだから路線はそうよねだからさちゃんみなとか何かそんな感じ。,False,32,31,-1
,029_kbc_13615767_20260714175500_seg_00904,029_kbc_13615767_20260714175500,SPEAKER_01,5636.32,5638.32,2.0,success,東山すだちさんも私もっつって。,success,東山すだちさんも私もっつって。,True,15,15,0
,029_kbc_13615767_20260714175500_seg_00905,029_kbc_13615767_20260714175500,SPEAKER_02,5638.4,5640.96,2.56,success,東山すだちあっ。,success,東山すだちあっ。,True,8,8,0
,029_kbc_13615767_20260714175500_seg_00906,029_kbc_13615767_20260714175500,SPEAKER_01,5641.04,5641.6,0.56,success,西川か。,success,西川か。,True,4,4,0
,029_kbc_13615767_20260714175500_seg_00907,029_kbc_13615767_20260714175500,SPEAKER_02,5645.84,5646.72,0.88,success,2時間。,success,ミスター。,False,4,5,1
,029_kbc_13615767_20260714175500_seg_00908,029_kbc_13615767_20260714175500,SPEAKER_02,5647.04,5647.68,0.64,success,31。,success,さようじ。,False,3,5,2
,029_kbc_13615767_20260714175500_seg_00909,029_kbc_13615767_20260714175500,SPEAKER_01,5648.4,5649.36,0.96,success,さんも塩ごはん。,success,サンモン塩ごはん。,False,8,9,1
,029_kbc_13615767_20260714175500_seg_00910,029_kbc_13615767_20260714175500,SPEAKER_02,5649.6,5656.8,7.2,success,塩ご飯砂糖、砂糖菓子さんの塩ご飯さんじゃないのよ。,success,砂糖砂糖菓子さんの塩ご飯塩ご飯さんじゃないのよ。,False,25,24,-1
,029_kbc_13615767_20260714175500_seg_00911,029_kbc_13615767_20260714175500,SPEAKER_01,5657.28,5660.8,3.52,success,やっぱ23はねあの。,success,やっぱ23はねあの。,True,10,10,0
,029_kbc_13615767_20260714175500_seg_00912,029_kbc_13615767_20260714175500,SPEAKER_02,5665.52,5668.64,3.12,success,3局目、3局目をちょっとお願いします。,success,3曲目3曲目をちょっとお願いします。,False,19,18,-1
,029_kbc_13615767_20260714175500_seg_00913,029_kbc_13615767_20260714175500,SPEAKER_02,5681.68,5683.52,1.84,success,イントロねえし眼下歌って。,success,イントロねえしガンガン歌え!,False,13,14,1
,029_kbc_13615767_20260714175500_seg_00914,029_kbc_13615767_20260714175500,SPEAKER_02,5685.12,5686.8,1.68,success,がんがん歌いよるし。,success,ガンガン歌いよるし。,False,10,10,0
,029_kbc_13615767_20260714175500_seg_00915,029_kbc_13615767_20260714175500,SPEAKER_01,5687.68,5688.24,0.56,success,すごい。,success,すごい。,True,4,4,0
,029_kbc_13615767_20260714175500_seg_00916,029_kbc_13615767_20260714175500,SPEAKER_02,5690.4,5692.4,2.0,success,まじででもからくりテレビみたいになってるなんかもう。,success,マジでもうからくりtvみたいになってるなんかもう。,False,26,25,-1
,029_kbc_13615767_20260714175500_seg_00917,029_kbc_13615767_20260714175500,SPEAKER_02,5692.88,5696.16,3.28,success,ご長寿クイズみたいな、もう流れちゃってますけどねって言って。,success,ご長寿クイズみたいなもう流れちゃってますけどねっつって。,False,30,28,-2
,029_kbc_13615767_20260714175500_seg_00918,029_kbc_13615767_20260714175500,SPEAKER_02,5697.44,5698.08,0.64,success,え!,success,ブー!,False,2,3,1
,029_kbc_13615767_20260714175500_seg_00919,029_kbc_13615767_20260714175500,SPEAKER_02,5703.76,5708.0,4.24,success,ちょっと待てよ、でも、3曲目はなんかちょっとこの泥臭い感じがしたな。,success,ちょっと待ってでも3曲目は何かちょっとこの泥臭い感じがしたな。,False,34,31,-3
,029_kbc_13615767_20260714175500_seg_00920,029_kbc_13615767_20260714175500,SPEAKER_02,5708.72,5709.76,1.04,success,泥臭い感じが。,success,泥臭い感じが。,True,7,7,0
,029_kbc_13615767_20260714175500_seg_00921,029_kbc_13615767_20260714175500,SPEAKER_02,5712.16,5714.72,2.56,success,うわうわ1曲目だ。,success,うわうわ1曲目だ。,True,9,9,0
,029_kbc_13615767_20260714175500_seg_00922,029_kbc_13615767_20260714175500,SPEAKER_02,5717.44,5718.32,0.88,success,1曲目いこうか。,success,1曲目いこうか。,True,8,8,0
,029_kbc_13615767_20260714175500_seg_00923,029_kbc_13615767_20260714175500,SPEAKER_01,5718.32,5719.12,0.8,success,1曲目いきましょう。,success,1曲目いきましょう。,True,10,10,0
,029_kbc_13615767_20260714175500_seg_00924,029_kbc_13615767_20260714175500,SPEAKER_02,5719.76,5724.4,4.64,success,じゃあ1曲目のまず我々が思う。,success,じゃあ1曲目のまず我々が思う。,True,15,15,0
,029_kbc_13615767_20260714175500_seg_00925,029_kbc_13615767_20260714175500,SPEAKER_01,5724.4,5724.96,0.56,success,先週。,success,先週。,True,3,3,0
,029_kbc_13615767_20260714175500_seg_00926,029_kbc_13615767_20260714175500,SPEAKER_02,5725.04,5728.48,3.44,success,選手せーの翔平。,success,え選手せーの翔平。,False,8,9,1
,029_kbc_13615767_20260714175500_seg_00927,029_kbc_13615767_20260714175500,SPEAKER_02,5751.76,5752.56,0.8,success,よしよしよし。,success,よしよしよし。,True,7,7,0
,029_kbc_13615767_20260714175500_seg_00928,029_kbc_13615767_20260714175500,SPEAKER_02,5754.72,5755.68,0.96,success,いや般若さんね。,success,いや般若さんね。,True,8,8,0
,029_kbc_13615767_20260714175500_seg_00929,029_kbc_13615767_20260714175500,SPEAKER_02,5755.92,5757.52,1.6,success,当時ね、大ブレークしました。,success,当時ね大ブレークしました。,False,14,13,-1
,029_kbc_13615767_20260714175500_seg_00930,029_kbc_13615767_20260714175500,SPEAKER_01,5757.84,5759.52,1.68,success,そう2009年のドラマです。,success,そう2009年のドラマです。,True,14,14,0
,029_kbc_13615767_20260714175500_seg_00931,029_kbc_13615767_20260714175500,SPEAKER_02,5760.88,5763.68,2.8,success,庄司選手がねその古い曲を。,success,庄司選手がねその古い曲を。,True,13,13,0
,029_kbc_13615767_20260714175500_seg_00932,029_kbc_13615767_20260714175500,SPEAKER_01,5763.68,5766.4,2.72,success,そうよ、昌子選手だって。,success,そうよ昌子選手だって。,False,12,11,-1
,029_kbc_13615767_20260714175500_seg_00933,029_kbc_13615767_20260714175500,SPEAKER_01,5766.72,5768.88,2.16,success,200何年生まれとかやろ?,success,二千何年生まれとかやろ?,False,13,12,-1
,029_kbc_13615767_20260714175500_seg_00934,029_kbc_13615767_20260714175500,SPEAKER_01,5769.68,5770.4,0.72,success,だって。,success,だって。,True,4,4,0
,029_kbc_13615767_20260714175500_seg_00935,029_kbc_13615767_20260714175500,SPEAKER_01,5772.64,5774.48,1.84,success,2度って23。,success,だって23。,False,7,6,-1
,029_kbc_13615767_20260714175500_seg_00936,029_kbc_13615767_20260714175500,SPEAKER_01,5775.52,5778.64,3.12,success,1年目ぐらいの年齢やけど多分2324やけん。,success,1年目ぐらいの年齢やけど多分2324やけん。,True,22,22,0
,029_kbc_13615767_20260714175500_seg_00937,029_kbc_13615767_20260714175500,SPEAKER_02,5779.84,5784.72,4.88,success,よしよしよし2曲目がちょっと強めの女性のやつやったよね。,success,よしよしよし2曲目がちょっと強めの女性のやつやったよね。,True,28,28,0
,029_kbc_13615767_20260714175500_seg_00938,029_kbc_13615767_20260714175500,SPEAKER_01,5785.68,5790.4,4.72,success,ユキチョウさん2曲目ユニバでキティちゃんが歌ってくれてた時期があってそれで好きになって。,success,ユフィチョウさん2曲目ユニバでキティちゃんが歌ってくれてた時期があってそれで好きになって。,False,44,45,1
,029_kbc_13615767_20260714175500_seg_00939,029_kbc_13615767_20260714175500,SPEAKER_02,5792.16,5793.92,1.76,success,あんな強めにしゃべるよ、キティちゃん。,success,あんな強めにしゃべるよキティちゃん。,False,19,18,-1
,029_kbc_13615767_20260714175500_seg_00940,029_kbc_13615767_20260714175500,SPEAKER_02,5794.4,5796.08,1.68,success,かわいらしいしゃべり方よ。,success,すごいかわいらしいしゃべり方よ。,False,13,16,3
,029_kbc_13615767_20260714175500_seg_00941,029_kbc_13615767_20260714175500,SPEAKER_02,5796.72,5798.48,1.76,success,えっ、あんな強めのやつ?,success,えっあんな強めのやつ?,False,12,11,-1
,029_kbc_13615767_20260714175500_seg_00942,029_kbc_13615767_20260714175500,SPEAKER_02,5801.84,5802.8,0.96,success,ってホントキティちゃん?,success,って本当キティちゃん?,False,12,11,-1
,029_kbc_13615767_20260714175500_seg_00943,029_kbc_13615767_20260714175500,SPEAKER_01,5803.44,5804.32,0.88,success,いや、違うかもしれない。,success,いや違うかもしれない。,False,12,11,-1
,029_kbc_13615767_20260714175500_seg_00944,029_kbc_13615767_20260714175500,SPEAKER_02,5806.88,5808.16,1.28,success,えー、誰やろう。,success,え誰やろう?,False,8,6,-2
,029_kbc_13615767_20260714175500_seg_00945,029_kbc_13615767_20260714175500,SPEAKER_02,5809.68,5812.4,2.72,success,てぃたんもあんまそんな強めの歌うイメージないよ。,success,じいちゃんもあんまそんな強めの歌うイメージないよ。,False,24,25,1
,029_kbc_13615767_20260714175500_seg_00946,029_kbc_13615767_20260714175500,SPEAKER_01,5812.88,5814.0,1.12,success,いやマシオの嫁の方よ。,success,山城の嫁の方よ。,False,11,8,-3
,029_kbc_13615767_20260714175500_seg_00947,029_kbc_13615767_20260714175500,SPEAKER_02,5814.24,5816.16,1.92,success,そっちかい!だいぶ強めやな。,success,そっちかい!だいぶ強めやな。,True,14,14,0
,029_kbc_13615767_20260714175500_seg_00948,029_kbc_13615767_20260714175500,SPEAKER_02,5817.28,5818.64,1.36,success,我々と同い年。,success,われわれと同い年。,False,7,9,2
,029_kbc_13615767_20260714175500_seg_00949,029_kbc_13615767_20260714175500,SPEAKER_01,5818.88,5826.48,7.6,success,シロクマさん、いやー、私には、最近なんとか選手の顔と名前が一致しだしたぐらいなんで、いや、僕もね、1位だけなんよ。,success,白熊さん、いやー、私には、最近、なんとか選手の顔と名前が一致しだしたぐらいなんで、いや、僕もね、1位だけなんよ。,False,57,56,-1
,029_kbc_13615767_20260714175500_seg_00950,029_kbc_13615767_20260714175500,SPEAKER_02,5829.2,5831.92,2.72,success,強めの強めやったよ強め。,success,強めの強めやったよ強め。,True,12,12,0
,029_kbc_13615767_20260714175500_seg_00951,029_kbc_13615767_20260714175500,SPEAKER_02,5834.08,5835.36,1.28,success,強めやったね。,success,強めやったね。,True,7,7,0
,029_kbc_13615767_20260714175500_seg_00952,029_kbc_13615767_20260714175500,SPEAKER_01,5836.24,5836.8,0.56,success,よし。,success,よし。,True,3,3,0
,029_kbc_13615767_20260714175500_seg_00953,029_kbc_13615767_20260714175500,SPEAKER_01,5837.52,5840.48,2.96,success,ちょっとポップなノリノリなイメージでやってみよう。,success,ああいうちょっとポップなノリノリのイメージでやってみよう。,False,25,29,4
,029_kbc_13615767_20260714175500_seg_00954,029_kbc_13615767_20260714175500,SPEAKER_02,5840.56,5841.2,0.64,success,イメージね。,success,イメージね。,True,6,6,0
,029_kbc_13615767_20260714175500_seg_00955,029_kbc_13615767_20260714175500,SPEAKER_02,5842.16,5846.8,4.64,success,じゃあいきますよ2曲目の選手せーの正木選手!,success,じゃあいきますよ2曲目の選手せーの正木選手!,True,22,22,0
,029_kbc_13615767_20260714175500_seg_00956,029_kbc_13615767_20260714175500,SPEAKER_02,5847.28,5847.92,0.64,success,マッキー。,success,アマッキー。,False,5,6,1
,029_kbc_13615767_20260714175500_seg_00957,029_kbc_13615767_20260714175500,SPEAKER_02,5849.68,5850.72,1.04,success,僕が正木選手。,success,僕は正木選手。,False,7,7,0
,029_kbc_13615767_20260714175500_seg_00958,029_kbc_13615767_20260714175500,SPEAKER_01,5850.96,5851.68,0.72,success,アサッキーね。,success,さっきね。,False,7,5,-2
,029_kbc_13615767_20260714175500_seg_00959,029_kbc_13615767_20260714175500,SPEAKER_02,5851.68,5853.2,1.52,success,まさっきの方またマッキーの。,success,サッキーの方あとバッキーの。,False,14,14,0
,029_kbc_13615767_20260714175500_seg_00960,029_kbc_13615767_20260714175500,SPEAKER_01,5853.36,5853.92,0.56,success,キーマは。,success,チームは。,False,5,5,0
,029_kbc_13615767_20260714175500_seg_00961,029_kbc_13615767_20260714175500,SPEAKER_02,5854.32,5856.64,2.32,success,えっこれ誰のまず何の曲これ?,success,えっこれ誰のまず何の曲これ?,True,14,14,0
,029_kbc_13615767_20260714175500_seg_00962,029_kbc_13615767_20260714175500,SPEAKER_01,5857.28,5858.16,0.88,success,?? 田君見て。,success,?? 田君見て。,True,8,8,0
,029_kbc_13615767_20260714175500_seg_00963,029_kbc_13615767_20260714175500,SPEAKER_02,5860.08,5860.939795,0.86,success,あよっしゃ。,success,はいよっしゃ!,False,6,7,1
,029_kbc_13615767_20260714175500_seg_00964,029_kbc_13615767_20260714175500,SPEAKER_02,5879.44,5880.13999,0.7,success,チョイスだ!,success,バイスだ!,False,6,5,-1
,029_kbc_13615767_20260714175500_seg_00965,029_kbc_13615767_20260714175500,SPEAKER_02,5882.8,5884.939795,2.14,success,最近ハマってるtwiceだ。,success,最近ハマってるtwiceだtwice。,False,14,19,5
,029_kbc_13615767_20260714175500_seg_00966,029_kbc_13615767_20260714175500,SPEAKER_02,5890.96,5891.66001,0.7,success,帰りあんな感じ。,success,帰りあんなか!?,False,8,8,0
,029_kbc_13615767_20260714175500_seg_00967,029_kbc_13615767_20260714175500,SPEAKER_02,5899.12,5899.819678,0.7,success,青村。,success,オムライス。,False,3,6,3
,029_kbc_13615767_20260714175500_seg_00968,029_kbc_13615767_20260714175500,SPEAKER_02,5905.84,5906.56,0.72,success,アイスいいよね。,success,アイスいいよね。,True,8,8,0
,029_kbc_13615767_20260714175500_seg_00969,029_kbc_13615767_20260714175500,SPEAKER_01,5907.04,5907.979834,0.94,success,かなと思ったんやな。,success,かなと思ったんやな。,True,10,10,0
,029_kbc_13615767_20260714175500_seg_00970,029_kbc_13615767_20260714175500,SPEAKER_02,5912.56,5913.739844,1.18,success,いやいやマジでそれ。,success,いやいやマジでそれ。,True,10,10,0
,029_kbc_13615767_20260714175500_seg_00971,029_kbc_13615767_20260714175500,SPEAKER_02,5915.92,5919.499854,3.58,success,いやいやもうそれは。,success,いやホントにそんな後出しあるんすよいやいやもうそれは。,False,10,27,17
,029_kbc_13615767_20260714175500_seg_00972,029_kbc_13615767_20260714175500,SPEAKER_01,5923.6,5924.24,0.64,success,だと思いました。,success,だと思いました。,True,8,8,0
,029_kbc_13615767_20260714175500_seg_00973,029_kbc_13615767_20260714175500,SPEAKER_02,5925.52,5926.220068,0.7,success,無理無理だ。,success,無理無理だ。,True,6,6,0
,029_kbc_13615767_20260714175500_seg_00974,029_kbc_13615767_20260714175500,SPEAKER_02,5931.76,5932.939795,1.18,success,悔しいね、ちょっと。,success,悔しいねちょっと。,False,10,9,-1
,029_kbc_13615767_20260714175500_seg_00975,029_kbc_13615767_20260714175500,SPEAKER_02,5934.64,5938.08,3.44,success,3曲目ちょっと泥臭い感じもしたよね。,success,1曲目いく3曲目ちょっとこう泥臭い感じもしたよね。,False,18,25,7
,029_kbc_13615767_20260714175500_seg_00976,029_kbc_13615767_20260714175500,SPEAKER_02,5938.8,5939.76,0.96,success,泥臭い感じ。,success,泥臭い感じ。,True,6,6,0
,029_kbc_13615767_20260714175500_seg_00977,029_kbc_13615767_20260714175500,SPEAKER_02,5941.52,5942.48,0.96,success,どうくせえ感じしたよ。,success,どうくさい感じしたよ。,False,11,11,0
,029_kbc_13615767_20260714175500_seg_00978,029_kbc_13615767_20260714175500,SPEAKER_02,5945.68,5949.28,3.6,success,泥臭い感じしたよな、泥臭い感じしたよ。,success,泥臭い感じしたよな泥臭い感じしたよ。,False,19,18,-1
,029_kbc_13615767_20260714175500_seg_00979,029_kbc_13615767_20260714175500,SPEAKER_02,5952.0,5955.68,3.68,success,河村ね、河村昭二か。,success,えっと河村ね河村昭二か。,False,10,12,2
,029_kbc_13615767_20260714175500_seg_00980,029_kbc_13615767_20260714175500,SPEAKER_02,5958.8,5960.16,1.36,success,いや、ちょっと待ってくれ。,success,いやちょっと待ってくれ。,False,13,12,-1
,029_kbc_13615767_20260714175500_seg_00981,029_kbc_13615767_20260714175500,SPEAKER_02,5964.16,5965.68,1.52,success,今日はあれはないんですか?,success,今日はあれはないんですか?,True,13,13,0
,029_kbc_13615767_20260714175500_seg_00982,029_kbc_13615767_20260714175500,SPEAKER_02,5966.08,5966.64,0.56,success,プリシマ。,success,プリシバ。,False,5,5,0
,029_kbc_13615767_20260714175500_seg_00983,029_kbc_13615767_20260714175500,SPEAKER_01,5967.04,5968.8,1.76,success,ジョージ川村でもうなくない?,success,ジョージ川村でもうなくない?,True,14,14,0
,029_kbc_13615767_20260714175500_seg_00984,029_kbc_13615767_20260714175500,SPEAKER_02,5969.04,5969.76,0.72,success,そうね。,success,そうね。,True,4,4,0
,029_kbc_13615767_20260714175500_seg_00985,029_kbc_13615767_20260714175500,SPEAKER_01,5970.56,5972.16,1.6,success,若手ですけどね。,success,若手ですけどね。,True,8,8,0
,029_kbc_13615767_20260714175500_seg_00986,029_kbc_13615767_20260714175500,SPEAKER_02,5976.4,5979.6,3.2,success,よしいこういきましょうせのドン!,success,よしいこういきましょうせーのドン!,False,16,17,1
,029_kbc_13615767_20260714175500_seg_00987,029_kbc_13615767_20260714175500,SPEAKER_02,5981.2,5984.88,3.68,success,これでちょっとキャッチャーキャッチャーラインで。,success,7ベリック私は谷川原これでちょっとキャッチャーキャッチャーラインで。,False,24,34,10
,029_kbc_13615767_20260714175500_seg_00988,029_kbc_13615767_20260714175500,SPEAKER_02,5985.44,5986.08,0.64,success,ゴンゾ。,success,権沢。,False,4,3,-1
,029_kbc_13615767_20260714175500_seg_00989,029_kbc_13615767_20260714175500,SPEAKER_02,5986.88,5989.28,2.4,success,正解の曲、この曲でした。,success,しょうか正解の曲この曲でした。,False,12,15,3
,029_kbc_13615767_20260714175500_seg_00990,029_kbc_13615767_20260714175500,SPEAKER_02,6000.88,6001.579932,0.7,success,えいと!,success,あっええ人!,False,4,6,2
,029_kbc_13615767_20260714175500_seg_00991,029_kbc_13615767_20260714175500,SPEAKER_02,6008.56,6009.739844,1.18,success,渋谷さんのグループ?,success,渋谷さんのグループ。,False,10,10,0
,029_kbc_13615767_20260714175500_seg_00992,029_kbc_13615767_20260714175500,SPEAKER_02,6012.88,6015.2,2.32,success,いやいやいや違う違う違う女子のね。,success,いやいやいや違う違う違う女子のね。,True,17,17,0
,029_kbc_13615767_20260714175500_seg_00993,029_kbc_13615767_20260714175500,SPEAKER_02,6015.84,6016.459814,0.62,success,ちょちょちょちょ。,success,ちょいちょいちょいサビ。,False,9,12,3
,029_kbc_13615767_20260714175500_seg_00994,029_kbc_13615767_20260714175500,SPEAKER_02,6020.56,6022.220068,1.66,success,コボちゃんのお母さんって。,success,コボちゃんのお母さん。,False,13,11,-2
,029_kbc_13615767_20260714175500_seg_00995,029_kbc_13615767_20260714175500,SPEAKER_02,6024.4,6027.979834,3.58,success,ロン毛のね、superbeaver渋谷さんとかじゃなかった?,success,ロン毛のねsuperbeaver渋谷さんとかじゃなかった?,False,30,29,-1
,029_kbc_13615767_20260714175500_seg_00996,029_kbc_13615767_20260714175500,SPEAKER_02,6033.52,6039.019873,5.5,success,107歳スタッフはスーパービーバーってめっちゃパービーバーの問題は出してるけども。,success,107歳スタッフはsuperbeaverってめっちゃスーパービーバーの問題は出してるけども。,False,41,46,5
,029_kbc_13615767_20260714175500_seg_00997,029_kbc_13615767_20260714175500,SPEAKER_02,6040.24,6041.899756,1.66,success,superbeaver、かっこいいよ。,success,superbeaverかっこいいよ。,False,19,18,-1
,029_kbc_13615767_20260714175500_seg_00998,029_kbc_13615767_20260714175500,SPEAKER_02,6043.6,6044.779639,1.18,success,新宿生まれみたいな。,success,新宿生まれみたいな。,True,10,10,0
,029_kbc_13615767_20260714175500_seg_00999,029_kbc_13615767_20260714175500,SPEAKER_02,6046.96,6047.66001,0.7,success,じゃね?,success,じゃね?,True,4,4,0
,029_kbc_13615767_20260714175500_seg_01000,029_kbc_13615767_20260714175500,SPEAKER_02,6050.8,6053.68,2.88,success,渋谷なのに?,success,渋谷なのに。,False,6,6,0
,029_kbc_13615767_20260714175500_seg_01001,029_kbc_13615767_20260714175500,SPEAKER_02,6054.0,6055.12,1.12,success,新宿生まれ。,success,新宿生まれ?,False,6,6,0
,029_kbc_13615767_20260714175500_seg_01002,029_kbc_13615767_20260714175500,SPEAKER_03,6055.12,6055.819678,0.7,success,そんなんじゃない。,success,そんなんじゃないの?,False,9,10,1
,029_kbc_13615767_20260714175500_seg_01003,029_kbc_13615767_20260714175500,SPEAKER_01,6058.48,6059.12,0.64,success,兄弟や。,success,兄弟や。,True,4,4,0
,029_kbc_13615767_20260714175500_seg_01004,029_kbc_13615767_20260714175500,SPEAKER_02,6063.76,6065.419775,1.66,success,えっ選手は?,success,えっ選手は?,True,6,6,0
,029_kbc_13615767_20260714175500_seg_01005,029_kbc_13615767_20260714175500,SPEAKER_02,6068.72,6070.56,1.84,success,あっ、山本。,success,しょうがないなあっ山本!,False,6,12,6
,029_kbc_13615767_20260714175500_seg_01006,029_kbc_13615767_20260714175500,SPEAKER_02,6074.8,6075.979834,1.18,success,あ確かにな。,success,確かにな。,False,6,5,-1
,029_kbc_13615767_20260714175500_seg_01007,029_kbc_13615767_20260714175500,SPEAKER_02,6082.96,6085.579932,2.62,success,あぁつくったさラスパービーム!,success,あぁ暑かったさラスパービー。,False,15,14,-1
,029_kbc_13615767_20260714175500_seg_01008,029_kbc_13615767_20260714175500,SPEAKER_02,6086.8,6091.6,4.8,success,山本選手ね。,success,どっちもいい。,False,6,7,1
,029_kbc_13615767_20260714175500_seg_01009,029_kbc_13615767_20260714175500,SPEAKER_01,6093.2,6093.84,0.64,success,ってなって。,success,フッてなって。,False,6,7,1
,029_kbc_13615767_20260714175500_seg_01010,029_kbc_13615767_20260714175500,SPEAKER_01,6094.4,6095.2,0.8,success,パーッていって。,success,パーッて行って。,False,8,8,0
,029_kbc_13615767_20260714175500_seg_01011,029_kbc_13615767_20260714175500,SPEAKER_01,6095.52,6099.6,4.08,success,ドームに別でインタビュー行ったときに、この間、すれ違いましたよねって。,success,で、ドームに別インタビュー行ったときに、この間、すれ違いましたよね?って。,False,35,37,2
,029_kbc_13615767_20260714175500_seg_01012,029_kbc_13615767_20260714175500,SPEAKER_01,6099.92,6101.04,1.12,success,ですよねみたいな。,success,ですよねみたいな。,True,9,9,0
,029_kbc_13615767_20260714175500_seg_01013,029_kbc_13615767_20260714175500,SPEAKER_02,6101.12,6109.28,8.16,success,あるあるだよね、インタビューしたことない選手と、プライベートの街とか、店で会ったとき、お互い、あれ?ってなるけど。,success,あるあるだよねインタビューしたことない選手とプライベートの街とか店で会った時お互いあれ?ってなるけど。,False,57,51,-6
,029_kbc_13615767_20260714175500_seg_01014,029_kbc_13615767_20260714175500,SPEAKER_01,6109.28,6116.16,6.88,success,あと私服やったら結構その時キャップかぶってたけどキャップかぶらんかったらさ俺ら帽子かぶり状態しか見てなかったらさ。,success,あと私服やったら結構その時キャップかぶってたけどキャップかぶらんかったらさ俺ら帽子かぶり状態しか見てなかったらさ。,True,57,57,0
,029_kbc_13615767_20260714175500_seg_01015,029_kbc_13615767_20260714175500,SPEAKER_01,6116.8,6117.36,0.56,success,意外に小耳!,success,意外にかみ合ってる。,False,6,10,4
,029_kbc_13615767_20260714175500_seg_01016,029_kbc_13615767_20260714175500,SPEAKER_01,6117.6,6118.32,0.72,success,髪形こんな。,success,髪形こんな。,True,6,6,0
,029_kbc_13615767_20260714175500_seg_01017,029_kbc_13615767_20260714175500,SPEAKER_01,6118.72,6120.72,2.0,success,とかさ分からんかったりするやん。,success,とかさ分からんかったりするやん。,True,16,16,0
,029_kbc_13615767_20260714175500_seg_01018,029_kbc_13615767_20260714175500,SPEAKER_02,6120.88,6121.76,0.88,success,こっけなとかね。,success,おっきな跡がね。,False,8,8,0
,029_kbc_13615767_20260714175500_seg_01019,029_kbc_13615767_20260714175500,SPEAKER_02,6122.24,6122.88,0.64,success,出ますもんね。,success,出ますもんね。,True,7,7,0
,029_kbc_13615767_20260714175500_seg_01020,029_kbc_13615767_20260714175500,SPEAKER_01,6123.04,6124.4,1.36,success,いこつい聞いたとかやったら分かる。,success,いこつい銀ちゃんとかやったら分かる。,False,17,18,1
,029_kbc_13615767_20260714175500_seg_01021,029_kbc_13615767_20260714175500,SPEAKER_01,6124.88,6126.64,1.76,success,シュッとした系のさ。,success,あのシュッとした系のさ。,False,10,12,2
,029_kbc_13615767_20260714175500_seg_01022,029_kbc_13615767_20260714175500,SPEAKER_01,6126.88,6128.48,1.6,success,人は多分私服やったらまた。,success,人は多分私服やったらまた。,True,13,13,0
,029_kbc_13615767_20260714175500_seg_01023,029_kbc_13615767_20260714175500,SPEAKER_02,6129.92,6130.88,0.96,success,まだでかいもんね。,success,何かでかいもんね。,False,9,9,0
,029_kbc_13615767_20260714175500_seg_01024,029_kbc_13615767_20260714175500,SPEAKER_01,6131.12,6131.68,0.56,success,いやそうよ。,success,いやそうよ。,True,6,6,0
,029_kbc_13615767_20260714175500_seg_01025,029_kbc_13615767_20260714175500,SPEAKER_02,6132.8,6136.64,3.84,success,いやsuperbeaverもまたいい曲でしたねsuperbeaver。,success,superbeaverもまたいい曲でしたねsuperbeaver。,False,35,33,-2
,029_kbc_13615767_20260714175500_seg_01026,029_kbc_13615767_20260714175500,SPEAKER_02,6137.12,6138.24,1.12,success,twice。,success,ザtwice。,False,6,7,1
,029_kbc_13615767_20260714175500_seg_01027,029_kbc_13615767_20260714175500,SPEAKER_02,6139.04,6140.0,0.96,success,そしてビーズ。,success,そしてビーズ。,True,7,7,0
,029_kbc_13615767_20260714175500_seg_01028,029_kbc_13615767_20260714175500,SPEAKER_01,6140.72,6146.32,5.6,success,アイスを1人ずつをやっぱ分からんで鍋に説明してもらうっちゃけんさ髪色で覚えとっちゃけん。,success,ダイスを1人ずつをやっぱ分からんでナベに説明してもらうっちゃけんさ髪色で覚えとっちゃけん。,False,44,45,1
,029_kbc_13615767_20260714175500_seg_01029,029_kbc_13615767_20260714175500,SPEAKER_01,6147.2,6148.48,1.28,success,神田さん、もう金髪じゃないんで。,success,カメラさんもう金髪じゃないんで。,False,16,16,0
,029_kbc_13615767_20260714175500_seg_01030,029_kbc_13615767_20260714175500,SPEAKER_02,6148.64,6150.48,1.84,success,あそうよ髪は変わるよ。,success,そうよ髪は変わるよ。,False,11,10,-1
,029_kbc_13615767_20260714175500_seg_01031,029_kbc_13615767_20260714175500,SPEAKER_01,6152.64,6154.56,1.92,success,1年目に胸に名前のやつ貼って。,success,1年目みたいに胸に名前のやつはまって。,False,15,19,4
,029_kbc_13615767_20260714175500_seg_01032,029_kbc_13615767_20260714175500,SPEAKER_02,6155.04,6156.4,1.36,success,体育みたいな。,success,ハハハハ体育みたいな。,False,7,11,4
,029_kbc_13615767_20260714175500_seg_01033,029_kbc_13615767_20260714175500,SPEAKER_02,6158.16,6162.48,4.32,success,いや皆さんはどうだったでしょうか。,success,皆さんはどうだったでしょうか。,False,17,15,-2
,029_kbc_13615767_20260714175500_seg_01034,029_kbc_13615767_20260714175500,SPEAKER_01,6163.04,6166.16,3.12,success,予算全部当てと庄司川村山本。,success,予算全バテと庄司河村山本。,False,14,13,-1
,029_kbc_13615767_20260714175500_seg_01035,029_kbc_13615767_20260714175500,SPEAKER_02,6168.72,6171.76,3.04,success,いやこれはなかなか大変でしたね。,success,いやこれはなかなか大変でしたね。,True,16,16,0
,029_kbc_13615767_20260714175500_seg_01036,029_kbc_13615767_20260714175500,SPEAKER_02,6172.08,6184.08,12.0,success,ということでまたブルリバーがやる火曜日のフルマンダーのときにはこの限定のイントロ出てこいややりますんで今日だいぶサービスサービス107歳チームだったと思うんですけど。,success,ということでまたブルリバーがやる火曜日のフルマンダーの時にはこの限定のイントロ出てこいややりますんで今日だいぶサービスサービス107歳チームだったと思うんですけど。,False,83,82,-1
,029_kbc_13615767_20260714175500_seg_01037,029_kbc_13615767_20260714175500,SPEAKER_02,6184.56,6186.4,1.84,success,ロングで聴かせてくれましたんで。,success,ロングで聴かせてくれました。,False,16,14,-2
,029_kbc_13615767_20260714175500_seg_01038,029_kbc_13615767_20260714175500,SPEAKER_02,6186.72,6190.8,4.08,success,それでも分からん方、まだまだ勉強しないといけませんね。,success,それでも分からん方まだまだ勉強しないといけませんね。,False,27,26,-1
,029_kbc_13615767_20260714175500_seg_01039,029_kbc_13615767_20260714175500,SPEAKER_02,6191.68,6203.12,11.44,success,ということでsuperbeaverの曲めちゃくちゃいい曲だったんで生きがい生きがいという曲いい曲だったんでここでしっかりフルで聴いていただきましょうか。,success,ということでsuperbeaverの曲めちゃくちゃいい曲だったんで生きがい生きがいという曲いい曲だったんでここでしっかりフルで聴いていただきましょうか。,True,76,76,0
,029_kbc_13615767_20260714175500_seg_01040,029_kbc_13615767_20260714175500,SPEAKER_02,6482.32,6483.019873,0.7,success,打ちました、打ちました。,success,打ちました打ちました。,False,12,11,-1
,029_kbc_13615767_20260714175500_seg_01041,029_kbc_13615767_20260714175500,SPEAKER_02,6491.92,6492.64,0.72,success,ジョンパン?,success,ジョン万!?,False,6,6,0
,029_kbc_13615767_20260714175500_seg_01042,029_kbc_13615767_20260714175500,SPEAKER_02,6494.16,6494.88,0.72,success,万歳!,success,問題!,False,3,3,0
,029_kbc_13615767_20260714175500_seg_01043,029_kbc_13615767_20260714175500,SPEAKER_02,6497.36,6502.700049,5.34,success,kbcホークスサイター漫談火曜日ブルーリバーが4時間の生放送でお送りしております。,success,kbcホークサイター漫談火曜日ブルーリバーが4時間の生放送でお送りしております。,False,41,40,-1
,029_kbc_13615767_20260714175500_seg_01044,029_kbc_13615767_20260714175500,SPEAKER_02,6503.92,6508.939795,5.02,success,ここまでに入っているプロ野球ニュースからご紹介しましょう。,success,ここまでに入っているプロ野球ニュースからご紹介しましょう。,True,29,29,0
,029_kbc_13615767_20260714175500_seg_01045,029_kbc_13615767_20260714175500,SPEAKER_02,6510.16,6511.339697,1.18,success,ニシスポーウェブ。,success,ニシストウェブ。,False,9,8,-1
,029_kbc_13615767_20260714175500_seg_01046,029_kbc_13615767_20260714175500,SPEAKER_02,6514.0,6516.619971,2.62,success,デッドボールを受けましてリハビリ調整中の。,success,デッドボールを受けましてリハビリ調整中の大谷選手。,False,21,25,4
,029_kbc_13615767_20260714175500_seg_01047,029_kbc_13615767_20260714175500,SPEAKER_02,6518.32,6520.8,2.48,success,サッカー選手のニュースですね。,success,サッカー選手のニュースですね。,True,15,15,0
,029_kbc_13615767_20260714175500_seg_01048,029_kbc_13615767_20260714175500,SPEAKER_02,6521.04,6524.779639,3.74,success,18日のルートインbcリーグ。,success,18日のルートインbcリーグ。,True,15,15,0
,029_kbc_13615767_20260714175500_seg_01049,029_kbc_13615767_20260714175500,SPEAKER_02,6526.48,6527.66001,1.18,success,復帰することになった。,success,で復帰することになった。,False,11,12,1
,029_kbc_13615767_20260714175500_seg_01050,029_kbc_13615767_20260714175500,SPEAKER_01,6528.88,6529.68,0.8,success,調子よかったですね。,success,調子よかったですしね。,False,10,11,1
,029_kbc_13615767_20260714175500_seg_01051,029_kbc_13615767_20260714175500,SPEAKER_02,6530.0,6535.819678,5.82,success,強かったんですよ、6月19日に今季1軍初昇格しまして、4試合に出場。,success,強かったんですよ、6月19日に今季1軍初昇格しまして4試合に出場。,False,34,33,-1
,029_kbc_13615767_20260714175500_seg_01052,029_kbc_13615767_20260714175500,SPEAKER_02,6537.04,6542.539893,5.5,success,3割6分4厘3打点とアピールしていいね、いいねなんてなってた矢先。,success,3割6分4厘3打点とアピールしていいね、いいねなんてなってた矢先。,True,33,33,0
,029_kbc_13615767_20260714175500_seg_01053,029_kbc_13615767_20260714175500,SPEAKER_02,6545.2,6547.819678,2.62,success,9回にマチャド投手の直撃ホームラン。,success,9回にマチャド投手の直撃ホームラン。,True,18,18,0
,029_kbc_13615767_20260714175500_seg_01054,029_kbc_13615767_20260714175500,SPEAKER_02,6559.6,6560.299658,0.7,success,伴う環境。,success,そうなのか?,False,5,6,1
,029_kbc_13615767_20260714175500_seg_01055,029_kbc_13615767_20260714175500,SPEAKER_02,6572.56,6573.259619,0.7,success,7月の3日。,success,7月の3日。,True,6,6,0
,029_kbc_13615767_20260714175500_seg_01056,029_kbc_13615767_20260714175500,SPEAKER_01,6576.4,6577.579932,1.18,success,石川選手、打席に対して本当。,success,大谷選手打席に対して本当。,False,14,13,-1
,029_kbc_13615767_20260714175500_seg_01057,029_kbc_13615767_20260714175500,SPEAKER_01,6580.32,6581.419775,1.1,success,川瀬選手のサヨナラヒット。,success,川瀬選手のサヨナラホームラン。,False,13,15,2
,029_kbc_13615767_20260714175500_seg_01058,029_kbc_13615767_20260714175500,SPEAKER_02,6595.6,6597.2,1.6,success,退院してさ、マスクして。,success,退院してさマスクして。,False,12,11,-1
,029_kbc_13615767_20260714175500_seg_01059,029_kbc_13615767_20260714175500,SPEAKER_02,6597.52,6599.66001,2.14,success,応援してましたけどね、ありました。,success,応援してましたけどねありました。,False,17,16,-1
,029_kbc_13615767_20260714175500_seg_01060,029_kbc_13615767_20260714175500,SPEAKER_01,6601.36,6603.019873,1.66,success,使うとこじゃなくて不幸中のサイト。,success,使うとこじゃなくて福落ちのサイン。,False,17,17,0
,029_kbc_13615767_20260714175500_seg_01061,029_kbc_13615767_20260714175500,SPEAKER_01,6611.44,6612.4,0.96,success,パパ的なのがね。,success,パパマてのがね。,False,8,8,0
,029_kbc_13615767_20260714175500_seg_01062,029_kbc_13615767_20260714175500,SPEAKER_01,6612.64,6613.76,1.12,success,2コメク辺りとか並んでる。,success,米倉辺りとか並んでる。,False,13,11,-2
,029_kbc_13615767_20260714175500_seg_01063,029_kbc_13615767_20260714175500,SPEAKER_02,6616.72,6618.379736,1.66,success,やっぱり残念残ってるでしょうからね。,success,やっぱり残念残ってるでしょうからね。,True,18,18,0
,029_kbc_13615767_20260714175500_seg_01064,029_kbc_13615767_20260714175500,SPEAKER_02,6619.6,6621.2,1.6,success,ようやくつかんだ1軍の舞台でこう。,success,ようやくつかんだ1軍の舞台でこういう。,False,17,19,2
,029_kbc_13615767_20260714175500_seg_01065,029_kbc_13615767_20260714175500,SPEAKER_02,6621.52,6622.64,1.12,success,勝っただけにね。,success,勝っただけにね。,True,8,8,0
,029_kbc_13615767_20260714175500_seg_01066,029_kbc_13615767_20260714175500,SPEAKER_02,6623.04,6626.539893,3.5,success,最初、骨折っていう所見もなかったので。,success,最初骨折っていう所見もなかったので。,False,19,18,-1
,029_kbc_13615767_20260714175500_seg_01067,029_kbc_13615767_20260714175500,SPEAKER_02,6628.72,6629.419775,0.7,success,そうなんです。,success,そうなんですけど。,False,7,9,2
,029_kbc_13615767_20260714175500_seg_01068,029_kbc_13615767_20260714175500,SPEAKER_02,6632.08,6645.259619,13.18,success,この手術も必要だったため9日間の入院を余儀なくされたということで13日にタマスタ地区ごでバッティング練習とか守備の練習に汗を流しまして体がもん。,success,この手術も必要だったため9日間の入院を余儀なくされたということで13日にタマスタ地区ごでバッティング練習とか守備の練習に汗を流しまして体が問題。,False,72,72,0
,029_kbc_13615767_20260714175500_seg_01069,029_kbc_13615767_20260714175500,SPEAKER_02,6646.48,6651.019873,4.54,success,限なくやれていると強調しましたいつでもいける試合で結果を残したい。,success,縁なくやれていると強調しましたいつでもいける試合で結果を残したい。,False,33,33,0
,029_kbc_13615767_20260714175500_seg_01070,029_kbc_13615767_20260714175500,SPEAKER_02,6652.72,6655.339697,2.62,success,18日ですからもうちょっと先ですかね。,success,18日ですからもうちょっと先ですかね。,True,19,19,0
,029_kbc_13615767_20260714175500_seg_01071,029_kbc_13615767_20260714175500,SPEAKER_01,6657.44,6661.76,4.32,success,さあやっぱもう総力戦になる時がいっぱい来ますんでね投手陣もそうですし打者も。,success,さあやっぱもう総力戦になる時がいっぱい来ますんでね投手陣もそうですし打者陣も。,False,38,39,1
,029_kbc_13615767_20260714175500_seg_01072,029_kbc_13615767_20260714175500,SPEAKER_02,6666.96,6667.76,0.8,success,あの。,success,あの。,True,3,3,0
,029_kbc_13615767_20260714175500_seg_01073,029_kbc_13615767_20260714175500,SPEAKER_02,6669.04,6672.13999,3.1,success,18日は週末か、週末の試合で実戦。,success,中日は週末か週末の試合で実戦。,False,17,15,-2
,029_kbc_13615767_20260714175500_seg_01074,029_kbc_13615767_20260714175500,SPEAKER_02,6675.76,6682.56,6.8,success,こちらもニシスポーウェブotの記事ですソフトバンク育成の田上奏大が見事な火消しと。,success,こちらもニシスポーwebotの記事ですソフトバンク育成の田上奏大が見事な火消しと。,False,41,41,0
,029_kbc_13615767_20260714175500_seg_01075,029_kbc_13615767_20260714175500,SPEAKER_02,6683.92,6690.859717,6.94,success,練習試合、ソフトバンク3軍対ルートインbcリーグ選抜のゲームが行われまして4−2でソフトバンク。,success,練習試合ソフトバンク3軍対ルートインbcリーグ選抜のゲームが行われまして4対2でソフトバンク。,False,48,47,-1
,029_kbc_13615767_20260714175500_seg_01076,029_kbc_13615767_20260714175500,SPEAKER_02,6694.96,6696.619971,1.66,success,育成の田上颯太投手。,success,育成の田上草太投手。,False,10,10,0
,029_kbc_13615767_20260714175500_seg_01077,029_kbc_13615767_20260714175500,SPEAKER_02,6699.699854,6701.419775,1.72,success,発表しました、8回。,success,終了しました、8回。,False,10,10,0
,029_kbc_13615767_20260714175500_seg_01078,029_kbc_13615767_20260714175500,SPEAKER_02,6703.6,6706.219824,2.62,success,三四郎投手がこの回4四球。,success,三四郎投手がこの回4四球。,True,13,13,0
,029_kbc_13615767_20260714175500_seg_01079,029_kbc_13615767_20260714175500,SPEAKER_02,6707.44,6708.13999,0.7,success,請求が定まる。,success,定級が定まる。,False,7,7,0
,029_kbc_13615767_20260714175500_seg_01080,029_kbc_13615767_20260714175500,SPEAKER_02,6712.24,6714.859717,2.62,success,満塁で3番打者へのカウントがツーボール。,success,満塁で3番打者へのカウントがツーボール。,True,20,20,0
,029_kbc_13615767_20260714175500_seg_01081,029_kbc_13615767_20260714175500,SPEAKER_02,6718.48,6719.68,1.2,success,途中カウントから。,success,途中カウントから。,True,9,9,0
,029_kbc_13615767_20260714175500_seg_01082,029_kbc_13615767_20260714175500,SPEAKER_02,6720.08,6722.059912,1.98,success,登板しまして交代の。,success,登板しまして交代の。,True,10,10,0
,029_kbc_13615767_20260714175500_seg_01083,029_kbc_13615767_20260714175500,SPEAKER_02,6724.72,6725.899756,1.18,success,マウンドまで駆けつけたと。,success,マウンドまで駆けつけたと。,True,13,13,0
,029_kbc_13615767_20260714175500_seg_01084,029_kbc_13615767_20260714175500,SPEAKER_02,6728.56,6730.219824,1.66,success,マウンドに行って話すのは初めてです。,success,マウンドに行って話すのは初めてだ。,False,18,17,-1
,029_kbc_13615767_20260714175500_seg_01085,029_kbc_13615767_20260714175500,SPEAKER_02,6734.32,6736.459814,2.14,success,11日の試合は3四球の3失点。,success,11日の試合は3四球。,False,15,11,-4
,029_kbc_13615767_20260714175500_seg_01086,029_kbc_13615767_20260714175500,SPEAKER_02,6739.12,6741.259619,2.14,success,楽になったと田上草太投手は。,success,楽になったと田上草太投手は。,True,14,14,0
,029_kbc_13615767_20260714175500_seg_01087,029_kbc_13615767_20260714175500,SPEAKER_02,6743.44,6745.099951,1.66,success,濃い火消しをここでバシッと。,success,いい火消しをここでバシッと。,False,14,14,0
,029_kbc_13615767_20260714175500_seg_01088,029_kbc_13615767_20260714175500,SPEAKER_02,6748.72,6750.379736,1.66,success,公式戦で20試合登板しました。,success,公式戦で20試合登板しました。,True,15,15,0
,029_kbc_13615767_20260714175500_seg_01089,029_kbc_13615767_20260714175500,SPEAKER_02,6754.48,6756.13999,1.66,success,打っている田辺投手なんですが。,success,出ている田上投手なんですが。,False,15,14,-1
,029_kbc_13615767_20260714175500_seg_01090,029_kbc_13615767_20260714175500,SPEAKER_02,6761.2,6762.379736,1.18,success,きっかけにこう。,success,きっかけにこうなる。,False,8,10,2
,029_kbc_13615767_20260714175500_seg_01091,029_kbc_13615767_20260714175500,SPEAKER_01,6766.0,6768.4,2.4,success,9歳ぐらいのとき、1回先発投げましたもんね。,success,9歳ぐらいの時1回先発投げましたもんね。,False,22,20,-2
,029_kbc_13615767_20260714175500_seg_01092,029_kbc_13615767_20260714175500,SPEAKER_01,6769.04,6769.68,0.64,success,ガイネ。,success,1回ね。,False,4,4,0
,029_kbc_13615767_20260714175500_seg_01093,029_kbc_13615767_20260714175500,SPEAKER_02,6769.76,6770.48,0.72,success,すごくいい!,success,すごくいい!,True,6,6,0
,029_kbc_13615767_20260714175500_seg_01094,029_kbc_13615767_20260714175500,SPEAKER_01,6772.48,6773.44,0.96,success,おいっ子でしたっけ?,success,おいっ子でしたっけ?,True,10,10,0
,029_kbc_13615767_20260714175500_seg_01095,029_kbc_13615767_20260714175500,SPEAKER_02,6783.2,6783.76,0.56,success,君なんです。,success,地味なんです。,False,6,7,1
,029_kbc_13615767_20260714175500_seg_01096,029_kbc_13615767_20260714175500,SPEAKER_02,6784.0,6786.379736,2.38,success,ねえはい!という記事で。,success,ねえはーい!という記事で。,False,12,13,1
,029_kbc_13615767_20260714175500_seg_01097,029_kbc_13615767_20260714175500,SPEAKER_02,6788.56,6793.36,4.8,success,それでは現在行われておりますプロ野球の試合結果をここでお伝えしましょう。,success,それでは現在行われておりますプロ野球の試合結果をここでお伝えしましょう。,True,36,36,0
,029_kbc_13615767_20260714175500_seg_01098,029_kbc_13615767_20260714175500,SPEAKER_02,6799.6,6802.700049,3.1,success,まずは楽天モバイルのイーグルス対バファローズのゲーム。,success,まずは楽天モバイルのイーグルス対バファローズのゲーム。,True,27,27,0
,029_kbc_13615767_20260714175500_seg_01099,029_kbc_13615767_20260714175500,SPEAKER_02,6808.24,6809.419775,1.18,success,6回裏、イーグルスの攻撃。,success,6回裏イーグルスの攻撃。,False,13,12,-1
,029_kbc_13615767_20260714175500_seg_01100,029_kbc_13615767_20260714175500,SPEAKER_02,6814.0,6815.66001,1.66,success,ベルーナドームライオンズ対マリナーズ。,success,ベルーナドームライオンズ対マリナーズ。,True,19,19,0
,029_kbc_13615767_20260714175500_seg_01101,029_kbc_13615767_20260714175500,SPEAKER_02,6817.36,6818.059912,0.7,success,タイで。,success,タイで。,True,4,4,0
,029_kbc_13615767_20260714175500_seg_01102,029_kbc_13615767_20260714175500,SPEAKER_02,6831.76,6836.299658,4.54,success,ジャクソン投手、ちょっと粘ってほしいですね、ちょっとライオンズにこれ以上追加点を取らない。,success,ジャクソン投手ちょっと粘ってほしいですね。,False,45,21,-24
,029_kbc_13615767_20260714175500_seg_01103,029_kbc_13615767_20260714175500,SPEAKER_02,6838.96,6839.66001,0.7,success,きょう、デーゲームです。,success,今日デーゲームです。,False,12,10,-2
,029_kbc_13615767_20260714175500_seg_01104,029_kbc_13615767_20260714175500,SPEAKER_02,6846.64,6848.299658,1.66,success,セリーグはナイトゲーム3試合が行われます。,success,セリーグはナイトゲーム3試合が行われます。,True,21,21,0
,029_kbc_13615767_20260714175500_seg_01105,029_kbc_13615767_20260714175500,SPEAKER_02,6850.48,6853.579932,3.1,success,スワローズ対ジャイアンツのゲームは0対0。,success,今日のスワローズ対ジャイアンツのゲームは0対0。,False,21,24,3
,029_kbc_13615767_20260714175500_seg_01106,029_kbc_13615767_20260714175500,SPEAKER_02,6854.8,6860.779639,5.98,success,ゲームに動きはございません、6回の裏、ヤクルト、スワローズの攻撃。,success,ゲームに動きはございません6回の裏、ヤクルト、スワローズの。,False,33,30,-3
,029_kbc_13615767_20260714175500_seg_01107,029_kbc_13615767_20260714175500,SPEAKER_02,6872.56,6874.700049,2.14,success,一方、ドラゴンズ対タイガースのゲームは。,success,ドラゴンズ対タイガースのゲームは。,False,20,17,-3
,029_kbc_13615767_20260714175500_seg_01108,029_kbc_13615767_20260714175500,SPEAKER_02,6875.92,6876.619971,0.7,success,タイガースが。,success,タイガースが。,True,7,7,0
,029_kbc_13615767_20260714175500_seg_01109,029_kbc_13615767_20260714175500,SPEAKER_02,6879.76,6881.419775,1.66,success,もう今、2桁勝っている。,success,もう今2桁勝っている。,False,12,11,-1
,029_kbc_13615767_20260714175500_seg_01110,029_kbc_13615767_20260714175500,SPEAKER_02,6882.64,6883.68,1.04,success,高橋遥人。,success,高橋遥人。,True,5,5,0
,029_kbc_13615767_20260714175500_seg_01111,029_kbc_13615767_20260714175500,SPEAKER_02,6884.0,6884.779639,0.78,success,おとうさん。,success,お父さん。,False,6,5,-1
,029_kbc_13615767_20260714175500_seg_01112,029_kbc_13615767_20260714175500,SPEAKER_02,6886.48,6888.13999,1.66,success,ドラゴンズの村松。,success,ドラゴンズの村松投手。,False,9,11,2
,029_kbc_13615767_20260714175500_seg_01113,029_kbc_13615767_20260714175500,SPEAKER_02,6889.36,6895.339697,5.98,success,ソロホームランを放ちまして2−1と1点差に迫っております。,success,ソロホームランを放ちまして2対1と1点差に迫っております。,False,29,29,0
,029_kbc_13615767_20260714175500_seg_01114,029_kbc_13615767_20260714175500,SPEAKER_02,6904.24,6904.939795,0.7,success,ザッサジャン。,success,ダッサじゃん。,False,7,7,0
,029_kbc_13615767_20260714175500_seg_01115,029_kbc_13615767_20260714175500,SPEAKER_02,6907.12,6908.299658,1.18,success,スターズのゲームは4対3。,success,マイカーズのゲームは4対0。,False,13,14,1
,029_kbc_13615767_20260714175500_seg_01116,029_kbc_13615767_20260714175500,SPEAKER_02,6911.380029,6913.099951,1.72,success,ですが今、5回の表、ベイスターズの攻撃。,success,ですが今、5回の表ベイスターズの攻撃。,False,20,19,-1
,029_kbc_13615767_20260714175500_seg_01117,029_kbc_13615767_20260714175500,SPEAKER_02,6914.32,6916.939795,2.62,success,ワンアウト満塁の逆転のチャンス。,success,ワンアウト満塁の逆転のチャンス。,True,16,16,0
,029_kbc_13615767_20260714175500_seg_01118,029_kbc_13615767_20260714175500,SPEAKER_02,6927.28,6930.379736,3.1,success,きましたね、スワローズが1点先制。,success,きましたねスワローズが1点先制。,False,17,16,-1
,029_kbc_13615767_20260714175500_seg_01119,029_kbc_13615767_20260714175500,SPEAKER_02,6934.48,6937.579932,3.1,success,このあとも随時、プロ野球の試合形式です。,success,このあとも随時、プロ野球の試合形式です。,True,20,20,0
,029_kbc_13615767_20260714175500_seg_01120,029_kbc_13615767_20260714175500,SPEAKER_01,6947.92,6949.44,1.52,success,小さな風が。,success,小さな風が。,True,6,6,0
,029_kbc_13615767_20260714175500_seg_01121,029_kbc_13615767_20260714175500,SPEAKER_01,6949.84,6951.019873,1.18,success,記憶のかけらをはまった。,success,記憶のかけらを剥ぐ。,False,12,10,-2
,029_kbc_13615767_20260714175500_seg_01122,029_kbc_13615767_20260714175500,SPEAKER_00,6965.619775,6966.379736,0.76,success,点火の翌日。,success,点火の翌日。,True,6,6,0
,029_kbc_13615767_20260714175500_seg_01123,029_kbc_13615767_20260714175500,SPEAKER_02,7007.36,7008.13999,0.78,success,kbcラジオ。,success,kbcラジオ。,True,7,7,0
,029_kbc_13615767_20260714175500_seg_01124,029_kbc_13615767_20260714175500,SPEAKER_02,7015.6,7022.48,6.88,success,ホークスナイター漫談火曜日ビルリバーが4時間の生放送でお送りしております時刻は7時52分になりました。,success,フォークスナイター漫談火曜日ブルーリバーが4時間の生放送でお送りしております時刻は7時52分になりました。,False,51,53,2
,029_kbc_13615767_20260714175500_seg_01125,029_kbc_13615767_20260714175500,SPEAKER_01,7022.56,7028.16,5.6,success,ラジオネーム最先端の古墳さんですね。,success,メール来てますラジオネーム最先端の古墳さんですね。,False,18,25,7
,029_kbc_13615767_20260714175500_seg_01126,029_kbc_13615767_20260714175500,SPEAKER_01,7028.4,7034.539893,6.14,success,79歳の母とlineをしていたら私と同じくサッカー好きの母がワールドカップスペイン応援してますよ。,success,79歳の母とlineをしていたら、私と同じくサッカー好きの母が、ワールドカップスペイン応援してますよ。,False,49,51,2
,029_kbc_13615767_20260714175500_seg_01127,029_kbc_13615767_20260714175500,SPEAKER_01,7035.699854,7038.0,2.3,success,小さい文字のよにしてました。,success,小さい文字のようにしてました。,False,14,15,1
,029_kbc_13615767_20260714175500_seg_01128,029_kbc_13615767_20260714175500,SPEAKER_01,7038.64,7049.419775,10.78,success,エムバペすごいね、ハーランドは残念、エムバペすごいねのイを小さいイにしてみたり、ちょっと前のギャルがやってたような文章を売ってきました。,success,エムバペすごいね、ハーランドは残念、エムバペすごいねのイを小さいイにしてみたり、ちょっと前のギャルがやってたような文章を追ってきました。,False,68,68,0
,029_kbc_13615767_20260714175500_seg_01129,029_kbc_13615767_20260714175500,SPEAKER_01,7050.64,7051.819678,1.18,success,頭だと思いますが、衝撃は。,success,まだまだと思いますが衝撃の映像。,False,13,16,3
,029_kbc_13615767_20260714175500_seg_01130,029_kbc_13615767_20260714175500,SPEAKER_01,7053.52,7055.2,1.68,success,どうのでそのままにしてますよ。,success,どうのでそのままにしてますよ。,True,15,15,0
,029_kbc_13615767_20260714175500_seg_01131,029_kbc_13615767_20260714175500,SPEAKER_02,7057.84,7058.539893,0.7,success,みたいな打ち方。,success,みたいな打ち方。,True,8,8,0
,029_kbc_13615767_20260714175500_seg_01132,029_kbc_13615767_20260714175500,SPEAKER_01,7063.6,7065.84,2.24,success,ちっちゃいのいらないかんのに、全部大文字で来た。,success,ちっちゃいのいらないかんのに全部大文字で来て。,False,24,23,-1
,029_kbc_13615767_20260714175500_seg_01133,029_kbc_13615767_20260714175500,SPEAKER_01,7071.28,7072.0,0.72,success,やっぱね、スペイン。,success,やっぱねスペイン。,False,10,9,-1
,029_kbc_13615767_20260714175500_seg_01134,029_kbc_13615767_20260714175500,SPEAKER_01,7079.44,7080.48,1.04,success,フランス、スペイン。,success,フランススペイン。,False,10,9,-1
,029_kbc_13615767_20260714175500_seg_01135,029_kbc_13615767_20260714175500,SPEAKER_01,7083.76,7084.88,1.12,success,対アルゼンチン。,success,対アルゼンチン。,True,8,8,0
,029_kbc_13615767_20260714175500_seg_01136,029_kbc_13615767_20260714175500,SPEAKER_02,7084.88,7085.419775,0.54,success,アルゼンチン。,success,忘れました。,False,7,6,-1
,029_kbc_13615767_20260714175500_seg_01137,029_kbc_13615767_20260714175500,SPEAKER_01,7089.52,7090.24,0.72,success,なかったね。,success,なかったね。,True,6,6,0
,029_kbc_13615767_20260714175500_seg_01138,029_kbc_13615767_20260714175500,SPEAKER_02,7091.52,7092.56,1.04,success,強いですね。,success,強いですね。,True,6,6,0
,029_kbc_13615767_20260714175500_seg_01139,029_kbc_13615767_20260714175500,SPEAKER_01,7092.56,7093.6,1.04,success,やっぱね。,success,やっぱね。,True,5,5,0
,029_kbc_13615767_20260714175500_seg_01140,029_kbc_13615767_20260714175500,SPEAKER_01,7095.76,7098.48,2.72,success,候補ですけどもね、あと得点王争いもね。,success,6候補ですけども、あと得点王争いもね。,False,19,19,0
,029_kbc_13615767_20260714175500_seg_01141,029_kbc_13615767_20260714175500,SPEAKER_02,7098.48,7101.84,3.36,success,フランスのやっぱ攻撃、ちょっと別格なような。,success,フランスのやっぱ攻撃ちょっとこう別格なような。,False,22,23,1
,029_kbc_13615767_20260714175500_seg_01142,029_kbc_13615767_20260714175500,SPEAKER_01,7103.6,7107.44,3.84,success,結構圧勝してますもんね、そこはどうなるのかっていうね。,success,結構圧勝してますもんね、そこはどうなるのかっていうね。,True,27,27,0
,029_kbc_13615767_20260714175500_seg_01143,029_kbc_13615767_20260714175500,SPEAKER_01,7108.32,7110.72,2.4,success,フランス、準決勝はね。,success,フランス、準決勝はね。,True,11,11,0
,029_kbc_13615767_20260714175500_seg_01144,029_kbc_13615767_20260714175500,SPEAKER_01,7113.12,7113.7396,0.62,success,スペインも。,success,スペインも。,True,6,6,0
,029_kbc_13615767_20260714175500_seg_01145,029_kbc_13615767_20260714175500,SPEAKER_01,7117.36,7118.059912,0.7,success,点取られてる。,success,まだ点取られてる。,False,7,9,2
,029_kbc_13615767_20260714175500_seg_01146,029_kbc_13615767_20260714175500,SPEAKER_01,7121.68,7125.04,3.36,success,前回大会の日本に負けたやん、三笘の1ミリで。,success,前回大会の日本に負けたやん三笘の1ミリで。,False,22,21,-1
,029_kbc_13615767_20260714175500_seg_01147,029_kbc_13615767_20260714175500,SPEAKER_02,7140.4,7142.059912,1.66,success,やっぱフランスのあのこういう。,success,やっぱフランスのこういう。,False,15,13,-2
,029_kbc_13615767_20260714175500_seg_01148,029_kbc_13615767_20260714175500,SPEAKER_02,7143.28,7143.979834,0.7,success,ぶち壊していくの。,success,ぶち壊していくの?,False,9,9,0
,029_kbc_13615767_20260714175500_seg_01149,029_kbc_13615767_20260714175500,SPEAKER_01,7147.6,7149.6,2.0,success,3回目27ぐらいの。,success,3回目27ぐらいかそれ。,False,10,12,2
,029_kbc_13615767_20260714175500_seg_01150,029_kbc_13615767_20260714175500,SPEAKER_02,7154.32,7157.76,3.44,success,もう歴代1位になる可能性は大いにあるわけです。,success,もう歴代1位になる可能性は大いにあるわけです。,True,23,23,0
,029_kbc_13615767_20260714175500_seg_01151,029_kbc_13615767_20260714175500,SPEAKER_03,7161.52,7164.13999,2.62,success,続きまして神奈川県とらきんさん。,success,続きまして神奈川県とらきんさん。,True,16,16,0
,029_kbc_13615767_20260714175500_seg_01152,029_kbc_13615767_20260714175500,SPEAKER_03,7165.36,7167.44,2.08,success,父ちゃん、母ちゃん、マンディの皆さん、お疲れさまです。,success,父ちゃん母ちゃんマンディの皆さんお疲れさまです。,False,27,24,-3
,029_kbc_13615767_20260714175500_seg_01153,029_kbc_13615767_20260714175500,SPEAKER_02,7167.52,7168.08,0.56,success,お疲れさまです。,success,お疲れさまです。,True,8,8,0
,029_kbc_13615767_20260714175500_seg_01154,029_kbc_13615767_20260714175500,SPEAKER_03,7168.16,7169.899756,1.74,success,夏のボーナスが支給され。,success,夏のボーナスが支給され。,True,12,12,0
,029_kbc_13615767_20260714175500_seg_01155,029_kbc_13615767_20260714175500,SPEAKER_03,7171.2,7174.700049,3.5,success,日頃頑張ってくれる若手かっこ19歳から25歳。,success,日頃頑張ってくれる若手19歳から25歳。,False,23,20,-3
,029_kbc_13615767_20260714175500_seg_01156,029_kbc_13615767_20260714175500,SPEAKER_03,7175.92,7176.8,0.88,success,50円いきました。,success,50円いきました。,True,9,9,0
,029_kbc_13615767_20260714175500_seg_01157,029_kbc_13615767_20260714175500,SPEAKER_03,7178.8,7182.859717,4.06,success,年齢層も35歳以上が大多数をしているため、ふだんやりづらいだろうなと思っていた。,success,年齢層も35歳以上が大多数をしているためふだんやりづらいだろうなと思っていた。,False,40,39,-1
,029_kbc_13615767_20260714175500_seg_01158,029_kbc_13615767_20260714175500,SPEAKER_03,7184.08,7188.13999,4.06,success,いいかな?って聞いたら、焼き肉、おいしいやつが食べたいってリクエストがあったので、?? 々苑でごちそうしました。,success,いいかな?って聞いたら焼き肉美味しいやつが食べたいってリクエストがあったので?? 宴でごちそうします。,False,56,51,-5
,029_kbc_13615767_20260714175500_seg_01159,029_kbc_13615767_20260714175500,SPEAKER_03,7189.36,7194.16,4.8,success,このようにはしゃいでいてこちらはそれでおなかいっぱいうれしいことあると気持ちが晴れやかになります。,success,いつものようにはしゃいでいてこちらはそれでおなかいっぱいうれしいことあると気持ちが晴れやかになります。,False,49,51,2
,029_kbc_13615767_20260714175500_seg_01160,029_kbc_13615767_20260714175500,SPEAKER_02,7194.16,7195.04,0.88,success,確かにね。,success,確かにね。,True,5,5,0
,029_kbc_13615767_20260714175500_seg_01161,029_kbc_13615767_20260714175500,SPEAKER_03,7195.12,7198.219824,3.1,success,再発のようでいつまで生きれるか正直自信がないですが人を殺す。,success,再発のようでいつまで生きれるか正直自信がないですが人を殺す。,True,30,30,0
,029_kbc_13615767_20260714175500_seg_01162,029_kbc_13615767_20260714175500,SPEAKER_02,7199.92,7200.619971,0.7,success,いやだからそれ。,success,いやだからそれ。,True,8,8,0
,029_kbc_13615767_20260714175500_seg_01163,029_kbc_13615767_20260714175500,SPEAKER_02,7201.84,7204.32,2.48,success,エネルギーでね。,success,エネルギーでね。,True,8,8,0
,029_kbc_13615767_20260714175500_seg_01164,029_kbc_13615767_20260714175500,SPEAKER_02,7205.36,7206.859717,1.5,success,吹き飛ばすぞっていうね。,success,吹き飛ばすぞっていうね。,True,12,12,0
,029_kbc_13615767_20260714175500_seg_01165,029_kbc_13615767_20260714175500,SPEAKER_01,7208.08,7208.64,0.56,success,もういっちょけ。,success,もういっちょけん。,False,8,9,1
,029_kbc_13615767_20260714175500_seg_01166,029_kbc_13615767_20260714175500,SPEAKER_02,7210.32,7211.84,1.52,success,10代やったもん、うれしい。,success,10代やったらもううれしい。,False,14,14,0
,029_kbc_13615767_20260714175500_seg_01167,029_kbc_13615767_20260714175500,SPEAKER_01,7212.88,7213.52,0.64,success,店やったらもう。,success,じゃあやったらもう。,False,8,10,2
,029_kbc_13615767_20260714175500_seg_01168,029_kbc_13615767_20260714175500,SPEAKER_01,7213.76,7215.28,1.52,success,タレかけといたら分からんっちゃけ。,success,タレかけといたら分からんっちゃけん。,False,17,18,1
,029_kbc_13615767_20260714175500_seg_01169,029_kbc_13615767_20260714175500,SPEAKER_02,7215.28,7216.72,1.44,success,あっはい。,success,あっはい。,True,5,5,0
,029_kbc_13615767_20260714175500_seg_01170,029_kbc_13615767_20260714175500,SPEAKER_02,7216.96,7221.92,4.96,success,でも?? 々苑とかやっぱ憧れあったよね若いときにさ。,success,でも?? 々苑とかやっぱ憧れあったよね若い時にさ。,False,26,25,-1
,029_kbc_13615767_20260714175500_seg_01171,029_kbc_13615767_20260714175500,SPEAKER_01,7222.32,7223.52,1.2,success,河合さんに連れてもらったもん。,success,川合さんに連れてもらったもん。,False,15,15,0
,029_kbc_13615767_20260714175500_seg_01172,029_kbc_13615767_20260714175500,SPEAKER_02,7223.6,7224.48,0.88,success,あ続いてまた。,success,あ連れてってもらった。,False,7,11,4
,029_kbc_13615767_20260714175500_seg_01173,029_kbc_13615767_20260714175500,SPEAKER_01,7224.48,7225.12,0.64,success,東京行ってすぐ。,success,東京行ってすぐ。,True,8,8,0
,029_kbc_13615767_20260714175500_seg_01174,029_kbc_13615767_20260714175500,SPEAKER_02,7226.88,7227.44,0.56,success,ねっ。,success,ねえ!,False,3,3,0
,029_kbc_13615767_20260714175500_seg_01175,029_kbc_13615767_20260714175500,SPEAKER_02,7227.92,7233.36,5.44,success,福岡にできたのもさテレビでさ女?? 園って見よったけど福岡なかったやん。,success,福岡にできたのもさテレビでさ女?? 園って見よったけど福岡なかったやん。,True,36,36,0
,029_kbc_13615767_20260714175500_seg_01176,029_kbc_13615767_20260714175500,SPEAKER_01,7233.52,7235.52,2.0,success,俺、福岡?? 々苑行ったことないかもしれない。,success,俺福岡?? 々苑行ったことないかもしれない。,False,23,22,-1
,029_kbc_13615767_20260714175500_seg_01177,029_kbc_13615767_20260714175500,SPEAKER_02,7237.36,7239.52,2.16,success,でも最初やっぱ行きたい!ってなったやんちょっと。,success,でも最初やっぱ行きたい!ってなったやん女性。,False,24,22,-2
,029_kbc_13615767_20260714175500_seg_01178,029_kbc_13615767_20260714175500,SPEAKER_02,7241.2,7242.0,0.8,success,そう!,success,あそぼう!,False,3,5,2
,029_kbc_13615767_20260714175500_seg_01179,029_kbc_13615767_20260714175500,SPEAKER_01,7242.08,7244.32,2.24,success,高級焼き肉のイメージはもう徐々に。,success,高級焼き肉のイメージはもう徐々に。,True,17,17,0
,029_kbc_13615767_20260714175500_seg_01180,029_kbc_13615767_20260714175500,SPEAKER_02,7245.44,7246.219824,0.78,success,?? 園弁当。,success,?? 々苑弁当。,False,7,8,1
,029_kbc_13615767_20260714175500_seg_01181,029_kbc_13615767_20260714175500,SPEAKER_02,7248.88,7250.539893,1.66,success,あれ、博多のあそこの。,success,あれ博多のあそこの。,False,11,10,-1
,029_kbc_13615767_20260714175500_seg_01182,029_kbc_13615767_20260714175500,SPEAKER_02,7256.019678,7259.92,3.9,success,昔はね、あそこにもあったね、国体のところにもありましたよね。,success,昔はあそこにもあった国体のところにもありましたよね。,False,30,26,-4
,029_kbc_13615767_20260714175500_seg_01183,029_kbc_13615767_20260714175500,SPEAKER_01,7260.16,7262.56,2.4,success,1期生2期生でさ要ライブ終わりでさ。,success,1期生2期生でさ要はライブ終わりでさ。,False,18,19,1
,029_kbc_13615767_20260714175500_seg_01184,029_kbc_13615767_20260714175500,SPEAKER_01,7265.68,7266.379736,0.7,success,ニクエスト1曲。,success,焼肉ウエスト行き今日。,False,8,11,3
,029_kbc_13615767_20260714175500_seg_01185,029_kbc_13615767_20260714175500,SPEAKER_01,7268.56,7269.68,1.12,success,3500円、3000円。,success,3500円、3000円。,True,12,12,0
,029_kbc_13615767_20260714175500_seg_01186,029_kbc_13615767_20260714175500,SPEAKER_01,7270.32,7271.76,1.44,success,なんか食べれる肉が変わるやつ。,success,なんか食べれる肉が変わるやつ。,True,15,15,0
,029_kbc_13615767_20260714175500_seg_01187,029_kbc_13615767_20260714175500,SPEAKER_01,7274.0,7274.539893,0.54,success,エサあれは。,success,いやさあれウソ。,False,6,8,2
,029_kbc_13615767_20260714175500_seg_01188,029_kbc_13615767_20260714175500,SPEAKER_01,7286.32,7287.2,0.88,success,肉。,success,肉。,True,2,2,0
,029_kbc_13615767_20260714175500_seg_01189,029_kbc_13615767_20260714175500,SPEAKER_02,7287.2,7288.459814,1.26,success,チャンピオンもね。,success,チャンピオン。,False,9,7,-2
,029_kbc_13615767_20260714175500_seg_01190,029_kbc_13615767_20260714175500,SPEAKER_02,7289.68,7290.8,1.12,success,食うてんじゃんやった。,success,食うてんじゃんあんた。,False,11,11,0
,029_kbc_13615767_20260714175500_seg_01191,029_kbc_13615767_20260714175500,SPEAKER_01,7291.76,7293.44,1.68,success,ドラキンさん、すごいですね。,success,ドラキンさんすごいですね。,False,14,13,-1
,029_kbc_13615767_20260714175500_seg_01192,029_kbc_13615767_20260714175500,SPEAKER_01,7294.32,7296.4,2.08,success,連れて?? 々に行ったら、そりゃ何万もいった。,success,連れて?? 々院行ったらそら何万もいった。,False,23,21,-2
,029_kbc_13615767_20260714175500_seg_01193,029_kbc_13615767_20260714175500,SPEAKER_02,7296.88,7301.6,4.72,success,みんなやっぱボーナスって出ながら。,success,やろうなみんなやっぱボーナスって出ながら。,False,17,21,4
,029_kbc_13615767_20260714175500_seg_01194,029_kbc_13615767_20260714175500,SPEAKER_01,7302.32,7304.4,2.08,success,夏のボーナスって大体ね、7月とか8月。,success,夏のボーナスって大体ね7月とか8月。,False,19,18,-1
,029_kbc_13615767_20260714175500_seg_01195,029_kbc_13615767_20260714175500,SPEAKER_01,7305.92,7307.28,1.36,success,われわれも明日給料日で。,success,我々も明日給料日で。,False,12,10,-2
,029_kbc_13615767_20260714175500_seg_01196,029_kbc_13615767_20260714175500,SPEAKER_01,7308.24,7310.32,2.08,success,今日あれ来てましたもん。,success,今日あのあれ来てました僕。,False,12,13,1
,029_kbc_13615767_20260714175500_seg_01197,029_kbc_13615767_20260714175500,SPEAKER_02,7312.24,7313.12,0.88,success,シュリット明細。,success,シェイドメイサイ。,False,8,9,1
,029_kbc_13615767_20260714175500_seg_01198,029_kbc_13615767_20260714175500,SPEAKER_01,7313.12,7313.68,0.56,success,客はさ。,success,チェックをさせてもらいます。,False,4,14,10
,029_kbc_13615767_20260714175500_seg_01199,029_kbc_13615767_20260714175500,SPEAKER_01,7315.84,7316.48,0.64,success,俺がないか。,success,俺が泣いた。,False,6,6,0
,029_kbc_13615767_20260714175500_seg_01200,029_kbc_13615767_20260714175500,SPEAKER_02,7316.48,7317.7396,1.26,success,そうなんですよ、僕ら。,success,そうなんですよ僕ら。,False,11,10,-1
,029_kbc_13615767_20260714175500_seg_01201,029_kbc_13615767_20260714175500,SPEAKER_02,7318.96,7324.459814,5.5,success,全部来るんですよ、だから昔、まだ郵便でね、紙で届いてた。,success,全部来るんすよだから昔あのまだ郵便でね紙で届いてた。,False,28,26,-2
,029_kbc_13615767_20260714175500_seg_01202,029_kbc_13615767_20260714175500,SPEAKER_02,7325.68,7330.219824,4.54,success,めっちゃ仕事したときは、一個一個全部書かれるから、何枚にもなって。,success,めっちゃ仕事した時は一個一個全部書かれるから何枚にもなって。,False,33,30,-3
,029_kbc_13615767_20260714175500_seg_01203,029_kbc_13615767_20260714175500,SPEAKER_02,7332.4,7339.339697,6.94,success,シャッてやって、例えばね、漫談、シャッてやって、何月何日。,success,シャッてやって例えばね漫談シャッてやって何月何日?,False,29,25,-4
,029_kbc_13615767_20260714175500_seg_01204,029_kbc_13615767_20260714175500,SPEAKER_02,7342.0,7342.700049,0.7,success,では6時。,success,ではロケして。,False,5,7,2
,029_kbc_13615767_20260714175500_seg_01205,029_kbc_13615767_20260714175500,SPEAKER_01,7344.0,7346.32,2.32,success,でやるけんはいかんえっと。,success,見てやるけんはいかんえっと。,False,13,14,1
,029_kbc_13615767_20260714175500_seg_01206,029_kbc_13615767_20260714175500,SPEAKER_01,7346.64,7347.68,1.04,success,これちゃんごめん。,success,これいかんごめん。,False,9,9,0
,029_kbc_13615767_20260714175500_seg_01207,029_kbc_13615767_20260714175500,SPEAKER_01,7351.84,7356.16,4.32,success,俺、あれ、だけど、どうしようっちゃ、このチェックだけじゃなくて、パソコンで今、皆さん。,success,俺あれだけどどうしようっちゃこのチェックだけじゃなくてパソコンで今皆さん。,False,43,37,-6
,029_kbc_13615767_20260714175500_seg_01208,029_kbc_13615767_20260714175500,SPEAKER_01,7356.4,7357.579932,1.18,success,されようなか。,success,されようなか。,True,7,7,0
,029_kbc_13615767_20260714175500_seg_01209,029_kbc_13615767_20260714175500,SPEAKER_01,7358.88,7359.92,1.04,success,できるのか、パソコンでも。,success,できるだろパソコンでも。,False,13,12,-1
,029_kbc_13615767_20260714175500_seg_01210,029_kbc_13615767_20260714175500,SPEAKER_02,7359.92,7360.8,0.88,success,まあチェックで。,success,まあチェックで。,True,8,8,0
,029_kbc_13615767_20260714175500_seg_01211,029_kbc_13615767_20260714175500,SPEAKER_01,7366.96,7367.66001,0.7,success,ない時とかあるよ。,success,偉い時とかあるよ。,False,9,9,0
,029_kbc_13615767_20260714175500_seg_01212,029_kbc_13615767_20260714175500,SPEAKER_02,7369.84,7370.72,0.88,success,どうすんすよ、そのまま。,success,どうしようそのまま。,False,12,10,-2
,029_kbc_13615767_20260714175500_seg_01213,029_kbc_13615767_20260714175500,SPEAKER_02,7371.2,7373.899756,2.7,success,絵里とこっちの事務所のマネージャー。,success,絵里とこっちの事務所のマネージャー。,True,18,18,0
,029_kbc_13615767_20260714175500_seg_01214,029_kbc_13615767_20260714175500,SPEAKER_02,7378.0,7381.36,3.36,success,1人仕事のやつも2人で分けられて。,success,一人仕事のやつも2人で分けられる。,False,17,17,0
,029_kbc_13615767_20260714175500_seg_01215,029_kbc_13615767_20260714175500,SPEAKER_01,7382.24,7383.44,1.2,success,俺の仕事のやつが間違ってる。,success,前の仕事のやつが間違ってる。,False,14,14,0
,029_kbc_13615767_20260714175500_seg_01216,029_kbc_13615767_20260714175500,SPEAKER_02,7387.6,7400.08,12.48,success,そういうのが結構多々あるんで、ひどいとき、本当に何十万って違うときとかね、あって、もう死活問題やみたいなこともね、いや、だから僕らも、もう怒らないですよ。,success,そういうのが結構多々あるのでひどい時、本当に何十万って違う時とかあって死活問題やみたいなこともねいや、だから僕らも怒らないですよ。,False,77,65,-12
,029_kbc_13615767_20260714175500_seg_01217,029_kbc_13615767_20260714175500,SPEAKER_01,7402.96,7405.76,2.8,success,何万か違くても別にもうそこまで。,success,何万か違くても別にもうそこまで。,True,16,16,0
,029_kbc_13615767_20260714175500_seg_01218,029_kbc_13615767_20260714175500,SPEAKER_01,7409.2,7410.72,1.52,success,昔はもうちょっと待ってくれ!,success,昔はもうちょっと待ってくれ!,True,14,14,0
,029_kbc_13615767_20260714175500_seg_01219,029_kbc_13615767_20260714175500,SPEAKER_01,7414.88,7416.0,1.12,success,なんとなく計算。,success,何となく計算できます。,False,8,11,3
,029_kbc_13615767_20260714175500_seg_01220,029_kbc_13615767_20260714175500,SPEAKER_01,7416.72,7419.019873,2.3,success,と思っとって違ったりとかしたら。,success,と思っとって違ったりとかしたら。,True,16,16,0
,029_kbc_13615767_20260714175500_seg_01221,029_kbc_13615767_20260714175500,SPEAKER_02,7420.4,7421.68,1.28,success,勘弁してくださいよみたいな。,success,勘弁してくださいよみたいな。,True,14,14,0
,029_kbc_13615767_20260714175500_seg_01222,029_kbc_13615767_20260714175500,SPEAKER_01,7421.84,7425.12,3.28,success,あとまあ、うれしいのが、レギュラー仕事はもうお給料分かってるわけだから。,success,あとまあうれしいのがレギュラー仕事はもうお給料わかってるわけだから。,False,36,34,-2
,029_kbc_13615767_20260714175500_seg_01223,029_kbc_13615767_20260714175500,SPEAKER_01,7425.6,7431.28,5.68,success,ピアはいくら、長いことは分かっとるけど、なんかそういう、去年、園芸用で運動会のmcしましたとか。,success,ピアノはいくら長いかって分かっとるけどなんかそういう去年営業で運動会のmcしました。,False,48,42,-6
,029_kbc_13615767_20260714175500_seg_01224,029_kbc_13615767_20260714175500,SPEAKER_01,7434.56,7436.779639,2.22,success,分からんかったりしたらまたそれは。,success,人が分からんかったりしたらまたそれは。,False,17,19,2
,029_kbc_13615767_20260714175500_seg_01225,029_kbc_13615767_20260714175500,SPEAKER_02,7440.4,7441.44,1.04,success,けんべ。,success,いけんべえ。,False,4,6,2
,029_kbc_13615767_20260714175500_seg_01226,029_kbc_13615767_20260714175500,SPEAKER_02,7453.84,7454.48,0.64,success,ミラー。,success,いいなぁ。,False,4,5,1
,029_kbc_13615767_20260714175500_seg_01227,029_kbc_13615767_20260714175500,SPEAKER_01,7454.88,7455.499854,0.62,success,出て。,success,でて。,False,3,3,0
,029_kbc_13615767_20260714175500_seg_01228,029_kbc_13615767_20260714175500,SPEAKER_02,7457.68,7459.819678,2.14,success,みんないくらぐらいもらったんや、ボーナス。,success,みんないくらぐらいもらったんやボーナス。,False,21,20,-1
,029_kbc_13615767_20260714175500_seg_01229,029_kbc_13615767_20260714175500,SPEAKER_02,7463.44,7465.099951,1.66,success,いいとこは2回、ちゃんと出るんですもん。,success,いいとこ2回ちゃんと出るんですもん。,False,20,18,-2
,029_kbc_13615767_20260714175500_seg_01230,029_kbc_13615767_20260714175500,SPEAKER_01,7466.32,7467.499854,1.18,success,だけどまあそのボード。,success,だけどまあそのボード。,True,11,11,0
,029_kbc_13615767_20260714175500_seg_01231,029_kbc_13615767_20260714175500,SPEAKER_01,7469.2,7470.48,1.28,success,座られる人もおれば。,success,座りしてる人もおれば。,False,10,11,1
,029_kbc_13615767_20260714175500_seg_01232,029_kbc_13615767_20260714175500,SPEAKER_01,7479.28,7480.32,1.04,success,じゃあそのアナウンス。,success,だからそのアナウンス。,False,11,11,0
,029_kbc_13615767_20260714175500_seg_01233,029_kbc_13615767_20260714175500,SPEAKER_02,7490.32,7491.92,1.6,success,あれもらっちゃった。,success,代わりもらっちゃった。,False,10,11,1
,029_kbc_13615767_20260714175500_seg_01234,029_kbc_13615767_20260714175500,SPEAKER_02,7492.8,7493.44,0.64,success,ああ。,success,うん。,False,3,3,0
,029_kbc_13615767_20260714175500_seg_01235,029_kbc_13615767_20260714175500,SPEAKER_02,7493.84,7496.72,2.88,success,どうにか今からアナウンサーになれんかと思ったもん、やっぱり。,success,どうにか今からアナウンサーになれんかと思ったもんやっぱり。,False,30,29,-1
,029_kbc_13615767_20260714175500_seg_01236,029_kbc_13615767_20260714175500,SPEAKER_02,7497.44,7498.0,0.56,success,失礼します。,success,失礼します。,True,6,6,0
,029_kbc_13615767_20260714175500_seg_01237,029_kbc_13615767_20260714175500,SPEAKER_01,7500.48,7501.76,1.28,success,ちょっとリフレッシュで済む海外。,success,ちょっとリフレッシュで済む海外。,True,16,16,0
,029_kbc_13615767_20260714175500_seg_01238,029_kbc_13615767_20260714175500,SPEAKER_02,7501.92,7503.68,1.76,success,ハハハいやうらやましい。,success,ハハハハいやうらやましい。,False,12,13,1
,029_kbc_13615767_20260714175500_seg_01239,029_kbc_13615767_20260714175500,SPEAKER_02,7504.32,7509.259619,4.94,success,うらやましい、でもそれなりにやっぱね、大学出て、大学からやっぱりちゃんと頑張って。,success,うらやましいうらやましいでもそれなりにやっぱね大学出て大学からやっぱちゃんと頑張って。,False,41,43,2
,029_kbc_13615767_20260714175500_seg_01240,029_kbc_13615767_20260714175500,SPEAKER_02,7510.48,7511.66001,1.18,success,すごい狭き門。,success,すごい狭き門。,True,7,7,0
,029_kbc_13615767_20260714175500_seg_01241,029_kbc_13615767_20260714175500,SPEAKER_02,7519.68,7520.299658,0.62,success,それがやっぱり。,success,それやった。,False,8,6,-2
,029_kbc_13615767_20260714175500_seg_01242,029_kbc_13615767_20260714175500,SPEAKER_02,7526.72,7527.499854,0.78,success,そういうことだ。,success,そういうことだ。,True,8,8,0
,029_kbc_13615767_20260714175500_seg_01243,029_kbc_13615767_20260714175500,SPEAKER_02,7528.72,7533.2,4.48,success,いいですね、パワーもらってボーナス出たかどうか。,success,最近さいいですねパワーもらってボーナス出たかどうかあっそうですね。,False,24,33,9
,029_kbc_13615767_20260714175500_seg_01244,029_kbc_13615767_20260714175500,SPEAKER_02,7536.4,7537.36,0.96,success,メールもガクも教えて。,success,メールも覚悟を教えてくれ。,False,11,13,2
,029_kbc_13615767_20260714175500_seg_01245,029_kbc_13615767_20260714175500,SPEAKER_01,7568.08,7571.68,3.6,success,点呼取るぞ河村。,success,点呼取るぞ河村吉川。,False,8,10,2
,029_kbc_13615767_20260714175500_seg_01246,029_kbc_13615767_20260714175500,SPEAKER_01,7572.08,7574.48,2.4,success,高田おい青木!,success,高田おい青木!,True,7,7,0
,029_kbc_13615767_20260714175500_seg_01247,029_kbc_13615767_20260714175500,SPEAKER_01,7574.88,7575.84,0.96,success,高村!,success,高村!,True,3,3,0
,029_kbc_13615767_20260714175500_seg_01248,029_kbc_13615767_20260714175500,SPEAKER_00,7575.92,7576.48,0.56,success,はい!,success,はい!,True,3,3,0
,029_kbc_13615767_20260714175500_seg_01249,029_kbc_13615767_20260714175500,SPEAKER_01,7576.72,7580.299658,3.58,success,高柳清水高清水。,success,高柳清水高清水。,True,8,8,0
,029_kbc_13615767_20260714175500_seg_01250,029_kbc_13615767_20260714175500,SPEAKER_02,7617.84,7618.56,0.72,success,確信!,success,確信!,True,3,3,0
,029_kbc_13615767_20260714175500_seg_01251,029_kbc_13615767_20260714175500,SPEAKER_02,7624.24,7626.379736,2.14,success,時刻は8時2分、もう8時過ぎ。,success,時刻は8時2分もう8時過ぎ。,False,15,14,-1
,029_kbc_13615767_20260714175500_seg_01252,029_kbc_13615767_20260714175500,SPEAKER_02,7627.6,7644.13999,16.54,success,8時2分です、kbcホークサイター真ん中およびブルーリバーが4時間の生放送でお送りしております、まだまだおつきあいください。,success,8時2分です、kbcホークサイター真ん中火曜日、ブルーリバーが4時間の生放送でお送りしております。,False,62,49,-13
,029_kbc_13615767_20260714175500_seg_01253,029_kbc_13615767_20260714175500,SPEAKER_02,7645.36,7646.059912,0.7,success,独り言。,success,独り言。,True,4,4,0
,029_kbc_13615767_20260714175500_seg_01254,029_kbc_13615767_20260714175500,SPEAKER_02,7648.24,7654.88,6.64,success,皆さんが普段確信している事をあとからご紹介するというコーナーです。,success,皆さんが普段確信している事をあとからご紹介するというコーナーです。,True,33,33,0
,029_kbc_13615767_20260714175500_seg_01255,029_kbc_13615767_20260714175500,SPEAKER_01,7655.04,7658.16,3.12,success,ラジオネームグラスオニオンさんの確信団です。,success,ラジオネームグラスオニオンさんの確信弾です。,False,22,22,0
,029_kbc_13615767_20260714175500_seg_01256,029_kbc_13615767_20260714175500,SPEAKER_02,7661.04,7662.16,1.12,success,いったー!,success,いった!,False,5,4,-1
,029_kbc_13615767_20260714175500_seg_01257,029_kbc_13615767_20260714175500,SPEAKER_02,7663.52,7672.32,8.8,success,これはもう、これはもう、確信しているライトスタンドへ、逆転を確信だー!,success,これはもう、これはもう、確信しているライトスタンドへ、逆転を確信だー!,True,35,35,0
,029_kbc_13615767_20260714175500_seg_01258,029_kbc_13615767_20260714175500,SPEAKER_03,7675.2,7676.779639,1.58,success,2択外しがち?,success,2択外しがち?,True,7,7,0
,029_kbc_13615767_20260714175500_seg_01259,029_kbc_13615767_20260714175500,SPEAKER_03,7680.4,7689.259619,8.86,success,どっちか迷ったとき確率論なら50%50%のはずなのに大抵選んだのと逆のほうが正解なのは僕だけです。,success,どっちか迷ったとき確率論なら50%50%のはずなのに大抵選んだのと逆のほうが正解なのは僕だけだ。,False,49,48,-1
,029_kbc_13615767_20260714175500_seg_01260,029_kbc_13615767_20260714175500,SPEAKER_03,7690.48,7691.180029,0.7,success,問題から。,success,問題から。,True,5,5,0
,029_kbc_13615767_20260714175500_seg_01261,029_kbc_13615767_20260714175500,SPEAKER_03,7692.88,7693.579932,0.7,success,渋滞。,success,渋滞。,True,3,3,0
,029_kbc_13615767_20260714175500_seg_01262,029_kbc_13615767_20260714175500,SPEAKER_02,7699.12,7700.299658,1.18,success,地下のはずなのにね。,success,地下のはずなのにね。,True,10,10,0
,029_kbc_13615767_20260714175500_seg_01263,029_kbc_13615767_20260714175500,SPEAKER_03,7703.92,7705.52,1.6,success,うわこれどっちやろう?,success,うわこれどっちやろう?,True,11,11,0
,029_kbc_13615767_20260714175500_seg_01264,029_kbc_13615767_20260714175500,SPEAKER_02,7705.52,7706.059912,0.54,success,すて。,success,スクーン。,False,3,5,2
,029_kbc_13615767_20260714175500_seg_01265,029_kbc_13615767_20260714175500,SPEAKER_02,7707.68,7713.259619,5.58,success,50%のようで深く見ると50%じゃないよな結局ねぇいろんなものが関わってくる。,success,50%のようで深く見ると50%じゃないよな結局ねぇいろんなものが関わってくる。,True,39,39,0
,029_kbc_13615767_20260714175500_seg_01266,029_kbc_13615767_20260714175500,SPEAKER_02,7716.4,7717.099951,0.7,success,飛ぶよな。,success,飛ぶよな。,True,5,5,0
,029_kbc_13615767_20260714175500_seg_01267,029_kbc_13615767_20260714175500,SPEAKER_03,7718.32,7721.899756,3.58,success,割り道もね、こっちだ!っつったら、うわー、こっちは今度みたいな。,success,割道もねこっちだ!っつったらうわこっちも今度みたいな。,False,32,27,-5
,029_kbc_13615767_20260714175500_seg_01268,029_kbc_13615767_20260714175500,SPEAKER_02,7723.12,7723.92,0.8,success,瞬間にね。,success,瞬間にね。,True,5,5,0
,029_kbc_13615767_20260714175500_seg_01269,029_kbc_13615767_20260714175500,SPEAKER_02,7724.48,7725.259619,0.78,success,愛だ。,success,開いた。,False,3,4,1
,029_kbc_13615767_20260714175500_seg_01270,029_kbc_13615767_20260714175500,SPEAKER_02,7732.24,7735.819678,3.58,success,大体4択ぐらいでさ削って。,success,いいっていう大体4択ぐらいでさ削ってきて。,False,13,21,8
,029_kbc_13615767_20260714175500_seg_01271,029_kbc_13615767_20260714175500,SPEAKER_02,7737.04,7738.21958,1.18,success,みたいな2択までいって。,success,みたいな2択までいって。,True,12,12,0
,029_kbc_13615767_20260714175500_seg_01272,029_kbc_13615767_20260714175500,SPEAKER_02,7749.04,7749.7396,0.7,success,苦心多い。,success,苦心多い。,True,5,5,0
,029_kbc_13615767_20260714175500_seg_01273,029_kbc_13615767_20260714175500,SPEAKER_02,7750.96,7751.66001,0.7,success,ねえ。,success,ねえ。,True,3,3,0
,029_kbc_13615767_20260714175500_seg_01274,029_kbc_13615767_20260714175500,SPEAKER_03,7755.28,7758.64,3.36,success,あれしたらいいんやない僕が言うのもなんですけど買い物とかも。,success,あれしたらいいんやない僕が言うのもなんですけど買い物とかも。,True,30,30,0
,029_kbc_13615767_20260714175500_seg_01275,029_kbc_13615767_20260714175500,SPEAKER_03,7759.12,7760.16,1.04,success,勢いでポチッとさ。,success,勢いでポチッとがさ。,False,9,10,1
,029_kbc_13615767_20260714175500_seg_01276,029_kbc_13615767_20260714175500,SPEAKER_03,7760.64,7761.68,1.04,success,トイレでこっちじゃなくてさ。,success,トイレこっちじゃなくさいい?,False,14,14,0
,029_kbc_13615767_20260714175500_seg_01277,029_kbc_13615767_20260714175500,SPEAKER_03,7765.36,7766.539893,1.18,success,本当にそっちは正しいのか。,success,本当にそっちが正しいのかな?,False,13,14,1
,029_kbc_13615767_20260714175500_seg_01278,029_kbc_13615767_20260714175500,SPEAKER_03,7772.08,7773.2,1.12,success,すごくかかってます。,success,不足からです。,False,10,7,-3
,029_kbc_13615767_20260714175500_seg_01279,029_kbc_13615767_20260714175500,SPEAKER_03,7776.4,7777.28,0.88,success,痛くなるよね。,success,痛くなるよね。,True,7,7,0
,029_kbc_13615767_20260714175500_seg_01280,029_kbc_13615767_20260714175500,SPEAKER_02,7777.28,7778.16,0.88,success,ハハハハ!,success,ハハハハ!,True,5,5,0
,029_kbc_13615767_20260714175500_seg_01281,029_kbc_13615767_20260714175500,SPEAKER_02,7780.24,7781.899756,1.66,success,もう昔っからの話よね。,success,もう昔っからの話よね。,True,11,11,0
,029_kbc_13615767_20260714175500_seg_01282,029_kbc_13615767_20260714175500,SPEAKER_02,7783.12,7785.259619,2.14,success,そのときからよ、お金とかばっと使って。,success,駅からよお金とかバッて使って。,False,19,15,-4
,029_kbc_13615767_20260714175500_seg_01283,029_kbc_13615767_20260714175500,SPEAKER_03,7786.48,7791.019873,4.54,success,今でこそないけどさ、choy、昔さ、まじ、給料入ったらさ、全員降ろししよったもん。,success,今でこそないけどさちょい昔さマジ給料入ったらさ全員降ろししよったもん。,False,41,35,-6
,029_kbc_13615767_20260714175500_seg_01284,029_kbc_13615767_20260714175500,SPEAKER_02,7798.96,7800.13999,1.18,success,であっねぇ。,success,であのねえ。,False,6,6,0
,029_kbc_13615767_20260714175500_seg_01285,029_kbc_13615767_20260714175500,SPEAKER_02,7808.56,7809.68,1.12,success,ハハハハハ!,success,ハハハハハ!,True,6,6,0
,029_kbc_13615767_20260714175500_seg_01286,029_kbc_13615767_20260714175500,SPEAKER_03,7813.36,7821.28,7.92,success,どうっすかね、ちょこちょこ、ちょこちょこずっとなんかこう、冷凍だからあるから、ハンバーグチンして朝ごはん食べたり、なんかどっかでカレー食べるときに、ハンバーグカレー食べたり。,success,どうですかねちょこちょこちょこちょこずっとなんかこう冷凍だからあるからハンバーグチンして朝ご飯食べたりどこかでカレー食べる時にハンバーグカレー食べたり。,False,87,76,-11
,029_kbc_13615767_20260714175500_seg_01287,029_kbc_13615767_20260714175500,SPEAKER_03,7822.24,7823.28,1.04,success,アクなくなっていつも。,success,楽なくなって1年。,False,11,9,-2
,029_kbc_13615767_20260714175500_seg_01288,029_kbc_13615767_20260714175500,SPEAKER_02,7823.6,7824.619971,1.02,success,崎陽軒は前回。,success,崎陽軒は前回。,True,7,7,0
,029_kbc_13615767_20260714175500_seg_01289,029_kbc_13615767_20260714175500,SPEAKER_03,7829.68,7830.48,0.8,success,段階で。,success,挽回で知ってる。,False,4,8,4
,029_kbc_13615767_20260714175500_seg_01290,029_kbc_13615767_20260714175500,SPEAKER_03,7836.88,7837.579932,0.7,success,15個?,success,15個?,True,4,4,0
,029_kbc_13615767_20260714175500_seg_01291,029_kbc_13615767_20260714175500,SPEAKER_03,7839.28,7839.979834,0.7,success,ウィーンチェチェン。,success,ウィーンチェック。,False,10,9,-1
,029_kbc_13615767_20260714175500_seg_01292,029_kbc_13615767_20260714175500,SPEAKER_03,7844.56,7845.7396,1.18,success,崎陽軒のシュウマイ。,success,崎陽軒のシュウマイ。,True,10,10,0
,029_kbc_13615767_20260714175500_seg_01293,029_kbc_13615767_20260714175500,SPEAKER_03,7846.96,7848.13999,1.18,success,あのハイボール。,success,あのハイボール。,True,8,8,0
,029_kbc_13615767_20260714175500_seg_01294,029_kbc_13615767_20260714175500,SPEAKER_03,7849.36,7850.539893,1.18,success,ちょっとあのロケの。,success,ちょっとあのロケの。,True,10,10,0
,029_kbc_13615767_20260714175500_seg_01295,029_kbc_13615767_20260714175500,SPEAKER_03,7851.76,7854.379736,2.62,success,飲み行く前の早い時間に家で飲むみたいなのがちょっとハマってる。,success,海行く前の早い時間に家で飲むみたいなのはちょっとハマってた。,False,31,30,-1
,029_kbc_13615767_20260714175500_seg_01296,029_kbc_13615767_20260714175500,SPEAKER_02,7855.6,7857.44,1.84,success,ブームの時期があって、自分の中で。,success,ブームの時期があって自分の中で。,False,17,16,-1
,029_kbc_13615767_20260714175500_seg_01297,029_kbc_13615767_20260714175500,SPEAKER_03,7857.44,7858.0,0.56,success,そうそうそう。,success,そうそうそう。,True,7,7,0
,029_kbc_13615767_20260714175500_seg_01298,029_kbc_13615767_20260714175500,SPEAKER_03,7860.0,7860.8,0.8,success,スーパーだもん。,success,スーパーの問題。,False,8,8,0
,029_kbc_13615767_20260714175500_seg_01299,029_kbc_13615767_20260714175500,SPEAKER_01,7860.8,7863.2,2.4,success,シュウマイも好きなんやけど冷蔵やし賞味期限あるよ。,success,シューマイも好きなんやけど冷蔵やし賞味期限あるんよ。,False,25,26,1
,029_kbc_13615767_20260714175500_seg_01300,029_kbc_13615767_20260714175500,SPEAKER_01,7865.2,7866.32,1.12,success,ぽーんと置いた、箱に。,success,ポーンと置いた箱に。,False,11,10,-1
,029_kbc_13615767_20260714175500_seg_01301,029_kbc_13615767_20260714175500,SPEAKER_02,7866.32,7867.44,1.12,success,確かに。,success,ああ確かに。,False,4,6,2
,029_kbc_13615767_20260714175500_seg_01302,029_kbc_13615767_20260714175500,SPEAKER_01,7867.44,7869.2,1.76,success,うめえんよ何もつけんでも。,success,でうめえんよ何もつけんでも。,False,13,14,1
,029_kbc_13615767_20260714175500_seg_01303,029_kbc_13615767_20260714175500,SPEAKER_01,7874.48,7883.180029,8.7,success,買って帰るってルール言ってたよ、予選1回戦あって、ことし買って帰らんかったと、なぜなら合格して、もう一回東京に行くからって言っとったやんで、で、受かったやん、32の。,success,帰るってルール言ってたやんで予選1回戦あって今年買って帰らんかったとなぜなら合格してもう一回東京に行くからって言っとったやんで受かったやん3巡目の。,False,83,74,-9
,029_kbc_13615767_20260714175500_seg_01304,029_kbc_13615767_20260714175500,SPEAKER_01,7885.36,7887.52,2.16,success,で負けた帰りに買って帰ったりとか。,success,で負けた帰りに買って帰ったんや。,False,17,16,-1
,029_kbc_13615767_20260714175500_seg_01305,029_kbc_13615767_20260714175500,SPEAKER_03,7888.48,7889.899756,1.42,success,そこからはもうつれがなく。,success,そこからはもう釣れがなくなって。,False,13,16,3
,029_kbc_13615767_20260714175500_seg_01306,029_kbc_13615767_20260714175500,SPEAKER_02,7892.08,7893.259619,1.18,success,8月の誕生日。,success,あの8月の誕生日。,False,7,9,2
,029_kbc_13615767_20260714175500_seg_01307,029_kbc_13615767_20260714175500,SPEAKER_02,7894.48,7895.180029,0.7,success,なのでっか!,success,なのでっか!,True,6,6,0
,029_kbc_13615767_20260714175500_seg_01308,029_kbc_13615767_20260714175500,SPEAKER_02,7900.72,7901.419775,0.7,success,カイ。,success,甲斐。,False,3,3,0
,029_kbc_13615767_20260714175500_seg_01309,029_kbc_13615767_20260714175500,SPEAKER_02,7902.64,7906.699805,4.06,success,でっかいサッカーボールよりもでっかいシュウマイがあって割ったら中にちっちゃいシュウマイが。,success,でっかいサッカーボールよりもでっかいシュウマイがあって割ったら中にちっちゃいシュウマイが入ってる。,False,45,49,4
,029_kbc_13615767_20260714175500_seg_01310,029_kbc_13615767_20260714175500,SPEAKER_03,7911.36,7911.979834,0.62,success,ペンがくらり。,success,便利なクラリス。,False,7,8,1
,029_kbc_13615767_20260714175500_seg_01311,029_kbc_13615767_20260714175500,SPEAKER_02,7913.2,7914.379736,1.18,success,本人ではなくなるけど。,success,本人ではなくなるけど。,True,11,11,0
,029_kbc_13615767_20260714175500_seg_01312,029_kbc_13615767_20260714175500,SPEAKER_02,7918.0,7920.16,2.16,success,わあ、すごいっすね!でワハハって盛り上がって。,success,うわっすごいっすね!でワハハってこう盛り上がって。,False,23,25,2
,029_kbc_13615767_20260714175500_seg_01313,029_kbc_13615767_20260714175500,SPEAKER_03,7920.4,7921.52,1.12,success,いやいや、それちゃんとしたプレゼント。,success,いやそれちゃんとしたプレゼント。,False,19,16,-3
,029_kbc_13615767_20260714175500_seg_01314,029_kbc_13615767_20260714175500,SPEAKER_02,7926.56,7929.28,2.72,success,4万円を買おうとした遊び心あるやつとは思えんの?,success,4万円を買おうとした遊び心あるやつとは思えない。,False,24,24,0
,029_kbc_13615767_20260714175500_seg_01315,029_kbc_13615767_20260714175500,SPEAKER_03,7929.36,7931.66001,2.3,success,枕とワイヤレスイヤホン。,success,枕とワイヤレスイヤホン。,True,12,12,0
,029_kbc_13615767_20260714175500_seg_01316,029_kbc_13615767_20260714175500,SPEAKER_02,7942.88,7943.92,1.04,success,ごまかされ。,success,ごまかされ!,False,6,6,0
,029_kbc_13615767_20260714175500_seg_01317,029_kbc_13615767_20260714175500,SPEAKER_03,7943.92,7945.2,1.28,success,そんなんでごまかされへんよ。,success,そんなんでごまかされへんよ。,True,14,14,0
,029_kbc_13615767_20260714175500_seg_01318,029_kbc_13615767_20260714175500,SPEAKER_02,7948.0,7949.44,1.44,success,めっちゃ盛り上がるけどね。,success,めっちゃ盛り上がるけどね。,True,13,13,0
,029_kbc_13615767_20260714175500_seg_01319,029_kbc_13615767_20260714175500,SPEAKER_02,7950.4,7951.2,0.8,success,座った瞬間。,success,ぞわっとしまい。,False,6,8,2
,029_kbc_13615767_20260714175500_seg_01320,029_kbc_13615767_20260714175500,SPEAKER_03,7951.6,7952.299658,0.7,success,なくても盛り上がる。,success,なくても盛り上がる。,True,10,10,0
,029_kbc_13615767_20260714175500_seg_01321,029_kbc_13615767_20260714175500,SPEAKER_02,7957.36,7961.2,3.84,success,盛り上がる夜、怖いよ、盛り上がってる場合じゃないんじゃけ、本当は。,success,盛り上がる夜、怖いよ、盛り上がってる場合じゃないんじゃけ、本当は。,True,33,33,0
,029_kbc_13615767_20260714175500_seg_01322,029_kbc_13615767_20260714175500,SPEAKER_03,7961.2,7961.76,0.56,success,いやまあね。,success,いやまあね。,True,6,6,0
,029_kbc_13615767_20260714175500_seg_01323,029_kbc_13615767_20260714175500,SPEAKER_02,7961.76,7962.379736,0.62,success,人生のこと考えて。,success,人生のこと考えろ。,False,9,9,0
,029_kbc_13615767_20260714175500_seg_01324,029_kbc_13615767_20260714175500,SPEAKER_02,7964.48,7965.28,0.8,success,なんで?,success,一体何だ?,False,4,5,1
,029_kbc_13615767_20260714175500_seg_01325,029_kbc_13615767_20260714175500,SPEAKER_02,7965.6,7967.6,2.0,success,じわーっとなくなっていくハンバーグ。,success,じわーっとなくなっていくハンバーグ。,True,18,18,0
,029_kbc_13615767_20260714175500_seg_01326,029_kbc_13615767_20260714175500,SPEAKER_02,7968.08,7970.539893,2.46,success,いやそれホンマ毎週のように食べるってことやろシューマイ。,success,毎週のように食べるってことやろシューマイ。,False,28,21,-7
,029_kbc_13615767_20260714175500_seg_01327,029_kbc_13615767_20260714175500,SPEAKER_03,7975.12,7976.48,1.36,success,1か月で4箱から来るよ。,success,1か月で4箱楽割りやん。,False,12,12,0
,029_kbc_13615767_20260714175500_seg_01328,029_kbc_13615767_20260714175500,SPEAKER_03,7977.52,7978.21958,0.7,success,ねえその。,success,でその。,False,5,4,-1
,029_kbc_13615767_20260714175500_seg_01329,029_kbc_13615767_20260714175500,SPEAKER_03,7979.44,7980.13999,0.7,success,今週末。,success,今週末。,True,4,4,0
,029_kbc_13615767_20260714175500_seg_01330,029_kbc_13615767_20260714175500,SPEAKER_03,7981.84,7983.52,1.68,success,冷凍ギョーザがむずいのが。,success,冷凍餃子がむずいのが。,False,13,11,-2
,029_kbc_13615767_20260714175500_seg_01331,029_kbc_13615767_20260714175500,SPEAKER_01,7984.32,7984.96,0.64,success,ペルようにカット!,success,ベルオーニョに変わる。,False,9,11,2
,029_kbc_13615767_20260714175500_seg_01332,029_kbc_13615767_20260714175500,SPEAKER_03,7985.04,7988.779639,3.74,success,解凍してないかんけん、前の日ぐらいに冷蔵に映さないかんや。,success,移動してないかんけん前の日ぐらいに映像に映さないかんでね。,False,29,29,0
,029_kbc_13615767_20260714175500_seg_01333,029_kbc_13615767_20260714175500,SPEAKER_03,7992.4,7992.96,0.56,success,びっくり。,success,クリスマス。,False,5,6,1
,029_kbc_13615767_20260714175500_seg_01334,029_kbc_13615767_20260714175500,SPEAKER_03,7994.8,7996.939795,2.14,success,図数とかいきたいんやけど10だけレベル。,success,ずすとかいきたいんやけど10だけレベル。,False,20,20,0
,029_kbc_13615767_20260714175500_seg_01335,029_kbc_13615767_20260714175500,SPEAKER_03,7998.16,7999.339697,1.18,success,一気に50個解答して。,success,一気に50個解答してもらって。,False,11,15,4
,029_kbc_13615767_20260714175500_seg_01336,029_kbc_13615767_20260714175500,SPEAKER_03,8001.52,8002.699805,1.18,success,10やって40。,success,10やって45。,False,8,8,0
,029_kbc_13615767_20260714175500_seg_01337,029_kbc_13615767_20260714175500,SPEAKER_03,8004.4,8011.339697,6.94,success,解答したらなるべく早く食わないかんよなんか自分のタイミングで食えんでさわっ早めに食わないかんってそれにもうがんじがらめになるやん。,success,解凍したらなるべく早く食わないかんよでなんか自分のタイミングで食えんでさわっ早めに食わないかんってそれにもうがんじがらめになるやん。,False,65,66,1
,029_kbc_13615767_20260714175500_seg_01338,029_kbc_13615767_20260714175500,SPEAKER_03,8012.56,8016.56,4.0,success,まあ常温やけんいつでももう言うたら別れとるけん。,success,まあ常温やけんいつでももう言うたら別れとうけん。,False,24,24,0
,029_kbc_13615767_20260714175500_seg_01339,029_kbc_13615767_20260714175500,SPEAKER_02,8016.56,8018.059912,1.5,success,冷凍のやつってそんなにあれ?,success,プレートのやつってそんなにあれなんですか?,False,14,21,7
,029_kbc_13615767_20260714175500_seg_01340,029_kbc_13615767_20260714175500,SPEAKER_03,8027.92,8032.939795,5.02,success,そもそも丸岡さんのやつはもう冷凍とかじゃなく冷蔵で来てなるべく早めに食べてください。,success,そもそも丸岡さんのやつはもう冷凍とかじゃなく冷蔵できてなるべく早めに食べてください。,False,42,42,0
,029_kbc_13615767_20260714175500_seg_01341,029_kbc_13615767_20260714175500,SPEAKER_02,8038.96,8040.13999,1.18,success,うちでみんなでする時に。,success,うちでみんなでする時に。,True,12,12,0
,029_kbc_13615767_20260714175500_seg_01342,029_kbc_13615767_20260714175500,SPEAKER_02,8046.64,8047.819678,1.18,success,めちゃくちゃお前ひき肉。,success,めちゃくちゃお前ひき肉だな。,False,12,14,2
,029_kbc_13615767_20260714175500_seg_01343,029_kbc_13615767_20260714175500,SPEAKER_02,8049.52,8054.64,5.12,success,ハンバーグとギョーザとシューマイとひき肉ばっかり俺。,success,ハンバーグとギョーザとシューマイとひき肉ばっかり。,False,26,25,-1
,029_kbc_13615767_20260714175500_seg_01344,029_kbc_13615767_20260714175500,SPEAKER_03,8054.8,8055.499854,0.7,success,今週末。,success,今週末。,True,4,4,0
,029_kbc_13615767_20260714175500_seg_01345,029_kbc_13615767_20260714175500,SPEAKER_03,8057.76,8058.48,0.72,success,いた。,success,うん。,False,3,3,0
,029_kbc_13615767_20260714175500_seg_01346,029_kbc_13615767_20260714175500,SPEAKER_03,8061.2,8062.699805,1.5,success,山ジャーキーそう。,success,山ジャーキンの悪いねそうだな。,False,9,15,6
,029_kbc_13615767_20260714175500_seg_01347,029_kbc_13615767_20260714175500,SPEAKER_03,8064.0,8064.619971,0.62,success,そうそうそう。,success,そうそうそう。,True,7,7,0
,029_kbc_13615767_20260714175500_seg_01348,029_kbc_13615767_20260714175500,SPEAKER_03,8068.24,8068.96,0.72,success,え次。,success,え次。,True,3,3,0
,029_kbc_13615767_20260714175500_seg_01349,029_kbc_13615767_20260714175500,SPEAKER_03,8070.64,8072.4,1.76,success,そっか、自然現象、プップね。,success,そっか自然現象プップね。,False,14,12,-2
,029_kbc_13615767_20260714175500_seg_01350,029_kbc_13615767_20260714175500,SPEAKER_03,8073.04,8073.92,0.88,success,2択ですね。,success,2択ですね。,True,6,6,0
,029_kbc_13615767_20260714175500_seg_01351,029_kbc_13615767_20260714175500,SPEAKER_03,8074.64,8076.48,1.84,success,違う違う自然でしょ僕。,success,あれ?,False,11,3,-8
,029_kbc_13615767_20260714175500_seg_01352,029_kbc_13615767_20260714175500,SPEAKER_01,8081.84,8082.64,0.8,success,自然現象。,success,自然現象。,True,5,5,0
,029_kbc_13615767_20260714175500_seg_01353,029_kbc_13615767_20260714175500,SPEAKER_03,8082.96,8084.4,1.44,success,3の確信弾です。,success,3の確信弾です。,True,8,8,0
,029_kbc_13615767_20260714175500_seg_01354,029_kbc_13615767_20260714175500,SPEAKER_01,8089.28,8093.44,4.16,success,打った瞬間、打った瞬間、確信歩き!,success,打った瞬間、打った瞬間、確信歩きー!,False,17,18,1
,029_kbc_13615767_20260714175500_seg_01355,029_kbc_13615767_20260714175500,SPEAKER_01,8094.08,8098.8,4.72,success,バックスクリーンへ、確信の一発!,success,バックスクリーンへ確信の一発!,False,16,15,-1
,029_kbc_13615767_20260714175500_seg_01356,029_kbc_13615767_20260714175500,SPEAKER_03,8102.24,8104.0,1.76,success,拓のチョイス大体間違えるな。,success,卓のチョイス大体間違えるな。,False,14,14,0
,029_kbc_13615767_20260714175500_seg_01357,029_kbc_13615767_20260714175500,SPEAKER_03,8107.12,8107.819678,0.7,success,車の運転。,success,車の運転。,True,5,5,0
,029_kbc_13615767_20260714175500_seg_01358,029_kbc_13615767_20260714175500,SPEAKER_03,8111.44,8112.56,1.12,success,チョイスをミスります。,success,隊長室をミスります。,False,11,10,-1
,029_kbc_13615767_20260714175500_seg_01359,029_kbc_13615767_20260714175500,SPEAKER_03,8113.44,8117.899756,4.46,success,3車線でこっちが進みだしなと思って車線変更したら急に詰まりだして。,success,3車線でこっちが進みだしなと思って車線変更したら急に詰まりだして。,True,33,33,0
,029_kbc_13615767_20260714175500_seg_01360,029_kbc_13615767_20260714175500,SPEAKER_03,8119.6,8122.16,2.56,success,レジでこっちのほうが並んでる人の籠のように。,success,レジでこっちのほうが並んでる人のカゴの状態。,False,22,22,0
,029_kbc_13615767_20260714175500_seg_01361,029_kbc_13615767_20260714175500,SPEAKER_03,8122.88,8123.66001,0.78,success,早いと思ってた。,success,早いと思ってた。,True,8,8,0
,029_kbc_13615767_20260714175500_seg_01362,029_kbc_13615767_20260714175500,SPEAKER_03,8127.76,8128.459814,0.7,success,ほうが大体。,success,のほうが大体。,False,6,7,1
,029_kbc_13615767_20260714175500_seg_01363,029_kbc_13615767_20260714175500,SPEAKER_03,8131.6,8133.7396,2.14,success,地で落ち着いて対応するようになりましたが。,success,コーチで落ち着いて対応するようになりましたが。,False,21,23,2
,029_kbc_13615767_20260714175500_seg_01364,029_kbc_13615767_20260714175500,SPEAKER_02,8144.08,8145.7396,1.66,success,現状、僕はいや、グラスオンには。,success,僕さいやいやグラスオニオン。,False,16,14,-2
,029_kbc_13615767_20260714175500_seg_01365,029_kbc_13615767_20260714175500,SPEAKER_02,8148.88,8151.76,2.88,success,しかも例えで車の中。,success,しかも例えで車の中。,True,10,10,0
,029_kbc_13615767_20260714175500_seg_01366,029_kbc_13615767_20260714175500,SPEAKER_02,8159.44,8161.099951,1.66,success,タイミングミスりまくっとるやん、これも完全に。,success,タイミングミスりまくっとるやんこれもう勝手に。,False,23,23,0
,029_kbc_13615767_20260714175500_seg_01367,029_kbc_13615767_20260714175500,SPEAKER_03,8162.32,8163.04,0.72,success,いいね。,success,いいね。,True,4,4,0
,029_kbc_13615767_20260714175500_seg_01368,029_kbc_13615767_20260714175500,SPEAKER_02,8165.2,8165.899756,0.7,success,こわっ!,success,うわっ!,False,4,4,0
,029_kbc_13615767_20260714175500_seg_01369,029_kbc_13615767_20260714175500,SPEAKER_02,8167.84,8168.8,0.96,success,ハハハハ!,success,ハハハハハ!,False,5,6,1
,029_kbc_13615767_20260714175500_seg_01370,029_kbc_13615767_20260714175500,SPEAKER_02,8170.24,8173.579932,3.34,success,まあまあ確信団なんでねまあまああるあるみたいな。,success,まあまあ確信団なんでねまあまああるあるみたいな。,True,24,24,0
,029_kbc_13615767_20260714175500_seg_01371,029_kbc_13615767_20260714175500,SPEAKER_02,8175.28,8176.939795,1.66,success,地なものじゃないのであって。,success,品物じゃないのであれば。,False,14,12,-2
,029_kbc_13615767_20260714175500_seg_01372,029_kbc_13615767_20260714175500,SPEAKER_03,8180.08,8183.12,3.04,success,両ほうになる人が2人おるけん、その2人が同じほう行ったんやろ。,success,両方になる人が2人おるけえその2人が同じほう行ったんやろ。,False,31,29,-2
,029_kbc_13615767_20260714175500_seg_01373,029_kbc_13615767_20260714175500,SPEAKER_02,8183.2,8187.84,4.64,success,そやな誰だか10代が悪化しとるもんね。,success,そやな誰だけ10代が悪化しとるもんね。,False,19,19,0
,029_kbc_13615767_20260714175500_seg_01374,029_kbc_13615767_20260714175500,SPEAKER_02,8188.8,8189.6,0.8,success,どけ。,success,どけ!,False,3,3,0
,029_kbc_13615767_20260714175500_seg_01375,029_kbc_13615767_20260714175500,SPEAKER_03,8189.6,8190.859717,1.26,success,こうaとbに行った。,success,こうaとbに行った。,True,10,10,0
,029_kbc_13615767_20260714175500_seg_01376,029_kbc_13615767_20260714175500,SPEAKER_02,8196.48,8197.100195,0.62,success,ここも出してる。,success,思い出しとる。,False,8,7,-1
,029_kbc_13615767_20260714175500_seg_01377,029_kbc_13615767_20260714175500,SPEAKER_03,8200.72,8201.76,1.04,success,おかげさまで。,success,おかげさまで。,True,7,7,0
,029_kbc_13615767_20260714175500_seg_01378,029_kbc_13615767_20260714175500,SPEAKER_03,8205.28,8206.4,1.12,success,イオンの読み用ときに。,success,ミオンの読み終わり。,False,11,10,-1
,029_kbc_13615767_20260714175500_seg_01379,029_kbc_13615767_20260714175500,SPEAKER_03,8206.64,8208.140234,1.5,success,自然現象最初に。,success,自然現象最初に。,True,8,8,0
,029_kbc_13615767_20260714175500_seg_01380,029_kbc_13615767_20260714175500,SPEAKER_02,8217.52,8218.220312,0.7,success,お!,success,おお。,False,2,3,1
,029_kbc_13615767_20260714175500_seg_01381,029_kbc_13615767_20260714175500,SPEAKER_02,8219.44,8220.140234,0.7,success,あらバクバクして。,success,あらバクバクした。,False,9,9,0
,029_kbc_13615767_20260714175500_seg_01382,029_kbc_13615767_20260714175500,SPEAKER_02,8221.84,8223.020117,1.18,success,何か母ちゃん見せたまま。,success,この子母ちゃんミスったまま。,False,12,14,2
,029_kbc_13615767_20260714175500_seg_01383,029_kbc_13615767_20260714175500,SPEAKER_02,8225.28,8226.380469,1.1,success,ねぇ思うよね本人は。,success,ねっ思うよね本人。,False,10,9,-1
,029_kbc_13615767_20260714175500_seg_01384,029_kbc_13615767_20260714175500,SPEAKER_02,8227.6,8231.52,3.92,success,オニオンからするとまあまあ自分の読まれてと思ったら。,success,オーニオンからするとまあまあ自分の読まれてと思ったら。,False,26,27,1
,029_kbc_13615767_20260714175500_seg_01385,029_kbc_13615767_20260714175500,SPEAKER_03,8231.52,8237.84,6.32,success,ゲストとかハッシュタグでグラスオニオンさんと内容丸かぶりしてたから読まれんと思ったらありがとうございますって。,success,自然にショットがハッシュタグでグラスオニオンさんと内容丸かぶりしてたから読まれんと思ったらありがとうございますって。,False,55,58,3
,029_kbc_13615767_20260714175500_seg_01386,029_kbc_13615767_20260714175500,SPEAKER_02,8243.44,8245.04,1.6,success,ネタは呼ぶよ。,success,呼ぶよ。,False,7,4,-3
,029_kbc_13615767_20260714175500_seg_01387,029_kbc_13615767_20260714175500,SPEAKER_03,8246.24,8250.4,4.16,success,分かる流れいい方向にいってみるとやっぱり妻だけどまあみんなそう。,success,何か分かる流れいい方向にいってみるとやっぱり妻だけどまあみんなそうだよね。,False,32,37,5
,029_kbc_13615767_20260714175500_seg_01388,029_kbc_13615767_20260714175500,SPEAKER_02,8253.68,8254.700293,1.02,success,もう車線変更も。,success,もう車線変更も。,True,8,8,0
,029_kbc_13615767_20260714175500_seg_01389,029_kbc_13615767_20260714175500,SPEAKER_02,8256.4,8257.2,0.8,success,よけしゃーってやった。,success,よげシャーってやった。,False,11,11,0
,029_kbc_13615767_20260714175500_seg_01390,029_kbc_13615767_20260714175500,SPEAKER_03,8258.32,8259.500098,1.18,success,みんな思っとうけん。,success,みんな思っとうけ。,False,10,9,-1
,029_kbc_13615767_20260714175500_seg_01391,029_kbc_13615767_20260714175500,SPEAKER_02,8261.68,8262.8,1.12,success,彼にスーッとのっていく。,success,目にスーッと乗っていって。,False,12,13,1
,029_kbc_13615767_20260714175500_seg_01392,029_kbc_13615767_20260714175500,SPEAKER_02,8265.68,8266.220312,0.54,success,つい違います?,success,次違います?,False,7,6,-1
,029_kbc_13615767_20260714175500_seg_01393,029_kbc_13615767_20260714175500,SPEAKER_03,8267.92,8268.8,0.88,success,グーホックさん。,success,グーホックスさん。,False,8,9,1
,029_kbc_13615767_20260714175500_seg_01394,029_kbc_13615767_20260714175500,SPEAKER_03,8269.04,8269.68,0.64,success,診断です。,success,診断です。,True,5,5,0
,029_kbc_13615767_20260714175500_seg_01395,029_kbc_13615767_20260714175500,SPEAKER_01,8272.88,8285.04,12.16,success,大きいぞ、大きいぞ、打球を見上げて、打球を見上げて、確信歩き、レフトスタンドへ、大きな大きな確信だ!,success,大きいぞ、大きいぞ、打球を見上げて、打球を見上げて、確信歩き、レフトスタンドへ、大きな大きな確信だ!,True,50,50,0
,029_kbc_13615767_20260714175500_seg_01396,029_kbc_13615767_20260714175500,SPEAKER_02,8288.32,8289.04,0.72,success,集まの公園。,success,夏場の公園。,False,6,6,0
,029_kbc_13615767_20260714175500_seg_01397,029_kbc_13615767_20260714175500,SPEAKER_03,8290.16,8290.96,0.8,success,少ないよな。,success,少ないよな。,True,6,6,0
,029_kbc_13615767_20260714175500_seg_01398,029_kbc_13615767_20260714175500,SPEAKER_03,8294.48,8295.020117,0.54,success,暑さの影響。,success,暑さの影響。,True,6,6,0
,029_kbc_13615767_20260714175500_seg_01399,029_kbc_13615767_20260714175500,SPEAKER_03,8298.64,8301.740332,3.1,success,仕事帰りに通る道に公園があるのですがこの道路。,success,お仕事帰りに通る道に公園があるのですがこの道路。,False,23,24,1
,029_kbc_13615767_20260714175500_seg_01400,029_kbc_13615767_20260714175500,SPEAKER_03,8304.4,8306.060156,1.66,success,立っている公園に子どもたちがいない。,success,立っている公園に子どもたちがいない。,True,18,18,0
,029_kbc_13615767_20260714175500_seg_01401,029_kbc_13615767_20260714175500,SPEAKER_03,8307.28,8311.82041,4.54,success,本当にこの暑さは異常なので皆様も熱中症に気をつけてお出かけください。,success,本当にこの暑さは異常なので皆さまも熱中症に気を付けてお出掛けください。,False,34,35,1
,029_kbc_13615767_20260714175500_seg_01402,029_kbc_13615767_20260714175500,SPEAKER_02,8315.36,8316.32,0.96,success,左の注意喚起。,success,異例の注意喚起。,False,7,8,1
,029_kbc_13615767_20260714175500_seg_01403,029_kbc_13615767_20260714175500,SPEAKER_03,8316.32,8318.48,2.16,success,同じ道通るだけに多分。,success,同じ道通るだけに多分。,True,11,11,0
,029_kbc_13615767_20260714175500_seg_01404,029_kbc_13615767_20260714175500,SPEAKER_02,8319.36,8320.460059,1.1,success,いや違うのがね。,success,字が違うのがね。,False,8,8,0
,029_kbc_13615767_20260714175500_seg_01405,029_kbc_13615767_20260714175500,SPEAKER_03,8322.16,8325.36,3.2,success,熱中症と別で公園ってあるの、シンプルに。,success,熱中症と別で公園ってあるシンプルに。,False,20,18,-2
,029_kbc_13615767_20260714175500_seg_01406,029_kbc_13615767_20260714175500,SPEAKER_03,8325.76,8326.48,0.72,success,けどするっていうやつや。,success,けどするって言うやん。,False,12,11,-1
,029_kbc_13615767_20260714175500_seg_01407,029_kbc_13615767_20260714175500,SPEAKER_02,8327.2,8328.140234,0.94,success,うがありそうとか。,success,ブーラでそうとか。,False,9,9,0
,029_kbc_13615767_20260714175500_seg_01408,029_kbc_13615767_20260714175500,SPEAKER_02,8334.64,8338.96,4.32,success,ああ分からんけどさやっぱさ公園行きたい!とか言うんややっぱ第一声で。,success,分からんけどさやっぱさ公園行きたい!とか言うんややっぱ第一声で。,False,34,32,-2
,029_kbc_13615767_20260714175500_seg_01409,029_kbc_13615767_20260714175500,SPEAKER_03,8339.28,8340.140234,0.86,success,なんかのでさ。,success,なんかのでさ。,True,7,7,0
,029_kbc_13615767_20260714175500_seg_01410,029_kbc_13615767_20260714175500,SPEAKER_03,8348.08,8348.780371,0.7,success,プライベートあんま。,success,プライベートあんま。,True,10,10,0
,029_kbc_13615767_20260714175500_seg_01411,029_kbc_13615767_20260714175500,SPEAKER_02,8350.0,8350.88,0.88,success,と思ったら、もうあの。,success,と思ったらもうあの。,False,11,10,-1
,029_kbc_13615767_20260714175500_seg_01412,029_kbc_13615767_20260714175500,SPEAKER_01,8351.04,8352.72,1.68,success,暑すぎて、外で遊んでねえけど。,success,暑すぎて外で遊んでねえけど。,False,15,14,-1
,029_kbc_13615767_20260714175500_seg_01413,029_kbc_13615767_20260714175500,SPEAKER_02,8356.24,8357.12,0.88,success,前っていうね。,success,あえてね。,False,7,5,-2
,029_kbc_13615767_20260714175500_seg_01414,029_kbc_13615767_20260714175500,SPEAKER_01,8357.12,8360.16,3.04,success,昔のちょい熱の外で遊びよったら、がんがん。,success,昔のちょい熱の外で遊びよったらガンガン。,False,21,20,-1
,029_kbc_13615767_20260714175500_seg_01415,029_kbc_13615767_20260714175500,SPEAKER_01,8363.28,8364.24,0.96,success,パショーってなったけど。,success,しょうってなったけど。,False,12,11,-1
,029_kbc_13615767_20260714175500_seg_01416,029_kbc_13615767_20260714175500,SPEAKER_02,8364.24,8364.88,0.64,success,重さ。,success,殿様。,False,3,3,0
,029_kbc_13615767_20260714175500_seg_01417,029_kbc_13615767_20260714175500,SPEAKER_02,8368.72,8370.380469,1.66,success,現プールの授業はあるの?,success,現プールの授業はあるの?,True,12,12,0
,029_kbc_13615767_20260714175500_seg_01418,029_kbc_13615767_20260714175500,SPEAKER_02,8371.6,8373.260352,1.66,success,暑すぎるからプールの授業中止。,success,暑すぎるからプールの授業中止。,True,15,15,0
,029_kbc_13615767_20260714175500_seg_01419,029_kbc_13615767_20260714175500,SPEAKER_03,8377.36,8381.12,3.76,success,暑すぎると人がおらんけん本来暑い。,success,暑すぎると人がおらんけん本来。,False,17,15,-2
,029_kbc_13615767_20260714175500_seg_01420,029_kbc_13615767_20260714175500,SPEAKER_02,8381.12,8382.16,1.04,success,ということよね。,success,ということよね。,True,8,8,0
,029_kbc_13615767_20260714175500_seg_01421,029_kbc_13615767_20260714175500,SPEAKER_03,8383.92,8384.780371,0.86,success,入って暑さ。,success,相手熱さ。,False,6,5,-1
,029_kbc_13615767_20260714175500_seg_01422,029_kbc_13615767_20260714175500,SPEAKER_03,8386.0,8386.700293,0.7,success,土曜日ね。,success,土曜日ね。,True,5,5,0
,029_kbc_13615767_20260714175500_seg_01423,029_kbc_13615767_20260714175500,SPEAKER_02,8390.32,8391.020117,0.7,success,感ゼロやったわ。,success,感ゼロやったわ。,True,8,8,0
,029_kbc_13615767_20260714175500_seg_01424,029_kbc_13615767_20260714175500,SPEAKER_03,8398.24,8399.04,0.8,success,あの家。,success,あの家。,True,4,4,0
,029_kbc_13615767_20260714175500_seg_01425,029_kbc_13615767_20260714175500,SPEAKER_02,8400.72,8401.36,0.64,success,熱いやつ。,success,剛。,False,5,2,-3
,029_kbc_13615767_20260714175500_seg_01426,029_kbc_13615767_20260714175500,SPEAKER_03,8401.44,8403.500098,2.06,success,でも俺なんかゲスト好きやけんマリオの。,success,でも俺なんかゲスト好きやけんマリオのこと。,False,19,21,2
,029_kbc_13615767_20260714175500_seg_01427,029_kbc_13615767_20260714175500,SPEAKER_03,8405.2,8408.300391,3.1,success,ゲソ帽子かぶと。,success,そやけど暑かったけんやろうねゲソもしか打てなかった。,False,8,26,18
,029_kbc_13615767_20260714175500_seg_01428,029_kbc_13615767_20260714175500,SPEAKER_02,8414.8,8415.76,0.96,success,イカのイカ。,success,イカの。,False,6,4,-2
,029_kbc_13615767_20260714175500_seg_01429,029_kbc_13615767_20260714175500,SPEAKER_03,8419.6,8420.780371,1.18,success,この子とか何かで。,success,この子とか何かで。,True,9,9,0
,029_kbc_13615767_20260714175500_seg_01430,029_kbc_13615767_20260714175500,SPEAKER_02,8423.92,8425.68,1.76,success,買わない買わないですね。,success,買わない買わないですね。,True,12,12,0
,029_kbc_13615767_20260714175500_seg_01431,029_kbc_13615767_20260714175500,SPEAKER_02,8426.72,8431.92,5.2,success,マリオとルイージの赤と緑の帽子それからキノピオのあのキノコの。,success,マリオとルイージの赤と緑の帽子それからキノピオのあのキノコの。,True,31,31,0
,029_kbc_13615767_20260714175500_seg_01432,029_kbc_13615767_20260714175500,SPEAKER_03,8433.44,8434.32,0.88,success,だったよねキャスター。,success,だったのにキャスター。,False,11,11,0
,029_kbc_13615767_20260714175500_seg_01433,029_kbc_13615767_20260714175500,SPEAKER_03,8437.36,8439.6,2.24,success,刺されるとかじゃないのにめっちゃ。,success,刺されるとかじゃないのにめっちゃ。,True,17,17,0
,029_kbc_13615767_20260714175500_seg_01434,029_kbc_13615767_20260714175500,SPEAKER_01,8439.84,8441.2,1.36,success,帽子お似合いですね!,success,申し訳ありません!,False,10,9,-1
,029_kbc_13615767_20260714175500_seg_01435,029_kbc_13615767_20260714175500,SPEAKER_01,8442.0,8443.76,1.76,success,帽子こいイカしてますね!とか言って。,success,帽子こいイカしてますね!とか。,False,18,15,-3
,029_kbc_13615767_20260714175500_seg_01436,029_kbc_13615767_20260714175500,SPEAKER_02,8445.04,8445.92,0.88,success,っておるのに俺に?,success,ドルノに俺に!?,False,9,8,-1
,029_kbc_13615767_20260714175500_seg_01437,029_kbc_13615767_20260714175500,SPEAKER_02,8446.24,8447.180273,0.94,success,ゆっちゃんでも。,success,はいゆうちゃん出ます。,False,8,11,3
,029_kbc_13615767_20260714175500_seg_01438,029_kbc_13615767_20260714175500,SPEAKER_01,8456.16,8456.8,0.64,success,まみない。,success,まあ未来。,False,5,5,0
,029_kbc_13615767_20260714175500_seg_01439,029_kbc_13615767_20260714175500,SPEAKER_03,8457.12,8460.08,2.96,success,別荘の帽子かぶってるから、春日、あんた、でかいのに。,success,別荘の帽子かぶってるから春日あんたでかいのに。,False,26,23,-3
,029_kbc_13615767_20260714175500_seg_01440,029_kbc_13615767_20260714175500,SPEAKER_03,8460.56,8461.2,0.64,success,かぶってるから。,success,かぶってるから。,True,8,8,0
,029_kbc_13615767_20260714175500_seg_01441,029_kbc_13615767_20260714175500,SPEAKER_03,8463.52,8465.84,2.32,success,すぐ見つけれますホントに。,success,すぐ見つけれますお父さん。,False,13,13,0
,029_kbc_13615767_20260714175500_seg_01442,029_kbc_13615767_20260714175500,SPEAKER_02,8466.08,8468.780371,2.7,success,滑稽欄やっぱでっかいのにゲストから。,success,滑稽なんやっぱでっかいのにゲストから。,False,18,19,1
,029_kbc_13615767_20260714175500_seg_01443,029_kbc_13615767_20260714175500,SPEAKER_02,8471.52,8472.140234,0.62,success,僕からですよ。,success,僕からですよ。,True,7,7,0
,029_kbc_13615767_20260714175500_seg_01444,029_kbc_13615767_20260714175500,SPEAKER_03,8476.24,8478.860449,2.62,success,であのヨッシーとか。,success,であのヨッシーとか。,True,10,10,0
,029_kbc_13615767_20260714175500_seg_01445,029_kbc_13615767_20260714175500,SPEAKER_03,8482.0,8482.700293,0.7,success,人を。,success,人を!?,False,3,4,1
,029_kbc_13615767_20260714175500_seg_01446,029_kbc_13615767_20260714175500,SPEAKER_03,8484.88,8488.460059,3.58,success,通常が多いか分からんけでも暑いけん多いのかなと。,success,通常が多いか分からんきでも熱いけん多いのかなと。,False,24,24,0
,029_kbc_13615767_20260714175500_seg_01447,029_kbc_13615767_20260714175500,SPEAKER_02,8490.64,8493.52,2.88,success,暑すぎるもん。,success,金減っとると思うよ暑すぎるもん。,False,7,16,9
,029_kbc_13615767_20260714175500_seg_01448,029_kbc_13615767_20260714175500,SPEAKER_02,8495.44,8496.620215,1.18,success,で何かあの。,success,で何かあの。,True,6,6,0
,029_kbc_13615767_20260714175500_seg_01449,029_kbc_13615767_20260714175500,SPEAKER_02,8497.84,8505.52,7.68,success,今週ぐらいはちょっと曇りが続いて気温は、最高気温はちょっとね、平年よりか下がるなんていう話ありました。,success,今週ぐらいはちょっと曇りが続いて気温は、最高気温はちょっと平年よりか下がるなんていう話ありましたけど。,False,51,51,0
,029_kbc_13615767_20260714175500_seg_01450,029_kbc_13615767_20260714175500,SPEAKER_02,8506.96,8508.96,2.0,success,せず、皆さん、水分もとって。,success,せず皆さん水分も取って。,False,14,12,-2
,029_kbc_13615767_20260714175500_seg_01451,029_kbc_13615767_20260714175500,SPEAKER_03,8509.04,8513.420508,4.381,success,34とかでさ昨日より4度とか4度下がって34とか。,success,34とかでさ昨日より4度とか4度下がって34とか。,True,25,25,0
,029_kbc_13615767_20260714175500_seg_01452,029_kbc_13615767_20260714175500,SPEAKER_02,8515.12,8515.82041,0.7,success,19度とかあった。,success,19度とかって。,False,9,8,-1
,029_kbc_13615767_20260714175500_seg_01453,029_kbc_13615767_20260714175500,SPEAKER_02,8519.04,8520.140234,1.1,success,油断せずに待って。,success,油断せずに待って。,True,9,9,0
,029_kbc_13615767_20260714175500_seg_01454,029_kbc_13615767_20260714175500,SPEAKER_02,8521.780176,8523.980078,2.2,success,求人なんでねまだまだあと2ヶ月以上!,success,求人なんでねまだまだあと2か月以上!,False,18,18,0
,029_kbc_13615767_20260714175500_seg_01455,029_kbc_13615767_20260714175500,SPEAKER_00,8554.900293,8555.660254,0.76,success,前科の翌日。,success,点火の翌日。,False,6,6,0
,029_kbc_13615767_20260714175500_seg_01456,029_kbc_13615767_20260714175500,SPEAKER_02,8604.88,8610.48,5.6,success,オークスナイター漫談火曜日ブルリバーが4時間の生放送でお送りしております。,success,オークサイター漫談火曜日ビルリバーが4時間の生放送でお送りしております。,False,37,36,-1
,029_kbc_13615767_20260714175500_seg_01457,029_kbc_13615767_20260714175500,SPEAKER_03,8611.68,8615.12,3.44,success,勝谷町行き先番号74番さんあおちゃんか?,success,笠谷町行き先番号74番さん葵ちゃんかわいい。,False,20,22,2
,029_kbc_13615767_20260714175500_seg_01458,029_kbc_13615767_20260714175500,SPEAKER_03,8621.2,8627.180273,5.98,success,神社を出て進んだ国体道路沿いで見ていたのですが?? き山の迫力と山をかいている皆さんの熱気に大興奮。,success,神社を出て進んだ国体道路沿いで見ていたのですが?? き山笠の迫力と山を描いている皆さんの熱気に大興奮しました。,False,50,55,5
,029_kbc_13615767_20260714175500_seg_01459,029_kbc_13615767_20260714175500,SPEAKER_03,8628.4,8637.260352,8.86,success,流れてくる清水をうまくかわしながら楽しみましたどの流れも素晴らしかったですが一番歓声が上がっていたのは動く飾り山笠である八幡山笠。,success,降ってくる清い水をうまくかわしながら楽しみましたどの流れも素晴らしかったですが一番歓声が上がっていたのは動く飾り山笠である八幡山笠。,False,65,66,1
,029_kbc_13615767_20260714175500_seg_01460,029_kbc_13615767_20260714175500,SPEAKER_03,8643.28,8644.460059,1.18,success,私、大好物。,success,出発し大興奮!,False,6,7,1
,029_kbc_13615767_20260714175500_seg_01461,029_kbc_13615767_20260714175500,SPEAKER_03,8647.6,8648.300391,0.7,success,ちなみにいけます?,success,じゃあ見に行けます?,False,9,10,1
,029_kbc_13615767_20260714175500_seg_01462,029_kbc_13615767_20260714175500,SPEAKER_02,8652.4,8656.48,4.08,success,やっぱもうこの間4月1日だし。,success,やっぱもうこの間4月1日だし。,True,15,15,0
,029_kbc_13615767_20260714175500_seg_01463,029_kbc_13615767_20260714175500,SPEAKER_02,8658.64,8660.780371,2.14,success,また人形一つ一つさその昔。,success,また人形一つ一つさその昔の。,False,13,14,1
,029_kbc_13615767_20260714175500_seg_01464,029_kbc_13615767_20260714175500,SPEAKER_02,8664.88,8665.68,0.8,success,私のだろ。,success,私の。,False,5,3,-2
,029_kbc_13615767_20260714175500_seg_01465,029_kbc_13615767_20260714175500,SPEAKER_01,8665.84,8669.68,3.84,success,球かいてさ、ガンガンガンって描くけんさ、人形もちょっと動くじゃん。,success,球かいてさガンガンガンって描くけんさ人形もちょっと動くじゃん。,False,33,31,-2
,029_kbc_13615767_20260714175500_seg_01466,029_kbc_13615767_20260714175500,SPEAKER_03,8676.8,8677.44,0.64,success,そうそう。,success,そうそう。,True,5,5,0
,029_kbc_13615767_20260714175500_seg_01467,029_kbc_13615767_20260714175500,SPEAKER_02,8677.44,8679.92,2.48,success,またなかなか海外のお祭りじゃ見ない格好。,success,またなかなか海外のお祭りじゃ見ない格好ですね。,False,20,23,3
,029_kbc_13615767_20260714175500_seg_01468,029_kbc_13615767_20260714175500,SPEAKER_03,8679.92,8685.92,6.0,success,一応だからニュースとかでも宮城県から来ましたとかだけ我々がさねぶた行ったり。,success,今日だからニュースとかでも宮城県から来ましたとかだけ。,False,38,27,-11
,029_kbc_13615767_20260714175500_seg_01469,029_kbc_13615767_20260714175500,SPEAKER_03,8687.12,8688.140234,1.02,success,県外のあの。,success,やっぱ県外のあの。,False,6,9,3
,029_kbc_13615767_20260714175500_seg_01470,029_kbc_13615767_20260714175500,SPEAKER_03,8691.44,8692.460059,1.02,success,好きな人とかはね。,success,好きな人とかはね。,True,9,9,0
,029_kbc_13615767_20260714175500_seg_01471,029_kbc_13615767_20260714175500,SPEAKER_02,8699.44,8700.620215,1.18,success,海キャンディーズね山里さん。,success,海キャンディーズね山里さん。,True,14,14,0
,029_kbc_13615767_20260714175500_seg_01472,029_kbc_13615767_20260714175500,SPEAKER_02,8701.84,8703.020117,1.18,success,番組来てくれて困った。,success,番組来てくれてこの話。,False,11,11,0
,029_kbc_13615767_20260714175500_seg_01473,029_kbc_13615767_20260714175500,SPEAKER_02,8704.72,8705.900488,1.18,success,アナラシ、どこで見るの?,success,花嵐どこで見るの?,False,12,9,-3
,029_kbc_13615767_20260714175500_seg_01474,029_kbc_13615767_20260714175500,SPEAKER_02,8708.08,8709.740332,1.66,success,ガーッつって飛行機遅らせた。,success,スカッつって飛行機を遅らせた。,False,14,15,1
,029_kbc_13615767_20260714175500_seg_01475,029_kbc_13615767_20260714175500,SPEAKER_03,8711.44,8712.620215,1.18,success,行かれたんですか?,success,塩行かれたんですか?,False,9,10,1
,029_kbc_13615767_20260714175500_seg_01476,029_kbc_13615767_20260714175500,SPEAKER_03,8715.76,8716.940039,1.18,success,ねぇ皆さんね。,success,ね皆さんね。,False,7,6,-1
,029_kbc_13615767_20260714175500_seg_01477,029_kbc_13615767_20260714175500,SPEAKER_03,8720.08,8720.88,0.8,success,さんも出てます。,success,お子さんも見てます。,False,8,10,2
,029_kbc_13615767_20260714175500_seg_01478,029_kbc_13615767_20260714175500,SPEAKER_02,8722.56,8723.660254,1.1,success,日曜日だけやったけどね。,success,日曜日だけやったけどね。,True,12,12,0
,029_kbc_13615767_20260714175500_seg_01479,029_kbc_13615767_20260714175500,SPEAKER_02,8725.84,8735.660254,9.82,success,いやー、いよいよよ、もうだから、われわれが山やらせてもらってるときは、もうこれぐらいの時間のときには、もう千穂町におって、飾り山笠をちょっとね。,success,いやいよいよよもうだから我々が山やらせてもらってる時はもうこれぐらいの時間の時にはもう千穂町におって飾り山笠をちょっとね。,False,72,61,-11
,029_kbc_13615767_20260714175500_seg_01480,029_kbc_13615767_20260714175500,SPEAKER_02,8736.88,8738.540137,1.66,success,片づけするのはまずやった。,success,片づけするのはまずやった。,True,13,13,0
,029_kbc_13615767_20260714175500_seg_01481,029_kbc_13615767_20260714175500,SPEAKER_03,8740.24,8741.28,1.04,success,ザリヤマだけもうないでしょ。,success,サリヤマナギはもうないでしょ?,False,14,15,1
,029_kbc_13615767_20260714175500_seg_01482,029_kbc_13615767_20260714175500,SPEAKER_02,8742.24,8747.660254,5.42,success,亡くなって、もう追い山から帰ってきたときには、もう完全に亡くなってるんで、なんか本当、夢から覚めたような。,success,亡くなってもう追い山から帰ってきた時にはもう完全に亡くなってるんでなんか本当夢から覚めたような。,False,53,48,-5
,029_kbc_13615767_20260714175500_seg_01483,029_kbc_13615767_20260714175500,SPEAKER_01,8749.36,8750.88,1.52,success,大体やばかす終わって。,success,大体山笠終わって。,False,11,9,-2
,029_kbc_13615767_20260714175500_seg_01484,029_kbc_13615767_20260714175500,SPEAKER_03,8750.96,8751.84,0.88,success,何かあの。,success,だがあの。,False,5,5,0
,029_kbc_13615767_20260714175500_seg_01485,029_kbc_13615767_20260714175500,SPEAKER_01,8754.64,8756.16,1.52,success,雨やったりとかしてさ。,success,雨やったりとかしてさ。,True,11,11,0
,029_kbc_13615767_20260714175500_seg_01486,029_kbc_13615767_20260714175500,SPEAKER_01,8756.48,8758.0,1.52,success,大変やったでしょうけど、ことし早かった。,success,大変やったでしょうけど今年早かった。,False,20,18,-2
,029_kbc_13615767_20260714175500_seg_01487,029_kbc_13615767_20260714175500,SPEAKER_03,8758.08,8759.68,1.6,success,もうがんがん腫れときが。,success,もうガンガン腫れとる時が。,False,12,13,1
,029_kbc_13615767_20260714175500_seg_01488,029_kbc_13615767_20260714175500,SPEAKER_03,8760.0,8761.04,1.04,success,あの流れが来た。,success,あの流れ書きだ。,False,8,8,0
,029_kbc_13615767_20260714175500_seg_01489,029_kbc_13615767_20260714175500,SPEAKER_02,8761.68,8764.56,2.88,success,町に夏の訪れを告げる祭りが山笠。,success,町に夏の訪れを告げる祭りが山笠。,True,16,16,0
,029_kbc_13615767_20260714175500_seg_01490,029_kbc_13615767_20260714175500,SPEAKER_02,8765.28,8765.92,0.64,success,言われてました。,success,言われてました。,True,8,8,0
,029_kbc_13615767_20260714175500_seg_01491,029_kbc_13615767_20260714175500,SPEAKER_03,8767.6,8768.72,1.12,success,時間的には足。,success,あっ時間的にはな。,False,7,9,2
,029_kbc_13615767_20260714175500_seg_01492,029_kbc_13615767_20260714175500,SPEAKER_03,8769.04,8774.060156,5.02,success,12時過ぎてますけどね、追山行く人は、kbcもね、もう皆さんね。,success,12過ぎてますけどね、大山郁仁は、kbcもね、もう皆さんね。,False,32,30,-2
,029_kbc_13615767_20260714175500_seg_01493,029_kbc_13615767_20260714175500,SPEAKER_01,8777.76,8778.4,0.64,success,だけっすな!,success,探検スクラム。,False,6,7,1
,029_kbc_13615767_20260714175500_seg_01494,029_kbc_13615767_20260714175500,SPEAKER_02,8781.52,8782.16,0.64,success,エビも。,success,エビも。,True,4,4,0
,029_kbc_13615767_20260714175500_seg_01495,029_kbc_13615767_20260714175500,SPEAKER_03,8782.64,8783.28,0.64,success,ラジオか。,success,ラジオ。,False,5,4,-1
,029_kbc_13615767_20260714175500_seg_01496,029_kbc_13615767_20260714175500,SPEAKER_03,8784.16,8784.96,0.8,success,映画とかもね。,success,大河とかもねいい。,False,7,9,2
,029_kbc_13615767_20260714175500_seg_01497,029_kbc_13615767_20260714175500,SPEAKER_03,8789.68,8791.34043,1.66,success,去年吉田羊さんやったよね。,success,去年吉田羊さんやったよね。,True,13,13,0
,029_kbc_13615767_20260714175500_seg_01498,029_kbc_13615767_20260714175500,SPEAKER_02,8794.48,8795.180273,0.7,success,大変や。,success,やっぱり大変やな。,False,4,9,5
,029_kbc_13615767_20260714175500_seg_01499,029_kbc_13615767_20260714175500,SPEAKER_02,8798.32,8798.96,0.64,success,山川さん。,success,山笠。,False,5,3,-2
,029_kbc_13615767_20260714175500_seg_01500,029_kbc_13615767_20260714175500,SPEAKER_03,8800.24,8803.84,3.6,success,リポートじゃあ皆さんアナウンサーさんもまた各地で?,success,リポートじゃあ皆さんアナウンサーさんもまた各地で。,False,25,25,0
,029_kbc_13615767_20260714175500_seg_01501,029_kbc_13615767_20260714175500,SPEAKER_02,8804.48,8812.940039,8.46,success,マジで山川さん、新浜レオンさんとか6時ぐらいから歌ったりとか、なんかやってるんですかね、前夜祭か、前夜祭。,success,ジダヤまかせさんのあの新浜レオンさんとか6時ぐらいから歌ったりとか言ってるんですかね前夜祭か前夜祭。,False,53,50,-3
,029_kbc_13615767_20260714175500_seg_01502,029_kbc_13615767_20260714175500,SPEAKER_02,8814.16,8814.8,0.64,success,ハマレオンス。,success,山根温泉。,False,7,5,-2
,029_kbc_13615767_20260714175500_seg_01503,029_kbc_13615767_20260714175500,SPEAKER_03,8814.96,8820.72,5.76,success,傘があるから、いろんな局でさ、深夜さ、なんかそういう、いろんななんか再放送やったり、つなぎのなんかね。,success,天笠があるからいろんな局でさ深夜さなんかそういういろんな再放送やったりこうつなぎのなんかね。,False,51,46,-5
,029_kbc_13615767_20260714175500_seg_01504,029_kbc_13615767_20260714175500,SPEAKER_02,8821.68,8822.8,1.12,success,村が楽しみの一つや。,success,村が楽しみの一つや。,True,10,10,0
,029_kbc_13615767_20260714175500_seg_01505,029_kbc_13615767_20260714175500,SPEAKER_03,8823.6,8826.4,2.8,success,ずっと4連続ぐらいで特命係長。,success,うちずっと4連続ぐらいで特命係長。,False,15,17,2
,029_kbc_13615767_20260714175500_seg_01506,029_kbc_13615767_20260714175500,SPEAKER_02,8828.16,8829.68,1.52,success,厳しいね。,success,厳しいね。,True,5,5,0
,029_kbc_13615767_20260714175500_seg_01507,029_kbc_13615767_20260714175500,SPEAKER_03,8831.04,8831.92,0.88,success,斎藤さんから取って。,success,斎藤さんから撮ってくれ。,False,10,12,2
,029_kbc_13615767_20260714175500_seg_01508,029_kbc_13615767_20260714175500,SPEAKER_02,8834.32,8835.36,1.04,success,全然違うやんみたいなね。,success,全然違うやんみたいなね。,True,12,12,0
,029_kbc_13615767_20260714175500_seg_01509,029_kbc_13615767_20260714175500,SPEAKER_02,8837.68,8838.380469,0.7,success,あの人たち。,success,まああの人たち。,False,6,8,2
,029_kbc_13615767_20260714175500_seg_01510,029_kbc_13615767_20260714175500,SPEAKER_02,8840.08,8842.64,2.56,success,詰め所でラジオを流しながらっていうことに。,success,やっぱね詰所でラジオ流しながらっていう事になりますけど。,False,21,28,7
,029_kbc_13615767_20260714175500_seg_01511,029_kbc_13615767_20260714175500,SPEAKER_01,8843.12,8844.620215,1.5,success,写真も撮ってますわkbc。,success,写真も撮ってますkbc。,False,13,12,-1
,029_kbc_13615767_20260714175500_seg_01512,029_kbc_13615767_20260714175500,SPEAKER_01,8845.84,8847.12,1.28,success,あれですよね。,success,あのあれですよね。,False,7,9,2
,029_kbc_13615767_20260714175500_seg_01513,029_kbc_13615767_20260714175500,SPEAKER_01,8847.52,8848.64,1.12,success,細谷さんたちも人間の。,success,細谷さんたちも人間の世界。,False,11,13,2
,029_kbc_13615767_20260714175500_seg_01514,029_kbc_13615767_20260714175500,SPEAKER_02,8849.44,8851.44,2.0,success,あっあのぼる塾とか。,success,あっあのぼる塾とか。,True,10,10,0
,029_kbc_13615767_20260714175500_seg_01515,029_kbc_13615767_20260714175500,SPEAKER_01,8851.6,8852.32,0.72,success,そうそうそう。,success,そうそうそう。,True,7,7,0
,029_kbc_13615767_20260714175500_seg_01516,029_kbc_13615767_20260714175500,SPEAKER_02,8853.04,8853.76,0.72,success,キュッとと。,success,ギュッとトン。,False,6,7,1
,029_kbc_13615767_20260714175500_seg_01517,029_kbc_13615767_20260714175500,SPEAKER_03,8853.84,8855.28,1.44,success,kbcの飾り山もね。,success,kbcの飾り山もね。,True,10,10,0
,029_kbc_13615767_20260714175500_seg_01518,029_kbc_13615767_20260714175500,SPEAKER_02,8858.48,8860.940039,2.46,success,飾り山笠になるなんか夢のようだもんね。,success,飾り山笠になるなんか夢のようだもんね。,True,19,19,0
,029_kbc_13615767_20260714175500_seg_01519,029_kbc_13615767_20260714175500,SPEAKER_03,8871.28,8872.940039,1.66,success,あれないとこかんでなんかサマーブース。,success,じゃああれナイトカンで何かサマーブースの。,False,19,21,2
,029_kbc_13615767_20260714175500_seg_01520,029_kbc_13615767_20260714175500,SPEAKER_03,8874.16,8876.64,2.48,success,1丁公園でやぐらでさ、なんかずっとさ、,success,延長公園でやぐらでさ何かずっとさ。,False,19,17,-2
,029_kbc_13615767_20260714175500_seg_01521,029_kbc_13615767_20260714175500,SPEAKER_02,8878.48,8879.84,1.36,success,あれ夏祭り。,success,あれ夏祭り。,True,6,6,0
,029_kbc_13615767_20260714175500_seg_01522,029_kbc_13615767_20260714175500,SPEAKER_03,8880.88,8882.56,1.68,success,スクイングしたりさ選手も来たりとかしてさ。,success,ビックビーングしたりさ選手も来たりとかしてるじゃん。,False,21,26,5
,029_kbc_13615767_20260714175500_seg_01523,029_kbc_13615767_20260714175500,SPEAKER_02,8882.72,8883.76,1.04,success,ああ。,success,うんうんうん。,False,3,7,4
,029_kbc_13615767_20260714175500_seg_01524,029_kbc_13615767_20260714175500,SPEAKER_02,8888.56,8890.220312,1.66,success,本当、盆踊りみたいなね。,success,ホント盆踊りみたいなね。,False,12,12,0
,029_kbc_13615767_20260714175500_seg_01525,029_kbc_13615767_20260714175500,SPEAKER_03,8894.32,8895.36,1.04,success,その時にやりよったイメージ。,success,その時にやりよったイメージ。,True,14,14,0
,029_kbc_13615767_20260714175500_seg_01526,029_kbc_13615767_20260714175500,SPEAKER_02,8897.2,8898.24,1.04,success,裏の上でね。,success,蔵の上でね。,False,6,6,0
,029_kbc_13615767_20260714175500_seg_01527,029_kbc_13615767_20260714175500,SPEAKER_02,8898.64,8899.34043,0.7,success,ありましたね。,success,ありましたね。,True,7,7,0
,029_kbc_13615767_20260714175500_seg_01528,029_kbc_13615767_20260714175500,SPEAKER_03,8904.4,8905.2,0.8,success,それ自体は?,success,それ自体は?,True,6,6,0
,029_kbc_13615767_20260714175500_seg_01529,029_kbc_13615767_20260714175500,SPEAKER_02,8905.28,8905.92,0.64,success,盛り上がったか。,success,盛り上がっとったで。,False,8,10,2
,029_kbc_13615767_20260714175500_seg_01530,029_kbc_13615767_20260714175500,SPEAKER_03,8906.0,8906.56,0.56,success,ねえ。,success,ねえ。,True,3,3,0
,029_kbc_13615767_20260714175500_seg_01531,029_kbc_13615767_20260714175500,SPEAKER_03,8907.12,8908.32,1.2,success,いやー、よかったです。,success,いやよかったです。,False,11,9,-2
,029_kbc_13615767_20260714175500_seg_01532,029_kbc_13615767_20260714175500,SPEAKER_03,8908.64,8910.16,1.52,success,お客様ございます。,success,菊池さんございます。,False,9,10,1
,029_kbc_13615767_20260714175500_seg_01533,029_kbc_13615767_20260714175500,SPEAKER_03,8912.56,8913.260352,0.7,success,大好き!,success,大好き!,True,4,4,0
,029_kbc_13615767_20260714175500_seg_01534,029_kbc_13615767_20260714175500,SPEAKER_03,8916.4,8918.540137,2.14,success,デーゲームが開催される理由ってちゃんと。,success,デーゲームが開催される理由ってちゃんと。,True,20,20,0
,029_kbc_13615767_20260714175500_seg_01535,029_kbc_13615767_20260714175500,SPEAKER_02,8920.4,8921.04,0.64,success,北海道の大輔。,success,海堂大介さん。,False,7,7,0
,029_kbc_13615767_20260714175500_seg_01536,029_kbc_13615767_20260714175500,SPEAKER_02,8921.92,8922.48,0.56,success,いいですね。,success,あっいいですね。,False,6,8,2
,029_kbc_13615767_20260714175500_seg_01537,029_kbc_13615767_20260714175500,SPEAKER_01,8922.96,8926.72,3.76,success,果報です、蒸し暑さマックスの北海道での勝ちは気持ちいいです。,success,果報です、蒸し暑さマックスの北海道での勝ちは気持ちいいです。,True,30,30,0
,029_kbc_13615767_20260714175500_seg_01538,029_kbc_13615767_20260714175500,SPEAKER_03,8926.72,8929.68,2.96,success,蒸し暑いんやなんかさっぱりしてそうやけどイメージ。,success,蒸し暑いんやなんかさっぱりしてそうやけどイメージ。,True,25,25,0
,029_kbc_13615767_20260714175500_seg_01539,029_kbc_13615767_20260714175500,SPEAKER_01,8930.24,8940.0,9.76,success,先ほど番組冒頭でなんでこの時期にエスコンでデーゲーム開催するのかって話をされてましたが理由は従来のナイターや週末の試合では来場が難しいファン層に。,success,先ほど番組冒頭でなんでこの時期にエスコンでデーゲーム開催するのかって話をされてましたが理由は従来のナイターや週末の試合では来庁が難しいファン層に。,False,73,73,0
,029_kbc_13615767_20260714175500_seg_01540,029_kbc_13615767_20260714175500,SPEAKER_03,8941.36,8942.8,1.44,success,することあとがんのこと。,success,することあとがんのこと。,True,12,12,0
,029_kbc_13615767_20260714175500_seg_01541,029_kbc_13615767_20260714175500,SPEAKER_01,8942.88,8944.24,1.36,success,学生の修学旅行?,success,学生の修学旅行?,True,8,8,0
,029_kbc_13615767_20260714175500_seg_01542,029_kbc_13615767_20260714175500,SPEAKER_01,8944.48,8948.32,3.84,success,課外活動といった教育的な取り組みの一環として、,success,課外活動といった教育的な取り組みの一環として。,False,23,23,0
,029_kbc_13615767_20260714175500_seg_01543,029_kbc_13615767_20260714175500,SPEAKER_01,8952.4,8953.68,1.28,success,平日デーゲーム開催。,success,で平日デーゲーム開催。,False,10,11,1
,029_kbc_13615767_20260714175500_seg_01544,029_kbc_13615767_20260714175500,SPEAKER_03,8953.84,8954.64,0.8,success,がされているそう。,success,許可されている相談。,False,9,10,1
,029_kbc_13615767_20260714175500_seg_01545,029_kbc_13615767_20260714175500,SPEAKER_02,8954.96,8955.84,0.88,success,あさイチ。,success,朝。,False,5,2,-3
,029_kbc_13615767_20260714175500_seg_01546,029_kbc_13615767_20260714175500,SPEAKER_01,8956.8,8958.16,1.36,success,有給特定スコーニを。,success,有休取ってエスコンに追われる。,False,10,15,5
,029_kbc_13615767_20260714175500_seg_01547,029_kbc_13615767_20260714175500,SPEAKER_03,8959.2,8961.76,2.56,success,勝って、いい流れで木曜日を迎えてほしいです。,success,勝っていい流れで木曜日を迎えてほしいです。,False,22,21,-1
,029_kbc_13615767_20260714175500_seg_01548,029_kbc_13615767_20260714175500,SPEAKER_02,8968.24,8971.2,2.96,success,鹿児島県立何とか中学校の生徒さんが。,success,鹿児島県立何とか中学校の生徒さんが。,True,18,18,0
,029_kbc_13615767_20260714175500_seg_01549,029_kbc_13615767_20260714175500,SPEAKER_03,8975.6,8977.12,1.52,success,ぐらいで終わって、ごはん。,success,ぐらいで終わってごはん。,False,13,12,-1
,029_kbc_13615767_20260714175500_seg_01550,029_kbc_13615767_20260714175500,SPEAKER_02,8979.76,8983.82041,4.06,success,ゲームでさ、少年野球の子たちが招待されて来とるけど、うわー、これから大谷翔平。,success,ゲームでさ少年野球の子たちが招待されて来とるけどうわー、これから大谷翔平。,False,39,37,-2
,029_kbc_13615767_20260714175500_seg_01551,029_kbc_13615767_20260714175500,SPEAKER_02,8985.52,8987.180273,1.66,success,メロン屋久留米までみたいなさ。,success,エロンや久留米までみたいなさ。,False,15,15,0
,029_kbc_13615767_20260714175500_seg_01552,029_kbc_13615767_20260714175500,SPEAKER_02,8988.4,8988.96,0.56,success,ピアノ!,success,ピアノ。,False,4,4,0
,029_kbc_13615767_20260714175500_seg_01553,029_kbc_13615767_20260714175500,SPEAKER_02,8992.24,8992.88,0.64,success,ああ。,success,ああ。,True,3,3,0
,029_kbc_13615767_20260714175500_seg_01554,029_kbc_13615767_20260714175500,SPEAKER_03,8992.88,8994.32,1.44,success,6月の週末が優勝です。,success,6月の週末が唯一です。,False,11,11,0
,029_kbc_13615767_20260714175500_seg_01555,029_kbc_13615767_20260714175500,SPEAKER_03,8994.72,8995.6,0.88,success,スコンの。,success,スコンの。,True,5,5,0
,029_kbc_13615767_20260714175500_seg_01556,029_kbc_13615767_20260714175500,SPEAKER_03,8997.12,9004.56,7.44,success,その時に僕仕事入って沖縄のロケやったけん今年は行けんなと思ったら明日がね。,success,その時に僕仕事入って沖縄のロケやったけん今年は行けんなと思ったら明日がね。,True,37,37,0
,029_kbc_13615767_20260714175500_seg_01557,029_kbc_13615767_20260714175500,SPEAKER_03,9004.88,9008.48,3.6,success,朝の番組がないんですよ奇跡的にロケもね。,success,朝の番組がないんですよで奇跡的にロケもね。,False,20,21,1
,029_kbc_13615767_20260714175500_seg_01558,029_kbc_13615767_20260714175500,SPEAKER_03,9009.44,9011.180273,1.74,success,テレビのロケもバラシになったんですよ。,success,テレビのロケもバラシになったんですよ。,True,19,19,0
,029_kbc_13615767_20260714175500_seg_01559,029_kbc_13615767_20260714175500,SPEAKER_03,9012.4,9012.96,0.56,success,あさって。,success,きあさって。,False,5,6,1
,029_kbc_13615767_20260714175500_seg_01560,029_kbc_13615767_20260714175500,SPEAKER_03,9013.28,9014.48,1.2,success,どうですか?,success,これですけど。,False,6,7,1
,029_kbc_13615767_20260714175500_seg_01561,029_kbc_13615767_20260714175500,SPEAKER_03,9014.72,9021.92,7.2,success,そしたらね、エスコンか、まあまあ、でもナイター券関係ないから、デーゲームやん、おおおお、いける、いける、いける、いける、朝の飛行機乗って。,success,そしたらねエスコンかまあまあでもナイター系関係ないからデーゲームやんおおおおいけるいけるいけるいける朝の飛行機乗って。,False,69,59,-10
,029_kbc_13615767_20260714175500_seg_01562,029_kbc_13615767_20260714175500,SPEAKER_03,9022.64,9023.36,0.72,success,ついて。,success,着いて。,False,4,4,0
,029_kbc_13615767_20260714175500_seg_01563,029_kbc_13615767_20260714175500,SPEAKER_03,9023.76,9024.72,0.96,success,知事から見て。,success,知事から見て。,True,7,7,0
,029_kbc_13615767_20260714175500_seg_01564,029_kbc_13615767_20260714175500,SPEAKER_02,9026.32,9026.96,0.64,success,最高!,success,開講!,False,3,3,0
,029_kbc_13615767_20260714175500_seg_01565,029_kbc_13615767_20260714175500,SPEAKER_03,9027.04,9028.48,1.44,success,ジンギスカンと味噌ラーメン食ってる。,success,ジンギスカンと味噌ラーメン食ってる。,True,18,18,0
,029_kbc_13615767_20260714175500_seg_01566,029_kbc_13615767_20260714175500,SPEAKER_02,9028.64,9029.92,1.28,success,めちゃくちゃ食うやろ。,success,むちゃくちゃ食うよな。,False,11,11,0
,029_kbc_13615767_20260714175500_seg_01567,029_kbc_13615767_20260714175500,SPEAKER_03,9030.0,9031.12,1.12,success,夜帰ってくるっていう。,success,で夜帰ってくるっていう。,False,11,12,1
,029_kbc_13615767_20260714175500_seg_01568,029_kbc_13615767_20260714175500,SPEAKER_03,9031.6,9034.08,2.48,success,最高やんと思って調べたんよ。,success,最高やんと思って調べたんよ。,True,14,14,0
,029_kbc_13615767_20260714175500_seg_01569,029_kbc_13615767_20260714175500,SPEAKER_03,9044.08,9045.52,1.44,success,10分ぐらいあるし飛行機あった。,success,10分ぐらいあるシーン飛行機あったんですよ。,False,16,22,6
,029_kbc_13615767_20260714175500_seg_01570,029_kbc_13615767_20260714175500,SPEAKER_01,9046.08,9047.52,1.44,success,うわー、朝の番組終わられたまま。,success,うわ朝の番組終わりやったママ。,False,16,15,-1
,029_kbc_13615767_20260714175500_seg_01571,029_kbc_13615767_20260714175500,SPEAKER_03,9048.08,9049.2,1.12,success,待て、朝もないわと思って。,success,待て朝もないわと思って。,False,13,12,-1
,029_kbc_13615767_20260714175500_seg_01572,029_kbc_13615767_20260714175500,SPEAKER_01,9051.52,9052.64,1.12,success,10時10時半。,success,10時10時半。,True,8,8,0
,029_kbc_13615767_20260714175500_seg_01573,029_kbc_13615767_20260714175500,SPEAKER_03,9053.2,9057.84,4.64,success,新日蘇生着いて1時からやけん余裕でね。,success,新日清着いてで1時からやけん余裕でね待って。,False,19,22,3
,029_kbc_13615767_20260714175500_seg_01574,029_kbc_13615767_20260714175500,SPEAKER_03,9058.16,9059.12,0.96,success,だってそのままいけるぐらい。,success,やってその前に行けるぐらい。,False,14,14,0
,029_kbc_13615767_20260714175500_seg_01575,029_kbc_13615767_20260714175500,SPEAKER_03,9062.08,9063.020117,0.94,success,愛とかしかないけんね。,success,愛とかしかないけんね。,True,11,11,0
,029_kbc_13615767_20260714175500_seg_01576,029_kbc_13615767_20260714175500,SPEAKER_01,9064.4,9065.420508,1.021,success,試合の途中。,success,試合の途中。,True,6,6,0
,029_kbc_13615767_20260714175500_seg_01577,029_kbc_13615767_20260714175500,SPEAKER_03,9067.04,9068.16,1.12,success,とかいけんで、もう。,success,だからいけんでもう。,False,10,10,0
,029_kbc_13615767_20260714175500_seg_01578,029_kbc_13615767_20260714175500,SPEAKER_02,9068.32,9069.68,1.36,success,ただ試合だけ見て帰る。,success,ただ試合だけ見て帰るだけ。,False,11,13,2
,029_kbc_13615767_20260714175500_seg_01579,029_kbc_13615767_20260714175500,SPEAKER_03,9074.4,9075.28,0.88,success,そうjalはね。,success,そうjalはね。,True,8,8,0
,029_kbc_13615767_20260714175500_seg_01580,029_kbc_13615767_20260714175500,SPEAKER_03,9077.28,9078.32,1.04,success,あるかもしれんけど。,success,あるかもしれんけど。,True,10,10,0
,029_kbc_13615767_20260714175500_seg_01581,029_kbc_13615767_20260714175500,SPEAKER_01,9081.68,9089.900488,8.22,success,なんか7時ぐらいの飛行機やって、試合終わって、ちょっと2時間ぐらいあって、本当、なんかおいしいもの食べて、空港行って、こっちに10時とか9時半ぐらいに着くのが。,success,なんか7時ぐらいの飛行機やって試合終わってちょっと2時間ぐらいあって本当なんかおいしいもの食べて空港行ってこっちに10時とか9時半ぐらいに着くのが。,False,80,74,-6
,029_kbc_13615767_20260714175500_seg_01582,029_kbc_13615767_20260714175500,SPEAKER_02,9093.44,9094.220312,0.78,success,だってまあまあ。,success,だってまあまあひどい。,False,8,11,3
,029_kbc_13615767_20260714175500_seg_01583,029_kbc_13615767_20260714175500,SPEAKER_02,9096.16,9096.88,0.72,success,行こうと思って違う。,success,行こうと思って違う。,True,10,10,0
,029_kbc_13615767_20260714175500_seg_01584,029_kbc_13615767_20260714175500,SPEAKER_03,9098.08,9099.92,1.84,success,結構。,success,結構そう。,False,3,5,2
,029_kbc_13615767_20260714175500_seg_01585,029_kbc_13615767_20260714175500,SPEAKER_02,9100.16,9100.96,0.8,success,結構高いよね。,success,結構高いよね。,True,7,7,0
,029_kbc_13615767_20260714175500_seg_01586,029_kbc_13615767_20260714175500,SPEAKER_03,9102.4,9103.04,0.64,success,帰る行かれた。,success,帰るわ行かれたけど。,False,7,10,3
,029_kbc_13615767_20260714175500_seg_01587,029_kbc_13615767_20260714175500,SPEAKER_02,9103.2,9105.84,2.64,success,北海道って、ああ、やっぱ住んだなと思った。,success,北海道ってああやっぱ住んだなと思った。,False,21,19,-2
,029_kbc_13615767_20260714175500_seg_01588,029_kbc_13615767_20260714175500,SPEAKER_03,9106.08,9107.6,1.52,success,だけにちょっと残念ながら。,success,だけにちょっと残念ながら。,True,13,13,0
,029_kbc_13615767_20260714175500_seg_01589,029_kbc_13615767_20260714175500,SPEAKER_02,9116.56,9118.16,1.6,success,あれは週末とかじゃなかったですね。,success,あれは週末とかじゃなかったですね。,True,17,17,0
,029_kbc_13615767_20260714175500_seg_01590,029_kbc_13615767_20260714175500,SPEAKER_01,9118.48,9119.52,1.04,success,普通に水曜日で。,success,それに水曜日で。,False,8,8,0
,029_kbc_13615767_20260714175500_seg_01591,029_kbc_13615767_20260714175500,SPEAKER_03,9120.56,9121.2,0.64,success,行けなくなった。,success,行けなくなったよ。,False,8,9,1
,029_kbc_13615767_20260714175500_seg_01592,029_kbc_13615767_20260714175500,SPEAKER_01,9121.28,9124.4,3.12,success,グラスオニオン、あっ、ボーナスだ。,success,えグラスオニオンあっボーナスだ。,False,17,16,-1
,029_kbc_13615767_20260714175500_seg_01593,029_kbc_13615767_20260714175500,SPEAKER_01,9125.2,9131.660254,6.46,success,多分きっと誰も興味ないでしょうが僕の例のひどい会社はボーナスがボーナス月が遅いし学費も遅い。,success,多分きっと誰も興味ないでしょうが僕の例のひどい会社はボーナスがボーナス月が遅いし学費も遅い。,True,46,46,0
,029_kbc_13615767_20260714175500_seg_01594,029_kbc_13615767_20260714175500,SPEAKER_01,9132.88,9139.2,6.32,success,ボーナスは7月末払い遅いっつってもちょっとね普通今ぐらいっていうか頭?そういうことでしょ?,success,ボーナスは7月末払い遅いっていってもちょっとね普通今ぐらいってまた?そういうことでしょ?,False,45,44,-1
,029_kbc_13615767_20260714175500_seg_01595,029_kbc_13615767_20260714175500,SPEAKER_01,9150.16,9152.300391,2.14,success,割引前で夏は25。,success,吹雪前で夏は25度。,False,9,10,1
,029_kbc_13615767_20260714175500_seg_01596,029_kbc_13615767_20260714175500,SPEAKER_01,9153.460352,9154.56,1.1,success,杭は30万。,success,供与は30万。,False,6,7,1
,029_kbc_13615767_20260714175500_seg_01597,029_kbc_13615767_20260714175500,SPEAKER_02,9154.64,9155.28,0.64,success,おい!,success,おい!,True,3,3,0
,029_kbc_13615767_20260714175500_seg_01598,029_kbc_13615767_20260714175500,SPEAKER_01,9155.28,9156.96,1.68,success,驚きの低さでそうなん?,success,驚きの低さでそうな?,False,11,10,-1
,029_kbc_13615767_20260714175500_seg_01599,029_kbc_13615767_20260714175500,SPEAKER_02,9159.28,9159.980078,0.7,success,ドラムその。,success,ドラムソナ。,False,6,6,0
,029_kbc_13615767_20260714175500_seg_01600,029_kbc_13615767_20260714175500,SPEAKER_02,9161.68,9163.36,1.68,success,100万とかもらうところがあるか。,success,100万とかもらうところがあるか?,False,17,17,0
,029_kbc_13615767_20260714175500_seg_01601,029_kbc_13615767_20260714175500,SPEAKER_01,9165.36,9166.16,0.8,success,まあ100万ぐらい。,success,まあ100万ぐらい。,True,10,10,0
,029_kbc_13615767_20260714175500_seg_01602,029_kbc_13615767_20260714175500,SPEAKER_02,9166.56,9170.88,4.32,success,そりゃもう昔の話でしょ3倍なんてねぇ3倍ないですよ。,success,もう昔の話でしょ3枚ねえ3枚ないですよ。,False,26,20,-6
,029_kbc_13615767_20260714175500_seg_01603,029_kbc_13615767_20260714175500,SPEAKER_02,9171.28,9175.34043,4.06,success,91か月分ってことはさその月だけさ倍杯ってこと?,success,裕太それさ91カ月分ってことはさその月だけさ倍杯ってこと?,False,24,29,5
,029_kbc_13615767_20260714175500_seg_01604,029_kbc_13615767_20260714175500,SPEAKER_01,9177.04,9177.740332,0.7,success,すごいことやん。,success,すごいことやん。,True,8,8,0
,029_kbc_13615767_20260714175500_seg_01605,029_kbc_13615767_20260714175500,SPEAKER_02,9179.28,9181.76,2.48,success,だって本当に数万円のところとかでも。,success,だって本当に数万円のところとかでも。,True,18,18,0
,029_kbc_13615767_20260714175500_seg_01606,029_kbc_13615767_20260714175500,SPEAKER_02,9182.24,9182.88,0.64,success,ケーうれしい。,success,kうれしい。,False,7,6,-1
,029_kbc_13615767_20260714175500_seg_01607,029_kbc_13615767_20260714175500,SPEAKER_01,9184.24,9184.940039,0.7,success,大阪会場。,success,大阪か。,False,5,4,-1
,029_kbc_13615767_20260714175500_seg_01608,029_kbc_13615767_20260714175500,SPEAKER_01,9186.16,9190.220312,4.06,success,なんか同級生が、なんやったっけ、ゼネコンかなんか働きよって、ボーナス出したって。,success,なんか同級生がなんやったっけ、ゼネコンかなんか働けよって、ボーナス出したって。,False,40,39,-1
,029_kbc_13615767_20260714175500_seg_01609,029_kbc_13615767_20260714175500,SPEAKER_02,9192.48,9194.8,2.32,success,いや、もうびっくりする、びっくりする。,success,いやもうびっくりするびっくりする。,False,19,17,-2
,029_kbc_13615767_20260714175500_seg_01610,029_kbc_13615767_20260714175500,SPEAKER_01,9201.68,9204.24,2.56,success,おごったのかなと思ったら、ボーナスもらって。,success,おごったろかなと思ったらボーナスもらって。,False,22,21,-1
,029_kbc_13615767_20260714175500_seg_01611,029_kbc_13615767_20260714175500,SPEAKER_01,9205.36,9206.96,1.6,success,そしたら1000万超えてたっけ?,success,そしたら1000万超えてたっけ。,False,16,16,0
,029_kbc_13615767_20260714175500_seg_01612,029_kbc_13615767_20260714175500,SPEAKER_02,9210.08,9211.28,1.2,success,濃いので。,success,こういうので。,False,5,7,2
,029_kbc_13615767_20260714175500_seg_01613,029_kbc_13615767_20260714175500,SPEAKER_02,9212.72,9213.740332,1.02,success,これした!って言って。,success,これした!っつって。,False,11,10,-1
,029_kbc_13615767_20260714175500_seg_01614,029_kbc_13615767_20260714175500,SPEAKER_01,9216.24,9216.96,0.72,success,練習やん。,success,練習やん。,True,5,5,0
,029_kbc_13615767_20260714175500_seg_01615,029_kbc_13615767_20260714175500,SPEAKER_02,9218.4,9219.6,1.2,success,すっごかったよ。,success,すっごかったよ。,True,8,8,0
,029_kbc_13615767_20260714175500_seg_01616,029_kbc_13615767_20260714175500,SPEAKER_02,9221.04,9223.44,2.4,success,やっぱり頑張ったっていうところがね。,success,やっぱり頑張ったっていうところがね。,True,18,18,0
,029_kbc_13615767_20260714175500_seg_01617,029_kbc_13615767_20260714175500,SPEAKER_01,9224.16,9226.4,2.24,success,営業さん、営業の皆さん、サグラソニョの。,success,営業さん営業の皆さんグラスオニオンの。,False,20,19,-1
,029_kbc_13615767_20260714175500_seg_01618,029_kbc_13615767_20260714175500,SPEAKER_01,9227.92,9228.96,1.04,success,の皆さんはゼロ。,success,皆さんはゼロ。,False,8,7,-1
,029_kbc_13615767_20260714175500_seg_01619,029_kbc_13615767_20260714175500,SPEAKER_01,9229.6,9234.88,5.28,success,事務員の僕は1人しかおらず、辞められたら困るという理由で頂いておりますと。,success,事務員の僕は1人しかおらず、辞められたら困るという理由で頂いております。,False,37,36,-1
,029_kbc_13615767_20260714175500_seg_01620,029_kbc_13615767_20260714175500,SPEAKER_01,9236.48,9237.04,0.56,success,5位1人。,success,すごい人。,False,5,5,0
,029_kbc_13615767_20260714175500_seg_01621,029_kbc_13615767_20260714175500,SPEAKER_02,9237.44,9238.220312,0.78,success,不要や、それ。,success,不要やそれ。,False,7,6,-1
,029_kbc_13615767_20260714175500_seg_01622,029_kbc_13615767_20260714175500,SPEAKER_01,9239.44,9242.060156,2.62,success,全現象、プップさん、たぶんうまい酒が飲めそうです。,success,自然現象プップさん多分うまい酒が飲めそうですね。,False,25,24,-1
,029_kbc_13615767_20260714175500_seg_01623,029_kbc_13615767_20260714175500,SPEAKER_01,9243.76,9246.8,3.04,success,1か月弱でも、いうたら、給料2回入ってるみたいなもんやろ?,success,1か月弱でも言うたら給料2回入ってるみたいなもんやろ?,False,29,27,-2
,029_kbc_13615767_20260714175500_seg_01624,029_kbc_13615767_20260714175500,SPEAKER_02,9246.8,9247.34043,0.54,success,いやそう?,success,いやそう。,False,5,5,0
,029_kbc_13615767_20260714175500_seg_01625,029_kbc_13615767_20260714175500,SPEAKER_01,9251.44,9254.540137,3.1,success,さっきでもいろんな車好きな人はさ車のなんかこう。,success,さっきでもいろんな車好きな人はさ車のなんかこう。,True,24,24,0
,029_kbc_13615767_20260714175500_seg_01626,029_kbc_13615767_20260714175500,SPEAKER_01,9255.76,9256.72,0.96,success,あれ変えたりとか。,success,あれ変えたりとか。,True,9,9,0
,029_kbc_13615767_20260714175500_seg_01627,029_kbc_13615767_20260714175500,SPEAKER_02,9265.36,9268.940039,3.58,success,お笑い芸人だからっていうので、なんか初めっから説明されてないけど。,success,お笑い芸人だからっていうのでなんか初めっから説明されてないけど。,False,33,32,-1
,029_kbc_13615767_20260714175500_seg_01628,029_kbc_13615767_20260714175500,SPEAKER_01,9273.2,9275.68,2.48,success,言ったのがさ学園祭の時期さ。,success,言ったのがさ学園祭の時期さ。,True,14,14,0
,029_kbc_13615767_20260714175500_seg_01629,029_kbc_13615767_20260714175500,SPEAKER_01,9276.8,9277.84,1.04,success,火災ってちょっと。,success,火災ってちょっと。,True,9,9,0
,029_kbc_13615767_20260714175500_seg_01630,029_kbc_13615767_20260714175500,SPEAKER_01,9278.08,9279.44,1.36,success,人気者、東京でも。,success,人気者東京ドーム。,False,9,9,0
,029_kbc_13615767_20260714175500_seg_01631,029_kbc_13615767_20260714175500,SPEAKER_01,9279.84,9283.92,4.08,success,ほなさ、何十校とかで、文化祭、キング文化祭クイーンみたいな。,success,ほなさ何十校とかで文化祭キング文化祭クイーンみたいな。,False,30,27,-3
,029_kbc_13615767_20260714175500_seg_01632,029_kbc_13615767_20260714175500,SPEAKER_02,9284.72,9285.28,0.56,success,トニーだ。,success,お兄ちゃん。,False,5,6,1
,029_kbc_13615767_20260714175500_seg_01633,029_kbc_13615767_20260714175500,SPEAKER_01,9286.56,9291.36,4.8,success,時期は芸人のボーナスみたいのやったけどでも別にそれその分働きよけんじゃん。,success,あの時期は芸人のボーナスみたいに言ってたけどでも別にそれその分働きよけんじゃん。,False,37,40,3
,029_kbc_13615767_20260714175500_seg_01634,029_kbc_13615767_20260714175500,SPEAKER_01,9294.16,9298.56,4.4,success,バイトなので、ボーナスはない、ことしからもう一つバイト始めて、ちょっとだけ忙しくなりました。,success,アルバイトなのでボーナスはない今年からもう一つバイト始めてちょっとだけ忙しくなりました。,False,46,44,-2
,029_kbc_13615767_20260714175500_seg_01635,029_kbc_13615767_20260714175500,SPEAKER_02,9298.64,9299.660254,1.02,success,あなたはこれから。,success,あなたはこれから。,True,9,9,0
,029_kbc_13615767_20260714175500_seg_01636,029_kbc_13615767_20260714175500,SPEAKER_02,9300.88,9302.96,2.08,success,これっからその頑張った分。,success,これからその頑張った分。,False,13,12,-1
,029_kbc_13615767_20260714175500_seg_01637,029_kbc_13615767_20260714175500,SPEAKER_02,9303.52,9304.32,0.8,success,いっぱい会社に。,success,いっぱい会社で。,False,8,8,0
,029_kbc_13615767_20260714175500_seg_01638,029_kbc_13615767_20260714175500,SPEAKER_01,9304.56,9309.740332,5.18,success,母ちゃん、北海道はやっぱ帰りの便が問題なんよって、やっぱそうだ、帰りがそないんよ。,success,大賀ラスケ母ちゃん北海道はやっぱ帰りの便が問題なんよってやっぱそうだ帰りがそないんよ。,False,41,43,2
,029_kbc_13615767_20260714175500_seg_01639,029_kbc_13615767_20260714175500,SPEAKER_01,9312.88,9313.44,0.56,success,どうだった?,success,よかった。,False,6,5,-1
,029_kbc_13615767_20260714175500_seg_01640,029_kbc_13615767_20260714175500,SPEAKER_01,9314.16,9315.020117,0.86,success,東京トランジトワール。,success,東京トランジションある。,False,11,12,1
,029_kbc_13615767_20260714175500_seg_01641,029_kbc_13615767_20260714175500,SPEAKER_02,9321.04,9324.620215,3.58,success,いや、でもいいな、でも人の、そういうボーナスのね。,success,いやでもいいなあでも人のそういうボーナスのね。,False,25,23,-2
,029_kbc_13615767_20260714175500_seg_01642,029_kbc_13615767_20260714175500,SPEAKER_02,9325.84,9328.72,2.88,success,もらうとか、話聞いただけでも、ちょっとテンション上がる。,success,もらうとか話聞いただけでもちょっとテンション上がる。,False,28,26,-2
,029_kbc_13615767_20260714175500_seg_01643,029_kbc_13615767_20260714175500,SPEAKER_01,9329.12,9330.16,1.04,success,熊田教えてくれて。,success,熊野教えてくれた。,False,9,9,0
,029_kbc_13615767_20260714175500_seg_01644,029_kbc_13615767_20260714175500,SPEAKER_02,9330.96,9331.52,0.56,success,上がるね。,success,変わるね。,False,5,5,0
,029_kbc_13615767_20260714175500_seg_01645,029_kbc_13615767_20260714175500,SPEAKER_02,9332.4,9334.48,2.08,success,人がいっぱいお金もらえるならちょっとテンション上がるよ。,success,人がいっぱいお金もらえるなんてちょっとテンション上がるよ。,False,28,29,1
,029_kbc_13615767_20260714175500_seg_01646,029_kbc_13615767_20260714175500,SPEAKER_01,9334.48,9336.72,2.24,success,いやこれで分かるけどマジで相場が分かんない。,success,いやこれで分かるけどマジで相場が分からない。,False,22,22,0
,029_kbc_13615767_20260714175500_seg_01647,029_kbc_13615767_20260714175500,SPEAKER_01,9337.92,9340.08,2.16,success,ないんやっていう感じはしましたけど。,success,ないんやっていう感じはしましたけど。,True,18,18,0
,029_kbc_13615767_20260714175500_seg_01648,029_kbc_13615767_20260714175500,SPEAKER_02,9340.48,9342.860449,2.38,success,今は本当、それだけでもあるだけ。,success,今は本当それだけでもあるだけ。,False,16,15,-1
,029_kbc_13615767_20260714175500_seg_01649,029_kbc_13615767_20260714175500,SPEAKER_02,9344.08,9346.700293,2.62,success,話ばっかりやっぱテレビでもさ聞くやんボーナス。,success,話ばっかりやっぱテレビでもさ聞くやんボーナス。,True,23,23,0
,029_kbc_13615767_20260714175500_seg_01650,029_kbc_13615767_20260714175500,SPEAKER_02,9349.84,9350.540137,0.7,success,だ。,success,だな。,False,2,3,1
,029_kbc_13615767_20260714175500_seg_01651,029_kbc_13615767_20260714175500,SPEAKER_01,9351.76,9356.780371,5.02,success,あとその昔とかたぶん封筒でもらったりとかしよったけどさホントキャッシュレスすごい便利と思うよ。,success,あとその昔とか多分封筒でもらったりとかしよったけどさホントキャッシュレスすごい便利と思うよね。,False,47,47,0
,029_kbc_13615767_20260714175500_seg_01652,029_kbc_13615767_20260714175500,SPEAKER_01,9364.56,9365.92,1.36,success,俺の財布から4万円は入ってない。,success,俺の財布から4万円は入ってない。,True,16,16,0
,029_kbc_13615767_20260714175500_seg_01653,029_kbc_13615767_20260714175500,SPEAKER_01,9368.8,9370.4,1.6,success,減った、うわー、減った!とかなるやん。,success,うわ減った!とかなるやん。,False,19,13,-6
,029_kbc_13615767_20260714175500_seg_01654,029_kbc_13615767_20260714175500,SPEAKER_02,9370.48,9371.6,1.12,success,おろしいからいかん。,success,下ろしに行かないかん。,False,10,11,1
,029_kbc_13615767_20260714175500_seg_01655,029_kbc_13615767_20260714175500,SPEAKER_01,9372.24,9372.88,0.64,success,無事でしかないよ。,success,無事でしかないやん。,False,9,10,1
,029_kbc_13615767_20260714175500_seg_01656,029_kbc_13615767_20260714175500,SPEAKER_02,9372.96,9373.84,0.88,success,いや確かにこっち来る。,success,いや確かにこっち来た。,False,11,11,0
,029_kbc_13615767_20260714175500_seg_01657,029_kbc_13615767_20260714175500,SPEAKER_01,9374.8,9375.980078,1.18,success,意見、俺の中ではまだだから。,success,最近俺の中ではまだ何か。,False,14,12,-2
,029_kbc_13615767_20260714175500_seg_01658,029_kbc_13615767_20260714175500,SPEAKER_01,9377.76,9380.0,2.24,success,4万も減ってないし、座布団も着てないもん。,success,4万も減ってないし座布団も着てないもん。,False,21,20,-1
,029_kbc_13615767_20260714175500_seg_01659,029_kbc_13615767_20260714175500,SPEAKER_02,9380.24,9380.8,0.56,success,ハハハハ。,success,ハハハハ!,False,5,5,0
,029_kbc_13615767_20260714175500_seg_01660,029_kbc_13615767_20260714175500,SPEAKER_01,9386.4,9388.08,1.68,success,ただ、ごそっとひかれてさ。,success,ただやっぱゴソッとひかれてさ。,False,13,15,2
,029_kbc_13615767_20260714175500_seg_01661,029_kbc_13615767_20260714175500,SPEAKER_02,9390.64,9391.82041,1.18,success,お前のポチポチする話。,success,お前のポチポチする話。,True,11,11,0
,029_kbc_13615767_20260714175500_seg_01662,029_kbc_13615767_20260714175500,SPEAKER_02,9393.04,9394.72,1.68,success,入ってくるほうの話しとったで。,success,入ってくるほうの話聞きとったで。,False,15,16,1
,029_kbc_13615767_20260714175500_seg_01663,029_kbc_13615767_20260714175500,SPEAKER_01,9394.96,9395.52,0.56,success,何かね。,success,何かね。,True,4,4,0
,029_kbc_13615767_20260714175500_seg_01664,029_kbc_13615767_20260714175500,SPEAKER_02,9396.64,9398.16,1.52,success,失敗しないようにな漏らすな。,success,失敗しないようにな漏らすなよ。,False,14,15,1
,029_kbc_13615767_20260714175500_seg_01665,029_kbc_13615767_20260714175500,SPEAKER_02,9398.88,9399.84,0.96,success,確かにな。,success,確かにな。,True,5,5,0
,029_kbc_13615767_20260714175500_seg_01666,029_kbc_13615767_20260714175500,SPEAKER_01,9400.72,9403.68,2.96,success,5月が入ってくる券と思っても、5月ぐらいに金使いそうやもん。,success,カラスが入ってくる券と思っても5月ぐらいに金使いそうやもん。,False,30,30,0
,029_kbc_13615767_20260714175500_seg_01667,029_kbc_13615767_20260714175500,SPEAKER_01,9404.16,9405.28,1.12,success,これで払えばいいと思って。,success,これで払えばいいと思って。,True,13,13,0
,029_kbc_13615767_20260714175500_seg_01668,029_kbc_13615767_20260714175500,SPEAKER_02,9405.36,9406.88,1.52,success,もう子どもの発想ですね。,success,もう子どもの発想ですね。,True,12,12,0
,029_kbc_13615767_20260714175500_seg_01669,029_kbc_13615767_20260714175500,SPEAKER_01,9407.6,9408.72,1.12,success,お年玉がお年玉。,success,お年玉がお年玉だ。,False,8,9,1
,029_kbc_13615767_20260714175500_seg_01670,029_kbc_13615767_20260714175500,SPEAKER_01,9409.6,9413.04,3.44,success,肉森さん、先ほどボーナスの話題が出ていましたね。,success,肉森さん、先ほどボーナスの話題出てましたね。,False,24,22,-2
,029_kbc_13615767_20260714175500_seg_01671,029_kbc_13615767_20260714175500,SPEAKER_01,9413.36,9416.780371,3.42,success,xでつぶいちゃったんですけど夏のボーナスが出た3男。,success,xでつぶやいちゃったんですけど夏のボーナスが出た3男。,False,26,27,1
,029_kbc_13615767_20260714175500_seg_01672,029_kbc_13615767_20260714175500,SPEAKER_01,9417.940332,9422.24,4.3,success,冷蔵庫と掃除機とリビングの天井ライトを新調してくれました。,success,冷蔵庫と掃除機とリビングの天井ライトを新調してくれました。,True,29,29,0
,029_kbc_13615767_20260714175500_seg_01673,029_kbc_13615767_20260714175500,SPEAKER_02,9422.32,9423.04,0.72,success,やさしい。,success,優しい。,False,5,4,-1
,029_kbc_13615767_20260714175500_seg_01674,029_kbc_13615767_20260714175500,SPEAKER_02,9424.72,9426.48,1.76,success,結構結構じゃない?,success,こう結構じゃない?,False,9,9,0
,029_kbc_13615767_20260714175500_seg_01675,029_kbc_13615767_20260714175500,SPEAKER_01,9426.64,9428.780371,2.14,success,さらに祖父母にもプレゼントを用意してました。,success,更に祖父母にもプレゼントを用意してました。,False,22,21,-1
,029_kbc_13615767_20260714175500_seg_01676,029_kbc_13615767_20260714175500,SPEAKER_01,9430.420313,9443.660254,13.24,success,三男は不登校引きこもりを乗り越えて今がありますどうやら職場の周りの大人の方に恵まれたようで三男のいきさつを多少理解してくれる方々がボーナスが入ったら自分のことだけに使わずこれまで支えてくれた両親に恩返しをします。,success,ストーリー三男は不登校引きこもりを乗り越えて今がありますどうやら職場の周りの大人の方に恵まれたようで三男のいきさつを多少理解してくれる方々がボーナスが入ったら自分のことだけに使わずこれまで支えてくれた両親に恩返しをする。,False,106,110,4
,029_kbc_13615767_20260714175500_seg_01677,029_kbc_13615767_20260714175500,SPEAKER_01,9445.36,9446.060156,0.7,success,ようです。,success,岩です。,False,5,4,-1
,029_kbc_13615767_20260714175500_seg_01678,029_kbc_13615767_20260714175500,SPEAKER_01,9447.76,9452.300391,4.54,success,特に人って周りの方々に影響されますからね、三男の周りに。,success,特に人って周りの方々に影響されますからね三男の周りに。,False,28,27,-1
,029_kbc_13615767_20260714175500_seg_01679,029_kbc_13615767_20260714175500,SPEAKER_01,9454.0,9456.24,2.24,success,いらっしゃることに感謝しかありません。,success,いらっしゃる事に感謝しかありません。,False,19,18,-1
,029_kbc_13615767_20260714175500_seg_01680,029_kbc_13615767_20260714175500,SPEAKER_01,9456.64,9460.32,3.68,success,自分が好きなゲーミングパソコンもしっかり購入しておりましたし。,success,自分が好きなゲーミングパソコンもしっかり購入しておりましたし。,True,31,31,0
,029_kbc_13615767_20260714175500_seg_01681,029_kbc_13615767_20260714175500,SPEAKER_01,9461.12,9462.48,1.36,success,にも加入してました。,success,にも加入してました。,True,10,10,0
,029_kbc_13615767_20260714175500_seg_01682,029_kbc_13615767_20260714175500,SPEAKER_01,9462.96,9463.82041,0.86,success,ですけど成長。,success,ですけど成長。,True,7,7,0
,029_kbc_13615767_20260714175500_seg_01683,029_kbc_13615767_20260714175500,SPEAKER_01,9465.04,9465.76,0.72,success,いつもおやつ。,success,いつもおやつ。,True,7,7,0
,029_kbc_13615767_20260714175500_seg_01684,029_kbc_13615767_20260714175500,SPEAKER_01,9466.56,9469.100195,2.54,success,すみません、苦しいときもお2人のメッセージを読んでいただいて。,success,すみません苦しい時もお二人のメッセージを読んでいただいて。,False,31,29,-2
,029_kbc_13615767_20260714175500_seg_01685,029_kbc_13615767_20260714175500,SPEAKER_01,9470.32,9471.2,0.88,success,臭くなっちゃいます。,success,くさくなっちゃいますね。,False,10,12,2
,029_kbc_13615767_20260714175500_seg_01686,029_kbc_13615767_20260714175500,SPEAKER_01,9472.64,9473.52,0.88,success,子どもの成長。,success,子どもの成長。,True,7,7,0
,029_kbc_13615767_20260714175500_seg_01687,029_kbc_13615767_20260714175500,SPEAKER_01,9476.24,9478.16,1.92,success,そうね、冷蔵庫と掃除機を高い。,success,そうね冷蔵庫と掃除機は高い?,False,15,14,-1
,029_kbc_13615767_20260714175500_seg_01688,029_kbc_13615767_20260714175500,SPEAKER_02,9478.4,9479.6,1.2,success,いや高いよ!,success,いや高いよ。,False,6,6,0
,029_kbc_13615767_20260714175500_seg_01689,029_kbc_13615767_20260714175500,SPEAKER_01,9479.6,9482.0,2.4,success,3つで多分もう10万ちゃ言わんよ。,success,3つで多分もう10万ちゃ言わんよ。,True,17,17,0
,029_kbc_13615767_20260714175500_seg_01690,029_kbc_13615767_20260714175500,SPEAKER_01,9483.2,9486.96,3.76,success,父母やけん、たぶんボーナスだけで20万以上使ってるんですよ、プレゼントに。,success,父母やけん、たぶん、ボーナスだけで20万以上使ってるんですよ、プレゼントに。,False,37,38,1
,029_kbc_13615767_20260714175500_seg_01691,029_kbc_13615767_20260714175500,SPEAKER_02,9486.96,9488.16,1.2,success,楽勝で使ったよね。,success,楽勝で使ったよね?,False,9,9,0
,029_kbc_13615767_20260714175500_seg_01692,029_kbc_13615767_20260714175500,SPEAKER_01,9488.48,9489.740332,1.26,success,ゲーミングパソコンと。,success,ゲーミングパソコンと。,True,11,11,0
,029_kbc_13615767_20260714175500_seg_01693,029_kbc_13615767_20260714175500,SPEAKER_02,9493.84,9494.64,0.8,success,どう?,success,どう?,True,3,3,0
,029_kbc_13615767_20260714175500_seg_01694,029_kbc_13615767_20260714175500,SPEAKER_01,9497.92,9498.72,0.8,success,ないね。,success,だいね。,False,4,4,0
,029_kbc_13615767_20260714175500_seg_01695,029_kbc_13615767_20260714175500,SPEAKER_02,9499.04,9500.32,1.28,success,できんよ。,success,できんよ。,True,5,5,0
,029_kbc_13615767_20260714175500_seg_01696,029_kbc_13615767_20260714175500,SPEAKER_01,9505.36,9506.48,1.12,success,20代とかでしょ。,success,10代とかでしょ。,False,9,9,0
,029_kbc_13615767_20260714175500_seg_01697,029_kbc_13615767_20260714175500,SPEAKER_01,9508.24,9511.36,3.12,success,もう飲み代で使っとうよね、20代やったら、もう。,success,もう飲み代で使っとよね20代やったらもう。,False,24,21,-3
,029_kbc_13615767_20260714175500_seg_01698,029_kbc_13615767_20260714175500,SPEAKER_02,9518.0,9520.0,2.0,success,一体いくら使ったんやろな?,success,一体いくら使ったんやろな?,True,13,13,0
,029_kbc_13615767_20260714175500_seg_01699,029_kbc_13615767_20260714175500,SPEAKER_02,9520.88,9521.44,0.56,success,つまみ。,success,チョビ。,False,4,4,0
,029_kbc_13615767_20260714175500_seg_01700,029_kbc_13615767_20260714175500,SPEAKER_03,9521.52,9526.96,5.44,success,nisaとか投資とかもっとちゃんとすりゃよかったな無理や100円玉貯金ずっとしとったもんなぁ。,success,nisaとか投資とかもっとちゃんとすりゃよかったな無理や100円玉貯金ずっとしちゃったもんなぁ。,False,47,48,1
,029_kbc_13615767_20260714175500_seg_01701,029_kbc_13615767_20260714175500,SPEAKER_02,9527.04,9528.0,0.96,success,無理無理。,success,無理無理。,True,5,5,0
,029_kbc_13615767_20260714175500_seg_01702,029_kbc_13615767_20260714175500,SPEAKER_03,9528.32,9530.64,2.32,success,38ぐらいまで貯金箱で置かれたんだって。,success,38ぐらいまで貯金箱に置かれたんだと思う。,False,20,21,1
,029_kbc_13615767_20260714175500_seg_01703,029_kbc_13615767_20260714175500,SPEAKER_02,9532.64,9534.96,2.32,success,そんなやつ兄さん無理や。,success,そんなやつ兄さん無理や。,True,12,12,0
,029_kbc_13615767_20260714175500_seg_01704,029_kbc_13615767_20260714175500,SPEAKER_03,9536.24,9536.88,0.64,success,会ったことないけど。,success,終わったことないです。,False,10,11,1
,029_kbc_13615767_20260714175500_seg_01705,029_kbc_13615767_20260714175500,SPEAKER_02,9542.32,9543.020117,0.7,success,どうもちょっとボーナス。,success,多分ちょっとボーナス。,False,12,11,-1
,029_kbc_13615767_20260714175500_seg_01706,029_kbc_13615767_20260714175500,SPEAKER_01,9545.68,9546.24,0.56,success,リムさん3人。,success,レムさん先輩。,False,7,7,0
,029_kbc_13615767_20260714175500_seg_01707,029_kbc_13615767_20260714175500,SPEAKER_03,9546.64,9547.2,0.56,success,投稿した人。,success,暴行した人の。,False,6,7,1
,029_kbc_13615767_20260714175500_seg_01708,029_kbc_13615767_20260714175500,SPEAKER_01,9547.2,9549.260352,2.06,success,退職金2000万って言ってました。,success,退職金2000万って言ってました。,True,17,17,0
,029_kbc_13615767_20260714175500_seg_01709,029_kbc_13615767_20260714175500,SPEAKER_02,9553.76,9555.2,1.44,success,どうなんでしょうね。,success,どうなんでしょうね?,False,10,10,0
,029_kbc_13615767_20260714175500_seg_01710,029_kbc_13615767_20260714175500,SPEAKER_02,9555.92,9557.12,1.2,success,分からん、もう、どんなもん。,success,分からんもんどんなもん。,False,14,12,-2
,029_kbc_13615767_20260714175500_seg_01711,029_kbc_13615767_20260714175500,SPEAKER_01,9557.6,9559.2,1.6,success,めっちゃ親孝行やんって。,success,めっちゃ親孝行やんって。,True,12,12,0
,029_kbc_13615767_20260714175500_seg_01712,029_kbc_13615767_20260714175500,SPEAKER_01,9561.52,9562.700293,1.18,success,前のトーククラブでフロリダ。,success,前のトークライブでフロリダ。,False,14,14,0
,029_kbc_13615767_20260714175500_seg_01713,029_kbc_13615767_20260714175500,SPEAKER_02,9566.08,9566.88,0.8,success,いやホント。,success,いや本当。,False,6,5,-1
,029_kbc_13615767_20260714175500_seg_01714,029_kbc_13615767_20260714175500,SPEAKER_01,9567.6,9569.900488,2.3,success,退散私の父の日と母の日はライブ。,success,大佐私の父の日と母の日は来週。,False,16,15,-1
,029_kbc_13615767_20260714175500_seg_01715,029_kbc_13615767_20260714175500,SPEAKER_01,9573.52,9575.2,1.68,success,ああいいやん!,success,ここでもらってるああいいやん!,False,7,15,8
,029_kbc_13615767_20260714175500_seg_01716,029_kbc_13615767_20260714175500,SPEAKER_02,9575.28,9576.08,0.8,success,へえ。,success,わあ!,False,3,3,0
,029_kbc_13615767_20260714175500_seg_01717,029_kbc_13615767_20260714175500,SPEAKER_01,9576.56,9578.96,2.4,success,このピザ屋のバイト封筒で茶封筒でもらえてた。,success,このピザ屋のバイト封筒で茶封筒でもらえてたんだ。,False,22,24,2
,029_kbc_13615767_20260714175500_seg_01718,029_kbc_13615767_20260714175500,SPEAKER_01,9584.56,9586.24,1.68,success,ない人もさ鳥くるんじゃん。,success,ない人もさ鳥くるんだよ。,False,13,12,-1
,029_kbc_13615767_20260714175500_seg_01719,029_kbc_13615767_20260714175500,SPEAKER_02,9586.24,9587.76,1.52,success,はいはいはい給料日ね。,success,はいはいはい給料日ね。,True,11,11,0
,029_kbc_13615767_20260714175500_seg_01720,029_kbc_13615767_20260714175500,SPEAKER_01,9587.76,9588.72,0.96,success,振り込まれてない。,success,振り込まれてない。,True,9,9,0
,029_kbc_13615767_20260714175500_seg_01721,029_kbc_13615767_20260714175500,SPEAKER_02,9588.8,9589.92,1.12,success,ああはあ。,success,ああ。,False,5,3,-2
,029_kbc_13615767_20260714175500_seg_01722,029_kbc_13615767_20260714175500,SPEAKER_01,9592.24,9593.420508,1.181,success,欲しいや先輩だ。,success,服欲しいや先輩だ。,False,8,9,1
,029_kbc_13615767_20260714175500_seg_01723,029_kbc_13615767_20260714175500,SPEAKER_02,9595.2,9598.32,3.12,success,バイト入ったときでもいいのに、そう、もうギリギリ。,success,バイト入った時でもいいのにそうもうギリギリ。,False,25,22,-3
,029_kbc_13615767_20260714175500_seg_01724,029_kbc_13615767_20260714175500,SPEAKER_01,9598.32,9601.76,3.44,success,でもパチンコ行きたいんよ、先輩たち、でもピザ屋11時からなんよ。,success,でもパチンコ行きたいんよ先輩たち。,False,32,17,-15
,029_kbc_13615767_20260714175500_seg_01725,029_kbc_13615767_20260714175500,SPEAKER_01,9605.12,9608.300391,3.18,success,だけ先に勝ち取ったみたいな形して。,success,先に勝ち取ったみたいやりして。,False,17,15,-2
,029_kbc_13615767_20260714175500_seg_01726,029_kbc_13615767_20260714175500,SPEAKER_01,9609.52,9612.64,3.12,success,取ってきたりとかして働きようやつはさ。,success,持ってきたりとかして働き合うやつはさ。,False,19,19,0
,029_kbc_13615767_20260714175500_seg_01727,029_kbc_13615767_20260714175500,SPEAKER_01,9613.04,9623.6,10.56,success,給料日やけど、働きよけん、絶対1円も減ってないやんだけん、行って、なくなったり、使ったりしたら、夜とかに来て、まだ使ってない入っとうやつに金貸してくれればいいんやろう。,success,給料日やけど働きようけん絶対1円も減ってないやんだけん行ってなくなったり使ったりしたら夜とかに来てまだ使ってない入っとうやつに金貸してくれればいいんやろうが。,False,84,79,-5
,029_kbc_13615767_20260714175500_seg_01728,029_kbc_13615767_20260714175500,SPEAKER_02,9626.32,9627.28,0.96,success,どうしようもないg。,success,どうしようもない事件。,False,10,11,1
,029_kbc_13615767_20260714175500_seg_01729,029_kbc_13615767_20260714175500,SPEAKER_01,9627.92,9628.940039,1.02,success,びっくりしてとは言われるよ。,success,びっくりしてとは言われるんよ。,False,14,15,1
,029_kbc_13615767_20260714175500_seg_01730,029_kbc_13615767_20260714175500,SPEAKER_01,9630.96,9632.72,1.76,success,みんなちゃぶ台もらって、その場で泣く。,success,みんなちゃんぶとでもらってその場で殴る。,False,19,20,1
,029_kbc_13615767_20260714175500_seg_01731,029_kbc_13615767_20260714175500,SPEAKER_01,9633.28,9634.56,1.28,success,明細と合ってます。,success,あの迷彩と合ってます。,False,9,11,2
,029_kbc_13615767_20260714175500_seg_01732,029_kbc_13615767_20260714175500,SPEAKER_02,9636.0,9637.100195,1.1,success,でかもね。,success,でかいもんね。,False,5,7,2
,029_kbc_13615767_20260714175500_seg_01733,029_kbc_13615767_20260714175500,SPEAKER_02,9638.32,9640.08,1.76,success,今、ほぼほぼ振り込みでしょ。,success,今ほぼほぼ振り込みでしょ?,False,14,13,-1
,029_kbc_13615767_20260714175500_seg_01734,029_kbc_13615767_20260714175500,SPEAKER_02,9640.64,9641.2,0.56,success,なんでも。,success,何だ?,False,5,3,-2
,029_kbc_13615767_20260714175500_seg_01735,029_kbc_13615767_20260714175500,SPEAKER_03,9644.4,9645.04,0.64,success,私シャブートです。,success,私しゃぶ太郎です。,False,9,9,0
,029_kbc_13615767_20260714175500_seg_01736,029_kbc_13615767_20260714175500,SPEAKER_02,9645.36,9645.92,0.56,success,いいんでね。,success,いいんでね。,True,6,6,0
,029_kbc_13615767_20260714175500_seg_01737,029_kbc_13615767_20260714175500,SPEAKER_03,9645.92,9646.56,0.64,success,7000円。,success,7000円。,True,6,6,0
,029_kbc_13615767_20260714175500_seg_01738,029_kbc_13615767_20260714175500,SPEAKER_02,9652.4,9653.6,1.2,success,汗かいて。,success,汗かいて。,True,5,5,0
,029_kbc_13615767_20260714175500_seg_01739,029_kbc_13615767_20260714175500,SPEAKER_02,9657.52,9661.100195,3.58,success,鍛えられたなぁということでまだまだ皆さんからのメッセージもお待ちしております。,success,鍛えられたな。ということでまだまだ皆さんからのメッセージもお待ちしております。,False,39,39,0
,029_kbc_13615767_20260714175500_seg_01740,029_kbc_13615767_20260714175500,SPEAKER_02,9676.24,9677.42002,1.18,success,ならなんでもクルマ村!,success,なんでもクルマ村!,False,11,9,-2
,029_kbc_13615767_20260714175500_seg_01741,029_kbc_13615767_20260714175500,SPEAKER_00,9684.24,9685.76,1.52,success,あんたどこ行ってたの!?,success,あんたどこ行ってたの!?,True,12,12,0
,029_kbc_13615767_20260714175500_seg_01742,029_kbc_13615767_20260714175500,SPEAKER_01,9685.84,9693.12,7.28,success,実はタイムマシンで2025年の10月30日にホークス優勝の瞬間をもう一度味わいたくて。,success,実はタイムマシンで2025年の10月30日にホークス優勝の瞬間をもう一度味わいたくて。,True,43,43,0
,029_kbc_13615767_20260714175500_seg_01743,029_kbc_13615767_20260714175500,SPEAKER_00,9693.68,9696.16,2.48,success,それ待ってたら今年も味わえるんじゃ。,success,それ待ってたら今年も味わえるんじゃ。,True,18,18,0
,029_kbc_13615767_20260714175500_seg_01744,029_kbc_13615767_20260714175500,SPEAKER_02,9730.96,9734.540137,3.58,success,なんちゃら応援団応援団応援だ応援だ。,success,ドン!なんちゃら応援団応援だ応援だ応援だ!,False,18,21,3
,029_kbc_13615767_20260714175500_seg_01745,029_kbc_13615767_20260714175500,SPEAKER_02,9738.16,9740.300391,2.14,success,真ん中火曜日、ブルーリバーが4時間の生放送中。,success,マンダン火曜日ブルーリバーが4時間の生放送です。,False,23,24,1
,029_kbc_13615767_20260714175500_seg_01746,029_kbc_13615767_20260714175500,SPEAKER_02,9741.52,9743.180273,1.66,success,なんちゃら応援団のお時間です。,success,なんちゃら応援団のお時間です。,True,15,15,0
,029_kbc_13615767_20260714175500_seg_01747,029_kbc_13615767_20260714175500,SPEAKER_02,9747.28,9748.940039,1.66,success,単純なネタコーナーです。,success,単純なネタコーナーです。,True,12,12,0
,029_kbc_13615767_20260714175500_seg_01748,029_kbc_13615767_20260714175500,SPEAKER_02,9750.64,9753.740332,3.1,success,ご紹介していきましょうまずはラジオネーム。,success,ご紹介していきましょう。,False,21,12,-9
,029_kbc_13615767_20260714175500_seg_01749,029_kbc_13615767_20260714175500,SPEAKER_02,9754.96,9755.660254,0.7,success,父さんから頂きました。,success,父さんから頂きました。,True,11,11,0
,029_kbc_13615767_20260714175500_seg_01750,029_kbc_13615767_20260714175500,SPEAKER_02,9776.08,9776.8,0.72,success,待ってくれ。,success,待ってくれ。,True,6,6,0
,029_kbc_13615767_20260714175500_seg_01751,029_kbc_13615767_20260714175500,SPEAKER_02,9777.76,9779.6,1.84,success,入れてよ、言い訳させてよ。,success,手に入れてよ言い訳させてよ。,False,13,14,1
,029_kbc_13615767_20260714175500_seg_01752,029_kbc_13615767_20260714175500,SPEAKER_02,9782.0,9782.540137,0.54,success,どうして?,success,してた?,False,5,4,-1
,029_kbc_13615767_20260714175500_seg_01753,029_kbc_13615767_20260714175500,SPEAKER_02,9784.72,9786.380469,1.66,success,ちゃんとのぶりんごさんも。,success,ちゃんと信号さんも。,False,13,10,-3
,029_kbc_13615767_20260714175500_seg_01754,029_kbc_13615767_20260714175500,SPEAKER_02,9789.04,9789.740332,0.7,success,1234。,success,234。,False,5,4,-1
,029_kbc_13615767_20260714175500_seg_01755,029_kbc_13615767_20260714175500,SPEAKER_01,9793.36,9794.16,0.8,success,ちょっとすいません。,success,すいません。,False,10,6,-4
,029_kbc_13615767_20260714175500_seg_01756,029_kbc_13615767_20260714175500,SPEAKER_02,9794.88,9796.64,1.76,success,そして堀本さんごめんなさい。,success,そして堀口さんごめんなさい!,False,14,14,0
,029_kbc_13615767_20260714175500_seg_01757,029_kbc_13615767_20260714175500,SPEAKER_03,9796.64,9797.68,1.04,success,森川さん私はちょっと。,success,信彦さん私はちょっと。,False,11,11,0
,029_kbc_13615767_20260714175500_seg_01758,029_kbc_13615767_20260714175500,SPEAKER_02,9798.0,9799.28,1.28,success,ちょっと詰めちゃったごめんなさい。,success,ちょっと詰めちゃったごめんなさい。,True,17,17,0
,029_kbc_13615767_20260714175500_seg_01759,029_kbc_13615767_20260714175500,SPEAKER_01,9799.44,9800.24,0.8,success,信子さんから。,success,じゃあ信号さんから。,False,7,10,3
,029_kbc_13615767_20260714175500_seg_01760,029_kbc_13615767_20260714175500,SPEAKER_01,9805.76,9807.980078,2.22,success,テレビの調子悪い。,success,テレビの調子悪い。,True,9,9,0
,029_kbc_13615767_20260714175500_seg_01761,029_kbc_13615767_20260714175500,SPEAKER_01,9811.6,9815.660254,4.06,success,今もう清算してないと。,success,今もう清算してないと。,True,11,11,0
,029_kbc_13615767_20260714175500_seg_01762,029_kbc_13615767_20260714175500,SPEAKER_01,9817.84,9818.72,0.88,success,えのじ。,success,エノジ。,False,4,4,0
,029_kbc_13615767_20260714175500_seg_01763,029_kbc_13615767_20260714175500,SPEAKER_02,9823.6,9824.64,1.04,success,ミスタースタート。,success,ミスってました。,False,9,8,-1
,029_kbc_13615767_20260714175500_seg_01764,029_kbc_13615767_20260714175500,SPEAKER_02,9828.88,9830.540137,1.66,success,ちょっと合わないですね。,success,ちょっと合わないですね。,True,12,12,0
,029_kbc_13615767_20260714175500_seg_01765,029_kbc_13615767_20260714175500,SPEAKER_01,9832.24,9833.52,1.28,success,今のテレビ。,success,えっとね。,False,6,5,-1
,029_kbc_13615767_20260714175500_seg_01766,029_kbc_13615767_20260714175500,SPEAKER_01,9833.76,9839.28,5.52,success,10年以上になると、画面の周りが薄暗くて、業者に電話で聞いたら、そのテレビの部分。,success,10年以上になると、画面の周りが薄暗くて、業者に電話で聞いたら、そのテレビの部分。,True,41,41,0
,029_kbc_13615767_20260714175500_seg_01767,029_kbc_13615767_20260714175500,SPEAKER_02,9839.36,9841.44,2.08,success,すごいな、部品がもう生産してない。,success,すごいな、部品がもう生産してない。,True,17,17,0
,029_kbc_13615767_20260714175500_seg_01768,029_kbc_13615767_20260714175500,SPEAKER_01,9841.52,9842.540137,1.02,success,しておりませんと言われて。,success,いやいや知りませんって言われて。,False,13,16,3
,029_kbc_13615767_20260714175500_seg_01769,029_kbc_13615767_20260714175500,SPEAKER_02,9844.24,9844.940039,0.7,success,ってことはもう帰り。,success,ってことはもうかい!,False,10,10,0
,029_kbc_13615767_20260714175500_seg_01770,029_kbc_13615767_20260714175500,SPEAKER_02,9848.56,9849.28,0.72,success,もう行かんからな。,success,もう行かんからさ。,False,9,9,0
,029_kbc_13615767_20260714175500_seg_01771,029_kbc_13615767_20260714175500,SPEAKER_01,9849.52,9851.180273,1.66,success,毛増えてくるやろね。,success,毛増えてくるやろね。,True,10,10,0
,029_kbc_13615767_20260714175500_seg_01772,029_kbc_13615767_20260714175500,SPEAKER_01,9854.8,9856.940039,2.14,success,ないです作戦もあるよね、買い返すために。,success,ライです作戦もあるよね買い返すために。,False,20,19,-1
,029_kbc_13615767_20260714175500_seg_01773,029_kbc_13615767_20260714175500,SPEAKER_01,9859.52,9860.300391,0.78,success,作ってる!,success,作って!,False,5,4,-1
,029_kbc_13615767_20260714175500_seg_01774,029_kbc_13615767_20260714175500,SPEAKER_01,9867.28,9869.42002,2.14,success,なんか60年よくお会いする。,success,何か60年よくお会いするよね。,False,14,15,1
,029_kbc_13615767_20260714175500_seg_01775,029_kbc_13615767_20260714175500,SPEAKER_01,9872.56,9873.2,0.64,success,これもあの。,success,これもあの。,True,6,6,0
,029_kbc_13615767_20260714175500_seg_01776,029_kbc_13615767_20260714175500,SPEAKER_01,9874.48,9875.52,1.04,success,おやじの代からやっとった。,success,おやじの代からやっとった。,True,13,13,0
,029_kbc_13615767_20260714175500_seg_01777,029_kbc_13615767_20260714175500,SPEAKER_01,9876.24,9877.76,1.52,success,本当にこれ、直すやろなは。,success,本当にこれ直すやろなは。,False,13,12,-1
,029_kbc_13615767_20260714175500_seg_01778,029_kbc_13615767_20260714175500,SPEAKER_02,9878.4,9879.500098,1.1,success,もう職人さんはいない。,success,もう職人さんがいない。,False,11,11,0
,029_kbc_13615767_20260714175500_seg_01779,029_kbc_13615767_20260714175500,SPEAKER_01,9881.2,9882.380469,1.18,success,10年以上前やった。,success,10年以上前やったぞ。,False,10,11,1
,029_kbc_13615767_20260714175500_seg_01780,029_kbc_13615767_20260714175500,SPEAKER_02,9893.68,9895.82041,2.14,success,テレビの部品を。,success,テレビの部品を。,True,8,8,0
,029_kbc_13615767_20260714175500_seg_01781,029_kbc_13615767_20260714175500,SPEAKER_02,9902.8,9903.500098,0.7,success,わけにはいかんから。,success,わけにはいかんから。,True,10,10,0
,029_kbc_13615767_20260714175500_seg_01782,029_kbc_13615767_20260714175500,SPEAKER_02,9909.04,9909.740332,0.7,success,森本さんも帰る。,success,藤本さんも帰る?,False,8,8,0
,029_kbc_13615767_20260714175500_seg_01783,029_kbc_13615767_20260714175500,SPEAKER_03,9914.48,9915.68,1.2,success,時計がさ。,success,時計がさもう。,False,5,7,2
,029_kbc_13615767_20260714175500_seg_01784,029_kbc_13615767_20260714175500,SPEAKER_03,9920.24,9920.780371,0.54,success,太陽。,success,大陽さん。,False,3,5,2
,029_kbc_13615767_20260714175500_seg_01785,029_kbc_13615767_20260714175500,SPEAKER_03,9925.68,9927.020117,1.34,success,ledで置いといて。,success,ledで置いといて。,True,10,10,0
,029_kbc_13615767_20260714175500_seg_01786,029_kbc_13615767_20260714175500,SPEAKER_03,9930.64,9931.34043,0.7,success,ついてなかったけど、ちょっと。,success,ついてなかったけどちょっと。,False,15,14,-1
,029_kbc_13615767_20260714175500_seg_01787,029_kbc_13615767_20260714175500,SPEAKER_03,9934.96,9935.660254,0.7,success,人たちは退院。,success,大将たちは退院。,False,7,8,1
,029_kbc_13615767_20260714175500_seg_01788,029_kbc_13615767_20260714175500,SPEAKER_03,9942.16,9944.0,1.84,success,病院、あっ、病院じゃないけど。,success,病院あっ病院じゃないの?,False,15,12,-3
,029_kbc_13615767_20260714175500_seg_01789,029_kbc_13615767_20260714175500,SPEAKER_03,9944.64,9945.260352,0.62,success,時計の病院。,success,時計の病院。,True,6,6,0
,029_kbc_13615767_20260714175500_seg_01790,029_kbc_13615767_20260714175500,SPEAKER_01,9960.4,9962.540137,2.14,success,旦那が悪いかはまだ分からんけど、もうその。,success,何だか悪いかはまだ分からんけどもうその。,False,21,20,-1
,029_kbc_13615767_20260714175500_seg_01791,029_kbc_13615767_20260714175500,SPEAKER_02,9966.64,9967.6,0.96,success,ふた開けちゃいます?,success,アフター開けちゃいますよ。,False,10,13,3
,029_kbc_13615767_20260714175500_seg_01792,029_kbc_13615767_20260714175500,SPEAKER_01,9971.2,9972.24,1.04,success,2万ぐらいのつもり?,success,2万ぐらいのつもり?,True,10,10,0
,029_kbc_13615767_20260714175500_seg_01793,029_kbc_13615767_20260714175500,SPEAKER_01,9973.28,9974.32,1.04,success,時計買ったらいい?,success,時計買ったらいいん?,False,9,10,1
,029_kbc_13615767_20260714175500_seg_01794,029_kbc_13615767_20260714175500,SPEAKER_02,9974.56,9975.76,1.2,success,確かに確かに。,success,確かに確かに。,True,7,7,0
,029_kbc_13615767_20260714175500_seg_01795,029_kbc_13615767_20260714175500,SPEAKER_01,9979.6,9981.260352,1.66,success,座布団買ったあとやったっけ、もう野球さん。,success,座布団買ったあとやったっけもう野球さん。,False,21,20,-1
,029_kbc_13615767_20260714175500_seg_01796,029_kbc_13615767_20260714175500,SPEAKER_02,9982.96,9983.84,0.88,success,4万も6万も。,success,4万も6万も。,True,7,7,0
,029_kbc_13615767_20260714175500_seg_01797,029_kbc_13615767_20260714175500,SPEAKER_01,9983.92,9984.56,0.64,success,あいつは。,success,だいつは。,False,5,5,0
,029_kbc_13615767_20260714175500_seg_01798,029_kbc_13615767_20260714175500,SPEAKER_01,9986.16,9987.020117,0.86,success,それもだけ1か月。,success,それまでに1か月。,False,9,9,0
,029_kbc_13615767_20260714175500_seg_01799,029_kbc_13615767_20260714175500,SPEAKER_01,9991.12,9992.72,1.6,success,いっぱい金だけとかね。,success,俺いっぱい金だけとこう。,False,11,12,1
,029_kbc_13615767_20260714175500_seg_01800,029_kbc_13615767_20260714175500,SPEAKER_02,9998.32,10000.460059,2.14,success,ネーム、ちゅういさんから頂きました。,success,ネームちゅういさんからいただきました。,False,18,19,1
,029_kbc_13615767_20260714175500_seg_01801,029_kbc_13615767_20260714175500,SPEAKER_02,10006.96,10007.660254,0.7,success,30年。,success,アンジュルム。,False,4,7,3
,029_kbc_13615767_20260714175500_seg_01802,029_kbc_13615767_20260714175500,SPEAKER_02,10012.24,10015.82041,3.58,success,居場所の往復で体が大変きつい。,success,居場所の往復で体が大変きつい。,True,15,15,0
,029_kbc_13615767_20260714175500_seg_01803,029_kbc_13615767_20260714175500,SPEAKER_02,10017.52,10019.660254,2.14,success,車が全然冷えません。,success,車が全然冷えません。,True,10,10,0
,029_kbc_13615767_20260714175500_seg_01804,029_kbc_13615767_20260714175500,SPEAKER_02,10026.16,10026.860449,0.7,success,決勝。,success,決した!,False,3,4,1
,029_kbc_13615767_20260714175500_seg_01805,029_kbc_13615767_20260714175500,SPEAKER_02,10034.8,10038.380469,3.58,success,見てても、やっぱ大きい車だから。,success,見ててもやっぱ大きい車だから。,False,16,15,-1
,029_kbc_13615767_20260714175500_seg_01806,029_kbc_13615767_20260714175500,SPEAKER_02,10039.6,10040.300391,0.7,success,ねえねえあんま。,success,ねえねえあんま。,True,8,8,0
,029_kbc_13615767_20260714175500_seg_01807,029_kbc_13615767_20260714175500,SPEAKER_03,10049.2,10050.8,1.6,success,撮影したとき、1時間とか1時間半ぐらい。,success,撮影した時1時間とか1時間ぐらい。,False,20,17,-3
,029_kbc_13615767_20260714175500_seg_01808,029_kbc_13615767_20260714175500,SPEAKER_02,10055.92,10057.2,1.28,success,そのままおったほうが。,success,そのままおったほうが。,True,11,11,0
,029_kbc_13615767_20260714175500_seg_01809,029_kbc_13615767_20260714175500,SPEAKER_03,10057.2,10057.76,0.56,success,確かにね。,success,確かにね。,True,5,5,0
,029_kbc_13615767_20260714175500_seg_01810,029_kbc_13615767_20260714175500,SPEAKER_02,10060.56,10061.42002,0.86,success,やばいの。,success,やばいな。,False,5,5,0
,029_kbc_13615767_20260714175500_seg_01811,029_kbc_13615767_20260714175500,SPEAKER_02,10064.56,10065.260352,0.7,success,5度ぐらいは上がる。,success,暴動ぐらいはある。,False,10,9,-1
,029_kbc_13615767_20260714175500_seg_01812,029_kbc_13615767_20260714175500,SPEAKER_02,10068.88,10069.580176,0.7,success,今日初の40代。,success,初の40周年。,False,8,7,-1
,029_kbc_13615767_20260714175500_seg_01813,029_kbc_13615767_20260714175500,SPEAKER_02,10083.76,10086.380469,2.62,success,炎天下に置いていた車がなかなか冷えません、どうしようよ。,success,炎天下に置いていた車がなかなか冷えません。,False,28,21,-7
,029_kbc_13615767_20260714175500_seg_01814,029_kbc_13615767_20260714175500,SPEAKER_02,10087.6,10088.300391,0.7,success,取った車に。,success,祈って車に。,False,6,6,0
,029_kbc_13615767_20260714175500_seg_01815,029_kbc_13615767_20260714175500,SPEAKER_02,10095.28,10096.460059,1.18,success,全部全開にして。,success,もう全部全開にして。,False,8,10,2
,029_kbc_13615767_20260714175500_seg_01816,029_kbc_13615767_20260714175500,SPEAKER_02,10103.92,10104.64,0.72,success,皆さんね。,success,皆さんね。,True,5,5,0
,029_kbc_13615767_20260714175500_seg_01817,029_kbc_13615767_20260714175500,SPEAKER_02,10105.2,10105.84,0.64,success,語ってらっしゃる。,success,語ってらっしゃる。,True,9,9,0
,029_kbc_13615767_20260714175500_seg_01818,029_kbc_13615767_20260714175500,SPEAKER_01,10106.4,10110.64,4.24,success,エアコンはでも、そこまでつけっぱなしでもね、高くならんみたいなね。,success,エアコンはでも、そこまでつけっぱなしでもね、高くならんみたいなね。,True,33,33,0
,029_kbc_13615767_20260714175500_seg_01819,029_kbc_13615767_20260714175500,SPEAKER_02,10112.56,10113.52,0.96,success,のほうがよくないとか。,success,脳がよくないとか。,False,11,9,-2
,029_kbc_13615767_20260714175500_seg_01820,029_kbc_13615767_20260714175500,SPEAKER_03,10113.76,10114.4,0.64,success,ありますもんね。,success,ありますもんね。,True,8,8,0
,029_kbc_13615767_20260714175500_seg_01821,029_kbc_13615767_20260714175500,SPEAKER_02,10114.56,10117.100195,2.54,success,情報は入ってますけどいや。,success,情報は入ってますけどいや。,True,13,13,0
,029_kbc_13615767_20260714175500_seg_01822,029_kbc_13615767_20260714175500,SPEAKER_02,10119.76,10120.940039,1.18,success,ささぐりさんから頂きました。,success,笹栗さんから頂きました。,False,14,12,-2
,029_kbc_13615767_20260714175500_seg_01823,029_kbc_13615767_20260714175500,SPEAKER_02,10129.84,10131.020117,1.18,success,タイガーと夏美さんが見た。,success,タイガーと夏美かんが見た。,False,13,13,0
,029_kbc_13615767_20260714175500_seg_01824,029_kbc_13615767_20260714175500,SPEAKER_02,10132.72,10136.300391,3.58,success,なの思いが海になる3つ目の駅ウォザー。,success,名の思いが海になる3つ目のエキウォザ。,False,19,19,0
,029_kbc_13615767_20260714175500_seg_01825,029_kbc_13615767_20260714175500,SPEAKER_02,10138.0,10140.620215,2.62,success,8月1日出番だぞ!,success,8月1日出番だぞ!,True,9,9,0
,029_kbc_13615767_20260714175500_seg_01826,029_kbc_13615767_20260714175500,SPEAKER_02,10151.44,10152.56,1.12,success,ダサーで終わってしまった。,success,ダサー!で終わってしまった。,False,13,14,1
,029_kbc_13615767_20260714175500_seg_01827,029_kbc_13615767_20260714175500,SPEAKER_02,10154.32,10155.2,0.88,success,あつまれゾーン右。,success,あつまれゾーンビーチ。,False,9,11,2
,029_kbc_13615767_20260714175500_seg_01828,029_kbc_13615767_20260714175500,SPEAKER_01,10156.32,10156.96,0.64,success,パーソナル。,success,メインパーソナリティー。,False,6,12,6
,029_kbc_13615767_20260714175500_seg_01829,029_kbc_13615767_20260714175500,SPEAKER_02,10157.04,10157.9,0.86,success,そうですよ。,success,そうですよ。,True,6,6,0
,029_kbc_13615767_20260714175500_seg_01830,029_kbc_13615767_20260714175500,SPEAKER_01,10159.52,10161.04,1.52,success,1000円ガチャガチャガチャガチャ。,success,1000円ガチャガチャガチャ。,False,18,15,-3
,029_kbc_13615767_20260714175500_seg_01831,029_kbc_13615767_20260714175500,SPEAKER_02,10161.92,10165.12,3.2,success,パーソナリティーさんの私物だったりとか。,success,パーソナリティーさんの私物だったりとか。,True,20,20,0
,029_kbc_13615767_20260714175500_seg_01832,029_kbc_13615767_20260714175500,SPEAKER_02,10165.6,10166.72,1.12,success,思い出の品とか。,success,思い出の品とか。,True,8,8,0
,029_kbc_13615767_20260714175500_seg_01833,029_kbc_13615767_20260714175500,SPEAKER_01,10166.88,10167.980078,1.1,success,音美さんのチェック。,success,音美さんのチェックアウト。,False,10,13,3
,029_kbc_13615767_20260714175500_seg_01834,029_kbc_13615767_20260714175500,SPEAKER_01,10170.8,10171.84,1.04,success,マジお宝よね。,success,いやマジお宝よね。,False,7,9,2
,029_kbc_13615767_20260714175500_seg_01835,029_kbc_13615767_20260714175500,SPEAKER_02,10171.92,10173.260352,1.34,success,あれは本当にお宝。,success,あれは本当にお宝。,True,9,9,0
,029_kbc_13615767_20260714175500_seg_01836,029_kbc_13615767_20260714175500,SPEAKER_02,10179.76,10180.460059,0.7,success,ちゃんと。,success,ちゃんと。,True,5,5,0
,029_kbc_13615767_20260714175500_seg_01837,029_kbc_13615767_20260714175500,SPEAKER_02,10182.16,10183.44,1.28,success,千尋アナウンサー。,success,千尋アナウンサー。,True,9,9,0
,029_kbc_13615767_20260714175500_seg_01838,029_kbc_13615767_20260714175500,SPEAKER_02,10185.04,10187.660254,2.62,success,あとなつみかんが言うたらスタジオから生放送を。,success,あと夏みかんが言うたらスタジオから生放送を。,False,23,22,-1
,029_kbc_13615767_20260714175500_seg_01839,029_kbc_13615767_20260714175500,SPEAKER_03,10189.84,10190.540137,0.7,success,ギョーザに行けば。,success,餃子に行けよ。,False,9,7,-2
,029_kbc_13615767_20260714175500_seg_01840,029_kbc_13615767_20260714175500,SPEAKER_02,10216.72,10217.42002,0.7,success,あれですけど。,success,急にあれですけど。,False,7,9,2
,029_kbc_13615767_20260714175500_seg_01841,029_kbc_13615767_20260714175500,SPEAKER_03,10229.36,10229.9,0.54,success,だと。,success,スタート。,False,3,5,2
,029_kbc_13615767_20260714175500_seg_01842,029_kbc_13615767_20260714175500,SPEAKER_02,10231.12,10232.300391,1.18,success,さあそれではこの問題。,success,さあそれではここまでの問題。,False,11,14,3
,029_kbc_13615767_20260714175500_seg_01843,029_kbc_13615767_20260714175500,SPEAKER_02,10233.52,10259.92,26.4,success,登場曲考えましたということでご紹介しましょうラジオネームれもんちゃんからいただきましたあおちゃんかあちゃんこんばんはこんばんは今日はホークス日ハム戦はデーゲームでホークス腐り勝ちで連日の暑さを爽やかにしてもらいました今夜はお二人の漫談を楽しく聴いています大好きな周東選手の登場曲考えましたと爽やかな周東選手走攻守全て素晴らしくてかっこいいアルフィーの歌声とギター演奏が。,success,登場曲考えましたということでご紹介しましょうラジオネームれもんちゃんからいただきましたあおちゃんあーちゃんこんばんは今日はホークス日ハム戦はデーゲームでホークス腐り勝ちで連日の暑さを爽やかにしてもらいました今夜はお二人の漫談を楽しく聴いています大好きな周東選手の登場曲考えましたと爽やかな周東選手走攻守全て素晴らしくてかっこいいアルフィーの歌声とギター演奏が。,False,185,180,-5
,029_kbc_13615767_20260714175500_seg_01844,029_kbc_13615767_20260714175500,SPEAKER_02,10260.48,10266.56,6.08,success,周東選手の字をレモンちゃん間違えてますので。,success,周東選手の字をレモンちゃん間違えてますので。,True,22,22,0
,029_kbc_13615767_20260714175500_seg_01845,029_kbc_13615767_20260714175500,SPEAKER_02,10267.76,10271.12,3.36,success,何、これ、周は合ってるんですけど、トの字が。,success,あの何これ周は合ってるんですけど東の字が。,False,22,21,-1
,029_kbc_13615767_20260714175500_seg_01846,029_kbc_13615767_20260714175500,SPEAKER_02,10271.92,10278.88,6.96,success,ちょっと塔の字、ちょっと間違えてらっしゃいますんで、変換、変換のあれがあるかもしれない。,success,ええそうちょっと塔の字ちょっと間違えてらっしゃいますんで変換変換のあれがあるかもしれない。,False,44,45,1
,029_kbc_13615767_20260714175500_seg_01847,029_kbc_13615767_20260714175500,SPEAKER_02,10279.6,10290.860449,11.26,success,用意周到とかこの字じゃないのかな違うのかな周東聖書の字ちょっとね今後のためには間違えないようにじゃあお送りしましょうthealfee星空のディスタンス。,success,用意周到とかこの字じゃないのかな違うのかな周東聖書の字ちょっとね今後のためには間違いないようにじゃあお送りしましょうthealfee星空のディスタンス。,False,76,76,0
,029_kbc_13615767_20260714175500_seg_01848,029_kbc_13615767_20260714175500,SPEAKER_02,10542.16,10546.96,4.8,success,bcホークスナイター漫談火曜日ブルーリバーが4時間の生放送でお送りしております。,success,nbcホークスナイター漫談火曜日ブルーリバーが4時間の生放送でお送りしております。,False,40,41,1
,029_kbc_13615767_20260714175500_seg_01849,029_kbc_13615767_20260714175500,SPEAKER_03,10546.96,10548.48,1.52,success,ボーナスメールがね。,success,ボーナスメールがね。,True,10,10,0
,029_kbc_13615767_20260714175500_seg_01850,029_kbc_13615767_20260714175500,SPEAKER_02,10550.32,10550.96,0.64,success,皆さん。,success,皆さん。,True,4,4,0
,029_kbc_13615767_20260714175500_seg_01851,029_kbc_13615767_20260714175500,SPEAKER_01,10551.04,10551.84,0.8,success,エモリーなんじゃないですか?,success,メモリーなんじゃないですか?,False,14,14,0
,029_kbc_13615767_20260714175500_seg_01852,029_kbc_13615767_20260714175500,SPEAKER_02,10552.16,10553.12,0.96,success,硬いんです、きらら。,success,あたいね赤裸々。,False,10,8,-2
,029_kbc_13615767_20260714175500_seg_01853,029_kbc_13615767_20260714175500,SPEAKER_01,10553.28,10554.860449,1.58,success,福津市お掃除お祭り。,success,福津市お掃除お祭り。,True,10,10,0
,029_kbc_13615767_20260714175500_seg_01854,029_kbc_13615767_20260714175500,SPEAKER_01,10558.0,10559.180273,1.18,success,現物支給で。,success,現物支給で。,True,6,6,0
,029_kbc_13615767_20260714175500_seg_01855,029_kbc_13615767_20260714175500,SPEAKER_02,10560.96,10562.88,1.92,success,ああ現物ねああ。,success,アゲンブツねあん!,False,8,9,1
,029_kbc_13615767_20260714175500_seg_01856,029_kbc_13615767_20260714175500,SPEAKER_01,10562.96,10563.84,0.88,success,以前は本物。,success,以前は本当。,False,6,6,0
,029_kbc_13615767_20260714175500_seg_01857,029_kbc_13615767_20260714175500,SPEAKER_01,10565.28,10568.300391,3.02,success,金一封で現金でしたが、一昨年から。,success,金一封で厳禁でしたが一昨年から。,False,17,16,-1
,029_kbc_13615767_20260714175500_seg_01858,029_kbc_13615767_20260714175500,SPEAKER_01,10571.92,10574.060156,2.14,success,1人暮らしには現金のほうがありがたいんだけど。,success,1人暮らしには現金のほうがありがたいんだけど。,True,23,23,0
,029_kbc_13615767_20260714175500_seg_01859,029_kbc_13615767_20260714175500,SPEAKER_02,10575.28,10576.940039,1.66,success,テクルっていうのはああいう。,success,ってくるっていうのはありますよね。,False,14,17,3
,029_kbc_13615767_20260714175500_seg_01860,029_kbc_13615767_20260714175500,SPEAKER_02,10578.16,10579.44,1.28,success,完璧。,success,完璧。,True,3,3,0
,029_kbc_13615767_20260714175500_seg_01861,029_kbc_13615767_20260714175500,SPEAKER_02,10582.96,10586.540137,3.58,success,でもそうね、お一人暮らしとかなったら、ちょっと米10kg。,success,でもそうねお一人暮らしとかなったらちょっと米10kg。,False,29,27,-2
,029_kbc_13615767_20260714175500_seg_01862,029_kbc_13615767_20260714175500,SPEAKER_02,10589.68,10590.380469,0.7,success,どうかなんて。,success,若なんて。,False,7,5,-2
,029_kbc_13615767_20260714175500_seg_01863,029_kbc_13615767_20260714175500,SPEAKER_01,10595.44,10598.540137,3.1,success,ボーナス6月末と12月中旬。,success,ボーナス6月末と12月中旬。,True,14,14,0
,029_kbc_13615767_20260714175500_seg_01864,029_kbc_13615767_20260714175500,SPEAKER_01,10599.76,10602.860449,3.1,success,職業は伏せさせてもらいます。,success,職業は伏せさせてもらいます。,True,14,14,0
,029_kbc_13615767_20260714175500_seg_01865,029_kbc_13615767_20260714175500,SPEAKER_01,10604.08,10606.08,2.0,success,10万円台といったとこでしょうか。,success,10万円台といったとこでしょうか。,True,17,17,0
,029_kbc_13615767_20260714175500_seg_01866,029_kbc_13615767_20260714175500,SPEAKER_02,10606.24,10607.6,1.36,success,あいいね。,success,あいいね。,True,5,5,0
,029_kbc_13615767_20260714175500_seg_01867,029_kbc_13615767_20260714175500,SPEAKER_01,10607.6,10610.060156,2.46,success,ボーナス出たからこれを買うっていうのは特にない。,success,ボーナス出たからこれを買うっていうのは特にない。,True,24,24,0
,029_kbc_13615767_20260714175500_seg_01868,029_kbc_13615767_20260714175500,SPEAKER_01,10611.28,10612.940039,1.66,success,犯行までにブルーリバーのお2人。,success,犯行までにブルーリバーのお二人。,False,16,16,0
,029_kbc_13615767_20260714175500_seg_01869,029_kbc_13615767_20260714175500,SPEAKER_01,10615.68,10617.04,1.36,success,あれはいいか?,success,あれは朝危ねえ。,False,7,8,1
,029_kbc_13615767_20260714175500_seg_01870,029_kbc_13615767_20260714175500,SPEAKER_02,10617.12,10617.76,0.64,success,えっあっ。,success,えっあっ。,True,5,5,0
,029_kbc_13615767_20260714175500_seg_01871,029_kbc_13615767_20260714175500,SPEAKER_02,10622.32,10624.940039,2.62,success,10万ぐらい頂いて。,success,10万ぐらい頂いて。,True,10,10,0
,029_kbc_13615767_20260714175500_seg_01872,029_kbc_13615767_20260714175500,SPEAKER_02,10626.16,10627.28,1.12,success,あの。,success,の。,False,3,2,-1
,029_kbc_13615767_20260714175500_seg_01873,029_kbc_13615767_20260714175500,SPEAKER_02,10627.6,10631.660254,4.06,success,これっていう買おうと思うものがないですってことは、日頃からある程度、ちゃんと。,success,これっていう買おうと思うものがないですってことは日頃からある程度ちゃんと。,False,39,37,-2
,029_kbc_13615767_20260714175500_seg_01874,029_kbc_13615767_20260714175500,SPEAKER_02,10632.88,10634.24,1.36,success,ものは変えてるから。,success,ものは変えてる側。,False,10,9,-1
,029_kbc_13615767_20260714175500_seg_01875,029_kbc_13615767_20260714175500,SPEAKER_01,10635.2,10635.76,0.56,success,記憶もない。,success,よくもない。,False,6,6,0
,029_kbc_13615767_20260714175500_seg_01876,029_kbc_13615767_20260714175500,SPEAKER_02,10637.68,10638.8,1.12,success,押されてるな。,success,放送されてるな。,False,7,8,1
,029_kbc_13615767_20260714175500_seg_01877,029_kbc_13615767_20260714175500,SPEAKER_01,10640.56,10642.700293,2.14,success,80万、80万の遊び入ったら、そういう人。,success,80万80万の遊び入ったらそういう人。,False,21,19,-2
,029_kbc_13615767_20260714175500_seg_01878,029_kbc_13615767_20260714175500,SPEAKER_01,10645.36,10647.44,2.08,success,たまにレギュラーでさ結婚式のなんちゃら。,success,たまにレギュラーでさ結婚式のなんちゃら。,True,20,20,0
,029_kbc_13615767_20260714175500_seg_01879,029_kbc_13615767_20260714175500,SPEAKER_02,10648.0,10649.52,1.52,success,大きな買い物もされるでしょう。,success,大きな買い物もされるでしょう。,True,15,15,0
,029_kbc_13615767_20260714175500_seg_01880,029_kbc_13615767_20260714175500,SPEAKER_01,10650.72,10652.300391,1.58,success,名古屋えトリ博士。,success,名古屋え鳥博士。,False,9,8,-1
,029_kbc_13615767_20260714175500_seg_01881,029_kbc_13615767_20260714175500,SPEAKER_01,10653.52,10661.42002,7.9,success,ですが、やっぱ7月と11月に給料と一緒に支払われますと、額は給料の半分くらいで、周りからすると少ない。,success,ですがやっぱ7月と11月に給料と一緒に支払われますと額は給料の半分くらいで周りからすると少ない。,False,51,48,-3
,029_kbc_13615767_20260714175500_seg_01882,029_kbc_13615767_20260714175500,SPEAKER_01,10662.64,10667.12,4.48,success,入社するときは、賞与はないと言われてたので、もらえるだけありがたいですと。,success,入社する時は賞与はないと言われてたのでもらえるだけありがたいですと。,False,37,34,-3
,029_kbc_13615767_20260714175500_seg_01883,029_kbc_13615767_20260714175500,SPEAKER_01,10667.6,10676.780371,9.18,success,ボーナスで何を買うかとかは特に考えてませんがライフワークなどの関係でいろんな場所に移動することが多いので気付いたらなくなっていることが多いですと。,success,ボーナスで何を買うかとかは特に考えてませんがライフワークなどの関係でいろんな場所に移動することが多いので気付いたらなくなっていることが多いですと書いてあります。,False,73,80,7
,029_kbc_13615767_20260714175500_seg_01884,029_kbc_13615767_20260714175500,SPEAKER_01,10678.48,10681.12,2.64,success,ちなみに今月の賞与は11万ほどでしたと。,success,ちなみに今月の賞与は11万ほどでしたと。,True,20,20,0
,029_kbc_13615767_20260714175500_seg_01885,029_kbc_13615767_20260714175500,SPEAKER_01,10682.48,10689.92,7.44,success,アクティブやけんな、鳥肌、だけん、物で、これ買うとかじゃないけど、東京に行ってどうのとか、その交通費とかで。,success,アクティブやけんな、鳥肌、だけん、物で、これ買うとかじゃないけど、東京に行ってどうのとか、その交通費とかで。,True,54,54,0
,029_kbc_13615767_20260714175500_seg_01886,029_kbc_13615767_20260714175500,SPEAKER_01,10691.44,10692.72,1.28,success,自然現象プップ。,success,自然現象プップ。,True,8,8,0
,029_kbc_13615767_20260714175500_seg_01887,029_kbc_13615767_20260714175500,SPEAKER_01,10694.0,10698.860449,4.86,success,トラックドライバー3社を経験しましたが赤裸々にお話しします。,success,トラックドライバー3社を経験しましたが赤裸々にお話しします。,True,30,30,0
,029_kbc_13615767_20260714175500_seg_01888,029_kbc_13615767_20260714175500,SPEAKER_02,10704.56,10705.52,0.96,success,フフフフ。,success,ハハハハ!,False,5,5,0
,029_kbc_13615767_20260714175500_seg_01889,029_kbc_13615767_20260714175500,SPEAKER_01,10710.16,10712.300391,2.14,success,アツハ夏冬合わせて30万くらい1社目。,success,夏冬合わせて30万くらい1社目。,False,19,16,-3
,029_kbc_13615767_20260714175500_seg_01890,029_kbc_13615767_20260714175500,SPEAKER_01,10713.52,10714.700293,1.18,success,部位合わせて100万ぐらい。,success,杭合わせて100万ぐらい。,False,14,13,-1
,029_kbc_13615767_20260714175500_seg_01891,029_kbc_13615767_20260714175500,SPEAKER_01,10716.4,10717.100195,0.7,success,この会社としては。,success,会社としては大きい?,False,9,10,1
,029_kbc_13615767_20260714175500_seg_01892,029_kbc_13615767_20260714175500,SPEAKER_01,10720.24,10724.96,4.72,success,前と同じくらい30万だが、無事故歴が長いと上がっていくと。,success,同じくらい30万だが無事故歴が長いと上がっていくと。,False,29,26,-3
,029_kbc_13615767_20260714175500_seg_01893,029_kbc_13615767_20260714175500,SPEAKER_02,10725.12,10725.76,0.64,success,ああ。,success,うん。,False,3,3,0
,029_kbc_13615767_20260714175500_seg_01894,029_kbc_13615767_20260714175500,SPEAKER_02,10726.4,10727.660254,1.26,success,ちゃんとこう頑張った分。,success,ちゃんとこう頑張った分。,True,12,12,0
,029_kbc_13615767_20260714175500_seg_01895,029_kbc_13615767_20260714175500,SPEAKER_01,10728.88,10738.220312,9.34,success,運送会社仲間でもらえないところが多いみたいな話もたくさん聞くのでもらえるだけでありがたいという感じですニュースで夏の賞与平均100万超えとか見てええなと思ってます。,success,運送会社仲間でもらえないところが多いみたいな話もたくさん聞くのでもらえるだけでありがたいという感じですニュースで夏の賞与平均100万超えとか見てええなと思ってます。,True,82,82,0
,029_kbc_13615767_20260714175500_seg_01896,029_kbc_13615767_20260714175500,SPEAKER_01,10739.44,10741.28,1.84,success,皆さん、いつか乾杯したいですね。,success,皆さんいつか乾杯したいですね。,False,16,15,-1
,029_kbc_13615767_20260714175500_seg_01897,029_kbc_13615767_20260714175500,SPEAKER_01,10744.881,10745.9,1.019,success,少ねえなふざけんな!,success,おい少ねえなふざけんなよ!,False,10,13,3
,029_kbc_13615767_20260714175500_seg_01898,029_kbc_13615767_20260714175500,SPEAKER_01,10747.121,10748.239,1.118,success,もらえるだけありがたいです。,success,もらえるだけありがたいです。,True,14,14,0
,029_kbc_13615767_20260714175500_seg_01899,029_kbc_13615767_20260714175500,SPEAKER_01,10762.959,10764.0,1.041,success,高くにうわうわ。,success,貴国にウバウファー。,False,8,10,2
,029_kbc_13615767_20260714175500_seg_01900,029_kbc_13615767_20260714175500,SPEAKER_01,10765.52,10766.060156,0.54,success,絶対。,success,やめて。,False,3,4,1
,029_kbc_13615767_20260714175500_seg_01901,029_kbc_13615767_20260714175500,SPEAKER_01,10768.72,10771.34043,2.62,success,去年はどうだったかなと、1年前のボーナスを見返したら。,success,去年はどうだったかなと、1年前のボーナスを見返したら。,True,27,27,0
,029_kbc_13615767_20260714175500_seg_01902,029_kbc_13615767_20260714175500,SPEAKER_02,10773.6,10776.140234,2.54,success,アハハハうわうわやったのに?,success,アハハハウワウワやったのに?,False,14,14,0
,029_kbc_13615767_20260714175500_seg_01903,029_kbc_13615767_20260714175500,SPEAKER_01,10779.279,10780.56,1.281,success,優しくすべきだと反省してます。,success,優しくすべきだと反省しております。,False,15,17,2
,029_kbc_13615767_20260714175500_seg_01904,029_kbc_13615767_20260714175500,SPEAKER_02,10780.721,10783.52,2.799,success,いやそんなことじゃないと思いますよ影響は。,success,いやそんなことじゃないと思いますよ影響は。,True,21,21,0
,029_kbc_13615767_20260714175500_seg_01905,029_kbc_13615767_20260714175500,SPEAKER_03,10783.601,10784.24,0.639,success,我が家では。,success,わが家では。,False,6,6,0
,029_kbc_13615767_20260714175500_seg_01906,029_kbc_13615767_20260714175500,SPEAKER_01,10795.121,10796.16,1.039,success,何!?,success,何!?,True,3,3,0
,029_kbc_13615767_20260714175500_seg_01907,029_kbc_13615767_20260714175500,SPEAKER_02,10808.079,10808.780371,0.701,success,イガールバン。,success,いいがアルバム。,False,7,8,1
,029_kbc_13615767_20260714175500_seg_01908,029_kbc_13615767_20260714175500,SPEAKER_01,10819.68,10822.641,2.961,success,ちょっと待って、母ちゃん、そんなに少ないわけないですから、パターン。,success,ちょっと待って母ちゃんそんなに少ないわけないですからパターン。,False,34,31,-3
,029_kbc_13615767_20260714175500_seg_01909,029_kbc_13615767_20260714175500,SPEAKER_02,10822.88,10824.620215,1.74,success,あるよ、ばかにしないでよのパターン。,success,あるよバカにしないでよのパターン。,False,18,17,-1
,029_kbc_13615767_20260714175500_seg_01910,029_kbc_13615767_20260714175500,SPEAKER_01,10833.6,10834.16,0.56,success,おはよう。,success,おはよう。,True,5,5,0
,029_kbc_13615767_20260714175500_seg_01911,029_kbc_13615767_20260714175500,SPEAKER_01,10835.44,10838.24,2.8,success,前減ってましたなんてちょっとちょけとるけど本当マジで。,success,前減ってましたなんてちょっとちょけとるけど本当マジで。,True,27,27,0
,029_kbc_13615767_20260714175500_seg_01912,029_kbc_13615767_20260714175500,SPEAKER_02,10838.56,10839.2,0.64,success,それぐらいがな。,success,それぐらいがな。,True,8,8,0
,029_kbc_13615767_20260714175500_seg_01913,029_kbc_13615767_20260714175500,SPEAKER_01,10841.039,10841.9,0.861,success,146万ぐらい。,success,146万ぐらい。,True,8,8,0
,029_kbc_13615767_20260714175500_seg_01914,029_kbc_13615767_20260714175500,SPEAKER_02,10848.881,10852.940039,4.059,success,皆さん、まだまだこのあとも漫談、夜10時まで続きますので、メンタルを。,success,皆さんまだまだこのあとも漫談夜10時まで続きますのでメンバーをご覧ください。,False,35,38,3
,029_kbc_13615767_20260714175500_seg_01915,029_kbc_13615767_20260714175500,SPEAKER_02,10854.159,10854.860449,0.701,success,お待ちしております。,success,お待ちしております。,True,10,10,0
,029_kbc_13615767_20260714175500_seg_01916,029_kbc_13615767_20260714175500,SPEAKER_02,10856.079,10857.260352,1.181,success,夜10時までブルーレイ4時間!,success,夜10時までブルーリバ4時間!,False,15,15,0
,029_kbc_13615767_20260714175500_seg_01917,029_kbc_13615767_20260714175500,SPEAKER_01,10866.24,10867.6,1.36,success,小さな風が。,success,小さな風が。,True,6,6,0
,029_kbc_13615767_20260714175500_seg_01918,029_kbc_13615767_20260714175500,SPEAKER_01,10868.081,10869.260352,1.179,success,記憶のかけらをはぼむ。,success,記憶のかけらを阻む。,False,11,10,-1
,029_kbc_13615767_20260714175500_seg_01919,029_kbc_13615767_20260714175500,SPEAKER_00,10892.500391,10893.041,0.541,success,5年。,success,5人。,False,3,3,0
,029_kbc_13615767_20260714175500_seg_01920,029_kbc_13615767_20260714175500,SPEAKER_00,10894.961,10895.601,0.64,success,言ってた。,success,言ってた。,True,5,5,0
,029_kbc_13615767_20260714175500_seg_01921,029_kbc_13615767_20260714175500,SPEAKER_00,10935.76,10936.460059,0.7,success,タグループ。,success,学グループ。,False,6,6,0
,029_kbc_13615767_20260714175500_seg_01922,029_kbc_13615767_20260714175500,SPEAKER_00,10946.801,10948.4,1.599,success,提供でお送りしました。,success,提供でお送りしました。,True,11,11,0
,029_kbc_13615767_20260714175500_seg_01923,029_kbc_13615767_20260714175500,SPEAKER_02,10951.119,10953.841,2.722,success,cホークスナイターを終わります。,success,cホークスナイターを終わります。,True,16,16,0
,029_kbc_13615767_20260714175500_seg_01924,029_kbc_13615767_20260714175500,SPEAKER_02,10955.44,10956.140234,0.7,success,打ちました、内村さん。,success,打ちました打ちました。,False,11,11,0
,029_kbc_13615767_20260714175500_seg_01925,029_kbc_13615767_20260714175500,SPEAKER_02,10964.081,10966.001,1.92,success,はい!,success,厳しいジョンパー。,False,3,9,6
,029_kbc_13615767_20260714175500_seg_01926,029_kbc_13615767_20260714175500,SPEAKER_02,10967.2,10969.100195,1.9,success,マージャンせんべいせんべい!,success,マージャンせんべいせんべい!,True,14,14,0
,029_kbc_13615767_20260714175500_seg_01927,029_kbc_13615767_20260714175500,SPEAKER_02,10985.2,10987.82041,2.62,success,ここからのお時間は私せんべいみやが推薦します。,success,ここからのお時間は私せんべいみやが推薦。,False,23,20,-3
,029_kbc_13615767_20260714175500_seg_01928,029_kbc_13615767_20260714175500,SPEAKER_02,10989.041,10995.980078,6.939,success,じゃあちょっとチブリの永遠にも今日は腹が来てないけど。,success,おいしいせんべいご紹介するコーナーですじゃあちょっとチブリの永遠にも今日は腹が来てないけど。,False,27,46,19
,029_kbc_13615767_20260714175500_seg_01929,029_kbc_13615767_20260714175500,SPEAKER_02,10997.199,11000.96,3.761,success,ちょっと登場してもらいましょうかせんべい今日ね2種類。,success,ちょっと登場してもらいましょうかせんべい今日ね2種類。,True,27,27,0
,029_kbc_13615767_20260714175500_seg_01930,029_kbc_13615767_20260714175500,SPEAKER_02,11001.68,11004.56,2.88,success,ご紹介しますんで、いっぱい食べてもらいましょう。,success,ご紹介しますんでいっぱい食べてもらいましょう。,False,24,23,-1
,029_kbc_13615767_20260714175500_seg_01931,029_kbc_13615767_20260714175500,SPEAKER_02,11005.12,11006.56,1.44,success,よろしくお願いします。,success,よろしくお願いします。,True,11,11,0
,029_kbc_13615767_20260714175500_seg_01932,029_kbc_13615767_20260714175500,SPEAKER_01,11006.641,11009.68,3.039,success,ユニバにね、ゲソーのイカせんべいを売るよと。,success,ゆりばにねゲソーのイカせんべいを売るたんや。,False,22,22,0
,029_kbc_13615767_20260714175500_seg_01933,029_kbc_13615767_20260714175500,SPEAKER_02,11009.841,11010.72,0.879,success,ああいいよ。,success,ああいいよ。,True,6,6,0
,029_kbc_13615767_20260714175500_seg_01934,029_kbc_13615767_20260714175500,SPEAKER_02,11011.36,11012.48,1.12,success,エピソード生かせないと。,success,そうそういかせんねや。,False,12,11,-1
,029_kbc_13615767_20260714175500_seg_01935,029_kbc_13615767_20260714175500,SPEAKER_01,11012.64,11014.24,1.6,success,かわいいけん買おうかなと思って。,success,かわいいけど買おうかなと思って。,False,16,16,0
,029_kbc_13615767_20260714175500_seg_01936,029_kbc_13615767_20260714175500,SPEAKER_01,11016.0,11017.28,1.28,success,触りはしたんやけど。,success,触りはしたんやけど。,True,10,10,0
,029_kbc_13615767_20260714175500_seg_01937,029_kbc_13615767_20260714175500,SPEAKER_01,11018.48,11020.239,1.759,success,しかもちょうどさ漫談前やしさ。,success,しかもちょうどさ漫談前やしさ。,True,15,15,0
,029_kbc_13615767_20260714175500_seg_01938,029_kbc_13615767_20260714175500,SPEAKER_01,11020.721,11021.42002,0.699,success,だけどあれ。,success,だけど何かやばい。,False,6,9,3
,029_kbc_13615767_20260714175500_seg_01939,029_kbc_13615767_20260714175500,SPEAKER_01,11025.841,11027.919,2.078,success,なんかその、そういうテンションでいろいろ買うのやめようと。,success,何かそのそういうテンションでいろいろ買うのやめようと。,False,29,27,-2
,029_kbc_13615767_20260714175500_seg_01940,029_kbc_13615767_20260714175500,SPEAKER_02,11028.081,11035.34043,7.259,success,いやいや、今、今更よ、本当に、本当に、だとしたら、ほかにやめるものいっぱいあったと思う。,success,ハハハいやいや、今更よ、本当に、本当にだとしたら、ほかにやめるものいっぱいあったと思う。,False,44,44,0
,029_kbc_13615767_20260714175500_seg_01941,029_kbc_13615767_20260714175500,SPEAKER_02,11039.439,11040.140234,0.701,success,ハハハハ!,success,ハハハハ!,True,5,5,0
,029_kbc_13615767_20260714175500_seg_01942,029_kbc_13615767_20260714175500,SPEAKER_02,11041.841,11044.96,3.119,success,今日ね2つご紹介します。,success,今日ね2つご紹介します。,True,12,12,0
,029_kbc_13615767_20260714175500_seg_01943,029_kbc_13615767_20260714175500,SPEAKER_02,11045.52,11046.479,0.959,success,富士山。,success,富士山。,True,4,4,0
,029_kbc_13615767_20260714175500_seg_01944,029_kbc_13615767_20260714175500,SPEAKER_02,11047.119,11048.16,1.041,success,地変芸。,success,変化。,False,4,3,-1
,029_kbc_13615767_20260714175500_seg_01945,029_kbc_13615767_20260714175500,SPEAKER_02,11048.399,11050.16,1.761,success,せんべい富士山せんべい。,success,せんべい富士山せんべい。,True,12,12,0
,029_kbc_13615767_20260714175500_seg_01946,029_kbc_13615767_20260714175500,SPEAKER_03,11050.24,11051.180273,0.94,success,いろんな味があると。,success,いろんな味があると。,True,10,10,0
,029_kbc_13615767_20260714175500_seg_01947,029_kbc_13615767_20260714175500,SPEAKER_02,11052.879,11054.159,1.28,success,放送もなんかたまってまいります。,success,暴走者がたまってばね。,False,16,11,-5
,029_kbc_13615767_20260714175500_seg_01948,029_kbc_13615767_20260714175500,SPEAKER_03,11055.921,11058.319,2.398,success,せんべい食いながら待ってますよ、行き先、番号を。,success,せんべい食いながら待ってますよ、行き先前のほう。,False,24,24,0
,029_kbc_13615767_20260714175500_seg_01949,029_kbc_13615767_20260714175500,SPEAKER_03,11058.801,11062.08,3.279,success,ピーター島とうがらし味、沖縄限定。,success,ピーターン島とうがらし味桶屋限定。,False,17,17,0
,029_kbc_13615767_20260714175500_seg_01950,029_kbc_13615767_20260714175500,SPEAKER_02,11064.079,11066.56,2.481,success,いろんな色の種類。,success,いろんな色の種類が。,False,9,10,1
,029_kbc_13615767_20260714175500_seg_01951,029_kbc_13615767_20260714175500,SPEAKER_03,11067.761,11068.32,0.559,success,5000。,success,母船。,False,5,3,-2
,029_kbc_13615767_20260714175500_seg_01952,029_kbc_13615767_20260714175500,SPEAKER_02,11068.32,11069.12,0.8,success,あいいね。,success,ああいいね。,False,5,6,1
,029_kbc_13615767_20260714175500_seg_01953,029_kbc_13615767_20260714175500,SPEAKER_02,11070.4,11072.300391,1.9,success,テンション上がります。,success,テンション上がります。,True,11,11,0
,029_kbc_13615767_20260714175500_seg_01954,029_kbc_13615767_20260714175500,SPEAKER_02,11073.521,11074.700293,1.179,success,あっちっちゃい!,success,あっちっちゃい!,True,8,8,0
,029_kbc_13615767_20260714175500_seg_01955,029_kbc_13615767_20260714175500,SPEAKER_02,11075.919,11077.28,1.361,success,いろんなカラフルな。,success,いろんなカラフルな。,True,10,10,0
,029_kbc_13615767_20260714175500_seg_01956,029_kbc_13615767_20260714175500,SPEAKER_02,11082.64,11087.84,5.2,success,紫はね紫芋のせんべい僕紫芋ですああ何でかぶってないの?,success,紫はね紫芋のせんべい僕紫芋ですああ何でかぶってないの?,True,27,27,0
,029_kbc_13615767_20260714175500_seg_01957,029_kbc_13615767_20260714175500,SPEAKER_02,11091.279,11094.8,3.521,success,緑は抹茶ね。,success,お前緑お前緑緑は抹茶ね。,False,6,12,6
,029_kbc_13615767_20260714175500_seg_01958,029_kbc_13615767_20260714175500,SPEAKER_01,11095.04,11096.079,1.039,success,富士山のかたち。,success,富士山の形。,False,8,6,-2
,029_kbc_13615767_20260714175500_seg_01959,029_kbc_13615767_20260714175500,SPEAKER_02,11096.881,11097.521,0.64,success,いいよね。,success,いいよね。,True,5,5,0
,029_kbc_13615767_20260714175500_seg_01960,029_kbc_13615767_20260714175500,SPEAKER_02,11099.121,11099.861312,0.74,success,うわっどう?,success,うわっどう?,True,6,6,0
