segment_index,segment_id,target_id,speaker,start_sec,end_sec,duration_sec,parakeet_exact_status,parakeet_exact_text,parakeet_silence2_status,parakeet_silence2_text,texts_match,exact_chars,silence2_chars,char_diff
,033_rbc_13598140_20260712190000_seg_00000,033_rbc_13598140_20260712190000,SPEAKER_00,3.12,7.82,4.7,success,rbcアイラジオ日曜7時はモクパチハッピー!,success,rbcアイラジオ日曜7時はモクパチハッピー!,True,22,22,0
,033_rbc_13598140_20260712190000_seg_00001,033_rbc_13598140_20260712190000,SPEAKER_01,17.68,22.4,4.72,success,はいはい南城市のしんちゃん津羽慎一と首里のしゅりのすけですしゅりぽん!,success,はい南條氏のしんちゃん津羽慎一と首里野しゅりのすけですしゅりぽん!,False,35,33,-2
,033_rbc_13598140_20260712190000_seg_00002,033_rbc_13598140_20260712190000,SPEAKER_01,23.04,25.579998,2.54,success,ということでね、7月も第2回目です。,success,ということでね7月も第2回目ということですね。,False,18,23,5
,033_rbc_13598140_20260712190000_seg_00003,033_rbc_13598140_20260712190000,SPEAKER_01,32.56,34.16,1.6,success,しゃくしてる、なんか、もう。,success,作詞してる何かもう。,False,14,10,-4
,033_rbc_13598140_20260712190000_seg_00004,033_rbc_13598140_20260712190000,SPEAKER_02,34.24,35.66,1.42,success,暑さ対策ですか。,success,暑さ対策っすか?,False,8,8,0
,033_rbc_13598140_20260712190000_seg_00005,033_rbc_13598140_20260712190000,SPEAKER_01,40.72,42.16,1.44,success,調子がうつらねえクーラーだろ?,success,調子がうつらないクーラーだろ?,False,15,15,0
,033_rbc_13598140_20260712190000_seg_00006,033_rbc_13598140_20260712190000,SPEAKER_02,42.24,45.44,3.2,success,そう、そう、そうそう、今、なんとかが分からないっていう。,success,そうそうそう今何度かが分からないっていう。,False,28,21,-7
,033_rbc_13598140_20260712190000_seg_00007,033_rbc_13598140_20260712190000,SPEAKER_02,45.76,48.32,2.56,success,肌感覚で何か寒いなと思ったら上げるっていう。,success,肌感覚でなんか寒いなと思ったら上げるっていう。,False,22,23,1
,033_rbc_13598140_20260712190000_seg_00008,033_rbc_13598140_20260712190000,SPEAKER_01,49.28,51.68,2.4,success,ダルビッシュ入ってきたら、ああ、24度だなとか分かる?,success,ダルビッシュ入ってきたら24度だなとか分かる?,False,27,23,-4
,033_rbc_13598140_20260712190000_seg_00009,033_rbc_13598140_20260712190000,SPEAKER_02,52.32,52.939999,0.62,success,果て感なく。,success,肌感覚で。,False,6,5,-1
,033_rbc_13598140_20260712190000_seg_00010,033_rbc_13598140_20260712190000,SPEAKER_02,54.16,56.48,2.32,success,シャリのこれ70グラムって分かるみたいな。,success,シャリのこれ70グラムって分かるみたいな。,True,21,21,0
,033_rbc_13598140_20260712190000_seg_00011,033_rbc_13598140_20260712190000,SPEAKER_01,59.44,60.14,0.7,success,タクシー乗っておじさん。,success,タクシー乗っておいしさ。,False,12,12,0
,033_rbc_13598140_20260712190000_seg_00012,033_rbc_13598140_20260712190000,SPEAKER_01,63.52,66.24,2.72,success,通だねとか言われて、何がつうこと、全然。,success,通だねとか言われて何がつうことだよ。,False,20,18,-2
,033_rbc_13598140_20260712190000_seg_00013,033_rbc_13598140_20260712190000,SPEAKER_01,66.72,67.28,0.56,success,分からないよ。,success,分からないよ。,True,7,7,0
,033_rbc_13598140_20260712190000_seg_00014,033_rbc_13598140_20260712190000,SPEAKER_01,68.08,75.92,7.84,success,このままだとさ、毎年、温暖化、温暖化っていって、とけんかな、きょう、南城市で通行人が2人とけましたとか、見えたら。,success,このままだとさ、毎年、温暖化、温暖化っていってるけど、解けんかな、きょう、南城市で通行人が2人とけましたとか、言いづらい。,False,57,61,4
,033_rbc_13598140_20260712190000_seg_00015,033_rbc_13598140_20260712190000,SPEAKER_01,77.44,81.6,4.16,success,もう末期ですね、末期だな、もう世も末ですよ。,success,日本末期ですね末期だなもう世も末ですよいやも末だよなでもいい。,False,22,31,9
,033_rbc_13598140_20260712190000_seg_00016,033_rbc_13598140_20260712190000,SPEAKER_02,81.6,82.16,0.56,success,意外と。,success,ピカイッと!,False,4,6,2
,033_rbc_13598140_20260712190000_seg_00017,033_rbc_13598140_20260712190000,SPEAKER_02,82.64,85.100001,2.46,success,沖縄だけ見ると、温度って。,success,沖縄だけ見ると温度って。,False,13,12,-1
,033_rbc_13598140_20260712190000_seg_00018,033_rbc_13598140_20260712190000,SPEAKER_02,86.32,91.52,5.2,success,3度とかがマックスなんでなんかあんまりそこまで変わってない気はするんですよ。,success,サンドとかがマックスなんでなんかあんまりそこまで変わってない気はするんですよ。,False,38,39,1
,033_rbc_13598140_20260712190000_seg_00019,033_rbc_13598140_20260712190000,SPEAKER_01,91.52,94.4,2.88,success,沖縄内がまた復帰特別措置法みたいなのがあるのかな。,success,沖縄はあれだけど、まだ復帰特別措置法みたいなのがあるのかな。,False,25,30,5
,033_rbc_13598140_20260712190000_seg_00020,033_rbc_13598140_20260712190000,SPEAKER_01,98.0,99.44,1.44,success,ちょっと待っとこうかみたいな。,success,もうちょっと待っとこうかみたいな。,False,15,17,2
,033_rbc_13598140_20260712190000_seg_00021,033_rbc_13598140_20260712190000,SPEAKER_02,100.24,102.32,2.08,success,みんな政府が設定してるの?,success,みんな政府が設定してるの?,True,13,13,0
,033_rbc_13598140_20260712190000_seg_00022,033_rbc_13598140_20260712190000,SPEAKER_01,106.24,107.28,1.04,success,人が多すぎる。,success,人が多すぎる。,True,7,7,0
,033_rbc_13598140_20260712190000_seg_00023,033_rbc_13598140_20260712190000,SPEAKER_01,117.76,118.8,1.04,success,通訳させるか!,success,通訳させるか!,True,7,7,0
,033_rbc_13598140_20260712190000_seg_00024,033_rbc_13598140_20260712190000,SPEAKER_01,123.04,124.940001,1.9,success,本当、なんか、年々、年々。,success,本当何か年々年々。,False,13,9,-4
,033_rbc_13598140_20260712190000_seg_00025,033_rbc_13598140_20260712190000,SPEAKER_02,128.64,133.579993,4.94,success,そういうのもあるんすかねそう打たれるようなっていうかさ昔までだからコロナ禍で。,success,そういうのもあるんすかねそう打たれようなっていうかさ昔までだからコロナ禍で。,False,39,38,-1
,033_rbc_13598140_20260712190000_seg_00026,033_rbc_13598140_20260712190000,SPEAKER_02,135.28,138.08,2.8,success,考えたら不思議な気分になりますね。,success,考えたらお客さん不思議な気分になりますね不思議や。,False,17,25,8
,033_rbc_13598140_20260712190000_seg_00027,033_rbc_13598140_20260712190000,SPEAKER_01,138.48,140.299994,1.82,success,今、サッカーとかでもさ、ワールドカップ前。,success,今サッカーとかでもさワールドカップ見るじゃないですか。,False,21,27,6
,033_rbc_13598140_20260712190000_seg_00028,033_rbc_13598140_20260712190000,SPEAKER_02,142.4,146.88,4.48,success,水の休憩とかあるさああんなの今までなかったからなこれ考えたら新鮮だな。,success,水の休憩とかあるさあありますねあんなの今までなかったからなうんこれ考えたら新鮮だな。,False,35,42,7
,033_rbc_13598140_20260712190000_seg_00029,033_rbc_13598140_20260712190000,SPEAKER_01,146.96,147.76,0.8,success,福井高校野球。,success,北京高校野球。,False,7,7,0
,033_rbc_13598140_20260712190000_seg_00030,033_rbc_13598140_20260712190000,SPEAKER_02,147.76,149.899992,2.14,success,雪のときとかのさ、水飲むなとかっていうの、全部。,success,火の時とかのさ水飲むなあとかっていうのを全部。,False,24,23,-1
,033_rbc_13598140_20260712190000_seg_00031,033_rbc_13598140_20260712190000,SPEAKER_02,151.12,158.56,7.44,success,栞里君たちは飲んでよかったあっ僕なんかの時はもう全然大丈夫飲む時代でしたねうちらがダメな時だったからなあそっかもう飲むなぁでね飲んだら?,success,僕なんかの時はもう全然飲む時代でしたねうちらがダメな時だったからなぁそやからもう飲むなぁでね飲んだん?,False,68,51,-17
,033_rbc_13598140_20260712190000_seg_00032,033_rbc_13598140_20260712190000,SPEAKER_01,158.72,159.44,0.72,success,当てるっていう。,success,バテるっていう。,False,8,8,0
,033_rbc_13598140_20260712190000_seg_00033,033_rbc_13598140_20260712190000,SPEAKER_02,159.84,161.92,2.08,success,なんか水たまりの水とか飲んだ。,success,なんか水たまりの水とか飲んだ。,True,15,15,0
,033_rbc_13598140_20260712190000_seg_00034,033_rbc_13598140_20260712190000,SPEAKER_02,162.16,162.859991,0.7,success,あるとかいう話。,success,あったかい話。,False,8,7,-1
,033_rbc_13598140_20260712190000_seg_00035,033_rbc_13598140_20260712190000,SPEAKER_01,164.96,171.04,6.08,success,飲みたくてしょうがないから、よけい、あれで何名のプロ野球選手を失ったんだろうな、沖縄はな。,success,飲みたくてしょうがないから余計あれで何名のプロ野球選手を失ったんだろうな沖縄はな。,False,45,41,-4
,033_rbc_13598140_20260712190000_seg_00036,033_rbc_13598140_20260712190000,SPEAKER_02,171.12,173.52,2.4,success,ああやっぱそういう時代があるんだ。,success,ああやっぱそういう時代があるんだ。,True,17,17,0
,033_rbc_13598140_20260712190000_seg_00037,033_rbc_13598140_20260712190000,SPEAKER_02,174.8,175.52,0.72,success,やめたと。,success,で辞めたと。,False,5,6,1
,033_rbc_13598140_20260712190000_seg_00038,033_rbc_13598140_20260712190000,SPEAKER_01,177.2,178.88,1.68,success,うさぎ跳びでひざ壊したとかな。,success,うさぎ跳びでひざ壊したとかな。,True,15,15,0
,033_rbc_13598140_20260712190000_seg_00039,033_rbc_13598140_20260712190000,SPEAKER_02,178.96,180.08,1.12,success,うさぎ跳びも。,success,うさぎ跳びも。,True,7,7,0
,033_rbc_13598140_20260712190000_seg_00040,033_rbc_13598140_20260712190000,SPEAKER_02,180.56,181.68,1.12,success,だめだったっていう話です。,success,だめだったっていう話です。,True,13,13,0
,033_rbc_13598140_20260712190000_seg_00041,033_rbc_13598140_20260712190000,SPEAKER_02,186.72,187.6,0.88,success,僕なんか時矢。,success,僕なんか時矢。,True,7,7,0
,033_rbc_13598140_20260712190000_seg_00042,033_rbc_13598140_20260712190000,SPEAKER_02,188.08,195.2,7.12,success,水のボトルがあってその横に黒糖があってその横にクエン酸のパウダーみたいなのがあって。,success,水のボトルがあってその横に黒糖があってその横にクエン酸のパウダーみたいなのがあって。,True,42,42,0
,033_rbc_13598140_20260712190000_seg_00043,033_rbc_13598140_20260712190000,SPEAKER_01,195.76,197.44,1.68,success,あとクーラーもついてなかったか、運動場。,success,あとクーラーもついてなかったか運動場。,False,20,19,-1
,033_rbc_13598140_20260712190000_seg_00044,033_rbc_13598140_20260712190000,SPEAKER_02,199.68,200.64,0.96,success,これドームじゃないですか。,success,これドームじゃないですか!,False,13,13,0
,033_rbc_13598140_20260712190000_seg_00045,033_rbc_13598140_20260712190000,SPEAKER_01,201.36,203.68,2.32,success,二塁回ったところでお風呂とかなかったら、もしかしたら。,success,二塁回ったところでお風呂とかなかったらもしかしたら。,False,27,26,-1
,033_rbc_13598140_20260712190000_seg_00046,033_rbc_13598140_20260712190000,SPEAKER_01,204.24,205.44,1.2,success,開いたでしょ、着替えなさい。,success,開いたでしょ着替えなさい。,False,14,13,-1
,033_rbc_13598140_20260712190000_seg_00047,033_rbc_13598140_20260712190000,SPEAKER_02,206.32,207.84,1.52,success,スーパーエスコンフィールド。,success,ザスーパーエスコンフィールド。,False,14,15,1
,033_rbc_13598140_20260712190000_seg_00048,033_rbc_13598140_20260712190000,SPEAKER_02,210.08,210.96,0.88,success,ダイヤモンドバイニング。,success,ダイヤモンドファイニング。,False,12,13,1
,033_rbc_13598140_20260712190000_seg_00049,033_rbc_13598140_20260712190000,SPEAKER_02,214.08,217.76,3.68,success,こういう球場も外野席とかにある所あるって聞きますけど。,success,こういう球場も外野席とかにあるところあるって聞きますけど。,False,27,29,2
,033_rbc_13598140_20260712190000_seg_00050,033_rbc_13598140_20260712190000,SPEAKER_01,217.92,221.68,3.76,success,できるかもしれないな、もしかしたら野球も室内でとかなるのかな。,success,できるかもしれないな、もしかしたら野球も室内でとかなるのかな。,True,31,31,0
,033_rbc_13598140_20260712190000_seg_00051,033_rbc_13598140_20260712190000,SPEAKER_02,222.08,225.12,3.04,success,ドームでもさすがにクーラーはついてないんですか?,success,ドームでもさすがにクーラーは付いてないんですか?,False,24,24,0
,033_rbc_13598140_20260712190000_seg_00052,033_rbc_13598140_20260712190000,SPEAKER_01,225.36,226.64,1.28,success,ついてるでしょ、空調。,success,ついてるでしょ空調。,False,11,10,-1
,033_rbc_13598140_20260712190000_seg_00053,033_rbc_13598140_20260712190000,SPEAKER_01,235.6,236.8,1.2,success,言葉状になったとき、大変なこと。,success,言葉上場になった時大変なことに。,False,16,16,0
,033_rbc_13598140_20260712190000_seg_00054,033_rbc_13598140_20260712190000,SPEAKER_01,241.84,242.539992,0.7,success,好調です。,success,夜紅茶絶対。,False,5,6,1
,033_rbc_13598140_20260712190000_seg_00055,033_rbc_13598140_20260712190000,SPEAKER_02,249.04,250.24,1.2,success,とか何かあるんですかね。,success,だから何かあるんですかね?,False,12,13,1
,033_rbc_13598140_20260712190000_seg_00056,033_rbc_13598140_20260712190000,SPEAKER_01,250.32,252.88,2.56,success,天候に左右されないっていうのがたぶんあれだろうな。,success,天候に左右されないっていうのが多分あれだろうな。,False,25,24,-1
,033_rbc_13598140_20260712190000_seg_00057,033_rbc_13598140_20260712190000,SPEAKER_01,253.44,254.96,1.52,success,でしょうかとかもあるだろうね。,success,軽症化とかもあるだろうね。,False,15,13,-2
,033_rbc_13598140_20260712190000_seg_00058,033_rbc_13598140_20260712190000,SPEAKER_02,255.36,256.0,0.64,success,組みやすい。,success,組み合わせた。,False,6,7,1
,033_rbc_13598140_20260712190000_seg_00059,033_rbc_13598140_20260712190000,SPEAKER_01,256.08,256.72,0.64,success,へえ。,success,へえ。,True,3,3,0
,033_rbc_13598140_20260712190000_seg_00060,033_rbc_13598140_20260712190000,SPEAKER_02,256.88,257.9,1.02,success,じゃあ暑さ対策。,success,いや暑さ対策。,False,8,7,-1
,033_rbc_13598140_20260712190000_seg_00061,033_rbc_13598140_20260712190000,SPEAKER_02,260.08,262.8,2.72,success,いろいろあると思いますけどしんちゃんさんも特に具体的な。,success,いろいろあると思いますけどしんちゃんさんも特に具体的な。,True,28,28,0
,033_rbc_13598140_20260712190000_seg_00062,033_rbc_13598140_20260712190000,SPEAKER_01,263.04,271.6,8.56,success,ないけど、もうただ、仕事がこんな感じだから、まだありがたいけど、外でのなかなかないから、でも修君、ロケとかするでしょ、ロケ。,success,ないないけど、もう、ただ、仕事がこんな感じだから、まだありがたいけど、外でのなかなかないから、でも秀君、ロケとかするでしょ、ロケ。,False,62,65,3
,033_rbc_13598140_20260712190000_seg_00063,033_rbc_13598140_20260712190000,SPEAKER_02,274.96,277.580008,2.62,success,去年ぐらいからもう日傘で待ち合わせ。,success,去年ぐらいからもう日傘で待ち合わせて。,False,18,19,1
,033_rbc_13598140_20260712190000_seg_00064,033_rbc_13598140_20260712190000,SPEAKER_01,278.8,280.940009,2.14,success,なあ、もう男性も普通にやる時代だよ。,success,なあもう男性もう普通にやる時代だよ。,False,18,18,0
,033_rbc_13598140_20260712190000_seg_00065,033_rbc_13598140_20260712190000,SPEAKER_01,288.4,289.099997,0.7,success,やっぱりね逆に。,success,やっぱり逆に。,False,8,7,-1
,033_rbc_13598140_20260712190000_seg_00066,033_rbc_13598140_20260712190000,SPEAKER_01,293.2,295.819998,2.62,success,じゃなくて、みんなやっぱ日焼けとか、うまい。,success,じゃなくてみんなやっぱ日焼けとかうるさい。,False,22,21,-1
,033_rbc_13598140_20260712190000_seg_00067,033_rbc_13598140_20260712190000,SPEAKER_01,298.0,298.700003,0.7,success,それはもう見た。,success,スラムを見た。,False,8,7,-1
,033_rbc_13598140_20260712190000_seg_00068,033_rbc_13598140_20260712190000,SPEAKER_01,307.6,310.8,3.2,success,やってたわけでね、あとあとで出てくるからな。,success,やってたわけでねまあ後々でやっぱ出てくるからな。,False,22,24,2
,033_rbc_13598140_20260712190000_seg_00069,033_rbc_13598140_20260712190000,SPEAKER_02,311.28,314.060004,2.78,success,なんか海外で手に入れた、最近。,success,なんか海外で手に入れた最近。,False,15,14,-1
,033_rbc_13598140_20260712190000_seg_00070,033_rbc_13598140_20260712190000,SPEAKER_02,316.24,320.16,3.92,success,50が日本でたぶんマックスの日焼け止めの強さの。,success,50が日本で多分マックスの日焼け止めの強さの。,False,24,23,-1
,033_rbc_13598140_20260712190000_seg_00071,033_rbc_13598140_20260712190000,SPEAKER_01,320.32,322.48,2.16,success,紫外線カット率があるよな。,success,紫外線カット率があるよな。,True,13,13,0
,033_rbc_13598140_20260712190000_seg_00072,033_rbc_13598140_20260712190000,SPEAKER_02,324.0,325.28,1.28,success,で、ペルーで。,success,でペルーで。,False,7,6,-1
,033_rbc_13598140_20260712190000_seg_00073,033_rbc_13598140_20260712190000,SPEAKER_02,326.8,328.48,1.68,success,かわいそうだろうな。,success,楽しそうだろうな。,False,10,9,-1
,033_rbc_13598140_20260712190000_seg_00074,033_rbc_13598140_20260712190000,SPEAKER_02,332.0,334.0,2.0,success,判断早っ!,success,早っ!,False,5,3,-2
,033_rbc_13598140_20260712190000_seg_00075,033_rbc_13598140_20260712190000,SPEAKER_01,334.16,335.92,1.76,success,たぶん線があの。,success,やっぱ線があの。,False,8,8,0
,033_rbc_13598140_20260712190000_seg_00076,033_rbc_13598140_20260712190000,SPEAKER_02,337.76,338.96,1.2,success,1桁違うんだ。,success,1桁違うんだ。,True,7,7,0
,033_rbc_13598140_20260712190000_seg_00077,033_rbc_13598140_20260712190000,SPEAKER_02,339.76,340.8,1.04,success,本当は日本でいったら10倍。,success,本当は日本でいったら10倍。,True,14,14,0
,033_rbc_13598140_20260712190000_seg_00078,033_rbc_13598140_20260712190000,SPEAKER_01,342.96,343.92,0.96,success,な気がしますけど。,success,な気がしますけど。,True,9,9,0
,033_rbc_13598140_20260712190000_seg_00079,033_rbc_13598140_20260712190000,SPEAKER_02,343.92,344.780005,0.86,success,俺このsp。,success,俺このエスプレッソ。,False,6,10,4
,033_rbc_13598140_20260712190000_seg_00080,033_rbc_13598140_20260712190000,SPEAKER_02,346.0,349.84,3.84,success,最強のと思って、この前、塗ってからロケしたんですよ、めっちゃ日焼けしました。,success,最強のと思ってこの前塗ってからロケしたんですよめっちゃ日焼けしました。,False,38,35,-3
,033_rbc_13598140_20260712190000_seg_00081,033_rbc_13598140_20260712190000,SPEAKER_02,352.32,353.68,1.36,success,沖縄の太陽の勝ち!,success,沖縄の太陽の勝ち!,True,9,9,0
,033_rbc_13598140_20260712190000_seg_00082,033_rbc_13598140_20260712190000,SPEAKER_01,356.0,360.24,4.24,success,sp100、sp首里パーフェクトにだまされてるって。,success,sp100sp主義パーフェクトにだまされてるって。,False,26,25,-1
,033_rbc_13598140_20260712190000_seg_00083,033_rbc_13598140_20260712190000,SPEAKER_01,366.64,369.28,2.64,success,血にだまされて、もうあるかやって。,success,血にだまされてあるかやって。,False,17,14,-3
,033_rbc_13598140_20260712190000_seg_00084,033_rbc_13598140_20260712190000,SPEAKER_01,372.08,373.68,1.6,success,うそだろうなって、もう。,success,うそだろなってもう。,False,12,10,-2
,033_rbc_13598140_20260712190000_seg_00085,033_rbc_13598140_20260712190000,SPEAKER_01,374.56,377.68,3.12,success,だって、だって、ペルーの方、結構、焼けてるのかどうか。,success,だってだってペルーの方結構焼けてるのかどうか分からない。,False,27,28,1
,033_rbc_13598140_20260712190000_seg_00086,033_rbc_13598140_20260712190000,SPEAKER_01,380.72,385.12,4.4,success,やっぱりなんか、これあったら画期的だし、世界に待ってるだろうなと思うしな。,success,確かに何かこれあったら画期的で世界に待ってるだろうなと思うしな。,False,37,32,-5
,033_rbc_13598140_20260712190000_seg_00087,033_rbc_13598140_20260712190000,SPEAKER_01,388.32,389.2,0.88,success,とかってあるさ。,success,とかってやるさな。,False,8,9,1
,033_rbc_13598140_20260712190000_seg_00088,033_rbc_13598140_20260712190000,SPEAKER_01,394.64,396.72,2.08,success,万が一のためにあの数字だからね。,success,万が一のためにあの数字だからね。,True,16,16,0
,033_rbc_13598140_20260712190000_seg_00089,033_rbc_13598140_20260712190000,SPEAKER_02,396.8,398.08,1.28,success,汗かくから、なんか逃げで。,success,汗か何か逃げで。,False,13,8,-5
,033_rbc_13598140_20260712190000_seg_00090,033_rbc_13598140_20260712190000,SPEAKER_01,398.08,398.96,0.88,success,逃げで。,success,逃げでああ。,False,4,6,2
,033_rbc_13598140_20260712190000_seg_00091,033_rbc_13598140_20260712190000,SPEAKER_01,401.2,404.300009,3.1,success,何かのやっぱりね、不具合が出たりとか。,success,何かのやっぱりね不具合が出たりとか。,False,19,18,-1
,033_rbc_13598140_20260712190000_seg_00092,033_rbc_13598140_20260712190000,SPEAKER_01,411.2,414.379996,3.18,success,本当、100って言いたいけど、行ってたら、またなんかあった場合に言えない。,success,ほんとは100って言いたいけど言ってたらまた何かあった場合に言えない。,False,37,35,-2
,033_rbc_13598140_20260712190000_seg_00093,033_rbc_13598140_20260712190000,SPEAKER_01,416.48,418.4,1.92,success,それぐらい自信はあるけど。,success,それぐらい自信はあるけどうん。,False,13,15,2
,033_rbc_13598140_20260712190000_seg_00094,033_rbc_13598140_20260712190000,SPEAKER_01,418.8,420.4,1.6,success,万が一って言われたらね。,success,万が一ってあるとしたらね。,False,12,13,1
,033_rbc_13598140_20260712190000_seg_00095,033_rbc_13598140_20260712190000,SPEAKER_01,421.76,423.02001,1.26,success,ええあの9000km。,success,ええあの9000900円。,False,11,13,2
,033_rbc_13598140_20260712190000_seg_00096,033_rbc_13598140_20260712190000,SPEAKER_01,426.4,427.52,1.12,success,年の位置だからな。,success,どの種の位置だからな。,False,9,11,2
,033_rbc_13598140_20260712190000_seg_00097,033_rbc_13598140_20260712190000,SPEAKER_01,431.04,432.08,1.04,success,大変ですね。,success,いや大変ですね。,False,6,8,2
,033_rbc_13598140_20260712190000_seg_00098,033_rbc_13598140_20260712190000,SPEAKER_02,432.64,434.060004,1.42,success,世の中言い切ってる100。,success,世の中言い切ってる100。,True,13,13,0
,033_rbc_13598140_20260712190000_seg_00099,033_rbc_13598140_20260712190000,SPEAKER_01,437.52,438.4,0.88,success,はい消えたありがとう。,success,拝啓だ早く。,False,11,6,-5
,033_rbc_13598140_20260712190000_seg_00100,033_rbc_13598140_20260712190000,SPEAKER_01,440.0,442.56,2.56,success,絶対間違わないaiライソー。,success,絶対間違わないaiライクソー。,False,14,15,1
,033_rbc_13598140_20260712190000_seg_00101,033_rbc_13598140_20260712190000,SPEAKER_01,447.28,452.0,4.72,success,被害みたいなね、ということでございますね、俺、うそつかないっていうのが、もううそみたいな。,success,勘違いみたいなね。ということでございますね俺うそつかないっていうのがもううそみたいな。,False,45,43,-2
,033_rbc_13598140_20260712190000_seg_00102,033_rbc_13598140_20260712190000,SPEAKER_01,456.32,459.44,3.12,success,私、失敗しないでねって言った時点で失敗みたいな。,success,私失敗しないでんって言った時点で失敗。,False,24,19,-5
,033_rbc_13598140_20260712190000_seg_00103,033_rbc_13598140_20260712190000,SPEAKER_02,460.64,462.4,1.76,success,現実にドラマは起きないと。,success,現実にドラマは起きないと。,True,13,13,0
,033_rbc_13598140_20260712190000_seg_00104,033_rbc_13598140_20260712190000,SPEAKER_01,464.16,469.92,5.76,success,今日もしょうもない話から始まってきましたけども7月の12日ということでありましてえっと。,success,さあ今日もしょうもない話から始まってきましたけども7月の12日ということでありましてえっと。,False,44,46,2
,033_rbc_13598140_20260712190000_seg_00105,033_rbc_13598140_20260712190000,SPEAKER_01,470.56,472.32,1.76,success,じゃあ、もうメールアドレスいっちゃいましょうか。,success,じゃあもうメールアドレスいっちゃいましょうか。,False,24,23,-1
,033_rbc_13598140_20260712190000_seg_00106,033_rbc_13598140_20260712190000,SPEAKER_02,473.04,476.300009,3.26,success,メールアドレス目8アット。,success,メールアドレス黙八跡。,False,13,11,-2
,033_rbc_13598140_20260712190000_seg_00107,033_rbc_13598140_20260712190000,SPEAKER_02,477.52,479.179999,1.66,success,dcドとシーオードとc。,success,dcドットcode。,False,12,10,-2
,033_rbc_13598140_20260712190000_seg_00108,033_rbc_13598140_20260712190000,SPEAKER_02,481.84,482.539999,0.7,success,チデえ?,success,こっちでえっ?,False,4,7,3
,033_rbc_13598140_20260712190000_seg_00109,033_rbc_13598140_20260712190000,SPEAKER_02,483.76,484.459998,0.7,success,8あった。,success,8あった。,True,5,5,0
,033_rbc_13598140_20260712190000_seg_00110,033_rbc_13598140_20260712190000,SPEAKER_02,485.68,488.780005,3.1,success,bcドットcojpまでよろしくお願いします。,success,pccojpまでよろしくお願いします。,False,22,19,-3
,033_rbc_13598140_20260712190000_seg_00111,033_rbc_13598140_20260712190000,SPEAKER_02,490.0,490.700003,0.7,success,cアプリからも。,success,地アプリからも!,False,8,8,0
,033_rbc_13598140_20260712190000_seg_00112,033_rbc_13598140_20260712190000,SPEAKER_02,492.4,502.700003,10.3,success,番組ではメールを送っていただいた方に会員番号をおつけいたします会員が800名に達したら何か楽しいことをやるかも会員番号希望の方は会員番号希望。,success,番組ではメールを送っていただいた方に会員番号をお付けいたします会員が800名に達したら何か楽しいことをやるかも会員番号希望の方は会員番号希望。,False,71,71,0
,033_rbc_13598140_20260712190000_seg_00113,033_rbc_13598140_20260712190000,SPEAKER_02,503.92,510.379996,6.46,success,サインなくても勝手につけてはいますで、xでの参加は、#カタカナ、木バチでポスターを貼ってください。,success,サインなくても勝手につけてはいますでxでの参加は#カタカナ目バチでポスターを貼ってください。,False,49,46,-3
,033_rbc_13598140_20260712190000_seg_00114,033_rbc_13598140_20260712190000,SPEAKER_02,511.060007,519.499976,8.44,success,はい特に読んでほしい方は#カタカナザハックスをつけてください響け恋の歌への提案はメールかxでお願いします。,success,特に読んでほしい方は#カタカナthefaxをつけてください響け恋の歌への提案はメールかxです。,False,53,47,-6
,033_rbc_13598140_20260712190000_seg_00115,033_rbc_13598140_20260712190000,SPEAKER_02,520.72,523.819983,3.1,success,デイをつけてポストしてくださいていや漢字デイひらがなです。,success,デイをつけてポストしてくださいていやん漢字デイひらがなです。,False,29,30,1
,033_rbc_13598140_20260712190000_seg_00116,033_rbc_13598140_20260712190000,SPEAKER_02,526.48,527.179968,0.7,success,素であし。,success,ので足首。,False,5,5,0
,033_rbc_13598140_20260712190000_seg_00117,033_rbc_13598140_20260712190000,SPEAKER_02,529.36,536.299963,6.94,success,送ってくれたメールの中からビッグスクーターに選ばれた方にはバーミヤか蒲鉾バーミヤ餃子引換券はecカード。,success,送ってくれたメールの中からビッグスクーターに選ばれた方にはマミヤかまぼこのバーミヤン餃子引換券をec差上げます。,False,52,56,4
,033_rbc_13598140_20260712190000_seg_00118,033_rbc_13598140_20260712190000,SPEAKER_02,539.92,543.499976,3.58,success,郵便番号、住所、氏名、電話番号を書いてお送りください。,success,出品番号住所氏名電話番号を書いてお送りください。,False,27,24,-3
,033_rbc_13598140_20260712190000_seg_00119,033_rbc_13598140_20260712190000,SPEAKER_02,544.72,555.499976,10.78,success,えーそして放送日が木八ナンバーの数字とかぶっている方今日でいうと12日なので木八ナンバーに。,success,もちろんお送りできませんそして放送日が木八ナンバーの数字とかぶっている方今日でいうと12日なので木八ナンバー2。,False,46,56,10
,033_rbc_13598140_20260712190000_seg_00120,033_rbc_13598140_20260712190000,SPEAKER_02,557.68,559.339972,1.66,success,タワスクラッチ大賞です。,success,ダワスクラッチ大賞です。,False,12,12,0
,033_rbc_13598140_20260712190000_seg_00121,033_rbc_13598140_20260712190000,SPEAKER_02,560.56,561.739966,1.18,success,希望の方はどんな感じですか?,success,指揮棒の方はどんな感じを?,False,14,13,-1
,033_rbc_13598140_20260712190000_seg_00122,033_rbc_13598140_20260712190000,SPEAKER_02,566.8,568.16,1.36,success,お願いします。,success,お願いします。,True,7,7,0
,033_rbc_13598140_20260712190000_seg_00123,033_rbc_13598140_20260712190000,SPEAKER_01,570.64,572.16,1.52,success,じゃあ今日も頑張っていきましょうか。,success,じゃあ今日も頑張っていきましょうか。,True,18,18,0
,033_rbc_13598140_20260712190000_seg_00124,033_rbc_13598140_20260712190000,SPEAKER_01,573.04,574.16,1.12,success,rbcアイラジオ。,success,rbcアイラジオ。,True,9,9,0
,033_rbc_13598140_20260712190000_seg_00125,033_rbc_13598140_20260712190000,SPEAKER_00,574.16,575.12,0.96,success,あっ木目。,success,あっ木馬!,False,5,5,0
,033_rbc_13598140_20260712190000_seg_00126,033_rbc_13598140_20260712190000,SPEAKER_01,575.76,576.619971,0.86,success,ハッピーさんで。,success,ハッピーサンデー。,False,8,9,1
,033_rbc_13598140_20260712190000_seg_00127,033_rbc_13598140_20260712190000,SPEAKER_02,580.16,581.28,1.12,success,この番組は。,success,この番組は。,True,6,6,0
,033_rbc_13598140_20260712190000_seg_00128,033_rbc_13598140_20260712190000,SPEAKER_02,581.92,583.68,1.76,success,今開いてます!,success,今開いてますユニオン。,False,7,11,4
,033_rbc_13598140_20260712190000_seg_00129,033_rbc_13598140_20260712190000,SPEAKER_02,584.32,588.56,4.24,success,遊べる、学べる、楽しめる、エナジックスポーツワールドサザンヒル。,success,遊べる、学べる、楽しめる、エナジックスポーツワールドサザンヒル。,True,32,32,0
,033_rbc_13598140_20260712190000_seg_00130,033_rbc_13598140_20260712190000,SPEAKER_02,589.52,593.84,4.32,success,沖縄のお土産といえばバーミヤかまぼこの提供でお送りします。,success,沖縄のお土産といえばバーミヤかまぼこの提供でお送りします。,True,29,29,0
,033_rbc_13598140_20260712190000_seg_00131,033_rbc_13598140_20260712190000,SPEAKER_01,617.2,617.92,0.72,success,ぼくといえば?,success,もといえば?,False,7,6,-1
,033_rbc_13598140_20260712190000_seg_00132,033_rbc_13598140_20260712190000,SPEAKER_00,620.4,621.739966,1.34,success,バーミヤかまぼこ創業。,success,バーミヤかまぼこ創業。,True,11,11,0
,033_rbc_13598140_20260712190000_seg_00133,033_rbc_13598140_20260712190000,SPEAKER_00,624.64,625.76,1.12,success,マンニャかまぼこ。,success,万宮かまぼこ全部!,False,9,9,0
,033_rbc_13598140_20260712190000_seg_00134,033_rbc_13598140_20260712190000,SPEAKER_01,625.84,626.539954,0.7,success,正解ok!,success,音声会おおき!,False,5,7,2
,033_rbc_13598140_20260712190000_seg_00135,033_rbc_13598140_20260712190000,SPEAKER_02,627.76,629.419958,1.66,success,いやマーミャカモコじゃないの?,success,いやマーミャかもぼこじゃないの?,False,15,16,1
,033_rbc_13598140_20260712190000_seg_00136,033_rbc_13598140_20260712190000,SPEAKER_02,641.68,642.37998,0.7,success,クスポーツは。,success,クスポーツは。,True,7,7,0
,033_rbc_13598140_20260712190000_seg_00137,033_rbc_13598140_20260712190000,SPEAKER_02,644.24,646.699957,2.46,success,みんなでワイワイ楽しい時間を過ごそう!,success,みんなでワイワイ楽しい時間を過ごそう!,True,19,19,0
,033_rbc_13598140_20260712190000_seg_00138,033_rbc_13598140_20260712190000,SPEAKER_01,656.48,658.24,1.76,success,rbcアラ女王も。,success,アルビッシア女王モンスター。,False,9,14,5
,033_rbc_13598140_20260712190000_seg_00139,033_rbc_13598140_20260712190000,SPEAKER_01,659.44,661.36,1.92,success,安城市のしんちゃんツアー新一と。,success,誕生日のしんちゃん津田しんちゃん。,False,16,17,1
,033_rbc_13598140_20260712190000_seg_00140,033_rbc_13598140_20260712190000,SPEAKER_02,661.52,663.44,1.92,success,いのしゅりのすけですしゅりっぽん!,success,いのしゅりのすけですしゅりっぽん!,True,17,17,0
,033_rbc_13598140_20260712190000_seg_00141,033_rbc_13598140_20260712190000,SPEAKER_01,663.76,665.44,1.68,success,シェル君さあこのコーナーは?,success,シュリ君さあこのコーナーは?,False,14,14,0
,033_rbc_13598140_20260712190000_seg_00142,033_rbc_13598140_20260712190000,SPEAKER_02,665.52,666.56,1.04,success,すご太郎コーナー!,success,スゴ太郎コーナー!,False,9,9,0
,033_rbc_13598140_20260712190000_seg_00143,033_rbc_13598140_20260712190000,SPEAKER_01,667.68,668.88,1.2,success,やってきました。,success,やって来ました。,False,8,8,0
,033_rbc_13598140_20260712190000_seg_00144,033_rbc_13598140_20260712190000,SPEAKER_02,668.88,685.2,16.32,success,モクパッチでは皆様のお便りをスゴオタすごいお便りと呼んでおりますその中で特にすごいビッグスゴーターに選ばれた方にはバーミヤか蒲鉾のバーミヤン餃子引換券をはecサイト10%の割引のパスワードお送りしてます。,success,はい僕パチでは皆様のお便りをスゴオタすごいお便りと呼んでおりますその中で特にすごいビッグスゴーターに選ばれた方にはバーミヤかまぼこのマーミヤ餃子引換券orec成と10%の割引のパスワードお送りしてます。,False,102,101,-1
,033_rbc_13598140_20260712190000_seg_00145,033_rbc_13598140_20260712190000,SPEAKER_00,686.0,686.96,0.96,success,よろしくですね。,success,恐縮ですね。,False,8,6,-2
,033_rbc_13598140_20260712190000_seg_00146,033_rbc_13598140_20260712190000,SPEAKER_02,687.04,688.56,1.52,success,はいそれではじゃあ紹介していきましょう。,success,はいそれではじゃあ紹介していきましょう。,True,20,20,0
,033_rbc_13598140_20260712190000_seg_00147,033_rbc_13598140_20260712190000,SPEAKER_02,689.76,748.64,58.88,success,こちらスクラッチ希望で来てますねハイサイグスイヨーチューガナビラー木八ナンバー14の山木浩弥議員と前回メールを送るちょっと前ぐらいからあたいの木八ナンバーと元キングスの岸本選手の背番号が同じだったということに気づきはっさ大事なもん背負ってるばーとかこれって引きが強いってことあらにいいとか思っておるわけですしかして14番という数字のすばらしさに岸本選手が沖縄を去ってしまってから気づくのって強烈なキングスブースターからすれば岸本選手になんて失礼なとか木八ナンバー返上せえとか言われそうでありますと言って木八ナンバーって返品不可ですよねもしあたいが矢面に立たされたらそのルールを作った亮太dを含めて3人そろって盾になってくださいねそれではグブリーサビラーということで岸本選手のキングスファンが。,success,こちらスクラッチ希望で来てますねハイサイグスイヨーチューガナビラー木八ナンバー14の山木浩弥議員と前回メールを送るちょっと前ぐらいからあたいの木八ナンバーと元キングスの岸本選手の背番号が同じだったということに気づきはっさ大事なもん背負ってるばーとかこれって引きが強いってことあらにとか思っておるわけですしかして14番という数字のすばらしさに岸本選手が沖縄を去ってしまってから気づくのって強烈なキングスブースターからすれば岸本選手になんて失礼なとか木八ナンバー返上せえとか言われそうでありますと言って木八ナンバーって返品不可ですよねもしあたいが矢面に立たされたらそのルールを作った亮太dを含めて3人そろって盾になってくださいねそれではグブリーサビラーということで岸本選手のキングスファンが。,False,346,344,-2
,033_rbc_13598140_20260712190000_seg_00148,033_rbc_13598140_20260712190000,SPEAKER_02,749.2,750.8,1.6,success,もう14番。,success,もう14番。,True,6,6,0
,033_rbc_13598140_20260712190000_seg_00149,033_rbc_13598140_20260712190000,SPEAKER_02,751.12,756.08,4.96,success,岸本選手に返せと、僕こっち宛てに大クレームが来たらどうしようという。,success,岸本選手に返せ!と奥ポチ宛てに大クレームが来たらどうしようという。,False,34,33,-1
,033_rbc_13598140_20260712190000_seg_00150,033_rbc_13598140_20260712190000,SPEAKER_01,756.08,757.12,1.04,success,何をおっしゃってるんですか。,success,何をおっしゃってるんですか。,True,14,14,0
,033_rbc_13598140_20260712190000_seg_00151,033_rbc_13598140_20260712190000,SPEAKER_02,760.24,761.6,1.36,success,ガチレスすぎます。,success,ガチレスすぎます!,False,9,9,0
,033_rbc_13598140_20260712190000_seg_00152,033_rbc_13598140_20260712190000,SPEAKER_01,763.68,764.56,0.88,success,えどうしよう。,success,えっどうしよう。,False,7,8,1
,033_rbc_13598140_20260712190000_seg_00153,033_rbc_13598140_20260712190000,SPEAKER_01,765.44,766.24,0.8,success,苦しい、もう。,success,苦しいもん。,False,7,6,-1
,033_rbc_13598140_20260712190000_seg_00154,033_rbc_13598140_20260712190000,SPEAKER_01,766.96,768.48,1.52,success,一応弁護士とか雇おうぜ。,success,一応弁護士とか雇うぜ。,False,12,11,-1
,033_rbc_13598140_20260712190000_seg_00155,033_rbc_13598140_20260712190000,SPEAKER_01,774.56,777.6,3.04,success,学級の出席番号14番の人、どうするわでな。,success,学級の出席番号14番の言うとくけどどうするわでな。,False,21,25,4
,033_rbc_13598140_20260712190000_seg_00156,033_rbc_13598140_20260712190000,SPEAKER_02,779.44,783.28,3.84,success,岸本選手が14番で引退したのがことしっていう。,success,岸本選手が14番で引退したのが今年っていう。,False,23,22,-1
,033_rbc_13598140_20260712190000_seg_00157,033_rbc_13598140_20260712190000,SPEAKER_01,783.44,785.28,1.84,success,引退じゃなくて、京都ハンナリーズっていう所。,success,引退じゃなくて京都ハンナリーズというところ。,False,22,22,0
,033_rbc_13598140_20260712190000_seg_00158,033_rbc_13598140_20260712190000,SPEAKER_01,786.56,792.24,5.68,success,もう沖縄の、もうこの人がもう、ミスターキングスみたいな人だったのに。,success,あのもう沖縄のこの人がもうmrキングスみたいな人だったのに。,False,34,30,-4
,033_rbc_13598140_20260712190000_seg_00159,033_rbc_13598140_20260712190000,SPEAKER_01,792.88,797.36,4.48,success,自分としてもやっぱり、いろんなところ試したいっていうのはあるんじゃない?,success,自分としてもやっぱりいろんなところ試したいっていうのはあるんじゃない?,False,36,35,-1
,033_rbc_13598140_20260712190000_seg_00160,033_rbc_13598140_20260712190000,SPEAKER_01,797.76,805.28,7.52,success,キングスで天皇杯とか3度やってもやっぱりあと一歩届かんかったら環境を変えてみたりとかプロ野球選手もさ。,success,キングスで天皇杯とか3度やってもやっぱりあと一歩届かんかったら環境を変えてみたりとかプロ野球選手もさ。,True,51,51,0
,033_rbc_13598140_20260712190000_seg_00161,033_rbc_13598140_20260712190000,SPEAKER_02,805.36,806.0,0.64,success,はいはい。,success,はいはい。,True,5,5,0
,033_rbc_13598140_20260712190000_seg_00162,033_rbc_13598140_20260712190000,SPEAKER_01,806.16,808.32,2.16,success,同じ球団にいるってなかなか少ないさ。,success,同じ球団にいる人でなかなか少ないさ。,False,18,18,0
,033_rbc_13598140_20260712190000_seg_00163,033_rbc_13598140_20260712190000,SPEAKER_02,808.4,809.36,0.96,success,うんまあそうっすね。,success,うんまあそうっすね。,True,10,10,0
,033_rbc_13598140_20260712190000_seg_00164,033_rbc_13598140_20260712190000,SPEAKER_01,809.52,816.32,6.8,success,だからやっぱりどうしてもフリーエージェントでどこか必要とされてるところとかってやっぱ自分を試してみたいっていうのもあったんじゃないかな。,success,だからやっぱどうしてもフリーエージェントでどっか必要とされてるところとかってやっぱ自分も試してみたいっていうのもあったんじゃないかな。,False,68,67,-1
,033_rbc_13598140_20260712190000_seg_00165,033_rbc_13598140_20260712190000,SPEAKER_01,817.2,820.08,2.88,success,ちょっとハンナリーズだったかな、なんかに移動なんだよね、いや。,success,ちょっとハンナリーズだったかなかなんかに移動なんだよねイヤー。,False,31,31,0
,033_rbc_13598140_20260712190000_seg_00166,033_rbc_13598140_20260712190000,SPEAKER_02,820.88,821.6,0.72,success,最も強い。,success,どうも強いんですよね。,False,5,11,6
,033_rbc_13598140_20260712190000_seg_00167,033_rbc_13598140_20260712190000,SPEAKER_01,822.64,825.68,3.04,success,もう強いさ、もう僕もね、強いけど。,success,もう強いさもうどこも僕もね強いけど。,False,17,18,1
,033_rbc_13598140_20260712190000_seg_00168,033_rbc_13598140_20260712190000,SPEAKER_02,826.4,828.48,2.08,success,まあ、ちょっと詳しくないんで。,success,まあ詳しくないんで。,False,15,10,-5
,033_rbc_13598140_20260712190000_seg_00169,033_rbc_13598140_20260712190000,SPEAKER_02,829.92,830.96,1.04,success,もう時々で。,success,その時々で。,False,6,6,0
,033_rbc_13598140_20260712190000_seg_00170,033_rbc_13598140_20260712190000,SPEAKER_02,831.44,833.36,1.92,success,必要とされてるポジション。,success,必要とされてるポジション。,True,13,13,0
,033_rbc_13598140_20260712190000_seg_00171,033_rbc_13598140_20260712190000,SPEAKER_01,834.88,837.6,2.72,success,1年契約とかだはずだから、2年とか。,success,1年契約とかだはずだから2年とか。,False,18,17,-1
,033_rbc_13598140_20260712190000_seg_00172,033_rbc_13598140_20260712190000,SPEAKER_01,838.24,839.36,1.12,success,長くても。,success,もう長くても。,False,5,7,2
,033_rbc_13598140_20260712190000_seg_00173,033_rbc_13598140_20260712190000,SPEAKER_01,840.08,845.52,5.44,success,たぶんよ、俺もそんな詳しくないんだけど、野球って10年契約とかあるじゃないですか。,success,多分ようん俺もそんな詳しくないんだけど野球って10年契約とかあるじゃないですか。,False,41,40,-1
,033_rbc_13598140_20260712190000_seg_00174,033_rbc_13598140_20260712190000,SPEAKER_01,846.4,848.88,2.48,success,もうここに骨をうずめるみたいなのとか。,success,もうここに骨をうずめるみたいなのとか。,True,19,19,0
,033_rbc_13598140_20260712190000_seg_00175,033_rbc_13598140_20260712190000,SPEAKER_02,848.88,849.84,0.96,success,なんか大谷翔平。,success,何か大谷翔平。,False,8,7,-1
,033_rbc_13598140_20260712190000_seg_00176,033_rbc_13598140_20260712190000,SPEAKER_01,850.4,852.08,1.68,success,10年総額いくらみたいなあれ聞いて。,success,10年総額いくらみたいなのあるけど。,False,18,18,0
,033_rbc_13598140_20260712190000_seg_00177,033_rbc_13598140_20260712190000,SPEAKER_01,854.24,858.08,3.84,success,たぶんバスケって長くて2年とかしか俺は聞いたことないんだけど。,success,多分バスケって長くて2年とこしか俺は聞いたことないんだけど。,False,31,30,-1
,033_rbc_13598140_20260712190000_seg_00178,033_rbc_13598140_20260712190000,SPEAKER_01,859.68,861.36,1.68,success,変わるところなんだろうな。,success,変わるところなんだろうな。,True,13,13,0
,033_rbc_13598140_20260712190000_seg_00179,033_rbc_13598140_20260712190000,SPEAKER_01,862.4,872.96,10.56,success,同じポジションでも、もうガードの人がいたら、もうガードの新しい人加入してきたら、俺、出番ないから、俺、別の所行くとかっていうのは、たぶんこういうのが本当、フットワーク軽いと思うし。,success,同じポジションでももうガードの人がいたらガードの新しい人加入してきたら俺、出番ないから俺、別のところ行くとかっていうのはたぶんこういうのがフットワーク軽いと思うし。,False,90,82,-8
,033_rbc_13598140_20260712190000_seg_00180,033_rbc_13598140_20260712190000,SPEAKER_02,873.76,875.92,2.16,success,マックス知識がslamdunkなんですけど。,success,マックス知識がスラムダンクなんですけど。,False,22,20,-2
,033_rbc_13598140_20260712190000_seg_00181,033_rbc_13598140_20260712190000,SPEAKER_02,876.4,879.12,2.72,success,slamdunkでもほぼ最初のスタメンで最初のスタート。,success,slamdunkでもほぼ最初のスタメンで最初のスタッフ。,False,28,28,0
,033_rbc_13598140_20260712190000_seg_00182,033_rbc_13598140_20260712190000,SPEAKER_01,880.16,897.68,17.52,success,だから、そこに入れんかったら自分の活躍の場っていうかな強いチーム、よく俺もよく言うんだけど、言うっていうか、子どもとかと話したりするんだけど、もうデージ強い野球チームで、うまい人だらけの集まりで、もうずっと2軍でいるか。,success,だからもう、そこに入れんかったら、自分の活躍の場っていうかな、強いチーム、よく、俺もよく言うんだけど、言うっていうか、子どもとかと話したりするんだけど、もうデージ強い野球チームで、うまい人だらけの集まりで、もうずっと2軍でいるか。,False,110,115,5
,033_rbc_13598140_20260712190000_seg_00183,033_rbc_13598140_20260712190000,SPEAKER_01,898.08,901.6,3.52,success,そんなにそうかもしれんけど、そこにいて、ずっと試合に出続けて。,success,そんなにそうかもしれんけどそこにいてずっと試合に出続けて。,False,31,29,-2
,033_rbc_13598140_20260712190000_seg_00184,033_rbc_13598140_20260712190000,SPEAKER_01,902.4,905.52,3.12,success,どっちが幸せと思う?みたいな、なんかてんびんかけて話したりするわけよ。,success,どっちが幸せと思う?みたいななんかてんびんかけて話したりするわけよ。,False,35,34,-1
,033_rbc_13598140_20260712190000_seg_00185,033_rbc_13598140_20260712190000,SPEAKER_02,905.52,907.12,1.6,success,あっ蛍光牛美ってやつ。,success,蛍光牛美ってとこ。,False,11,9,-2
,033_rbc_13598140_20260712190000_seg_00186,033_rbc_13598140_20260712190000,SPEAKER_01,907.36,908.8,1.44,success,そうか稽古休日っていうのか俺は。,success,そうか稽古義務っていうのか俺は。,False,16,16,0
,033_rbc_13598140_20260712190000_seg_00187,033_rbc_13598140_20260712190000,SPEAKER_01,909.36,911.52,2.16,success,ずっと試合出続けたいわけさ。,success,ずっと試合に出続けたい岩城さん。,False,14,16,2
,033_rbc_13598140_20260712190000_seg_00188,033_rbc_13598140_20260712190000,SPEAKER_02,911.52,912.08,0.56,success,ああ。,success,ああ。,True,3,3,0
,033_rbc_13598140_20260712190000_seg_00189,033_rbc_13598140_20260712190000,SPEAKER_01,912.16,912.72,0.56,success,ああもう。,success,ああもう。,True,5,5,0
,033_rbc_13598140_20260712190000_seg_00190,033_rbc_13598140_20260712190000,SPEAKER_01,914.0,923.68,9.68,success,出ていきなりやったけど、もうあと一歩届かんとか、もうどきどき出されるぐらいだったら、もうもっとなんかもう、1回の表から9回の裏まで。,success,できない話やけどあと一歩届かんとかもうドキドキ出されるぐらいだったらもうもっと何かもう1回の表から9回の裏まで。,False,66,56,-10
,033_rbc_13598140_20260712190000_seg_00191,033_rbc_13598140_20260712190000,SPEAKER_01,924.08,927.68,3.6,success,グラウンド内にいれるところをやっぱり探して、新天地を探して。,success,グラウンド内にいれるところをやっぱり探して新天地を探して。,False,30,29,-1
,033_rbc_13598140_20260712190000_seg_00192,033_rbc_13598140_20260712190000,SPEAKER_02,927.68,928.48,0.8,success,確かに。,success,確かに。,True,4,4,0
,033_rbc_13598140_20260712190000_seg_00193,033_rbc_13598140_20260712190000,SPEAKER_01,928.72,929.92,1.2,success,行きたいというか。,success,生きたいというか。,False,9,9,0
,033_rbc_13598140_20260712190000_seg_00194,033_rbc_13598140_20260712190000,SPEAKER_02,930.64,931.68,1.04,success,もう考え方だけだと。,success,もう考え方だけだと。,True,10,10,0
,033_rbc_13598140_20260712190000_seg_00195,033_rbc_13598140_20260712190000,SPEAKER_02,932.0,933.76,1.76,success,プレーヤーとしてはそっちのほうが。,success,プレーヤーとしてはそっちの方がそうそう。,False,17,20,3
,033_rbc_13598140_20260712190000_seg_00196,033_rbc_13598140_20260712190000,SPEAKER_02,934.32,935.84,1.52,success,幸せなのかもしれないですよね。,success,幸せなのかもしれないですよね。,True,15,15,0
,033_rbc_13598140_20260712190000_seg_00197,033_rbc_13598140_20260712190000,SPEAKER_01,937.12,938.8,1.68,success,っていうか、岸本選手がそうって感じ。,success,っていうかまあ岸本選手がそうと考えてる。,False,18,20,2
,033_rbc_13598140_20260712190000_seg_00198,033_rbc_13598140_20260712190000,SPEAKER_02,939.68,940.32,0.64,success,ゾンワーとか。,success,ゾンワードだ。,False,7,7,0
,033_rbc_13598140_20260712190000_seg_00199,033_rbc_13598140_20260712190000,SPEAKER_02,940.56,942.08,1.52,success,キングスでもレギュラー。,success,キングスでもレギュラー。,True,12,12,0
,033_rbc_13598140_20260712190000_seg_00200,033_rbc_13598140_20260712190000,SPEAKER_01,942.56,946.56,4.0,success,それはもちろんミスターキングスででも年も結構ね。,success,もちろんもうmrキングスででも年もまあ結構ね。,False,24,23,-1
,033_rbc_13598140_20260712190000_seg_00201,033_rbc_13598140_20260712190000,SPEAKER_01,947.2,948.24,1.04,success,それから若いのもいるから。,success,それから若いのもいるかな。,False,13,13,0
,033_rbc_13598140_20260712190000_seg_00202,033_rbc_13598140_20260712190000,SPEAKER_01,948.96,951.84,2.88,success,声かけたところに行くんじゃないかな。,success,彼って声かけてたところに行くんじゃないかな。,False,18,22,4
,033_rbc_13598140_20260712190000_seg_00203,033_rbc_13598140_20260712190000,SPEAKER_01,952.4,957.6,5.2,success,みんながまさか行くとは思わんかったっていうのは、正直なところじゃないかな。,success,みんながまさか行くとは思わんかったっていうのは正直なとこじゃないかな。,False,37,35,-2
,033_rbc_13598140_20260712190000_seg_00204,033_rbc_13598140_20260712190000,SPEAKER_02,957.76,958.4,0.64,success,まあそっか。,success,まあそっか。,True,6,6,0
,033_rbc_13598140_20260712190000_seg_00205,033_rbc_13598140_20260712190000,SPEAKER_01,961.68,966.64,4.96,success,ここまで導いてくれてねってね、てか、誰も文句言わないですよ、ここまで強くしてくれて。,success,ここまで導いてくれてねでね誰も文句言わないですよここまで強くしてくれて。,False,42,36,-6
,033_rbc_13598140_20260712190000_seg_00206,033_rbc_13598140_20260712190000,SPEAKER_01,967.76,971.28,3.52,success,なくしたみたいな感じなんですけど、って言いながら、自分もまだ一流プレーヤーだからね。,success,復したみたいな感じなんですけどって言いながら自分もまだ一流プレーヤーだからね。,False,42,39,-3
,033_rbc_13598140_20260712190000_seg_00207,033_rbc_13598140_20260712190000,SPEAKER_02,971.36,975.6,4.24,success,その岸本さんのあとを八巻宏さんが継ぐということで。,success,でその岸本さんの後を山木宏さんが継ぐということで。,False,25,25,0
,033_rbc_13598140_20260712190000_seg_00208,033_rbc_13598140_20260712190000,SPEAKER_01,975.6,976.72,1.12,success,それで文句どうする?,success,それで文句どうする?,True,10,10,0
,033_rbc_13598140_20260712190000_seg_00209,033_rbc_13598140_20260712190000,SPEAKER_01,979.36,982.4,3.04,success,どうする、カルビッシココーン弁護士いったような。,success,どうするカルビッシココーン弁護士いったような。,False,24,23,-1
,033_rbc_13598140_20260712190000_seg_00210,033_rbc_13598140_20260712190000,SPEAKER_01,985.28,987.44,2.16,success,僕ら亮太も含めて記者会見します。,success,僕ら亮太も含めて記者会見しますんで。,False,16,18,2
,033_rbc_13598140_20260712190000_seg_00211,033_rbc_13598140_20260712190000,SPEAKER_01,988.0,989.12,1.12,success,誰も集まらない。,success,誰も集まらない。,True,8,8,0
,033_rbc_13598140_20260712190000_seg_00212,033_rbc_13598140_20260712190000,SPEAKER_01,990.4,991.92,1.52,success,海に向かって謝る。,success,海に向かって謝る。,True,9,9,0
,033_rbc_13598140_20260712190000_seg_00213,033_rbc_13598140_20260712190000,SPEAKER_02,992.88,993.68,0.8,success,いや、いいっすね。,success,いやいいっすね。,False,9,8,-1
,033_rbc_13598140_20260712190000_seg_00214,033_rbc_13598140_20260712190000,SPEAKER_02,993.92,997.92,4.0,success,はいということでスクラッチ希望の山家ひろさんでございました。,success,はいという事でスクラッチ希望の山家ひろさんでございました。,False,30,29,-1
,033_rbc_13598140_20260712190000_seg_00215,033_rbc_13598140_20260712190000,SPEAKER_01,997.92,1000.96,3.04,success,また心配事が1つ増えましたね。,success,いやまた心配事が1つ増えましたね。,False,15,17,2
,033_rbc_13598140_20260712190000_seg_00216,033_rbc_13598140_20260712190000,SPEAKER_02,1002.56,1004.88,2.32,success,放送終了後に忘れてますよ。,success,放送終了後に忘れてますよ。,True,13,13,0
,033_rbc_13598140_20260712190000_seg_00217,033_rbc_13598140_20260712190000,SPEAKER_01,1006.16,1009.76,3.6,success,もうだったらもう、17番とか大谷のとか言われたら、えー、どうしよう。,success,もうだったらもう17番とか大谷のとか言われたらえっどうしよう。,False,34,31,-3
,033_rbc_13598140_20260712190000_seg_00218,033_rbc_13598140_20260712190000,SPEAKER_02,1010.32,1012.16,1.84,success,アハハ確かに背負うな。,success,ハハハ確かに背負うものはすごい。,False,11,16,5
,033_rbc_13598140_20260712190000_seg_00219,033_rbc_13598140_20260712190000,SPEAKER_01,1014.32,1026.64,12.32,success,町ナンバー88番ですね、八十八夜に訴えられたらどうしましょうかと来てますが、夏、歌に訴えられるかやら。,success,反社さん来てますね、幕町ナンバー88番ですね、八十八夜に訴えられたらどうしましょうかと来てますが、夏の歌に訴えられるかやら。,False,51,62,11
,033_rbc_13598140_20260712190000_seg_00220,033_rbc_13598140_20260712190000,SPEAKER_01,1030.72,1031.92,1.2,success,熱い足使いましたね。,success,88使いましたねみんな。,False,10,12,2
,033_rbc_13598140_20260712190000_seg_00221,033_rbc_13598140_20260712190000,SPEAKER_01,1032.64,1058.56,25.92,success,冗談です、はい、うん、さあ、いつも楽しく聞いてますよ、小学生のころ、田舎に住んでいたときの話です、ある日、母に連れられて車で出かけました、その日だけなぜか車の中でかすかに声が聞こえる気がしたんです、しばらくすると、ここ、ここここ、ここ、ここここという声が、気のせいかなと思いながら、家に帰り、おうちに帰り、何気なく車の下をのぞいてびっくり。,success,冗談です、はい、うんうん、さあ、いつも楽しく聞いてますよ、小学生のころ、田舎に住んでいたときの話です、ある日、母に連れられて車で出かけました、その日だけなぜか車の中でかすかに声が聞こえる気がしたんです、しばらくすると、ここ、ここここ、ここ、ここここという声が、気のせいかなと思いながら、家に帰り、おうちに帰り、何気なく車の下をのぞいてびっくり。,False,170,172,2
,033_rbc_13598140_20260712190000_seg_00222,033_rbc_13598140_20260712190000,SPEAKER_01,1058.96,1079.28,20.32,success,なんとうちで飼っていたニワトリのピーちゃんが車の下にいたんですえっえっこんなことある?と家族みんなで大騒ぎになりました幸いピーちゃんは無事でしたが今でも忘れられないビックリエピソードですお二人にもこんなことある?と驚いた体験があればぜひ教えてください。,success,なんとうちで飼っていたニワトリのピーちゃんが車の下にいたんですえっえっこんなことある?と家族みんなで大騒ぎになりました幸いピーちゃんは無事でしたが今でも忘れられないびっくりエピソードですお二人にもこんなことある?と驚いた体験があればぜひ教えてください。,False,126,126,0
,033_rbc_13598140_20260712190000_seg_00223,033_rbc_13598140_20260712190000,SPEAKER_02,1079.92,1081.76,1.84,success,これはニワトリが。,success,これはニワトリが。,True,9,9,0
,033_rbc_13598140_20260712190000_seg_00224,033_rbc_13598140_20260712190000,SPEAKER_01,1081.84,1083.92,2.08,success,車の中に入ってたってこと?,success,車の中に入ってたってこと?,True,13,13,0
,033_rbc_13598140_20260712190000_seg_00225,033_rbc_13598140_20260712190000,SPEAKER_02,1084.16,1085.44,1.28,success,あっ昔の話で。,success,ああ昔の話よ。,False,7,7,0
,033_rbc_13598140_20260712190000_seg_00226,033_rbc_13598140_20260712190000,SPEAKER_01,1085.76,1092.64,6.88,success,話ね、田舎に住んでいたときの話で、飼っていたニワトリが車に乗ってたってことか。,success,田舎に住んでいたときの話で飼っていたニワトリが車に乗ってたってことか。,False,39,35,-4
,033_rbc_13598140_20260712190000_seg_00227,033_rbc_13598140_20260712190000,SPEAKER_01,1092.96,1094.8,1.84,success,けど、どっかから入り込んだってこと?,success,けどどっかから入り込んだってこと?,False,18,17,-1
,033_rbc_13598140_20260712190000_seg_00228,033_rbc_13598140_20260712190000,SPEAKER_01,1096.24,1097.68,1.44,success,男がいたとか聞いたことあるけどね。,success,人がいたとか聞いたことあるけどね。,False,17,17,0
,033_rbc_13598140_20260712190000_seg_00229,033_rbc_13598140_20260712190000,SPEAKER_02,1097.84,1098.56,0.72,success,ああ何か。,success,ああ何か。,True,5,5,0
,033_rbc_13598140_20260712190000_seg_00230,033_rbc_13598140_20260712190000,SPEAKER_02,1099.04,1100.08,1.04,success,レンタカーで狙えますよね。,success,レンタで習いますよ。,False,13,10,-3
,033_rbc_13598140_20260712190000_seg_00231,033_rbc_13598140_20260712190000,SPEAKER_01,1101.2,1107.92,6.72,success,危ないから、なんか、あと廃車っていうか、捨てられた車の中に入り込んで、そこで赤ちゃん産んでたとか、うんうん、うんって聞こえるから。,success,危ないから、なんか、あと廃車っていうか、捨てられた車の中に入り込んで、そこで赤ちゃん産んでたとか、うんうん、うんって聞こえるから。,True,65,65,0
,033_rbc_13598140_20260712190000_seg_00232,033_rbc_13598140_20260712190000,SPEAKER_01,1108.88,1109.84,0.96,success,ああっていうね。,success,ああっていうね。,True,8,8,0
,033_rbc_13598140_20260712190000_seg_00233,033_rbc_13598140_20260712190000,SPEAKER_02,1111.04,1113.92,2.88,success,こんなことある?っていうのはもう結構ね。,success,まあこんなことある?っていうのはもう結構ね。,False,20,22,2
,033_rbc_13598140_20260712190000_seg_00234,033_rbc_13598140_20260712190000,SPEAKER_02,1114.64,1115.76,1.12,success,ありますけど。,success,ありますけど。,True,7,7,0
,033_rbc_13598140_20260712190000_seg_00235,033_rbc_13598140_20260712190000,SPEAKER_01,1115.92,1117.2,1.28,success,怖い話とか好き?,success,怖い話とか好き?,True,8,8,0
,033_rbc_13598140_20260712190000_seg_00236,033_rbc_13598140_20260712190000,SPEAKER_02,1117.44,1118.72,1.28,success,ああまあまあすいません。,success,ああまあまあすいません。,True,12,12,0
,033_rbc_13598140_20260712190000_seg_00237,033_rbc_13598140_20260712190000,SPEAKER_01,1119.52,1123.04,3.52,success,俺、そんなんないんだよな、自分で持ってるっていうか、よくなんかユーチューブでね、たくさん。,success,俺そんなのないんだよな自分で持ってるっていうかよくなんかyoutubeでねたくさん。,False,45,42,-3
,033_rbc_13598140_20260712190000_seg_00238,033_rbc_13598140_20260712190000,SPEAKER_01,1123.76,1124.8,1.04,success,いらっしゃるじゃないですか。,success,っていらっしゃるじゃないですか。,False,14,16,2
,033_rbc_13598140_20260712190000_seg_00239,033_rbc_13598140_20260712190000,SPEAKER_02,1124.88,1126.08,1.2,success,僕、1回。,success,僕1回。,False,5,4,-1
,033_rbc_13598140_20260712190000_seg_00240,033_rbc_13598140_20260712190000,SPEAKER_02,1126.48,1128.24,1.76,success,なんか、あれはありましたよ。,success,なんか、あれはありましたよ。,True,14,14,0
,033_rbc_13598140_20260712190000_seg_00241,033_rbc_13598140_20260712190000,SPEAKER_02,1128.8,1133.12,4.32,success,タクシー運転手に怖い話って体験したことあります?,success,タクシー運転手に怖い話って体験したことあります?,True,24,24,0
,033_rbc_13598140_20260712190000_seg_00242,033_rbc_13598140_20260712190000,SPEAKER_02,1134.32,1135.92,1.6,success,地乗るときに聴くのにはまってるし。,success,タクシーに乗る時に聴くのにハマってるし。,False,17,20,3
,033_rbc_13598140_20260712190000_seg_00243,033_rbc_13598140_20260712190000,SPEAKER_02,1137.12,1138.16,1.04,success,このネタ収集みたいな。,success,このネタ収集みたいな。,True,11,11,0
,033_rbc_13598140_20260712190000_seg_00244,033_rbc_13598140_20260712190000,SPEAKER_02,1139.6,1147.84,8.24,success,あるとき、国際通りまでっていって、行ってる途中に、なんか、そのとき、5、8ぐらい。,success,である時国際通りまでっていって行ってる途中になんかその時5鉢ぐらいもう。,False,41,36,-5
,033_rbc_13598140_20260712190000_seg_00245,033_rbc_13598140_20260712190000,SPEAKER_01,1148.08,1149.44,1.36,success,運転さんからのお話ってこと?,success,運転さんからのお話ってことで。,False,14,15,1
,033_rbc_13598140_20260712190000_seg_00246,033_rbc_13598140_20260712190000,SPEAKER_02,1150.4,1153.2,2.8,success,あと3分ぐらいで国際通り着きそうなときに。,success,であと3分ぐらいで国際通り着きそうな時に。,False,21,21,0
,033_rbc_13598140_20260712190000_seg_00247,033_rbc_13598140_20260712190000,SPEAKER_02,1153.44,1159.04,5.6,success,僕がそういえば怖い話って聞いたことああ怖い話ってタクシー運転して体験したことありますか?,success,僕そういえば怖い話って聞いたことああ怖い話ってタクシー運転手で体験したことありますか?,False,44,43,-1
,033_rbc_13598140_20260712190000_seg_00248,033_rbc_13598140_20260712190000,SPEAKER_01,1159.92,1160.48,0.56,success,ガーとか。,success,ガートガー。,False,5,6,1
,033_rbc_13598140_20260712190000_seg_00249,033_rbc_13598140_20260712190000,SPEAKER_02,1160.88,1162.96,2.08,success,たぶん、そのタクシー運転手。,success,多分そのタクシー運転手。,False,14,12,-2
,033_rbc_13598140_20260712190000_seg_00250,033_rbc_13598140_20260712190000,SPEAKER_02,1163.2,1170.72,7.52,success,尺を考えて、国際通りまでに話しきれないと思ったんでしょうね、聞いた瞬間に徐行し始めて。,success,尺を考えて、国際通りまでに話しきれないと思ったんでしょうね、聞いた瞬間に徐行し始めて。,True,43,43,0
,033_rbc_13598140_20260712190000_seg_00251,033_rbc_13598140_20260712190000,SPEAKER_01,1170.88,1171.68,0.8,success,言いたくてしょうがなかった。,success,言いたくてしょうがなかった。,True,14,14,0
,033_rbc_13598140_20260712190000_seg_00252,033_rbc_13598140_20260712190000,SPEAKER_01,1172.0,1174.08,2.08,success,ちょっと遠回りしていいですかみたいな。,success,ちょっと遠回りしていいですかみたいな。,True,19,19,0
,033_rbc_13598140_20260712190000_seg_00253,033_rbc_13598140_20260712190000,SPEAKER_02,1174.08,1176.0,1.92,success,あっそうそうもうそんな感じで。,success,あっそうそうもうそんな感じで。,True,15,15,0
,033_rbc_13598140_20260712190000_seg_00254,033_rbc_13598140_20260712190000,SPEAKER_02,1176.4,1177.44,1.04,success,言わないんですけどジョコビッチ。,success,言わないんですけどジョコビッチ。,True,16,16,0
,033_rbc_13598140_20260712190000_seg_00255,033_rbc_13598140_20260712190000,SPEAKER_02,1180.56,1182.16,1.6,success,10キロ走ってたのが、なんか20キロになる。,success,走った段が20キロになるまで。,False,22,15,-7
,033_rbc_13598140_20260712190000_seg_00256,033_rbc_13598140_20260712190000,SPEAKER_02,1184.08,1188.96,4.88,success,怖っと思って、どんなエピソードなんだろうって聞いたら、幽霊とかじゃなくて。,success,怖っと思ってどんなエピソードなんだろう?って聞いたら幽霊とかじゃなくて。,False,37,36,-1
,033_rbc_13598140_20260712190000_seg_00257,033_rbc_13598140_20260712190000,SPEAKER_02,1189.36,1191.36,2.0,success,この運転手さんが。,success,何かこの運転手さんが。,False,9,11,2
,033_rbc_13598140_20260712190000_seg_00258,033_rbc_13598140_20260712190000,SPEAKER_02,1192.4,1193.2,0.8,success,ある日。,success,ある日。,True,4,4,0
,033_rbc_13598140_20260712190000_seg_00259,033_rbc_13598140_20260712190000,SPEAKER_02,1193.76,1195.28,1.52,success,現在と。,success,現在と。,True,4,4,0
,033_rbc_13598140_20260712190000_seg_00260,033_rbc_13598140_20260712190000,SPEAKER_02,1196.24,1197.28,1.04,success,過去をだよ。,success,過去をだよ。,True,6,6,0
,033_rbc_13598140_20260712190000_seg_00261,033_rbc_13598140_20260712190000,SPEAKER_01,1197.28,1198.16,0.88,success,スリップみたいにね。,success,ムスリップみたいに?,False,10,10,0
,033_rbc_13598140_20260712190000_seg_00262,033_rbc_13598140_20260712190000,SPEAKER_02,1198.16,1221.68,23.52,success,目の前で、過去の映像が現在の映像みたいに見えるっていう、なんか特殊能力に、タクシー乗ってるときに気付いたらしいんですよ、はい?そう、これ、はいじゃないですけど、どういう意味ですかって言ったら、なんか、目の前でタクシーで手を挙げてるお客さんがいたから、止まったら、そのお客さんが、なんか全然乗ってこないから、意味が分からんかった。,success,目の前で、過去の映像が現在の映像みたいに見えるっていう、なんか特殊能力に、タクシー乗ってるときに気付いたらしいんですよ、はい?そう、これ、はいじゃないですけど、どういう意味ですかって言ったら、なんか、目の前でタクシーで手を挙げてるお客さんがいたから、止まったら、そのお客さんが、なんか全然乗ってこないから、意味が分からんかった。,True,164,164,0
,033_rbc_13598140_20260712190000_seg_00263,033_rbc_13598140_20260712190000,SPEAKER_02,1222.4,1224.64,2.24,success,そしたら後ろから別のタクシーが来て。,success,そしたら後ろから別のタクシーが来て。,True,18,18,0
,033_rbc_13598140_20260712190000_seg_00264,033_rbc_13598140_20260712190000,SPEAKER_02,1224.88,1229.12,4.24,success,やばいと思って、ぶつかると思ったら、すり抜けて、自分の。,success,やばいと思ってぶつかると思ったらすり抜けて自分の。,False,28,25,-3
,033_rbc_13598140_20260712190000_seg_00265,033_rbc_13598140_20260712190000,SPEAKER_02,1230.24,1232.24,2.0,success,そのお客さんだ、そのタクシーに乗って。,success,そのお客さんがそのタクシーに乗って。,False,19,18,-1
,033_rbc_13598140_20260712190000_seg_00266,033_rbc_13598140_20260712190000,SPEAKER_02,1232.56,1234.32,1.76,success,すり抜けたまま前に行ったらしいんですよ。,success,抜けたまま前に行ったらしいんですよ。,False,20,18,-2
,033_rbc_13598140_20260712190000_seg_00267,033_rbc_13598140_20260712190000,SPEAKER_02,1235.04,1238.96,3.92,success,そのタクシーをまた後ろから別の車が追いかけていって。,success,でそのタクシーをまた後ろから別の車が追いかけていって。,False,26,27,1
,033_rbc_13598140_20260712190000_seg_00268,033_rbc_13598140_20260712190000,SPEAKER_01,1239.2,1240.32,1.12,success,そっちのほうが透明なんだ。,success,そっちの方がとうめいなんだ。,False,13,14,1
,033_rbc_13598140_20260712190000_seg_00269,033_rbc_13598140_20260712190000,SPEAKER_02,1243.44,1244.4,0.96,success,おかしいと思って。,success,おかしいと思って。,True,9,9,0
,033_rbc_13598140_20260712190000_seg_00270,033_rbc_13598140_20260712190000,SPEAKER_02,1245.2,1250.56,5.36,success,その車を、タクシーとそれを追いかける車を追いかけていったらしいんですよ。,success,でその車をタクシーとそれを追いかける車を追いかけていったらしいんですよ。,False,36,36,0
,033_rbc_13598140_20260712190000_seg_00271,033_rbc_13598140_20260712190000,SPEAKER_02,1250.88,1256.08,5.2,success,そしたら、その結局、ミステリーなんですけど。,success,そしたらその結局まあミステリーなんですけど。,False,22,22,0
,033_rbc_13598140_20260712190000_seg_00272,033_rbc_13598140_20260712190000,SPEAKER_02,1256.32,1259.12,2.8,success,この殺人事件だったらしいんですよ。,success,この殺人事件だったらしいんですよ。,True,17,17,0
,033_rbc_13598140_20260712190000_seg_00273,033_rbc_13598140_20260712190000,SPEAKER_02,1259.44,1260.96,1.52,success,タクシーから降りて。,success,あっタクシーから降りて。,False,10,12,2
,033_rbc_13598140_20260712190000_seg_00274,033_rbc_13598140_20260712190000,SPEAKER_02,1261.6,1264.8,3.2,success,なんか人が後ろから追いかけてきた人に、なんか殺されたみたいな。,success,なんか人が後ろから追いかけてきた人になんか殺されたみたいな。,False,31,30,-1
,033_rbc_13598140_20260712190000_seg_00275,033_rbc_13598140_20260712190000,SPEAKER_02,1265.12,1266.16,1.04,success,の目の前で。,success,の目の前で。,True,6,6,0
,033_rbc_13598140_20260712190000_seg_00276,033_rbc_13598140_20260712190000,SPEAKER_02,1267.84,1270.24,2.4,success,透明な人たちが似てるのを見て。,success,透明な人たちが似てるのを見て。,True,15,15,0
,033_rbc_13598140_20260712190000_seg_00277,033_rbc_13598140_20260712190000,SPEAKER_02,1270.56,1273.04,2.48,success,すごい体験をしたっていうのを同僚に話したら。,success,すごい体験をしたっていうのを同僚に話したら。,True,22,22,0
,033_rbc_13598140_20260712190000_seg_00278,033_rbc_13598140_20260712190000,SPEAKER_02,1273.28,1278.16,4.88,success,その同僚が、なんか、この事件聞いたことあるって言って。,success,その同僚が、なんか、この事件聞いたことあるって言って。,True,27,27,0
,033_rbc_13598140_20260712190000_seg_00279,033_rbc_13598140_20260712190000,SPEAKER_02,1278.56,1279.76,1.2,success,警察に連絡して。,success,警察に連絡して。,True,8,8,0
,033_rbc_13598140_20260712190000_seg_00280,033_rbc_13598140_20260712190000,SPEAKER_02,1280.16,1282.4,2.24,success,その警察からどういう影響が?,success,その警察からどういう影響が?,True,14,14,0
,033_rbc_13598140_20260712190000_seg_00281,033_rbc_13598140_20260712190000,SPEAKER_02,1283.52,1286.56,3.04,success,いいよ見てしゃべったら、いろいろななんか証拠と。,success,家を見てしゃべったらいろいろな証拠と。,False,24,19,-5
,033_rbc_13598140_20260712190000_seg_00282,033_rbc_13598140_20260712190000,SPEAKER_02,1287.12,1288.64,1.52,success,ああ、この当たってるの見て、なんか。,success,ああこの当たってるのを見て何かさ。,False,18,17,-1
,033_rbc_13598140_20260712190000_seg_00283,033_rbc_13598140_20260712190000,SPEAKER_02,1288.88,1291.2,2.32,success,事件解決の糸口になったみたいな。,success,事件解決の糸口になったみたいな。,True,16,16,0
,033_rbc_13598140_20260712190000_seg_00284,033_rbc_13598140_20260712190000,SPEAKER_02,1291.52,1292.4,0.88,success,話をされて。,success,反射されて。,False,6,6,0
,033_rbc_13598140_20260712190000_seg_00285,033_rbc_13598140_20260712190000,SPEAKER_01,1292.48,1294.8,2.32,success,この方は警察に雇われたほうがいいですよね。,success,この方は警察に雇われたほうがいいですよね。,True,21,21,0
,033_rbc_13598140_20260712190000_seg_00286,033_rbc_13598140_20260712190000,SPEAKER_01,1296.08,1296.72,0.64,success,音楽。,success,もんだて。,False,3,5,2
,033_rbc_13598140_20260712190000_seg_00287,033_rbc_13598140_20260712190000,SPEAKER_02,1296.8,1297.76,0.96,success,そうで僕は。,success,そうで僕は。,True,6,6,0
,033_rbc_13598140_20260712190000_seg_00288,033_rbc_13598140_20260712190000,SPEAKER_02,1298.08,1301.44,3.36,success,とりあえず何か知らんけど電話番号教えてもらっていいですかっつって。,success,とりあえず何か知らんけど電話番号教えてもらっていいですかっつって。,True,33,33,0
,033_rbc_13598140_20260712190000_seg_00289,033_rbc_13598140_20260712190000,SPEAKER_01,1302.32,1303.52,1.2,success,いや絶対いいさ。,success,いや絶対いいさ。,True,8,8,0
,033_rbc_13598140_20260712190000_seg_00290,033_rbc_13598140_20260712190000,SPEAKER_02,1303.68,1307.04,3.36,success,タクシー運転手なんとかさん霊能力者って出てる。,success,タクシー運転手なんとかさんかっこ霊能力者って出てる。,False,23,26,3
,033_rbc_13598140_20260712190000_seg_00291,033_rbc_13598140_20260712190000,SPEAKER_02,1307.52,1309.92,2.4,success,それっきり一回も連絡はしてないですけど。,success,それっきり一回も連絡はしてないですけど。,True,20,20,0
,033_rbc_13598140_20260712190000_seg_00292,033_rbc_13598140_20260712190000,SPEAKER_01,1310.08,1314.64,4.56,success,でこの方にもし連絡したら乗せたことないですよとか始まったら。,success,でこの方にもし連絡したら乗せたことないですよとか始まったら。,True,30,30,0
,033_rbc_13598140_20260712190000_seg_00293,033_rbc_13598140_20260712190000,SPEAKER_01,1317.36,1318.72,1.36,success,いやヨボヨボ。,success,へえいやヨボヨボ。,False,7,9,2
,033_rbc_13598140_20260712190000_seg_00294,033_rbc_13598140_20260712190000,SPEAKER_02,1318.72,1320.32,1.6,success,一回読んでみますか?,success,一回読んでみますか?,True,10,10,0
,033_rbc_13598140_20260712190000_seg_00295,033_rbc_13598140_20260712190000,SPEAKER_02,1321.92,1326.56,4.64,success,あの10年前にこの話聞いたんですけどって言って何でその話を知ってるんですかって。,success,あの10年前にこの話聞いたんですけどっつってなんでその話を知ってるんですかって。,False,40,40,0
,033_rbc_13598140_20260712190000_seg_00296,033_rbc_13598140_20260712190000,SPEAKER_01,1327.44,1328.96,1.52,success,お前、スパイだなど。,success,お前スパイだなどわけない。,False,10,13,3
,033_rbc_13598140_20260712190000_seg_00297,033_rbc_13598140_20260712190000,SPEAKER_02,1331.44,1332.16,0.72,success,話は。,success,高橋は?,False,3,4,1
,033_rbc_13598140_20260712190000_seg_00298,033_rbc_13598140_20260712190000,SPEAKER_01,1332.16,1333.44,1.28,success,え面白い。,success,へえ面白い。,False,5,6,1
,033_rbc_13598140_20260712190000_seg_00299,033_rbc_13598140_20260712190000,SPEAKER_02,1333.6,1334.16,0.56,success,どうしたのよ。,success,どうしたのよ?,False,7,7,0
,033_rbc_13598140_20260712190000_seg_00300,033_rbc_13598140_20260712190000,SPEAKER_01,1334.24,1338.88,4.64,success,その方、でももしかしたら、もうタクシーの運転手さん、されてないかもしれないですね。,success,その方でももしかしたらもうタクシーの運転手さんされてないかもしれないですね。,False,41,38,-3
,033_rbc_13598140_20260712190000_seg_00301,033_rbc_13598140_20260712190000,SPEAKER_01,1340.16,1341.92,1.76,success,特殊能力を持ってたらね。,success,そういう特殊能力持ってたらね。,False,12,15,3
,033_rbc_13598140_20260712190000_seg_00302,033_rbc_13598140_20260712190000,SPEAKER_02,1341.92,1345.28,3.36,success,もうだからドラマの、なんか警察にありそうな部署。,success,もうだからドラマのなんか警察にありそうな部署。,False,24,23,-1
,033_rbc_13598140_20260712190000_seg_00303,033_rbc_13598140_20260712190000,SPEAKER_01,1345.84,1346.72,0.88,success,ねえ例えばな。,success,いや例えばな。,False,7,7,0
,033_rbc_13598140_20260712190000_seg_00304,033_rbc_13598140_20260712190000,SPEAKER_01,1347.84,1349.44,1.6,success,九州なんとかそういうなんとか班。,success,九州何とかする何とかがん。,False,16,13,-3
,033_rbc_13598140_20260712190000_seg_00305,033_rbc_13598140_20260712190000,SPEAKER_01,1350.4,1353.92,3.52,success,すごいねすごい経験してるね修君ね。,success,はあ、おもしろい、おもしろい、すごいね、すごい経験してるね、君ね。,False,17,33,16
,033_rbc_13598140_20260712190000_seg_00306,033_rbc_13598140_20260712190000,SPEAKER_02,1354.88,1359.44,4.56,success,でも一番は徐行されてメーターが上がったのが分かってる。,success,でも一番は徐行されてメーターが上がったのが分かってる。,True,27,27,0
,033_rbc_13598140_20260712190000_seg_00307,033_rbc_13598140_20260712190000,SPEAKER_01,1361.92,1364.48,2.56,success,普通1200円でいけるところ1800円怖い。,success,普通1200円でいけるところ1800円怖い。,True,22,22,0
,033_rbc_13598140_20260712190000_seg_00308,033_rbc_13598140_20260712190000,SPEAKER_01,1365.04,1365.92,0.88,success,倍だろ?,success,倍だろ?,True,4,4,0
,033_rbc_13598140_20260712190000_seg_00309,033_rbc_13598140_20260712190000,SPEAKER_01,1367.6,1368.8,1.2,success,これがてだったのよな。,success,これが手だったのかな。,False,11,11,0
,033_rbc_13598140_20260712190000_seg_00310,033_rbc_13598140_20260712190000,SPEAKER_01,1370.48,1371.04,0.56,success,パーズズル。,success,パーズズル。,True,6,6,0
,033_rbc_13598140_20260712190000_seg_00311,033_rbc_13598140_20260712190000,SPEAKER_02,1371.92,1372.56,0.64,success,話の立場は?,success,話の立場。,False,6,5,-1
,033_rbc_13598140_20260712190000_seg_00312,033_rbc_13598140_20260712190000,SPEAKER_01,1374.24,1375.44,1.2,success,下ろしたあとね、フッって言って。,success,下ろしたあとね。,False,16,8,-8
,033_rbc_13598140_20260712190000_seg_00313,033_rbc_13598140_20260712190000,SPEAKER_01,1377.84,1381.68,3.84,success,すごいな、おもしろい世の中ははい、さあ、続いて、あっ、おはようございます。,success,すごいな面白い世の中ははい。,False,37,14,-23
,033_rbc_13598140_20260712190000_seg_00314,033_rbc_13598140_20260712190000,SPEAKER_02,1383.44,1434.72,51.28,success,ナンバー67のグッチ直永ですしんちゃんさんしりのすけさん亮太さん今晩最近職場で大人になってできなくなったこと話できなくなったこと話に花が咲き逆上がりができなくなったやらスキップができなくなったやらで盛り上がりましたそして僕が大人になってできなくなったことそれは大人買いならぬ子供買いです小さい頃は10円のチロルチョコ1個だけとかでも普通に買えましたが今は気恥ずかしさやプライドが邪魔をして少量少額の買い物ができませんなので無人レジは大丈夫なんですが有人レジの場合ついでにあれやこれや買ってしまい100円で済む買い物が500円を超えることもお二人さんはチロルチョコ1個だけ買うことってできますかちなみにチロルチョコは現在30円だそうですジェネレーションギャップ。,success,木鉢ナンバー67のグッチ直奈ですしんちゃんさんしりのすけさん亮太さん今晩最近職場で大人になってできなくなったこと話できなくなったこと話に花が咲き逆上がりができなくなったやらスキップができなくなったやらで盛り上がりましたそして僕が大人になってできなくなったことそれは大人買いならぬ子供買いです小さい頃は10円のチロルチョコ1個だけとかでも普通に買えましたが今は気恥ずかしさやプライドが邪魔をして少量少額の買い物ができませんなので無人レジは大丈夫なんですが有人レジの場合ついでにあれやこれや買ってしまい100円で済む買い物が500円を超えることもお二人さんはチロルチョコ1個だけ買うことってできますかちなみにチロルチョコは現在30円だそうですジェネレーションギャップ。,False,330,332,2
,033_rbc_13598140_20260712190000_seg_00315,033_rbc_13598140_20260712190000,SPEAKER_02,1435.52,1437.04,1.52,success,30円なんですね。,success,3次元なんですね。,False,9,9,0
,033_rbc_13598140_20260712190000_seg_00316,033_rbc_13598140_20260712190000,SPEAKER_01,1437.84,1442.0,4.16,success,5円チョコがもう10円とか十何円とか聞いたことあるんだけど。,success,5円チョコがもう10円とか十何円とか聞いたことあるんだけど。,True,30,30,0
,033_rbc_13598140_20260712190000_seg_00317,033_rbc_13598140_20260712190000,SPEAKER_00,1443.04,1443.92,0.88,success,10円になってるんすか?,success,10円なんてやるんですか?,False,12,13,1
,033_rbc_13598140_20260712190000_seg_00318,033_rbc_13598140_20260712190000,SPEAKER_01,1444.16,1446.96,2.8,success,10円、チョコが30円みたいなこと、もう意味ないよな。,success,10円チョコが30円みたいなこともう意味ないよな。,False,27,25,-2
,033_rbc_13598140_20260712190000_seg_00319,033_rbc_13598140_20260712190000,SPEAKER_01,1447.6,1454.4,6.8,success,俺、ある日さ、100均買いに行って戻ってきたら、あれ、200円の商品のほうが多かったっていう、なんか、ある?,success,俺ある日さ100均買いに行って戻ってきたらあれ?200円の商品の方が多かったっていう何かあるじゃないですか。,False,54,54,0
,033_rbc_13598140_20260712190000_seg_00320,033_rbc_13598140_20260712190000,SPEAKER_02,1454.72,1456.08,1.36,success,あはいはいはい。,success,あはいはいはい。,True,8,8,0
,033_rbc_13598140_20260712190000_seg_00321,033_rbc_13598140_20260712190000,SPEAKER_02,1456.32,1457.44,1.12,success,100均ももう100均。,success,百鬼ももう100均も。,False,12,11,-1
,033_rbc_13598140_20260712190000_seg_00322,033_rbc_13598140_20260712190000,SPEAKER_01,1458.96,1464.4,5.44,success,いつかね、名前だけ100均だけど、一番安いのが200円になる時代とかあるんじゃないかな。,success,いつかね名前だけ100均だけど一番安いのが200円になる時代とかあるんじゃないかな。,False,44,42,-2
,033_rbc_13598140_20260712190000_seg_00323,033_rbc_13598140_20260712190000,SPEAKER_02,1464.4,1465.2,0.8,success,ああ、来るでしょう。,success,ああ来るでしょ。,False,10,8,-2
,033_rbc_13598140_20260712190000_seg_00324,033_rbc_13598140_20260712190000,SPEAKER_01,1465.6,1475.44,9.84,success,ゼロにはならんと思うけど、意外と200円、300円とかの商品が増えたり、500円とかっていう、でもそれも生き残る道ではあると思うけどな、ゼロが全部100円にはできないはずだから。,success,ゼロにはならんと思うけど、意外と200円、300円とかの商品が増えたり、500円とかっていう、でも、それも生き残る道ではあると思うけどな、ゼロが全部100円にはできないはずだから。,False,89,90,1
,033_rbc_13598140_20260712190000_seg_00325,033_rbc_13598140_20260712190000,SPEAKER_01,1477.76,1482.48,4.72,success,だからさ、でも社長が出てきてから、もうごめん、すまん、だから皆さん、時給も100円にするって言われてました。,success,だからさって社長が出てきてからごめんすまんだから皆さん時給も100円にするって言われてました。,False,54,47,-7
,033_rbc_13598140_20260712190000_seg_00326,033_rbc_13598140_20260712190000,SPEAKER_02,1484.16,1484.72,0.56,success,そうです。,success,そうです。,True,5,5,0
,033_rbc_13598140_20260712190000_seg_00327,033_rbc_13598140_20260712190000,SPEAKER_01,1484.88,1485.92,1.04,success,そういう問題じゃない!みたいな。,success,はい問題じゃないみんな。,False,16,12,-4
,033_rbc_13598140_20260712190000_seg_00328,033_rbc_13598140_20260712190000,SPEAKER_01,1486.48,1487.76,1.28,success,俺たちは100均だ。,success,俺たちは100均だ。,True,10,10,0
,033_rbc_13598140_20260712190000_seg_00329,033_rbc_13598140_20260712190000,SPEAKER_01,1488.16,1489.28,1.12,success,楽器を歌わないといけない。,success,楽器を歌わないといけない。,True,13,13,0
,033_rbc_13598140_20260712190000_seg_00330,033_rbc_13598140_20260712190000,SPEAKER_01,1490.16,1491.28,1.12,success,時給も100円でいこう。,success,時給も100円でいこう。,True,12,12,0
,033_rbc_13598140_20260712190000_seg_00331,033_rbc_13598140_20260712190000,SPEAKER_01,1492.88,1494.56,1.68,success,変なとこだけそろえるね。,success,変なとこだけそろえるね。,True,12,12,0
,033_rbc_13598140_20260712190000_seg_00332,033_rbc_13598140_20260712190000,SPEAKER_01,1498.8,1508.32,9.52,success,っていうのは、でもやっぱり200円商品、なんか、4つ、5つぐらい買ったときに、3つぐらいおうち帰って、改めて見たら、200円だったのを見たら。,success,やってない、でもやっぱ200円商品、なんか、4つ、5つぐらい買ったときに、3つぐらいおうち帰って、改めて見たら、200円だったのを見たら。,False,71,69,-2
,033_rbc_13598140_20260712190000_seg_00333,033_rbc_13598140_20260712190000,SPEAKER_01,1508.88,1509.68,0.8,success,だね。,success,おったね。,False,3,5,2
,033_rbc_13598140_20260712190000_seg_00334,033_rbc_13598140_20260712190000,SPEAKER_02,1511.12,1511.659949,0.54,success,来んでしょ。,success,行くんでしょ?,False,6,7,1
,033_rbc_13598140_20260712190000_seg_00335,033_rbc_13598140_20260712190000,SPEAKER_02,1512.819971,1517.12,4.3,success,値段表記とかをもう看板とかに入れるの。,success,字段表記とかをもう看板とかに入れるの。,False,19,19,0
,033_rbc_13598140_20260712190000_seg_00336,033_rbc_13598140_20260712190000,SPEAKER_02,1517.44,1518.72,1.28,success,怖いでしょうね、この。,success,怖いでしょうねこの。,False,11,10,-1
,033_rbc_13598140_20260712190000_seg_00337,033_rbc_13598140_20260712190000,SPEAKER_02,1520.48,1522.0,1.52,success,めちゃくちゃ高い看板とか。,success,めっちゃ高い看板とか。,False,13,11,-2
,033_rbc_13598140_20260712190000_seg_00338,033_rbc_13598140_20260712190000,SPEAKER_01,1522.64,1523.2,0.56,success,だよな。,success,だよな。,True,4,4,0
,033_rbc_13598140_20260712190000_seg_00339,033_rbc_13598140_20260712190000,SPEAKER_02,1523.2,1527.76,4.56,success,1000円とか2000円とか表記しても、もうあした上がるかもしれんみたいな状況じゃないですか。,success,何千円とか2000円とか表記しても明日上がるかもしれんみたいな状況じゃないですか。,False,47,41,-6
,033_rbc_13598140_20260712190000_seg_00340,033_rbc_13598140_20260712190000,SPEAKER_01,1527.76,1537.04,9.28,success,価値が、価値が変わるから、えっと、台湾で100元なんとか居酒屋ってあったんだけど、100元の価値が、あっちは変わるさ。,success,価値が価値が変わるからえっと台湾で百元何とか居酒屋ってあったんだけど100元の価値があっちは変わるさ。,False,59,51,-8
,033_rbc_13598140_20260712190000_seg_00341,033_rbc_13598140_20260712190000,SPEAKER_02,1537.12,1538.0,0.88,success,はいはい。,success,はいはい。,True,5,5,0
,033_rbc_13598140_20260712190000_seg_00342,033_rbc_13598140_20260712190000,SPEAKER_01,1538.0,1543.04,5.04,success,今の100円で、俺たちレートで約5倍だから、500円ぐらいだから。,success,今の100元で俺たちがレートで約5倍だから500円ぐらいだから。,False,33,32,-1
,033_rbc_13598140_20260712190000_seg_00343,033_rbc_13598140_20260712190000,SPEAKER_01,1543.6,1546.8,3.2,success,昔、そのまま100元は100円ぐらいだったときあったっていうから。,success,昔その100元は100円ぐらいだった時あったっていうから。,False,33,29,-4
,033_rbc_13598140_20260712190000_seg_00344,033_rbc_13598140_20260712190000,SPEAKER_01,1550.0,1553.04,3.04,success,俺たちは500円。,success,俺たちは500件。,False,9,9,0
,033_rbc_13598140_20260712190000_seg_00345,033_rbc_13598140_20260712190000,SPEAKER_01,1553.68,1555.44,1.76,success,そういう何だろうなうん。,success,そういう何だろうなうん。,True,12,12,0
,033_rbc_13598140_20260712190000_seg_00346,033_rbc_13598140_20260712190000,SPEAKER_02,1555.52,1556.24,0.72,success,もう価値が。,success,まあもう価値が。,False,6,8,2
,033_rbc_13598140_20260712190000_seg_00347,033_rbc_13598140_20260712190000,SPEAKER_02,1557.2,1558.8,1.6,success,金額で固定しちゃうと。,success,金額で固定しちゃうと。,True,11,11,0
,033_rbc_13598140_20260712190000_seg_00348,033_rbc_13598140_20260712190000,SPEAKER_01,1562.24,1564.8,2.56,success,量を減らすかとか、いろいろやってはるからな。,success,量を減らすかとかいろいろやってはずだからな。,False,22,22,0
,033_rbc_13598140_20260712190000_seg_00349,033_rbc_13598140_20260712190000,SPEAKER_02,1565.52,1568.48,2.96,success,チロルチョコ1個だけ買うっていうのはね、確かに。,success,チロルチョコ1個だけ買うっていうのはねまあ確かに。,False,24,25,1
,033_rbc_13598140_20260712190000_seg_00350,033_rbc_13598140_20260712190000,SPEAKER_01,1570.56,1572.16,1.6,success,見たこともないという感じですよね。,success,見たこともないという感じですよね。,True,17,17,0
,033_rbc_13598140_20260712190000_seg_00351,033_rbc_13598140_20260712190000,SPEAKER_01,1574.0,1583.44,9.44,success,そのコーナーにいかなくなってるんだろうな、ただなんか、本当に袋に入ったポテトチップス系とか、ああいうのの量が少なくなったなとは思いますけどね。,success,そのコーナーにいかなくなってるんだろうな、ただなんか、本当に袋に入ったポテトチップス系とか、ああいうのの量が少なくなったなとは思いますけどね。,True,71,71,0
,033_rbc_13598140_20260712190000_seg_00352,033_rbc_13598140_20260712190000,SPEAKER_01,1584.16,1584.72,0.56,success,どうだろうな。,success,せやろな。,False,7,5,-2
,033_rbc_13598140_20260712190000_seg_00353,033_rbc_13598140_20260712190000,SPEAKER_02,1585.68,1586.8,1.12,success,ステルス値上げ。,success,ステルス値上げ。,True,8,8,0
,033_rbc_13598140_20260712190000_seg_00354,033_rbc_13598140_20260712190000,SPEAKER_01,1587.68,1592.4,4.72,success,ねっ納豆とかも少しグラム数減らしたりとかってそういうことよな。,success,ねっ納豆とかも少しグラム数が減らしたりとかってそういうことよな。,False,31,32,1
,033_rbc_13598140_20260712190000_seg_00355,033_rbc_13598140_20260712190000,SPEAKER_02,1593.2,1596.56,3.36,success,あとアイスの当たり棒を変えるのがちょっと恥ずかしいっていうのもありますね。,success,あとアイスの当たり棒変えるのがちょっと恥ずかしいっていうのもありますね。,False,37,36,-1
,033_rbc_13598140_20260712190000_seg_00356,033_rbc_13598140_20260712190000,SPEAKER_01,1598.8,1600.32,1.52,success,なんだったか分からなくなったりとか。,success,何だったか分からなくなったりとか。,False,18,17,-1
,033_rbc_13598140_20260712190000_seg_00357,033_rbc_13598140_20260712190000,SPEAKER_02,1600.56,1602.08,1.52,success,ぐらいアンパンマンアイス当たって。,success,ぐらいアンパンマンアイス当たって。,True,17,17,0
,033_rbc_13598140_20260712190000_seg_00358,033_rbc_13598140_20260712190000,SPEAKER_02,1602.32,1603.2,0.88,success,立った!と思って。,success,立った!と思って。,True,9,9,0
,033_rbc_13598140_20260712190000_seg_00359,033_rbc_13598140_20260712190000,SPEAKER_02,1603.44,1606.16,2.72,success,帰るのちょっと恥ずかしかったですね、家帰って、一回。,success,帰るのちょっと恥ずかしかったですね家帰って一回。,False,26,24,-2
,033_rbc_13598140_20260712190000_seg_00360,033_rbc_13598140_20260712190000,SPEAKER_01,1607.6,1610.56,2.96,success,これ、子どもにあげたら喜ぶのかな。,success,これ子どもにあげたら喜ぶのかな。,False,17,16,-1
,033_rbc_13598140_20260712190000_seg_00361,033_rbc_13598140_20260712190000,SPEAKER_01,1611.84,1658.56,46.72,success,久しぶりにはい元町ナンバー20番味噌煮込みすきさんですね先日台風から延期して来日しました浦添のリスナー先輩のところに顔を出してそのあとそういえば浦添あまり知らないなと例の定食屋さん初海食堂さんで煮付け定食をいただき裏切らないボリュームと優しい味わいを堪能しましたいいっすね港川の外国人住宅の建物が並ぶ界隈でパンケーキを満喫しました多分新ちゃんさんのゆかりのある場所であると思いますがカフェがたくさんありオシャレエリアだったんですねパンケーキふわふわでおいしかったですよまだまだ知らないエリアがたくさんありますねということで。,success,久しぶりにはい元町ナンバー20番misonicskiさんですね先日台風から延期して来日しました浦添のリスナー先輩のところに顔を出してそのあとそういえば浦添あまり知らないなと例の定食屋さんはつみ食堂さんで煮付け定食をいただき裏切らないボリュームと優しい味わいを堪能しましたいいっすね港川の外国人住宅の建物が並ぶ界隈でパンケーキを満喫しましたたぶんしんちゃんさんのゆかりのある場所であると思いますがカフェがたくさんありおしゃれエリアだったんですねパンケーキふわふわでおいしかったですよまだまだ知らないエリアがたくさんありますねということで。,False,262,268,6
,033_rbc_13598140_20260712190000_seg_00362,033_rbc_13598140_20260712190000,SPEAKER_01,1659.92,1672.16,12.24,success,港が湊川小学校の近くのおしゃれ外国人住宅の所ではない、僕は外国人住宅のほうでしたね、沖田よりもっと下に行った所に住んでた。,success,港が湊川小学校の近くのおしゃれ外国人住宅の所ではない、僕は外国人住宅のほうでしたね、沖田よりもっと下に行った所に住んでた。,True,61,61,0
,033_rbc_13598140_20260712190000_seg_00363,033_rbc_13598140_20260712190000,SPEAKER_02,1673.12,1674.32,1.2,success,そうそうそうそう。,success,もう出たんすね。,False,9,8,-1
,033_rbc_13598140_20260712190000_seg_00364,033_rbc_13598140_20260712190000,SPEAKER_01,1674.8,1675.92,1.12,success,残念言いましたね。,success,残念言いましたね。,True,9,9,0
,033_rbc_13598140_20260712190000_seg_00365,033_rbc_13598140_20260712190000,SPEAKER_01,1676.88,1684.56,7.68,success,今、なんかステーツサイズみたいな、ステーツなんとかみたいな、なんかおしゃれなエリアになってるんですわね。,success,今あのなんかステーツサイズみたいなステーツ何とかみたいななんかおしゃれなエリアになってるんですわね。,False,52,50,-2
,033_rbc_13598140_20260712190000_seg_00366,033_rbc_13598140_20260712190000,SPEAKER_01,1685.04,1685.6,0.56,success,ああ分かる。,success,ああかん。,False,6,5,-1
,033_rbc_13598140_20260712190000_seg_00367,033_rbc_13598140_20260712190000,SPEAKER_02,1685.68,1687.68,2.0,success,あのしんちゃんさんが住んでた場所。,success,あのそのシンジアさんが住んでた場所。,False,17,18,1
,033_rbc_13598140_20260712190000_seg_00368,033_rbc_13598140_20260712190000,SPEAKER_01,1687.84,1690.64,2.8,success,あーちだっちじゃなくて、今の港側の58の。,success,アーチだあっちじゃなくて今の港側の58の。,False,21,21,0
,033_rbc_13598140_20260712190000_seg_00369,033_rbc_13598140_20260712190000,SPEAKER_02,1690.72,1692.08,1.36,success,ああ、今のピザや!とか。,success,ああ今のピザや!とかが。,False,12,12,0
,033_rbc_13598140_20260712190000_seg_00370,033_rbc_13598140_20260712190000,SPEAKER_01,1694.4,1698.64,4.24,success,あそこら辺とか、昔、あそこ、全部住宅だったんです、実際住まれてた方が。,success,あそこら辺とか昔あそこ全部住宅だったんです実際住まれてた方が。,False,35,31,-4
,033_rbc_13598140_20260712190000_seg_00371,033_rbc_13598140_20260712190000,SPEAKER_02,1698.64,1700.4,1.76,success,じゃあもう居抜きになって今雑菌。,success,ああじゃあもう居抜きになって今雑菌?,False,16,18,2
,033_rbc_13598140_20260712190000_seg_00372,033_rbc_13598140_20260712190000,SPEAKER_01,1701.28,1704.64,3.36,success,なんかその、レストラン的なおしゃれなケーキ屋さんとか。,success,なんかそのレストラン的なおしゃれなケーキ屋さんとか。,False,27,26,-1
,033_rbc_13598140_20260712190000_seg_00373,033_rbc_13598140_20260712190000,SPEAKER_01,1706.0,1711.36,5.36,success,道、すごいですよね、案内、僕はあそこはよく、子ども来るときに通る道でしたけれどもね。,success,道、すごいですよね、あんなに、僕らあそこはよく子どもを送るときに通る道でしたけれどもね。,False,42,44,2
,033_rbc_13598140_20260712190000_seg_00374,033_rbc_13598140_20260712190000,SPEAKER_01,1711.68,1712.56,0.88,success,ねっなるほど。,success,ねえこのあとも。,False,7,8,1
,033_rbc_13598140_20260712190000_seg_00375,033_rbc_13598140_20260712190000,SPEAKER_02,1712.72,1715.28,2.56,success,外国人住宅に住んでたんですね。,success,ですね外国人住宅に住んでたんですね。,False,15,18,3
,033_rbc_13598140_20260712190000_seg_00376,033_rbc_13598140_20260712190000,SPEAKER_01,1715.6,1717.12,1.52,success,でも違う地区のね。,success,でも違う地区のね。,True,9,9,0
,033_rbc_13598140_20260712190000_seg_00377,033_rbc_13598140_20260712190000,SPEAKER_01,1717.84,1727.68,9.84,success,ちょっとした、だからなんか、ちょっと憧れて、一回住んでみたいなっていうあれだけど、やっぱでもさ、すぐ、昔、もう5、60年前に出来たもんだから、屋根とかやっぱり厚いよ。,success,ちょっとした、だからなんか、ちょっと憧れて、一回住んでみたいなって言われたとき、やっぱでもさ、すぐ、昔、もう50、60年前にできたもんだから、屋根とかやっぱり厚いよ。,False,83,83,0
,033_rbc_13598140_20260712190000_seg_00378,033_rbc_13598140_20260712190000,SPEAKER_01,1728.64,1731.04,2.4,success,それで太陽がすぐブロックだから、もう熱。,success,それで太陽がすぐブロックだからもう熱が。,False,20,20,0
,033_rbc_13598140_20260712190000_seg_00379,033_rbc_13598140_20260712190000,SPEAKER_02,1733.04,1734.4,1.36,success,仕様に。,success,沖縄仕様に。,False,4,6,2
,033_rbc_13598140_20260712190000_seg_00380,033_rbc_13598140_20260712190000,SPEAKER_01,1736.48,1737.2,0.72,success,だからね。,success,だからね。,True,5,5,0
,033_rbc_13598140_20260712190000_seg_00381,033_rbc_13598140_20260712190000,SPEAKER_01,1737.6,1741.92,4.32,success,だからもう、50年、60年たつと、やっぱり鉄筋が剥げてきたりとかね。,success,だからもう50年60年たつとやっぱり鉄筋が剥げてきたりとかね。,False,34,31,-3
,033_rbc_13598140_20260712190000_seg_00382,033_rbc_13598140_20260712190000,SPEAKER_01,1742.48,1744.16,1.68,success,いいけど、やっぱ中はやっぱり。,success,いいけどやっぱ中はやっぱり。,False,15,14,-1
,033_rbc_13598140_20260712190000_seg_00383,033_rbc_13598140_20260712190000,SPEAKER_01,1744.88,1746.72,1.84,success,だったりとか、いろいろやっぱりそれなりにね。,success,だったりとかいろいろやっぱりそれなりにね。,False,22,21,-1
,033_rbc_13598140_20260712190000_seg_00384,033_rbc_13598140_20260712190000,SPEAKER_02,1747.76,1748.32,0.56,success,やっと。,success,やっとだ。,False,4,5,1
,033_rbc_13598140_20260712190000_seg_00385,033_rbc_13598140_20260712190000,SPEAKER_01,1750.48,1753.92,3.44,success,多分やらんといけないんじゃないかなと思いますけどね。,success,多分やらんといけないんじゃないかなと思いますけどね。,True,26,26,0
,033_rbc_13598140_20260712190000_seg_00386,033_rbc_13598140_20260712190000,SPEAKER_02,1756.4,1760.88,4.48,success,しんちゃん主任之助亮太dお疲れさまです。,success,すご田ラストですねしんちゃん主任の助亮太dお疲れさまです。,False,20,29,9
,033_rbc_13598140_20260712190000_seg_00387,033_rbc_13598140_20260712190000,SPEAKER_02,1761.2,1801.12,39.92,success,ナンバー120守備以外の名橋のシャバドゥーンです早速ですがサッカー日本代表惜しかったねもちろん俺は夜の1時50分に起きて生で応援したけど嫁さんも長女も一緒に起きて応援したわけさしてやっぱりブラジルは強かったでさこれまでの感覚と違ったことがあってなんかさ負けて悔しいって気持ちよりもこの日本代表の試合がもっと見たかったって思ったってばそれを長女に言ったら分かる楽しかったよねってそのとおりなんだよな何か日本代表の試合を見ていたらワクワクしたってばけど俺はサッカー好きだから引き続きワールドカップを楽しむよときてますねいや。,success,木蜂ナンバー120首里以外の名橋のシャバドゥンです早速ですがサッカー日本代表惜しかったねもちろん俺は夜の1時50分に起きて生で応援したけど嫁さんも長女も一緒に起きて応援したわけさしてやっぱりブラジルは強かったでさこれまでの感覚と違ったことがあってなんかさ負けて悔しいって気持ちよりもこの日本代表の試合がもっと見たかったって思ったってばそれを長女に言ったら分かる楽しかったよねってそのとおりなんだよな何か日本代表の試合を見ていたらワクワクしたってばけど俺はサッカー好きだから引き続きワールドカップを楽しむよときてますねいや。,False,260,261,1
,033_rbc_13598140_20260712190000_seg_00388,033_rbc_13598140_20260712190000,SPEAKER_01,1802.32,1807.84,5.52,success,よくやったっていうかな、ああ、でもうーんっていうのもな、たらればはいったら、もうきりがないんだけど。,success,よくやったっていうかな、ああ、でもうーんっていうのもな、たらればは言ったら、もうきりがないんだけど。,False,50,50,0
,033_rbc_13598140_20260712190000_seg_00389,033_rbc_13598140_20260712190000,SPEAKER_01,1808.24,1810.24,2.0,success,いや確実に強くなってるね。,success,いや確実に強くなってるね。,True,13,13,0
,033_rbc_13598140_20260712190000_seg_00390,033_rbc_13598140_20260712190000,SPEAKER_02,1810.24,1811.52,1.28,success,なんか攻撃が。,success,何か攻撃が。,False,7,6,-1
,033_rbc_13598140_20260712190000_seg_00391,033_rbc_13598140_20260712190000,SPEAKER_02,1812.08,1813.52,1.44,success,棟梁になってるなっていうのが。,success,考慮になってるなっていうのが。,False,15,15,0
,033_rbc_13598140_20260712190000_seg_00392,033_rbc_13598140_20260712190000,SPEAKER_02,1813.84,1814.56,0.72,success,一目から見ても。,success,外目から見ても。,False,8,8,0
,033_rbc_13598140_20260712190000_seg_00393,033_rbc_13598140_20260712190000,SPEAKER_02,1815.04,1816.0,0.96,success,あるのが楽しい。,success,あるのが楽しいし。,False,8,9,1
,033_rbc_13598140_20260712190000_seg_00394,033_rbc_13598140_20260712190000,SPEAKER_01,1817.28,1821.36,4.08,success,なんかもう、なんか守る、守る、守る、どうにかはっはーって感じだったけどな。,success,なんかもう、なんか守る、守る、守る、どうにか、はあはあって感じだったけどな。,False,37,38,1
,033_rbc_13598140_20260712190000_seg_00395,033_rbc_13598140_20260712190000,SPEAKER_01,1822.08,1825.76,3.68,success,いやいやいや、いつもなんかツーアウト満塁で、もうひやひやひやひやでな。,success,いやいやいやいつも何かツーアウト満塁でもうひやひやひやひやでな。,False,35,32,-3
,033_rbc_13598140_20260712190000_seg_00396,033_rbc_13598140_20260712190000,SPEAKER_02,1825.84,1826.48,0.64,success,ああ。,success,ああ。,True,3,3,0
,033_rbc_13598140_20260712190000_seg_00397,033_rbc_13598140_20260712190000,SPEAKER_01,1826.64,1832.64,6.0,success,みたいな感じだったけれども、いやー、でも全然、沖縄の高校野球とかも、昔はさ、勝ってるけど、なんか負けてるっていうか。,success,みたいな感じだったけれどもいやでも全然沖縄の高校野球とかも昔はさ勝ってるけど何か負けてるっていうか。,False,58,50,-8
,033_rbc_13598140_20260712190000_seg_00398,033_rbc_13598140_20260712190000,SPEAKER_01,1833.44,1837.6,4.16,success,逆転されたり、なんかあとはもう、心の弱さみたいな言われたりもしてたんだけど。,success,逆転されたりあとはもう心の弱さみたいな言われたりもしてたんだけど。,False,38,33,-5
,033_rbc_13598140_20260712190000_seg_00399,033_rbc_13598140_20260712190000,SPEAKER_02,1837.68,1838.8,1.12,success,あと一歩の何かが足りない。,success,あと一歩何かが足りない。,False,13,12,-1
,033_rbc_13598140_20260712190000_seg_00400,033_rbc_13598140_20260712190000,SPEAKER_01,1839.28,1840.24,0.96,success,いないっていうね。,success,いないっていうね。,True,9,9,0
,033_rbc_13598140_20260712190000_seg_00401,033_rbc_13598140_20260712190000,SPEAKER_01,1840.64,1843.52,2.88,success,もう今回のサッカーとか余裕で足りてて。,success,もう今回のサッカーは余裕で足りてて。,False,19,18,-1
,033_rbc_13598140_20260712190000_seg_00402,033_rbc_13598140_20260712190000,SPEAKER_01,1844.48,1848.32,3.84,success,みんな県外じゃなくて、海外で活躍してる方々がいっぱいいるからな。,success,なあ県外じゃなくて海外で活躍してる方々がいっぱいいるからな。,False,32,30,-2
,033_rbc_13598140_20260712190000_seg_00403,033_rbc_13598140_20260712190000,SPEAKER_02,1850.08,1851.2,1.12,success,みんな海外。,success,みんな海外?,False,6,6,0
,033_rbc_13598140_20260712190000_seg_00404,033_rbc_13598140_20260712190000,SPEAKER_01,1852.8,1855.6,2.8,success,1人で行って、もう得点王になったね。,success,1人で行っても得点王になったね。,False,18,16,-2
,033_rbc_13598140_20260712190000_seg_00405,033_rbc_13598140_20260712190000,SPEAKER_01,1856.0,1861.04,5.04,success,ウベタ君とかオランダとかイングランドとかは強豪でもまれてるからな。,success,植田君とかオランダとかイングランドとかは強豪でもまれてるからな。,False,33,32,-1
,033_rbc_13598140_20260712190000_seg_00406,033_rbc_13598140_20260712190000,SPEAKER_01,1861.76,1863.92,2.16,success,やっぱ昔はいなかったからね一人もね。,success,やっぱ昔はいなかったからね一人もね。,True,18,18,0
,033_rbc_13598140_20260712190000_seg_00407,033_rbc_13598140_20260712190000,SPEAKER_02,1867.6,1868.72,1.12,success,押していってっていう。,success,そして一手っていう。,False,11,10,-1
,033_rbc_13598140_20260712190000_seg_00408,033_rbc_13598140_20260712190000,SPEAKER_01,1868.8,1871.84,3.04,success,すごい総合力でね、みんなかっこいいしね。,success,すごい総合力でねみんなかっこいいしね。,False,20,19,-1
,033_rbc_13598140_20260712190000_seg_00409,033_rbc_13598140_20260712190000,SPEAKER_02,1873.04,1875.52,2.48,success,あれらしいですね、ブラジルとかは。,success,あれらしいですねブラジルとかは。,False,17,16,-1
,033_rbc_13598140_20260712190000_seg_00410,033_rbc_13598140_20260712190000,SPEAKER_02,1875.76,1878.56,2.8,success,仕事休みになるみたいですね。,success,仕事休みになるみたいですね。,True,14,14,0
,033_rbc_13598140_20260712190000_seg_00411,033_rbc_13598140_20260712190000,SPEAKER_02,1879.44,1880.4,0.96,success,カップの日。,success,カップの火。,False,6,6,0
,033_rbc_13598140_20260712190000_seg_00412,033_rbc_13598140_20260712190000,SPEAKER_01,1880.56,1883.84,3.28,success,すごいな、沖縄だったら綱引きとかで休みになるのかな。,success,すごいな沖縄だったら綱引きとかで休みになるから。,False,26,24,-2
,033_rbc_13598140_20260712190000_seg_00413,033_rbc_13598140_20260712190000,SPEAKER_02,1884.08,1884.96,0.88,success,アハハハハ。,success,ハハハハハ!,False,6,6,0
,033_rbc_13598140_20260712190000_seg_00414,033_rbc_13598140_20260712190000,SPEAKER_01,1885.12,1886.0,0.88,success,いいだから休め!,success,いいだから休み。,False,8,8,0
,033_rbc_13598140_20260712190000_seg_00415,033_rbc_13598140_20260712190000,SPEAKER_02,1889.12,1890.4,1.28,success,アハハ那覇の人は。,success,アハハッ那覇の人!,False,9,9,0
,033_rbc_13598140_20260712190000_seg_00416,033_rbc_13598140_20260712190000,SPEAKER_01,1890.88,1892.4,1.52,success,つらい気も、みんなあの人もいる。,success,切ない気持ちも何言ってもいい。,False,16,15,-1
,033_rbc_13598140_20260712190000_seg_00417,033_rbc_13598140_20260712190000,SPEAKER_02,1892.56,1894.8,2.24,success,ハハハハハハ!,success,ハハハハハハハ!,False,7,8,1
,033_rbc_13598140_20260712190000_seg_00418,033_rbc_13598140_20260712190000,SPEAKER_01,1896.32,1897.04,0.72,success,ああ。,success,アホ。,False,3,3,0
,033_rbc_13598140_20260712190000_seg_00419,033_rbc_13598140_20260712190000,SPEAKER_02,1898.72,1902.16,3.44,success,念の話でいうと、ブラジルの念が相当強いということですね。,success,念の話でいうとブラジルの念が相当強いってことですよね。,False,28,27,-1
,033_rbc_13598140_20260712190000_seg_00420,033_rbc_13598140_20260712190000,SPEAKER_02,1903.12,1904.32,1.2,success,あの5人がみんな休んでるから。,success,監獄人がみんな休んでるから。,False,15,14,-1
,033_rbc_13598140_20260712190000_seg_00421,033_rbc_13598140_20260712190000,SPEAKER_01,1904.88,1907.84,2.96,success,そのブラジルをノルウェーかなんか破ったからね。,success,でもそのブラジルをノルウェーかなんか破ったからね。,False,23,25,2
,033_rbc_13598140_20260712190000_seg_00422,033_rbc_13598140_20260712190000,SPEAKER_02,1909.2,1909.84,0.64,success,受けたんすかすぐ。,success,いけたんすかすぐ。,False,9,9,0
,033_rbc_13598140_20260712190000_seg_00423,033_rbc_13598140_20260712190000,SPEAKER_01,1909.92,1913.28,3.36,success,ブラジルの負けじ、ブラジルが優勝したら、ああ、惜しいっていうのが。,success,ブラジル負けてブラジルが優勝したらああ惜しいっていうのが。,False,33,29,-4
,033_rbc_13598140_20260712190000_seg_00424,033_rbc_13598140_20260712190000,SPEAKER_01,1913.84,1920.88,7.04,success,そりゃあな、あのブラジルにな、後半な、ロスタイムまで同点でな、勝つってなったけど、そのブラジル、負けちゃったわけよ。,success,そりゃあなあのブラジルにな後半ロスタイムまで同点でな勝つってなったけどそのブラジル負けちゃったわけよ。,False,58,51,-7
,033_rbc_13598140_20260712190000_seg_00425,033_rbc_13598140_20260712190000,SPEAKER_02,1921.04,1921.76,0.72,success,なるほど。,success,あっなるほど。,False,5,7,2
,033_rbc_13598140_20260712190000_seg_00426,033_rbc_13598140_20260712190000,SPEAKER_02,1922.24,1923.6,1.36,success,甲子園でも同じこと思いますよ。,success,甲子園でも同じこと思いますよ。,True,15,15,0
,033_rbc_13598140_20260712190000_seg_00427,033_rbc_13598140_20260712190000,SPEAKER_02,1924.32,1926.32,2.0,success,騎岸は負けたけど、ここが優勝したらと思った。,success,棋士は負けたけどここが優勝したらと思った。,False,22,21,-1
,033_rbc_13598140_20260712190000_seg_00428,033_rbc_13598140_20260712190000,SPEAKER_01,1926.56,1927.2,0.64,success,優勝したらみたいな。,success,よし下見て。,False,10,6,-4
,033_rbc_13598140_20260712190000_seg_00429,033_rbc_13598140_20260712190000,SPEAKER_01,1927.6,1933.04,5.44,success,次のね、この負けたところが、次の試合で、なんか8対0とかで崩されたら、はあって。,success,次のねこの負けたところが次の試合で何か8対0とかで崩されたらはあってなる。,False,40,37,-3
,033_rbc_13598140_20260712190000_seg_00430,033_rbc_13598140_20260712190000,SPEAKER_01,1934.88,1936.08,1.2,success,そうだったんです、すみません。,success,朝だったんですいません。,False,15,12,-3
,033_rbc_13598140_20260712190000_seg_00431,033_rbc_13598140_20260712190000,SPEAKER_01,1938.08,1939.76,1.68,success,狩野なく言うような声です。,success,狩野なく言う子です。,False,13,10,-3
,033_rbc_13598140_20260712190000_seg_00432,033_rbc_13598140_20260712190000,SPEAKER_01,1941.68,1944.16,2.48,success,しやし市役所ですか?,success,し市役所ですか?,False,10,8,-2
,033_rbc_13598140_20260712190000_seg_00433,033_rbc_13598140_20260712190000,SPEAKER_02,1949.44,1950.8,1.36,success,見てないな、もう。,success,バックアップ見てないなもう。,False,9,14,5
,033_rbc_13598140_20260712190000_seg_00434,033_rbc_13598140_20260712190000,SPEAKER_01,1950.88,1959.68,8.8,success,いやいやいや、もう放送の時点でこれ、どうなってるか分かりませんからね、優勝もどこなのか分からんしね、おもしろいね。,success,いやいやいや、もう放送の時点でこれ、どうなってるか分かりませんからね、優勝もね、どこなのか分からんしね、おもしろいね。,False,57,59,2
,033_rbc_13598140_20260712190000_seg_00435,033_rbc_13598140_20260712190000,SPEAKER_02,1961.36,1962.8,1.44,success,さあビックスゴータどうしましょう?,success,さあビックスボタンどうしましょう?,False,17,17,0
,033_rbc_13598140_20260712190000_seg_00436,033_rbc_13598140_20260712190000,SPEAKER_02,1963.28,1969.68,6.4,success,じゃあ、きょうはもう、どんなあれですかね、スクラッチの山ぎひろさん。,success,じゃあ今日はもうどんなあれですかねスクラッチの山岸ひろさん。,False,34,30,-4
,033_rbc_13598140_20260712190000_seg_00437,033_rbc_13598140_20260712190000,SPEAKER_01,1970.16,1971.2,1.04,success,それカーブ。,success,それカーボン。,False,6,7,1
,033_rbc_13598140_20260712190000_seg_00438,033_rbc_13598140_20260712190000,SPEAKER_01,1971.44,1975.44,4.0,success,首里君のあのおもしろい話を引き出したここここ感謝さんか。,success,手里君のあの面白い話を引き出したここここ感謝さんか。,False,28,26,-2
,033_rbc_13598140_20260712190000_seg_00439,033_rbc_13598140_20260712190000,SPEAKER_02,1975.6,1976.4,0.8,success,感謝さんも。,success,感謝さんも。,True,6,6,0
,033_rbc_13598140_20260712190000_seg_00440,033_rbc_13598140_20260712190000,SPEAKER_02,1977.04,1977.68,0.64,success,ですね。,success,ねえ。,False,4,3,-1
,033_rbc_13598140_20260712190000_seg_00441,033_rbc_13598140_20260712190000,SPEAKER_01,1978.88,1984.64,5.76,success,ミソニコビスキーさんは当たってるからな、結構ね、少なく、いいですよ、決めていいですよ、じゃあ、山岸さんにします?,success,メソニコビスキーさんは当たってるからな、結構ね、少なくない、いいですよ、決めていいですよ、じゃあ、山岸さんにします?,False,56,58,2
,033_rbc_13598140_20260712190000_seg_00442,033_rbc_13598140_20260712190000,SPEAKER_02,1984.64,1986.72,2.08,success,感謝さんをそう、何回かたぶん。,success,感謝さんをそう何回か多分。,False,15,13,-2
,033_rbc_13598140_20260712190000_seg_00443,033_rbc_13598140_20260712190000,SPEAKER_01,1989.68,1992.8,3.12,success,謝らない、今、ちょっと、なんか顧問弁護士とちょっとね、その。,success,謝らんと今ちょっと何か顧問弁護士とちょっとねその。,False,30,25,-5
,033_rbc_13598140_20260712190000_seg_00444,033_rbc_13598140_20260712190000,SPEAKER_01,1995.52,1996.96,1.44,success,亮太含め3名でね。,success,両端含め3名でね。,False,9,9,0
,033_rbc_13598140_20260712190000_seg_00445,033_rbc_13598140_20260712190000,SPEAKER_01,1997.44,1999.52,2.08,success,ブラッシュスリルで謝ろう、謝ろうな、本当に。,success,プラット3で謝ろうなほんなら。,False,22,15,-7
,033_rbc_13598140_20260712190000_seg_00446,033_rbc_13598140_20260712190000,SPEAKER_02,1999.92,2001.6,1.68,success,ハハハ何か有事の際は?,success,ハハハ何か有事の際は?,True,11,11,0
,033_rbc_13598140_20260712190000_seg_00447,033_rbc_13598140_20260712190000,SPEAKER_02,2002.4,2011.92,9.52,success,ということで山木ひろさんビッグスゴータでございます間宮かまぼこの間宮餃子引換券をechaへと10%割引のパスワードお送りしますぜひ!,success,ということで山木ひろさんビッグスゴーだでございます間宮かんぼこの間宮崎引換券をecシャイと10%割引のパスワードお送りしますぜひ!,False,66,65,-1
,033_rbc_13598140_20260712190000_seg_00448,033_rbc_13598140_20260712190000,SPEAKER_02,2012.16,2015.68,3.52,success,以上、すごとのコーナーでした。,success,強くなった以上スゴウタのコーナーでした。,False,15,20,5
,033_rbc_13598140_20260712190000_seg_00449,033_rbc_13598140_20260712190000,SPEAKER_01,2016.24,2019.019934,2.78,success,さあ続いてはユニオンからのお知らせです。,success,さあ続いてはユニオンからのお知らせです。,True,20,20,0
,033_rbc_13598140_20260712190000_seg_00450,033_rbc_13598140_20260712190000,SPEAKER_01,2025.04,2032.8,7.76,success,24時間営業でおなじみ、フレッシュプラザユニオンのお買い得情報をお伝えするコーナー、今、空いてます、ユニオン、スタートですね。,success,無休24時間営業でおなじみ、フレッシュプラザユニオンのお買い得情報をお伝えするコーナー、今空いてます、ユニオンスタートですね。,False,63,63,0
,033_rbc_13598140_20260712190000_seg_00451,033_rbc_13598140_20260712190000,SPEAKER_01,2033.52,2044.4,10.88,success,さあ、ユニオンの情報もお伝えしてますけれども、最近はスカラの情報もね、お届けしてますけれども、ユニオンとスカラ、ちょっとまだ勘違いしてる方がいらっしゃると思うんですけど、ユニクロ。,success,さあユニオンの情報もお伝えしてますけれども最近はスカラの情報もねお届けしてますけれどもユニオンとスカラちょっとまだ勘違いしてる方がいらっしゃると思うんですけどいかがですか?,False,90,86,-4
,033_rbc_13598140_20260712190000_seg_00452,033_rbc_13598140_20260712190000,SPEAKER_01,2045.2,2048.08,2.88,success,24時間営業であるんですね。,success,は24時間営業であるんですね。,False,14,15,1
,033_rbc_13598140_20260712190000_seg_00453,033_rbc_13598140_20260712190000,SPEAKER_01,2049.36,2054.059912,4.7,success,バスですから、夜中に行っても大丈夫で、すからの場合は11時で閉店。,success,バスですから夜中に行っても大丈夫でスカラの場合は11時で閉店。,False,33,31,-2
,033_rbc_13598140_20260712190000_seg_00454,033_rbc_13598140_20260712190000,SPEAKER_01,2056.24,2063.12,6.88,success,すからは国際通り店と小禄のほうと、そしてうるま市とコザ棒店となってますんで。,success,スカラは国際通り店と小禄のほうとそしてうるま市とコザ房店となってますんで。,False,38,37,-1
,033_rbc_13598140_20260712190000_seg_00455,033_rbc_13598140_20260712190000,SPEAKER_01,2064.08,2067.019873,2.94,success,だから夜12時とか1時とか。,success,だからあの夜12時とか1時とか。,False,14,16,2
,033_rbc_13598140_20260712190000_seg_00456,033_rbc_13598140_20260712190000,SPEAKER_01,2068.24,2069.42002,1.18,success,チェーンみたいなことを言う方。,success,チェーンみたいなことを言う方。,True,15,15,0
,033_rbc_13598140_20260712190000_seg_00457,033_rbc_13598140_20260712190000,SPEAKER_01,2070.64,2071.68,1.04,success,ラブランドというか。,success,ラブランドというか。,True,10,10,0
,033_rbc_13598140_20260712190000_seg_00458,033_rbc_13598140_20260712190000,SPEAKER_01,2072.32,2075.68,3.36,success,なんか、なんて言えばいいんですかね、ユニクロとguの違いみたいな。,success,なんかなんて言えばいいんですかねユニクロと自由の違いみたいな。,False,33,31,-2
,033_rbc_13598140_20260712190000_seg_00459,033_rbc_13598140_20260712190000,SPEAKER_01,2077.36,2078.48,1.12,success,会社は一緒だけどみたいなね。,success,会社は一緒だけどみたいなね。,True,14,14,0
,033_rbc_13598140_20260712190000_seg_00460,033_rbc_13598140_20260712190000,SPEAKER_01,2078.96,2079.979834,1.02,success,そんな感じで。,success,そんな感じでああ。,False,7,9,2
,033_rbc_13598140_20260712190000_seg_00461,033_rbc_13598140_20260712190000,SPEAKER_01,2081.2,2091.499854,10.3,success,形態が違うし、そして商品もね、少しやっぱり独自カラーを出しているということでありますので、それぞれのお店でそれぞれの特徴があって、また地域性。,success,形態が違うしそして商品もね少しやっぱり独自カラーを出してるということでありますのでそれぞれのお店でそれぞれの特徴があってまたその地域性。,False,71,68,-3
,033_rbc_13598140_20260712190000_seg_00462,033_rbc_13598140_20260712190000,SPEAKER_01,2094.16,2094.859961,0.7,success,劇で愛されて。,success,地域で愛されて。,False,7,8,1
,033_rbc_13598140_20260712190000_seg_00463,033_rbc_13598140_20260712190000,SPEAKER_01,2096.08,2110.48,14.4,success,各店舗でそれぞれ個性出して展開してお客様に魅力を伝えてますんで県内いろんなところにありますのでぜひ各店でまた魅力をまたユニオン巡りを趣味にされてる方もいらっしゃるんですよ。,success,各店舗でそれぞれ個性出して展開してお客様に魅力を伝えてますんで県内いろんなところにありますのでぜひ各店でまた魅力をまたユニオン巡りを趣味にされている方もいらっしゃるんですよ。,False,86,87,1
,033_rbc_13598140_20260712190000_seg_00464,033_rbc_13598140_20260712190000,SPEAKER_01,2111.76,2112.56,0.8,success,絵はしたとかって。,success,手話したとかね。,False,9,8,-1
,033_rbc_13598140_20260712190000_seg_00465,033_rbc_13598140_20260712190000,SPEAKER_02,2114.08,2115.92,1.84,success,ただテンポが特徴あって。,success,ただテンポが特徴あって。,True,12,12,0
,033_rbc_13598140_20260712190000_seg_00466,033_rbc_13598140_20260712190000,SPEAKER_01,2117.2,2124.96,7.76,success,やっぱりね、団地が近くにあったりしたら、子どもたちが多いからとかって、やっぱ子どもたち向けの商品を充実させたりとか。,success,やっぱりね団地が近くにあったりしたら子どもたちが多いからとかってやっぱ子どもたち向けの商品を充実させたりとか。,False,58,55,-3
,033_rbc_13598140_20260712190000_seg_00467,033_rbc_13598140_20260712190000,SPEAKER_01,2126.08,2130.16,4.08,success,例えばその繁華街が近かったりしたら、お酒の種類を増やしたりとか。,success,でその繁華街が近かったりしたらお酒の種類を増やしたりとか。,False,32,29,-3
,033_rbc_13598140_20260712190000_seg_00468,033_rbc_13598140_20260712190000,SPEAKER_01,2130.64,2134.96,4.32,success,ユリオンがあったところの前島店は今、もう一回ね、閉店して。,success,ユリオンがあったところの前島店は今もう一回ね閉店して。,False,29,27,-2
,033_rbc_13598140_20260712190000_seg_00469,033_rbc_13598140_20260712190000,SPEAKER_01,2135.36,2142.4,7.04,success,ちゃちゃになってますけれども、あそこあったときで、やっぱ周りのなんていうんですか、売れ筋がやっぱり違うそうなんですよ、近くで、個人で、バーとか。,success,駐車場になってますけれども、あそこあったときで、やっぱ周りの売れ筋がやっぱり違うそうなんですよ、近くで、個人で、バーとか。,False,72,61,-11
,033_rbc_13598140_20260712190000_seg_00470,033_rbc_13598140_20260712190000,SPEAKER_01,2142.88,2145.259863,2.38,success,飲み屋さんとか経営されてる居酒屋とか氷谷さん。,success,飲み屋さんとか経営されてる居酒屋とか郡谷さん。,False,23,23,0
,033_rbc_13598140_20260712190000_seg_00471,033_rbc_13598140_20260712190000,SPEAKER_01,2146.48,2151.52,5.04,success,例えば何とか酒店とかに注文したらまた時間かかったりするからもう自分で買いに行って。,success,例えば何とか酒店とかに注文したらまた時間かかったりするからもう自分で買いに行って。,True,41,41,0
,033_rbc_13598140_20260712190000_seg_00472,033_rbc_13598140_20260712190000,SPEAKER_01,2154.64,2156.48,1.84,success,やっぱり地域、地域の魅力ってありますんでね。,success,地域地域の魅力ってありますんでね。,False,22,17,-5
,033_rbc_13598140_20260712190000_seg_00473,033_rbc_13598140_20260712190000,SPEAKER_01,2159.44,2163.019873,3.58,success,だけども、だからスカラとユニオンの営業時間帯が違う。,success,だけどもだからスカラとそのユニオンの営業時間帯が違う。,False,26,27,1
,033_rbc_13598140_20260712190000_seg_00474,033_rbc_13598140_20260712190000,SPEAKER_01,2164.24,2165.9,1.66,success,ユニオンは24時間ですけど、スカラは。,success,ユニオンは24時間ですけどスカラは。,False,19,18,-1
,033_rbc_13598140_20260712190000_seg_00475,033_rbc_13598140_20260712190000,SPEAKER_01,2168.56,2170.219824,1.66,success,はい、ということで、ここら辺、勘違いしちゃいます。,success,はいということでここら辺勘違いしちゃいました。,False,25,23,-2
,033_rbc_13598140_20260712190000_seg_00476,033_rbc_13598140_20260712190000,SPEAKER_01,2171.86001,2172.4,0.54,success,すげえ。,success,忘れ。,False,4,3,-1
,033_rbc_13598140_20260712190000_seg_00477,033_rbc_13598140_20260712190000,SPEAKER_01,2173.44,2176.940039,3.5,success,きょうは時間帯のお話をさせていただきました、ユニオンからのお知らせでした。,success,今日は時間帯のお話をさせていただきましたユニオンからのお知らせでした。,False,37,35,-2
,033_rbc_13598140_20260712190000_seg_00478,033_rbc_13598140_20260712190000,SPEAKER_01,2178.16,2181.259863,3.1,success,ここで1曲いきましょうね。,success,ここで一曲いきましょうね。,False,13,13,0
,033_rbc_13598140_20260712190000_seg_00479,033_rbc_13598140_20260712190000,SPEAKER_01,2182.96,2185.099951,2.14,success,かりゆし58です。,success,かりゆし58で。,False,9,8,-1
,033_rbc_13598140_20260712190000_seg_00480,033_rbc_13598140_20260712190000,SPEAKER_03,2264.499902,2265.739844,1.24,success,サザンヒルは楽しみ!,success,サザンヒルは楽しみ!,True,10,10,0
,033_rbc_13598140_20260712190000_seg_00481,033_rbc_13598140_20260712190000,SPEAKER_02,2269.04,2269.579932,0.54,success,キング戦。,success,リングセンター!,False,5,8,3
,033_rbc_13598140_20260712190000_seg_00482,033_rbc_13598140_20260712190000,SPEAKER_03,2273.44,2274.37998,0.94,success,チロン全部!,success,もん全部!,False,6,5,-1
,033_rbc_13598140_20260712190000_seg_00483,033_rbc_13598140_20260712190000,SPEAKER_03,2276.08,2277.259863,1.18,success,スポーツワールドサザン。,success,スポーツワールドサザン。,True,12,12,0
,033_rbc_13598140_20260712190000_seg_00484,033_rbc_13598140_20260712190000,SPEAKER_00,2282.4,2283.019873,0.62,success,間宮君も!,success,間宮君!,False,5,4,-1
,033_rbc_13598140_20260712190000_seg_00485,033_rbc_13598140_20260712190000,SPEAKER_00,2284.8,2286.24,1.44,success,バーミヤかまぼこ創業。,success,バーミヤかかまぼこ創業。,False,11,12,1
,033_rbc_13598140_20260712190000_seg_00486,033_rbc_13598140_20260712190000,SPEAKER_01,2286.24,2286.859961,0.62,success,80年。,success,80年。,True,4,4,0
,033_rbc_13598140_20260712190000_seg_00487,033_rbc_13598140_20260712190000,SPEAKER_00,2289.12,2290.699927,1.58,success,アーニャかまぼこ全問正解!,success,万宮かまぼこ全問正解!,False,13,11,-2
,033_rbc_13598140_20260712190000_seg_00488,033_rbc_13598140_20260712190000,SPEAKER_02,2291.92,2293.579932,1.66,success,いやまんにゃくももこじゃない。,success,いやマンミャクもここじゃないよ。,False,15,16,1
,033_rbc_13598140_20260712190000_seg_00489,033_rbc_13598140_20260712190000,SPEAKER_00,2299.68,2300.779883,1.1,success,今開いてます。,success,今開いてます!,False,7,7,0
,033_rbc_13598140_20260712190000_seg_00490,033_rbc_13598140_20260712190000,SPEAKER_01,2320.24,2322.32,2.08,success,rbcアイラジオも。,success,rbcアイラジオも!,False,10,10,0
,033_rbc_13598140_20260712190000_seg_00491,033_rbc_13598140_20260712190000,SPEAKER_01,2323.6,2325.12,1.52,success,南城市のしんちゃん津沢伸一と。,success,南條志のしんちゃん津田伸一と。,False,15,15,0
,033_rbc_13598140_20260712190000_seg_00492,033_rbc_13598140_20260712190000,SPEAKER_02,2325.84,2326.8,0.96,success,しりのすけしゅり。,success,趣里のすけですそりゃ!,False,9,11,2
,033_rbc_13598140_20260712190000_seg_00493,033_rbc_13598140_20260712190000,SPEAKER_01,2327.6,2329.76,2.16,success,さて首里君このコーナーは?,success,さて習君このコーナーは?,False,13,12,-1
,033_rbc_13598140_20260712190000_seg_00494,033_rbc_13598140_20260712190000,SPEAKER_00,2329.84,2331.44,1.6,success,はい響け鯉の唄。,success,はい響け!恋の歌!,False,8,9,1
,033_rbc_13598140_20260712190000_seg_00495,033_rbc_13598140_20260712190000,SPEAKER_02,2333.04,2334.08,1.04,success,さあということで。,success,さあということで。,True,9,9,0
,033_rbc_13598140_20260712190000_seg_00496,033_rbc_13598140_20260712190000,SPEAKER_02,2334.64,2350.64,16.0,success,こちらですねとあるランキングのテーマを設けましてそのテーマの皆さんの1位ではなくて5位を教えてくださいというコーナーでございます今回はディレクター亮太の提案で酒の場での失敗ランキングと発表しております。,success,こちらですねとあるランキングのテーマを設けましてそのテーマの皆さんの1位ではなくて5位を教えてくださいというコーナーでございます今回はディレクター亮太の提案で酒の場での失敗ランキングと発表しております。,True,101,101,0
,033_rbc_13598140_20260712190000_seg_00497,033_rbc_13598140_20260712190000,SPEAKER_01,2350.64,2351.2,0.56,success,はいはいはい。,success,はいはいはい。,True,7,7,0
,033_rbc_13598140_20260712190000_seg_00498,033_rbc_13598140_20260712190000,SPEAKER_02,2351.28,2352.56,1.28,success,いうことでも。,success,いうことでも。,True,7,7,0
,033_rbc_13598140_20260712190000_seg_00499,033_rbc_13598140_20260712190000,SPEAKER_02,2352.96,2357.92,4.96,success,これはね、もうそれぞれの失敗がそもそも5種類ないと。,success,これはねもうそれぞれの失敗がそもそも5種類ないと。,False,26,25,-1
,033_rbc_13598140_20260712190000_seg_00500,033_rbc_13598140_20260712190000,SPEAKER_01,2357.92,2358.72,0.8,success,そっかそっか。,success,そっかそっか。,True,7,7,0
,033_rbc_13598140_20260712190000_seg_00501,033_rbc_13598140_20260712190000,SPEAKER_02,2358.72,2360.88,2.16,success,ランキングも5位までいかないので。,success,ランキングも5位までいかないので。,True,17,17,0
,033_rbc_13598140_20260712190000_seg_00502,033_rbc_13598140_20260712190000,SPEAKER_02,2361.12,2364.56,3.44,success,なかなかお酒好きな方からいっぱいメールが来るんじゃないかと。,success,なかなかお酒好きな方からいっぱいメールが来るんじゃないかと。,True,30,30,0
,033_rbc_13598140_20260712190000_seg_00503,033_rbc_13598140_20260712190000,SPEAKER_01,2364.72,2365.52,0.8,success,そうだよね。,success,そうだよね。,True,6,6,0
,033_rbc_13598140_20260712190000_seg_00504,033_rbc_13598140_20260712190000,SPEAKER_01,2365.92,2367.68,1.76,success,シュリコンもよく飲む人だからね。,success,スリコーンをよく飲む人だからね。,False,16,16,0
,033_rbc_13598140_20260712190000_seg_00505,033_rbc_13598140_20260712190000,SPEAKER_02,2368.48,2369.44,0.96,success,愛は数えきれない。,success,愛は数え切れない。,False,9,9,0
,033_rbc_13598140_20260712190000_seg_00506,033_rbc_13598140_20260712190000,SPEAKER_01,2370.16,2371.76,1.6,success,高いときってほどあるんじゃないかと。,success,若い時ってほどあるんじゃないかと。,False,18,17,-1
,033_rbc_13598140_20260712190000_seg_00507,033_rbc_13598140_20260712190000,SPEAKER_01,2372.88,2375.12,2.24,success,こうやって、ああ、ここで酔ってはいけないとか。,success,こうやってああここで酔ってはいけないとか。,False,23,21,-2
,033_rbc_13598140_20260712190000_seg_00508,033_rbc_13598140_20260712190000,SPEAKER_01,2375.6,2376.72,1.12,success,ではいけないから、ほんの。,success,できないからほんの。,False,13,10,-3
,033_rbc_13598140_20260712190000_seg_00509,033_rbc_13598140_20260712190000,SPEAKER_02,2376.96,2380.48,3.52,success,気をつけないといけないんですけど。,success,気をつけないといけないんですけど。,True,17,17,0
,033_rbc_13598140_20260712190000_seg_00510,033_rbc_13598140_20260712190000,SPEAKER_02,2380.88,2383.04,2.16,success,路上寝よくしてしまってて。,success,路上寝よくしてしまってて。,True,13,13,0
,033_rbc_13598140_20260712190000_seg_00511,033_rbc_13598140_20260712190000,SPEAKER_01,2383.28,2388.96,5.68,success,ないからな、俺もその隙間、隙間でなんか路地で寝てたこととかいっぱいあるよ。,success,ないからな、俺もその隙間、隙間でなんか路地で寝てたこととかいっぱいあるよ。,True,37,37,0
,033_rbc_13598140_20260712190000_seg_00512,033_rbc_13598140_20260712190000,SPEAKER_02,2388.96,2389.84,0.88,success,そうはいあります。,success,そうはやっぱありますね。,False,9,12,3
,033_rbc_13598140_20260712190000_seg_00513,033_rbc_13598140_20260712190000,SPEAKER_01,2390.32,2393.68,3.36,success,ウエストバッグみたいなのを枕にしてとか、今考えたら怖いわ。,success,ウエストバッグみたいなのを枕にしてとか今考えたら怖いわ。,False,29,28,-1
,033_rbc_13598140_20260712190000_seg_00514,033_rbc_13598140_20260712190000,SPEAKER_02,2393.92,2394.56,0.64,success,いいっすね。,success,いいっすね。,True,6,6,0
,033_rbc_13598140_20260712190000_seg_00515,033_rbc_13598140_20260712190000,SPEAKER_01,2394.88,2397.2,2.32,success,なくなってなかったからよかったけど。,success,亡くなってなかったからよかったけど。,False,18,18,0
,033_rbc_13598140_20260712190000_seg_00516,033_rbc_13598140_20260712190000,SPEAKER_01,2397.52,2399.76,2.24,success,財布なくしたことももちろんあるし。,success,財布なくしたことももちろんあるし。,True,17,17,0
,033_rbc_13598140_20260712190000_seg_00517,033_rbc_13598140_20260712190000,SPEAKER_01,2400.32,2403.52,3.2,success,知念しっていうのは、そういう経験もたくさんあるんで。,success,試練しっていうそういう経験もたくさんあるんで。,False,26,23,-3
,033_rbc_13598140_20260712190000_seg_00518,033_rbc_13598140_20260712190000,SPEAKER_02,2403.68,2405.2,1.52,success,僕もそうですね、もう抜かれて。,success,僕もそうですね、もう抜かれて。,True,15,15,0
,033_rbc_13598140_20260712190000_seg_00519,033_rbc_13598140_20260712190000,SPEAKER_02,2405.68,2412.16,6.48,success,健康保険証とかなくして、そのときまた申請しに行って、またですかみたいな。,success,健康保険証とかなくしてその時また申請しに行ってまたですかみたいな。,False,36,33,-3
,033_rbc_13598140_20260712190000_seg_00520,033_rbc_13598140_20260712190000,SPEAKER_01,2416.16,2421.76,5.6,success,あれの切り替えの時間とかも含めたら、本当にむだっていうか、な、損してるよな。,success,あれよその切り替えの時間とかも含めたら本当にむだっていうかな損してるよな。,False,38,37,-1
,033_rbc_13598140_20260712190000_seg_00521,033_rbc_13598140_20260712190000,SPEAKER_02,2423.12,2424.0,0.88,success,ですね。,success,ですね。,True,4,4,0
,033_rbc_13598140_20260712190000_seg_00522,033_rbc_13598140_20260712190000,SPEAKER_02,2424.48,2426.56,2.08,success,これも10年以上前なんでね。,success,まあまあこれも10年以上前なんでね。,False,14,18,4
,033_rbc_13598140_20260712190000_seg_00523,033_rbc_13598140_20260712190000,SPEAKER_01,2426.8,2428.24,1.44,success,まあまあそれから勉強してるわけですよ。,success,まあまあそれから勉強してるわけですよ。,True,19,19,0
,033_rbc_13598140_20260712190000_seg_00524,033_rbc_13598140_20260712190000,SPEAKER_01,2428.96,2432.56,3.6,success,もう眠りたいのに、もう勝てないわけでしょ、それかも。,success,もう眠りたいのにもう勝てないわけでしょ。,False,26,20,-6
,033_rbc_13598140_20260712190000_seg_00525,033_rbc_13598140_20260712190000,SPEAKER_02,2433.2,2434.96,1.76,success,そうそう、もう眠たいのに勝てない。,success,そうそうもう眠たいのに勝てない。,False,17,16,-1
,033_rbc_13598140_20260712190000_seg_00526,033_rbc_13598140_20260712190000,SPEAKER_02,2435.68,2438.32,2.64,success,記憶ないまま寝てるときもありますね。,success,記憶ないまま寝てる時もありますね。,False,18,17,-1
,033_rbc_13598140_20260712190000_seg_00527,033_rbc_13598140_20260712190000,SPEAKER_01,2438.72,2440.8,2.08,success,朝起きたら、なんでここにいたんみたいなのとかある?,success,朝起きたら何でここにいたみたいなのとかある?,False,25,22,-3
,033_rbc_13598140_20260712190000_seg_00528,033_rbc_13598140_20260712190000,SPEAKER_01,2441.6,2442.64,1.04,success,園のベンチみたいなところが。,success,辺のベンチみたいなのとか。,False,14,13,-1
,033_rbc_13598140_20260712190000_seg_00529,033_rbc_13598140_20260712190000,SPEAKER_02,2442.72,2449.04,6.32,success,僕、近くのカトリック幼稚園でシスターに囲まれて目覚めたときに死んだと思いました。,success,僕近くのカトリック幼稚園でシスターに囲まれて目覚めた時に死んだと思いました。,False,40,38,-2
,033_rbc_13598140_20260712190000_seg_00530,033_rbc_13598140_20260712190000,SPEAKER_01,2452.96,2454.0,1.04,success,神様はもう一度。,success,神様はおいち。,False,8,7,-1
,033_rbc_13598140_20260712190000_seg_00531,033_rbc_13598140_20260712190000,SPEAKER_02,2456.24,2458.48,2.24,success,目開けた瞬間に質素に囲まれてるんですよ。,success,目開けた瞬間に質素に囲まれてるんですよ。,True,20,20,0
,033_rbc_13598140_20260712190000_seg_00532,033_rbc_13598140_20260712190000,SPEAKER_01,2458.56,2459.44,0.88,success,確かにあの黒いね。,success,あの黒い何?,False,9,6,-3
,033_rbc_13598140_20260712190000_seg_00533,033_rbc_13598140_20260712190000,SPEAKER_02,2460.48,2462.8,2.32,success,大丈夫ですか?とか言ってあっ死んだんだとか。,success,大丈夫ですか?とか言ってあっ死んだんだとか。,True,22,22,0
,033_rbc_13598140_20260712190000_seg_00534,033_rbc_13598140_20260712190000,SPEAKER_01,2467.52,2469.6,2.08,success,子どもたちには囲まれてなかった。,success,子どもたちには囲まれてなかった。,True,16,16,0
,033_rbc_13598140_20260712190000_seg_00535,033_rbc_13598140_20260712190000,SPEAKER_02,2469.68,2470.64,0.96,success,子供たちには過去。,success,子供の知り合いかここ!,False,9,11,2
,033_rbc_13598140_20260712190000_seg_00536,033_rbc_13598140_20260712190000,SPEAKER_01,2471.12,2472.56,1.44,success,cdで買った方が早く来るから。,success,教えたかったけど早く来るから。,False,15,15,0
,033_rbc_13598140_20260712190000_seg_00537,033_rbc_13598140_20260712190000,SPEAKER_01,2473.44,2475.04,1.6,success,やっぱり優しい方々でな。,success,がったり優しい方々でな。,False,12,12,0
,033_rbc_13598140_20260712190000_seg_00538,033_rbc_13598140_20260712190000,SPEAKER_02,2475.04,2477.12,2.08,success,3名、4名ぐらいいらっしゃって。,success,3名4名ぐらいいらっしゃって。,False,16,15,-1
,033_rbc_13598140_20260712190000_seg_00539,033_rbc_13598140_20260712190000,SPEAKER_01,2477.6,2479.92,2.32,success,なんとかの事務所の前とかだったら、もう終わってたはずなのに。,success,なんとかの事務所の前とかだったらもう終わってたはずなのに。,False,30,29,-1
,033_rbc_13598140_20260712190000_seg_00540,033_rbc_13598140_20260712190000,SPEAKER_01,2480.88,2482.16,1.28,success,どこのもんじゃ。,success,どこのもんじゃ。,True,8,8,0
,033_rbc_13598140_20260712190000_seg_00541,033_rbc_13598140_20260712190000,SPEAKER_01,2483.36,2484.08,0.72,success,よっかな。,success,よっから。,False,5,5,0
,033_rbc_13598140_20260712190000_seg_00542,033_rbc_13598140_20260712190000,SPEAKER_01,2485.84,2486.64,0.8,success,ピスタリが怖い。,success,2人が怖い。,False,8,6,-2
,033_rbc_13598140_20260712190000_seg_00543,033_rbc_13598140_20260712190000,SPEAKER_01,2488.08,2489.68,1.6,success,ものすごい妻だな。,success,ものすごい妻だな。,True,9,9,0
,033_rbc_13598140_20260712190000_seg_00544,033_rbc_13598140_20260712190000,SPEAKER_01,2489.92,2490.8,0.88,success,面白いですね。,success,面白いですね。,True,7,7,0
,033_rbc_13598140_20260712190000_seg_00545,033_rbc_13598140_20260712190000,SPEAKER_02,2494.24,2494.8,0.56,success,まあ紹介。,success,まあそうかい。,False,5,7,2
,033_rbc_13598140_20260712190000_seg_00546,033_rbc_13598140_20260712190000,SPEAKER_01,2494.96,2496.56,1.6,success,からでやりますか。,success,体でやりますか。,False,9,8,-1
,033_rbc_13598140_20260712190000_seg_00547,033_rbc_13598140_20260712190000,SPEAKER_02,2496.64,2502.4,5.76,success,はいはいありがとうございますさあ酒は飲んでも飲まれるなでございますね。,success,はいはいありがとうございますさあ酒は飲んでも飲まれるなでございますね。,True,35,35,0
,033_rbc_13598140_20260712190000_seg_00548,033_rbc_13598140_20260712190000,SPEAKER_01,2502.4,2509.36,6.96,success,10番首里以外の7種のシャバドゥンです早速ですが響け鯉の歌酒の場での失敗ランキング5位。,success,10番首里以外の那覇市のシャバドゥンです早速ですが響け鯉の歌酒の場での失敗ランキング5位。,False,44,45,1
,033_rbc_13598140_20260712190000_seg_00549,033_rbc_13598140_20260712190000,SPEAKER_01,2510.48,2517.12,6.64,success,今回、1位から4位までは言えなかったり、思い出したくなかったりするので、割愛します、ああ、もうそれでもいいんだよな、別に。,success,今回1位から4位までは言えなかったり思い出したくなかったりするので割愛しますああもうそれでもいいんだよな別に。,False,61,55,-6
,033_rbc_13598140_20260712190000_seg_00550,033_rbc_13598140_20260712190000,SPEAKER_02,2518.32,2519.28,0.96,success,なかなか言えないの。,success,なかなか言えないの。,True,10,10,0
,033_rbc_13598140_20260712190000_seg_00551,033_rbc_13598140_20260712190000,SPEAKER_01,2521.04,2530.88,9.84,success,第5位、バイト先の先輩女性からリクエストされて、山根康弘のgetalontgetherを歌ったら。,success,さぁ第5位バイト先の先輩女性からリクエストされて山根康弘のgetalontgetherを歌ったら。,False,49,49,0
,033_rbc_13598140_20260712190000_seg_00552,033_rbc_13598140_20260712190000,SPEAKER_01,2531.2,2534.64,3.44,success,その先輩女性が途中から泣きだしたわけ。,success,その先輩女性が途中から泣きだしたわけ。,True,19,19,0
,033_rbc_13598140_20260712190000_seg_00553,033_rbc_13598140_20260712190000,SPEAKER_01,2535.92,2539.2,3.28,success,すると、周りの女性陣から。,success,するともう周りの女性陣から。,False,13,14,1
,033_rbc_13598140_20260712190000_seg_00554,033_rbc_13598140_20260712190000,SPEAKER_01,2540.56,2542.24,1.68,success,お前、なんでこの曲歌った?,success,お前何でこの曲歌った?,False,13,11,-2
,033_rbc_13598140_20260712190000_seg_00555,033_rbc_13598140_20260712190000,SPEAKER_01,2543.12,2547.76,4.64,success,この子が最近別れた元彼の得意な曲だよって信じられない。,success,この子が最近別れた元彼の得意な曲だよって信じられない。,True,27,27,0
,033_rbc_13598140_20260712190000_seg_00556,033_rbc_13598140_20260712190000,SPEAKER_01,2548.0,2550.24,2.24,success,バカじゃないかって、そう攻撃されたわけ。,success,ばかじゃないかってそう攻撃されたわけ。,False,20,19,-1
,033_rbc_13598140_20260712190000_seg_00557,033_rbc_13598140_20260712190000,SPEAKER_01,2550.72,2556.24,5.52,success,俺はリクエストされてから歌ったのに、そんなの知らんんやって思ったってばって、知るかやな、本当、かわいそうに。,success,俺はリクエストされてから歌ったのにそんなの知らんようやって思ったってばって知るかやなほんとかわいそうに。,False,54,52,-2
,033_rbc_13598140_20260712190000_seg_00558,033_rbc_13598140_20260712190000,SPEAKER_02,2556.4,2557.6,1.2,success,この女性は。,success,この女性は。,True,6,6,0
,033_rbc_13598140_20260712190000_seg_00559,033_rbc_13598140_20260712190000,SPEAKER_02,2557.84,2559.28,1.44,success,もう泣きたかったんでしょうね。,success,もう泣きたかったんでしょうね。,True,15,15,0
,033_rbc_13598140_20260712190000_seg_00560,033_rbc_13598140_20260712190000,SPEAKER_01,2559.52,2563.28,3.76,success,で、自分で歌ったら、もう途中で、もう、あっ、うっ、あっ、うんってなるから。,success,で自分で歌ったらもう途中でもうあっうっううってなるから。,False,37,28,-9
,033_rbc_13598140_20260712190000_seg_00561,033_rbc_13598140_20260712190000,SPEAKER_02,2563.36,2564.0,0.64,success,はいはい。,success,はいはい。,True,5,5,0
,033_rbc_13598140_20260712190000_seg_00562,033_rbc_13598140_20260712190000,SPEAKER_01,2564.08,2574.16,10.08,success,ごめん、シャボトンって後輩に当たるんだろうな、だから、先輩女性っていうからね、後輩の職場の人に歌ってって言ったら、思い出したんだろうな。,success,ごめんシャワーくんって後輩にあたるんだろうなだから先輩女性って言うからね後輩の職場の人に歌ってって言ったら思い出したんだろうな。,False,68,64,-4
,033_rbc_13598140_20260712190000_seg_00563,033_rbc_13598140_20260712190000,SPEAKER_02,2574.24,2576.96,2.72,success,これは失敗というかもう免れないですよね。,success,これは失敗というかもう免れないですよね。,True,20,20,0
,033_rbc_13598140_20260712190000_seg_00564,033_rbc_13598140_20260712190000,SPEAKER_01,2577.2,2582.56,5.36,success,これはでもそう攻撃、でもその気分にこの女性は浸りたかったんでしょうね。,success,これは土葬攻撃、でもその気分にこの女性は浸りたかったんでしょうね。,False,35,33,-2
,033_rbc_13598140_20260712190000_seg_00565,033_rbc_13598140_20260712190000,SPEAKER_02,2582.64,2583.68,1.04,success,っていうことでしょうね。,success,っていうことでしょうね。,True,12,12,0
,033_rbc_13598140_20260712190000_seg_00566,033_rbc_13598140_20260712190000,SPEAKER_01,2583.76,2588.32,4.56,success,エッドアロンとギャルツァって俺たちの若いときぐらいの歌だと思うけどね。,success,エットアロンとギャルツァってもう俺たちの若い時ぐらいの歌だと思うけどね。,False,35,36,1
,033_rbc_13598140_20260712190000_seg_00567,033_rbc_13598140_20260712190000,SPEAKER_02,2588.32,2589.28,0.96,success,じゃあ、相当の。,success,ああじゃあ相当の。,False,8,9,1
,033_rbc_13598140_20260712190000_seg_00568,033_rbc_13598140_20260712190000,SPEAKER_01,2590.16,2593.6,3.44,success,違うな、シャバドンさん、俺と同じ年なんで、たぶんね。,success,違うなまあシャバドゥンさんは俺と同じ年なんで多分ね。,False,26,26,0
,033_rbc_13598140_20260712190000_seg_00569,033_rbc_13598140_20260712190000,SPEAKER_01,2595.12,2605.44,10.32,success,俺はもう同じ局で泣いている知り合いの女性がこの方も別れたんですけど。,success,俺はもう同じ局で泣いている知り合いの女性がこの方も別れたんですけど。,True,34,34,0
,033_rbc_13598140_20260712190000_seg_00570,033_rbc_13598140_20260712190000,SPEAKER_01,2606.08,2609.04,2.96,success,歌ってなんかないというわけ。,success,あの歌がないってわけや。,False,14,12,-2
,033_rbc_13598140_20260712190000_seg_00571,033_rbc_13598140_20260712190000,SPEAKER_01,2609.76,2613.84,4.08,success,くらいは周りにいたお客さんもね、許せるって言ってたけど。,success,僕らは周りにいたお客さんもね許せるって言ってたけど。,False,28,26,-2
,033_rbc_13598140_20260712190000_seg_00572,033_rbc_13598140_20260712190000,SPEAKER_01,2615.76,2619.44,3.68,success,15分後ぐらいにまたこの曲であなたが欲しい。,success,15分後ぐらいにまたこの曲であなたが欲しい。,True,22,22,0
,033_rbc_13598140_20260712190000_seg_00573,033_rbc_13598140_20260712190000,SPEAKER_01,2627.2,2630.08,2.88,success,1時間ぐらいいるだけ、4、5回ぐらい立って、血泣いてるわけです。,success,1時間半ぐらいいるだけ45回ぐらい撮ってチン鳴ってるわけさ。,False,32,30,-2
,033_rbc_13598140_20260712190000_seg_00574,033_rbc_13598140_20260712190000,SPEAKER_01,2630.56,2631.68,1.12,success,アリナさん大丈夫か?,success,有田さん大丈夫か?,False,10,9,-1
,033_rbc_13598140_20260712190000_seg_00575,033_rbc_13598140_20260712190000,SPEAKER_02,2634.64,2635.68,1.04,success,あっそれ知り合いなんすか?,success,あっそれ知り合いなんすか?,True,13,13,0
,033_rbc_13598140_20260712190000_seg_00576,033_rbc_13598140_20260712190000,SPEAKER_01,2635.84,2636.56,0.72,success,はいもうちょっと。,success,はいもうちょっと目。,False,9,10,1
,033_rbc_13598140_20260712190000_seg_00577,033_rbc_13598140_20260712190000,SPEAKER_02,2637.36,2638.16,0.8,success,ぷんの場所の。,success,分の場所の。,False,7,6,-1
,033_rbc_13598140_20260712190000_seg_00578,033_rbc_13598140_20260712190000,SPEAKER_02,2642.96,2643.76,0.8,success,うん。,success,ああ。,False,3,3,0
,033_rbc_13598140_20260712190000_seg_00579,033_rbc_13598140_20260712190000,SPEAKER_01,2645.84,2648.32,2.48,success,もうこればっかりでもう大変だったですよね。,success,もうこればっかりでもう大変だったですよね。,True,21,21,0
,033_rbc_13598140_20260712190000_seg_00580,033_rbc_13598140_20260712190000,SPEAKER_01,2648.96,2650.08,1.12,success,嫁も言ってましたけど。,success,嫁も言ってましたけど。,True,11,11,0
,033_rbc_13598140_20260712190000_seg_00581,033_rbc_13598140_20260712190000,SPEAKER_02,2651.36,2652.32,0.96,success,身内が大変です。,success,身内が大変っす!,False,8,8,0
,033_rbc_13598140_20260712190000_seg_00582,033_rbc_13598140_20260712190000,SPEAKER_01,2652.8,2653.44,0.64,success,変だよな?,success,遠藤やな。,False,5,5,0
,033_rbc_13598140_20260712190000_seg_00583,033_rbc_13598140_20260712190000,SPEAKER_01,2653.92,2657.04,3.12,success,それはああ、そっか、はあって思うんだけど、どうしようもない。,success,どうすりゃあそっかって思うんだけどもうどうしようもない。,False,30,28,-2
,033_rbc_13598140_20260712190000_seg_00584,033_rbc_13598140_20260712190000,SPEAKER_01,2659.2,2660.0,0.8,success,戻ってくる。,success,もちろん。,False,6,5,-1
,033_rbc_13598140_20260712190000_seg_00585,033_rbc_13598140_20260712190000,SPEAKER_01,2660.8,2662.16,1.36,success,5回歌ったんじゃないかな、もう。,success,5回歌ったんじゃないかなもう。,False,16,15,-1
,033_rbc_13598140_20260712190000_seg_00586,033_rbc_13598140_20260712190000,SPEAKER_02,2666.24,2666.88,0.64,success,思い出。,success,思い出。,True,4,4,0
,033_rbc_13598140_20260712190000_seg_00587,033_rbc_13598140_20260712190000,SPEAKER_01,2668.56,2671.84,3.28,success,じゃあね、よくなんだろうな、分かんないですけどね。,success,じゃあねゆくなんだろうな分かんないですけどね。,False,25,23,-2
,033_rbc_13598140_20260712190000_seg_00588,033_rbc_13598140_20260712190000,SPEAKER_02,2671.84,2673.2,1.36,success,そしてこちらいきましょう。,success,そしてこちらいきましょう。,True,13,13,0
,033_rbc_13598140_20260712190000_seg_00589,033_rbc_13598140_20260712190000,SPEAKER_02,2673.52,2694.4,20.88,success,木ポチナンバー88ラジオネーム感謝さんしんちゃんさん守之助さんスタッフの皆さんいつも楽しい放送ありがとうございますお恥ずかしい話ばっかりでしたと1位新卒の社員旅行で飲みすぎて我を忘れ先輩に絡んで暴言を言ってしまったああ。,success,木ポチナンバー88ラジオネーム感謝さんしんちゃんさん主龍の輔さんスタッフの皆さんいつも楽しい放送ありがとうございますお恥ずかしい話ばっかりでしたと1位新卒の社員旅行で飲みすぎて我を忘れ先輩に絡んで暴言を言ってしまったああ。,False,110,111,1
,033_rbc_13598140_20260712190000_seg_00590,033_rbc_13598140_20260712190000,SPEAKER_01,2696.0,2696.64,0.64,success,いやもうホンマ。,success,いやもううん。,False,8,7,-1
,033_rbc_13598140_20260712190000_seg_00591,033_rbc_13598140_20260712190000,SPEAKER_02,2696.72,2723.2,26.48,success,ですね、先輩にね、そして2位、大学のとき、スキー場の住み込みバイトで仲間と飲みすぎて、トイレでズボンを下ろしたまま寝てしまった、ああ、これもね、あるあるですね、お酒はね、そして3位、寒い日の花火で、あっ、花見ですいません、寒い日の花見でたくさん日本酒を飲んだら記憶をなくして迷惑をかけたあと、ああ、日本酒もね。,success,ですね、先輩にね、そして2位、大学のとき、スキー場の住み込みバイトで仲間と飲み過ぎてトイレでズボンを下ろしたまま寝てしまった、ああ、これもね、あるあるですね、お酒はね、そして3位、寒い日の花火で、あっ、花見ですいません、寒い日の花見でたくさん日本酒を飲んだら記憶をなくして迷惑をかけたあと、ああ、日本酒もね。,False,155,154,-1
,033_rbc_13598140_20260712190000_seg_00592,033_rbc_13598140_20260712190000,SPEAKER_02,2723.52,2724.64,1.12,success,きついですよね。,success,えっきついっすよね。,False,8,10,2
,033_rbc_13598140_20260712190000_seg_00593,033_rbc_13598140_20260712190000,SPEAKER_01,2724.8,2726.0,1.2,success,今週、結構来るよ。,success,今週結構来るよ。,False,9,8,-1
,033_rbc_13598140_20260712190000_seg_00594,033_rbc_13598140_20260712190000,SPEAKER_02,2726.08,2729.84,3.76,success,これ二日酔いとかも含めていつの間にか。,success,ああこれ二日酔いとかも含めていつの間にか。,False,19,21,2
,033_rbc_13598140_20260712190000_seg_00595,033_rbc_13598140_20260712190000,SPEAKER_02,2730.32,2731.6,1.28,success,もう泥酔してる、あります。,success,もう泥酔してる、あります。,True,13,13,0
,033_rbc_13598140_20260712190000_seg_00596,033_rbc_13598140_20260712190000,SPEAKER_01,2732.08,2736.24,4.16,success,腰が取られる、足が取られる、腰が取られるっていうか、なんか、あれ?って、同じ。,success,腰が取られる足が取られる腰が取られるっていうからあれ?って同じような。,False,39,35,-4
,033_rbc_13598140_20260712190000_seg_00597,033_rbc_13598140_20260712190000,SPEAKER_01,2736.56,2738.16,1.6,success,気持ちとあれが。,success,気持ちとあれが。,True,8,8,0
,033_rbc_13598140_20260712190000_seg_00598,033_rbc_13598140_20260712190000,SPEAKER_01,2738.88,2740.96,2.08,success,やっぱ結構。,success,やっぱ結構。,True,6,6,0
,033_rbc_13598140_20260712190000_seg_00599,033_rbc_13598140_20260712190000,SPEAKER_01,2741.44,2742.96,1.52,success,高いからなアルコール度数。,success,高いからなアルコールどうすんの?,False,13,16,3
,033_rbc_13598140_20260712190000_seg_00600,033_rbc_13598140_20260712190000,SPEAKER_02,2743.44,2744.0,0.56,success,でも。,success,でも。,True,3,3,0
,033_rbc_13598140_20260712190000_seg_00601,033_rbc_13598140_20260712190000,SPEAKER_02,2744.32,2745.2,0.88,success,ほっといて飲みやすいから。,success,といて飲みやすいから。,False,13,11,-2
,033_rbc_13598140_20260712190000_seg_00602,033_rbc_13598140_20260712190000,SPEAKER_01,2745.44,2746.32,0.88,success,シーから甘くて飲み物。,success,cから甘くて飲み。,False,11,9,-2
,033_rbc_13598140_20260712190000_seg_00603,033_rbc_13598140_20260712190000,SPEAKER_01,2749.2,2751.28,2.08,success,走りだした人を追っかけたこともある、俺も。,success,走りだした人を追っかけたこともあるよ俺も。,False,21,21,0
,033_rbc_13598140_20260712190000_seg_00604,033_rbc_13598140_20260712190000,SPEAKER_02,2751.36,2752.16,0.8,success,アハハハ。,success,ハハハハハ!,False,5,6,1
,033_rbc_13598140_20260712190000_seg_00605,033_rbc_13598140_20260712190000,SPEAKER_01,2754.64,2755.2,0.56,success,ぞうは。,success,ぞう8。,False,4,4,0
,033_rbc_13598140_20260712190000_seg_00606,033_rbc_13598140_20260712190000,SPEAKER_02,2755.36,2757.84,2.48,success,まず走り出しでしょ。,success,ハハハまず走り出しでしょ。,False,10,13,3
,033_rbc_13598140_20260712190000_seg_00607,033_rbc_13598140_20260712190000,SPEAKER_01,2759.52,2763.04,3.52,success,走りだしたら止まらないぜみたいな、もう土曜の夜の天使か、お前はと。,success,走りだしたら止まらないぜみたいなもう土曜の夜の天使かお前はと。,False,33,31,-2
,033_rbc_13598140_20260712190000_seg_00608,033_rbc_13598140_20260712190000,SPEAKER_02,2763.52,2781.12,17.6,success,4位、病み上がりで参加した飲み会で若手社員が支店長を殴ってしまい体調悪かったのにその日は帰れなくなってしまったこれは官舎さんの失敗ではなくて病み上がりで参加するという失敗ってことか。,success,4位、病み上がりで参加した飲み会で若手社員が支店長を殴ってしまい、体調悪かったのに、その日は帰れなくなってしまった、これは官舎さんの失敗ではなくて、病み上がりで参加するという失敗ということか。,False,91,96,5
,033_rbc_13598140_20260712190000_seg_00609,033_rbc_13598140_20260712190000,SPEAKER_02,2781.6,2784.96,3.36,success,若手社員が支店長を殴ってしまったと、荒いっすね。,success,若手社員が支店長を殴ってしまったと、荒いっすね。,True,24,24,0
,033_rbc_13598140_20260712190000_seg_00610,033_rbc_13598140_20260712190000,SPEAKER_02,2789.12,2790.96,1.84,success,これはじゃあね。,success,これはじゃあね。,True,8,8,0
,033_rbc_13598140_20260712190000_seg_00611,033_rbc_13598140_20260712190000,SPEAKER_02,2792.64,2802.16,9.52,success,そして入る第5位、友達と北海道で豪遊しようとしたら、飲み過ぎで判断を誤り、客引きにだまされ、ぼったくりに遭ったと。,success,そして栄える第5位友達と北海道で豪遊しようとしたら飲み過ぎで判断を誤り客引きにだまされぼったくりにあったと。,False,57,54,-3
,033_rbc_13598140_20260712190000_seg_00612,033_rbc_13598140_20260712190000,SPEAKER_01,2806.88,2807.92,1.04,success,でしょうね。,success,少年。,False,6,3,-3
,033_rbc_13598140_20260712190000_seg_00613,033_rbc_13598140_20260712190000,SPEAKER_01,2808.56,2813.04,4.48,success,家にはついていかないですよ、気をつけてくださいよ、大都会にいますからね。,success,木にはついていかないですよ、気をつけてくださいよ、大都会にいますからね。,False,36,36,0
,033_rbc_13598140_20260712190000_seg_00614,033_rbc_13598140_20260712190000,SPEAKER_02,2814.08,2815.44,1.36,success,わからないからついつい。,success,分からないからついつい。,False,12,12,0
,033_rbc_13598140_20260712190000_seg_00615,033_rbc_13598140_20260712190000,SPEAKER_01,2817.44,2820.0,2.56,success,3000円ばっきりでとか言われてもな。,success,3000円ぽっきりでとか言われてもな。,False,19,19,0
,033_rbc_13598140_20260712190000_seg_00616,033_rbc_13598140_20260712190000,SPEAKER_01,2820.56,2823.2,2.64,success,座っただけでいくらとか、お水がいくらね。,success,座っただけでいくらとかお水がいくらね。,False,20,19,-1
,033_rbc_13598140_20260712190000_seg_00617,033_rbc_13598140_20260712190000,SPEAKER_01,2823.6,2825.92,2.32,success,なんとかいくらとかね、訳分からんな。,success,十何とかいくらとかね訳分からんなあ。,False,18,18,0
,033_rbc_13598140_20260712190000_seg_00618,033_rbc_13598140_20260712190000,SPEAKER_02,2826.0,2826.64,0.64,success,プラスプラス。,success,プラスプラス。,True,7,7,0
,033_rbc_13598140_20260712190000_seg_00619,033_rbc_13598140_20260712190000,SPEAKER_01,2828.56,2829.52,0.96,success,足ですよね。,success,足ですよね。,True,6,6,0
,033_rbc_13598140_20260712190000_seg_00620,033_rbc_13598140_20260712190000,SPEAKER_01,2829.76,2837.2,7.44,success,薄暗くて見えないからみたいな、そんなのをユーチューブでね、ぼったくりバーをなんか摘発してるのとかありますけど、本当はあるらしいですからね。,success,薄暗くて見えないからみたいなそんなのをyoutubeでぼったくりバーを何か摘発してるのとかありますけどほんとあるらしいですからね。,False,69,65,-4
,033_rbc_13598140_20260712190000_seg_00621,033_rbc_13598140_20260712190000,SPEAKER_01,2838.0,2839.28,1.28,success,沖縄にもあるらしいですけどね。,success,沖縄にもあるらしいですけどね。,True,15,15,0
,033_rbc_13598140_20260712190000_seg_00622,033_rbc_13598140_20260712190000,SPEAKER_01,2841.36,2842.16,0.8,success,きますよ。,success,いきますよ。,False,5,6,1
,033_rbc_13598140_20260712190000_seg_00623,033_rbc_13598140_20260712190000,SPEAKER_02,2843.44,2844.96,1.52,success,もう厳重注意ですね。,success,もう厳重注意ですね。,True,10,10,0
,033_rbc_13598140_20260712190000_seg_00624,033_rbc_13598140_20260712190000,SPEAKER_01,2845.52,2847.04,1.52,success,会ったことはないですけど、はいはい。,success,会ったことはないですけど、はいはい。,True,18,18,0
,033_rbc_13598140_20260712190000_seg_00625,033_rbc_13598140_20260712190000,SPEAKER_02,2848.8,2853.28,4.48,success,菅舎さんがね、いろいろとお酒の失敗の代表的なね。,success,感謝さんがねいろいろとお酒の失敗の代表的なね。,False,24,23,-1
,033_rbc_13598140_20260712190000_seg_00626,033_rbc_13598140_20260712190000,SPEAKER_02,2853.68,2862.64,8.96,success,ものいっぱい、暴言とか、ズボン下ろして寝たとかね、記憶なくしたとか、いろいろありますけど、こういうのはあるあるですね。,success,ものいっぱい暴言とかズボンを下ろして寝たとかね記憶なくしたとかいろいろありますけどこういうのはあるあるですねはい。,False,59,57,-2
,033_rbc_13598140_20260712190000_seg_00627,033_rbc_13598140_20260712190000,SPEAKER_01,2862.64,2875.36,12.72,success,僕も本当にもう、寝たとかもありますしね、車の中でね、車で寝てしまってたら、もう暑すぎて起きたらね。,success,僕も本当にもう、寝たとかもありますしね、もう車の中でね、車で寝てしまってたら、もう暑すぎて起きたらね。,False,49,51,2
,033_rbc_13598140_20260712190000_seg_00628,033_rbc_13598140_20260712190000,SPEAKER_01,2876.32,2889.28,12.96,success,訳分からんとかさもいっぱいありますけどね、僕、酔っ払って後輩連れて歩いてて、最近は昔はラーメンとかで締めてたんですけど、もう酔っ払い過ぎて、ラーメンのあとに、ああ、もう一軒行くよって、そば屋行ってたって言って。,success,訳分からんとかさいっぱいありますけどね、僕、酔っ払って後輩連れて歩いてて、最近は昔はラーメンとかで締めてたんですけど、もう酔っ払いすぎて、ラーメンのあとに、ああ、もう一軒行くよって、そば屋行ってたって言って。,False,105,104,-1
,033_rbc_13598140_20260712190000_seg_00629,033_rbc_13598140_20260712190000,SPEAKER_01,2890.24,2897.44,7.2,success,後輩も何も言えんから、そばも食べてって、でもやっぱ、おなか食べて、そばで、なんか箸で上げたり下げたりして。,success,後輩も何も言えんからそばも食べてってでもやっぱおなか食べてそばでこの箸で上げたり下げたりして。,False,53,47,-6
,033_rbc_13598140_20260712190000_seg_00630,033_rbc_13598140_20260712190000,SPEAKER_02,2899.52,2901.2,1.68,success,人のオブジェみたいなあの。,success,人のオブジェみたいな。,False,13,11,-2
,033_rbc_13598140_20260712190000_seg_00631,033_rbc_13598140_20260712190000,SPEAKER_01,2902.16,2908.48,6.32,success,もう1軒行くよって言ったら、いやいや、ややもう、いや、寝るよって言ったら、その日の1軒目に行ったすし屋にまた行ってた。,success,もう一軒行くよって言ったらいやいやもうと思っていや寝るよって言ったらその日の1軒目に行ったすし屋にまた行ってた。,False,59,56,-3
,033_rbc_13598140_20260712190000_seg_00632,033_rbc_13598140_20260712190000,SPEAKER_01,2909.52,2911.84,2.32,success,先生、こっち来ましたよって、行ってない、行ってない、言ってない。,success,先生こっち来ましたよって言ってない言ってない言うてない。,False,32,28,-4
,033_rbc_13598140_20260712190000_seg_00633,033_rbc_13598140_20260712190000,SPEAKER_01,2913.44,2915.04,1.6,success,もうあんなこと絶対できないけどな。,success,もうあんなこと絶対できないけどな。,True,17,17,0
,033_rbc_13598140_20260712190000_seg_00634,033_rbc_13598140_20260712190000,SPEAKER_02,2915.52,2916.16,0.64,success,食べさせといて。,success,ベストセット行って。,False,8,10,2
,033_rbc_13598140_20260712190000_seg_00635,033_rbc_13598140_20260712190000,SPEAKER_01,2918.56,2919.76,1.2,success,でしょうねうん。,success,でしょうねうん。,True,8,8,0
,033_rbc_13598140_20260712190000_seg_00636,033_rbc_13598140_20260712190000,SPEAKER_01,2920.32,2926.16,5.84,success,もうそんなことできませんけどね、隊長も、続いて向町ナンバー67番、グッチ直奈さん、来てますね。,success,もうそんなことできませんけどね、隊長も、はいさあ、続いて向町ナンバー67番、グッチ直奈さん、来てますね。,False,47,52,5
,033_rbc_13598140_20260712190000_seg_00637,033_rbc_13598140_20260712190000,SPEAKER_01,2926.8,2929.44,2.64,success,しんちゃんさんの輔さん亮太さんこんばんは。,success,信ちゃんさん春之助さん亮太さんこんばんは。,False,21,21,0
,033_rbc_13598140_20260712190000_seg_00638,033_rbc_13598140_20260712190000,SPEAKER_01,2929.84,2938.08,8.24,success,酒の場での失敗ランキングですが、第1位、無礼講を信じてしまったです、ああきょう、無礼講だからね。,success,酒の場での失敗ランキングですが第1位無礼講を信じてしまったです。,False,48,32,-16
,033_rbc_13598140_20260712190000_seg_00639,033_rbc_13598140_20260712190000,SPEAKER_02,2938.24,2938.96,0.72,success,はいはい。,success,はいはい。,True,5,5,0
,033_rbc_13598140_20260712190000_seg_00640,033_rbc_13598140_20260712190000,SPEAKER_01,2939.12,2950.88,11.76,success,社会人1年目の忘年会で校長先生が、校長が、きょうは無礼講だから、楽しく飲もうとあいさつしたのを真に受け、校長と肩を組んで乾杯したり。,success,社会人1年目の忘年会で校長先生が校長が今日は無礼講だから楽しく飲もうと挨拶したのを真に受け校長と肩を組んで乾杯したり。,False,66,59,-7
,033_rbc_13598140_20260712190000_seg_00641,033_rbc_13598140_20260712190000,SPEAKER_01,2951.52,2996.24,44.72,success,校長校長だけに今日の挨拶は絶好調でしたねなどと悪態をついてしまいましたでも校長は怒ることなくまた俺をクビにすることもなく翌日僕を優しく諭してくれましたその温情に応えるべく今でも同じ職場で頑張っているのでこの順位としました第2位と4位は同率で財布をなくす眼鏡をなくすそして支払いをせず帰ってしまったですいずれも酒の場あるあるですのでこの順位としましたそして栄えある第5位栄えあるかな20年ぐらい前那覇の居酒屋でしんちゃんさんをお見かけしましたが声かけをしなかったですああ。,success,校長校長だけに今日の挨拶は絶好調でしたねなどと悪態をついてしまいましたでも校長は怒ることなくまた俺をクビにすることもなく翌日僕を優しく諭してくれましたその温情に応えるべく今でも同じ職場で頑張っているのでこの順位としました第2位と4位は同率で財布をなくす眼鏡をなくすそして支払いをせず帰ってしまったですいずれも酒の場あるあるですのでこの順位としましたそして栄えある第5位栄えあるかな20年ぐらい前那覇の居酒屋でしんちゃんさんをお見かけしましたが声かけをしなかったですああよかった。,False,235,239,4
,033_rbc_13598140_20260712190000_seg_00642,033_rbc_13598140_20260712190000,SPEAKER_01,2998.24,3024.8,26.56,success,そこで俺が暴言を吐いたとかじゃないよねしんちゃんさんは居酒屋でお見かけしましたが内気でシャイな僕は声かけできませんでしたあのとき声かけしていればメールのネタになっていたのにと今となっては後悔してるのでこの順位としましたちなみにしんちゃんさんは女性陣とではなく男性陣と楽しそうに飲んでましたよということで20年ぐらい前とじゃあこのあとに俺が多分そば食べてラーメン食べてすし屋行ったんでしょうね。,success,そこで俺が暴言を吐いたとかじゃないよねしんちゃんさんは居酒屋でお見かけしましたが内気でシャイな僕は声かけできませんでしたあのとき声かけしていればメールのネタになっていたのにと今となっては後悔しているのでこの順位としましたちなみにしんちゃんさんは女性陣とではなく男性陣と楽しそうに飲んでましたよということで20年ぐらい前とじゃあこのあとに俺が多分そば食べてラーメン食べてすし屋行ったんでしょうね。,False,196,197,1
,033_rbc_13598140_20260712190000_seg_00643,033_rbc_13598140_20260712190000,SPEAKER_02,3024.96,3028.4,3.44,success,巡り巡るなあ。,success,武器だったんだ巡り巡るなあ。,False,7,14,7
,033_rbc_13598140_20260712190000_seg_00644,033_rbc_13598140_20260712190000,SPEAKER_01,3028.48,3040.08,11.6,success,つながったかもしれませんね、どんなかな、前も話したけど、俺は酒飲んでというか、ノンアルコールビール5、6本飲んで司会して、台本を読んだっていうのもありますから。,success,つながったかもしれませんね、どんなかな、前も話したけど、俺は酒飲んでというか、ノンアルコールビール5、6本飲んで司会して、台本を読んだっていうのもありますから。,True,80,80,0
,033_rbc_13598140_20260712190000_seg_00645,033_rbc_13598140_20260712190000,SPEAKER_01,3041.44,3042.24,0.8,success,犬やって。,success,犬やって。,True,5,5,0
,033_rbc_13598140_20260712190000_seg_00646,033_rbc_13598140_20260712190000,SPEAKER_01,3042.64,3044.48,1.84,success,もうあれですかね、酒の失敗ですかね。,success,もうあれですかね酒の失敗ですかね。,False,18,17,-1
,033_rbc_13598140_20260712190000_seg_00647,033_rbc_13598140_20260712190000,SPEAKER_02,3045.76,3046.48,0.72,success,ではないけど。,success,ではないけど。,True,7,7,0
,033_rbc_13598140_20260712190000_seg_00648,033_rbc_13598140_20260712190000,SPEAKER_01,3046.72,3052.4,5.68,success,酒っていうのに飲んではいけないっていうのに取りつかれた代行を呼んだっていう失敗ですよね、だって。,success,酒っていうのに飲んではいけないっていうのに取りつかれた第九を詠んだっていう失敗ですよね。,False,48,44,-4
,033_rbc_13598140_20260712190000_seg_00649,033_rbc_13598140_20260712190000,SPEAKER_01,3053.28,3054.0,0.72,success,まあね。,success,まあね。,True,4,4,0
,033_rbc_13598140_20260712190000_seg_00650,033_rbc_13598140_20260712190000,SPEAKER_02,3054.8,3055.36,0.56,success,それそれで。,success,それはそれでいい。,False,6,9,3
,033_rbc_13598140_20260712190000_seg_00651,033_rbc_13598140_20260712190000,SPEAKER_02,3055.6,3056.32,0.72,success,気付いたって。,success,途中で気付いたって。,False,7,10,3
,033_rbc_13598140_20260712190000_seg_00652,033_rbc_13598140_20260712190000,SPEAKER_01,3056.8,3060.8,4.0,success,いや、あっと思って、キャンセルしようとしたら、もう近く来てますよって言って、言われて。,success,いやあっ!と思ってキャンセルしようとしたらもう近く来てますよって言ってよ。,False,43,37,-6
,033_rbc_13598140_20260712190000_seg_00653,033_rbc_13598140_20260712190000,SPEAKER_02,3060.88,3063.84,2.96,success,じゃあ、もうそれで帰りますって言って、もう寄ったふりして。,success,じゃあもうそれで帰りますって言って寄ったふりして。,False,29,25,-4
,033_rbc_13598140_20260712190000_seg_00654,033_rbc_13598140_20260712190000,SPEAKER_01,3066.0,3066.56,0.56,success,うわ!,success,バイバイ!,False,3,5,2
,033_rbc_13598140_20260712190000_seg_00655,033_rbc_13598140_20260712190000,SPEAKER_02,3066.56,3067.36,0.8,success,アハハハ!,success,アハハハ!,True,5,5,0
,033_rbc_13598140_20260712190000_seg_00656,033_rbc_13598140_20260712190000,SPEAKER_01,3069.12,3088.08,18.96,success,世界一のむだづかいと思いましたけどね、趣里君は、でも僕は何回かしか首里と飲んだりとかしないけど、笑い、重厚にもなるし、明るくなるから、あんまりなんか、熱くなってるところは、俺の前ではね、たぶん見せることはないと思うけど、そんなけんかしたりしない人でしょ。,success,世界一のむだづかいと思いましたけどね、趣里君は、でも僕は何回かしか首里と飲んだりとかしないけど、笑い重厚にもなるし、明るくなるから、あんまりなんか、熱くなってるところは、俺の前ではね、たぶん見せることはないと思うけど、そんなけんかしたりしない人でしょ。,False,127,126,-1
,033_rbc_13598140_20260712190000_seg_00657,033_rbc_13598140_20260712190000,SPEAKER_02,3088.08,3088.72,0.64,success,そうです。,success,そうですね。,False,5,6,1
,033_rbc_13598140_20260712190000_seg_00658,033_rbc_13598140_20260712190000,SPEAKER_01,3089.44,3092.72,3.28,success,基本、楽しく飲んでるような気がしますけどもね。,success,基本楽しく飲んでるような気がしますけれどもね。,False,23,23,0
,033_rbc_13598140_20260712190000_seg_00659,033_rbc_13598140_20260712190000,SPEAKER_02,3092.72,3093.36,0.64,success,こう。,success,ゴー!,False,3,3,0
,033_rbc_13598140_20260712190000_seg_00660,033_rbc_13598140_20260712190000,SPEAKER_02,3094.48,3095.2,0.72,success,きんはもう。,success,君はもう。,False,6,5,-1
,033_rbc_13598140_20260712190000_seg_00661,033_rbc_13598140_20260712190000,SPEAKER_02,3095.52,3098.48,2.96,success,飲んだらもうウィアーザワールドを歌うっていうのがちょっと苦しみました。,success,飲んだらもうウィアーザワールドを歌うっていうのがちょっと苦しくなって。,False,35,35,0
,033_rbc_13598140_20260712190000_seg_00662,033_rbc_13598140_20260712190000,SPEAKER_02,3101.68,3102.24,0.56,success,ハハハハ!,success,ハハハハ!,True,5,5,0
,033_rbc_13598140_20260712190000_seg_00663,033_rbc_13598140_20260712190000,SPEAKER_02,3104.64,3106.96,2.32,success,周りにお前またウィアーさんワールド歌ってるよ俺。,success,そしたら周りにお前またウィアーズワールド歌ってるよとか。,False,24,28,4
,033_rbc_13598140_20260712190000_seg_00664,033_rbc_13598140_20260712190000,SPEAKER_01,3108.96,3111.12,2.16,success,何かもうそんな胸中なんだ。,success,何かもうそんな胸中なんだ。,True,13,13,0
,033_rbc_13598140_20260712190000_seg_00665,033_rbc_13598140_20260712190000,SPEAKER_01,3111.76,3112.8,1.04,success,お手と手を合わせてみて。,success,手と手を合わせておいて。,False,12,12,0
,033_rbc_13598140_20260712190000_seg_00666,033_rbc_13598140_20260712190000,SPEAKER_01,3113.6,3114.32,0.72,success,人でへえ。,success,ストレッチャー。,False,5,8,3
,033_rbc_13598140_20260712190000_seg_00667,033_rbc_13598140_20260712190000,SPEAKER_02,3114.72,3115.36,0.64,success,今、ちょっと。,success,今この。,False,7,4,-3
,033_rbc_13598140_20260712190000_seg_00668,033_rbc_13598140_20260712190000,SPEAKER_02,3115.92,3116.48,0.56,success,いろんな。,success,でいろんな。,False,5,6,1
,033_rbc_13598140_20260712190000_seg_00669,033_rbc_13598140_20260712190000,SPEAKER_01,3117.92,3123.6,5.68,success,外国人の方もいるから、もうウィアーズワールドなってきたんだろうな、ほいで、もう中さん、銃選手1人でももうジューサーやな。,success,外国人の方もいるからウィアーズワールドなってきたんだろうな俺でももうジューサーも女選手一人でももうジューサーやな。,False,60,57,-3
,033_rbc_13598140_20260712190000_seg_00670,033_rbc_13598140_20260712190000,SPEAKER_01,3124.16,3125.84,1.68,success,あら大変だ。,success,あら大変だ。,True,6,6,0
,033_rbc_13598140_20260712190000_seg_00671,033_rbc_13598140_20260712190000,SPEAKER_01,3126.4,3128.32,1.92,success,いろんな方々、うまく動けるからな。,success,いろんな方々がうまくいけるからな。,False,17,17,0
,033_rbc_13598140_20260712190000_seg_00672,033_rbc_13598140_20260712190000,SPEAKER_01,3129.28,3130.48,1.2,success,止められないよ、もうね。,success,止められないよもうね。,False,12,11,-1
,033_rbc_13598140_20260712190000_seg_00673,033_rbc_13598140_20260712190000,SPEAKER_02,3130.8,3131.68,0.88,success,考えたらウィアーズもある。,success,考えたらウィーアーズもある。,False,13,14,1
,033_rbc_13598140_20260712190000_seg_00674,033_rbc_13598140_20260712190000,SPEAKER_01,3133.68,3135.6,1.92,success,沖縄の個性派をそろえてますから。,success,沖縄のね個性派をそろえてますから。,False,16,17,1
,033_rbc_13598140_20260712190000_seg_00675,033_rbc_13598140_20260712190000,SPEAKER_02,3136.8,3137.6,0.8,success,より取り見取りで。,success,もうより取り見取りで。,False,9,11,2
,033_rbc_13598140_20260712190000_seg_00676,033_rbc_13598140_20260712190000,SPEAKER_01,3140.64,3142.0,1.36,success,まとまらんよね。,success,まとまらんよね。,True,8,8,0
,033_rbc_13598140_20260712190000_seg_00677,033_rbc_13598140_20260712190000,SPEAKER_01,3142.96,3145.76,2.8,success,それぞれで個の強さを発揮したい。,success,それぞれで個の強さを発揮したい。,True,16,16,0
,033_rbc_13598140_20260712190000_seg_00678,033_rbc_13598140_20260712190000,SPEAKER_02,3146.32,3146.88,0.56,success,よし。,success,うそあるよ。,False,3,6,3
,033_rbc_13598140_20260712190000_seg_00679,033_rbc_13598140_20260712190000,SPEAKER_02,3147.68,3148.72,1.04,success,やめてよ。,success,神崎をやめよう。,False,5,8,3
,033_rbc_13598140_20260712190000_seg_00680,033_rbc_13598140_20260712190000,SPEAKER_02,3150.16,3151.52,1.36,success,ストライカーとエゴイストまみれ。,success,ストライカーとエゴイストまみれ。,True,16,16,0
,033_rbc_13598140_20260712190000_seg_00681,033_rbc_13598140_20260712190000,SPEAKER_01,3152.56,3153.68,1.12,success,俺にボール俺にボール。,success,俺にボール俺にボール!,False,11,11,0
,033_rbc_13598140_20260712190000_seg_00682,033_rbc_13598140_20260712190000,SPEAKER_01,3154.88,3155.6,0.72,success,あんまキーパーしない。,success,あんまキーパーしない。,True,11,11,0
,033_rbc_13598140_20260712190000_seg_00683,033_rbc_13598140_20260712190000,SPEAKER_01,3158.4,3159.2,0.8,success,アンゴルの一杯。,success,モンゴルの一杯。,False,8,8,0
,033_rbc_13598140_20260712190000_seg_00684,033_rbc_13598140_20260712190000,SPEAKER_02,3162.88,3165.52,2.64,success,誰か鈴木選手ちょうだいザイオンちょうだい!,success,誰か鈴木選手ちょうだいジャイアンちょうだい!,False,21,22,1
,033_rbc_13598140_20260712190000_seg_00685,033_rbc_13598140_20260712190000,SPEAKER_01,3167.68,3170.24,2.56,success,本当よな、まあまあまあ、はい。,success,本当やなまあまあまあはい。,False,15,13,-2
,033_rbc_13598140_20260712190000_seg_00686,033_rbc_13598140_20260712190000,SPEAKER_02,3171.52,3186.0,14.48,success,しんちゃんさん主倫之介さんこんばんは木パチno20番味噌煮込みすきです酒の場での失敗エピソード1位力尽きて駐車場で寝てしまった上に勝手に自宅に帰った。,success,ラストっすかねしんちゃんさん主倫之介さんこんばんは木パチno20番味噌煮込みすきです酒の場での失敗エピソード1位力尽きて駐車場で寝てしまった上に勝手に自宅に帰った。,False,75,82,7
,033_rbc_13598140_20260712190000_seg_00687,033_rbc_13598140_20260712190000,SPEAKER_02,3186.48,3193.52,7.04,success,2位、ノリノリでステージでチェッカーズの涙のリクエストを全力で踊った。,success,2位ノリノリでステージでチェッカーズの涙のリクエストを全力で踊った。,False,35,34,-1
,033_rbc_13598140_20260712190000_seg_00688,033_rbc_13598140_20260712190000,SPEAKER_02,3193.84,3203.2,9.36,success,いろいろありますが、だんだん恥ずかしくなったので、5位だけ、上司に焼き肉を焼かせて、私は食べる役になってた、焼きジョークだったから許してくれますかねと。,success,いろいろありますがだんだん恥ずかしくなったので語 ?? だけ上司に焼き肉を焼かせて私は食べる役になってた焼きジョークだったから許してくれますかねと。,False,76,74,-2
,033_rbc_13598140_20260712190000_seg_00689,033_rbc_13598140_20260712190000,SPEAKER_01,3203.36,3204.96,1.6,success,それまで大丈夫、よかったんじゃない。,success,それまで大丈夫よかったんじゃないですか?,False,18,20,2
,033_rbc_13598140_20260712190000_seg_00690,033_rbc_13598140_20260712190000,SPEAKER_01,3207.04,3208.4,1.36,success,おおたまにはみたいなな。,success,おおたまにはみたいなな。,True,12,12,0
,033_rbc_13598140_20260712190000_seg_00691,033_rbc_13598140_20260712190000,SPEAKER_02,3208.48,3209.28,0.8,success,後輩の。,success,後輩の。,True,4,4,0
,033_rbc_13598140_20260712190000_seg_00692,033_rbc_13598140_20260712190000,SPEAKER_02,3210.64,3212.48,1.84,success,女性がこんなんばんばん食べてくれたら。,success,女性がこんなんばんばん食べてくれたら。,True,19,19,0
,033_rbc_13598140_20260712190000_seg_00693,033_rbc_13598140_20260712190000,SPEAKER_02,3212.88,3213.76,0.88,success,先輩からしたらかわいい。,success,先輩からしたらかわいいな。,False,12,13,1
,033_rbc_13598140_20260712190000_seg_00694,033_rbc_13598140_20260712190000,SPEAKER_01,3214.48,3215.36,0.88,success,買ったんじゃないですか?,success,買ったんじゃないですか?,True,12,12,0
,033_rbc_13598140_20260712190000_seg_00695,033_rbc_13598140_20260712190000,SPEAKER_02,3216.48,3223.12,6.64,success,力尽きて、駐車場で寝てしまったうえに、勝手に自宅に帰ったっていうのは、飲み会の途中、抜け出したということなんですかね。,success,力尽きて、駐車場で寝てしまったうえに、勝手に自宅に帰ったっていうのは、飲み会の途中、抜け出したということなんですかね。,True,59,59,0
,033_rbc_13598140_20260712190000_seg_00696,033_rbc_13598140_20260712190000,SPEAKER_01,3224.32,3228.08,3.76,success,戻って、ああ、もうあれだよ、もういいよって、戻らんで、あっ、おうち帰っちゃったとか。,success,戻って、ああ、もうあれだよ、もういいよって戻らんで、あっ、おうち帰っちゃったとか。,False,42,41,-1
,033_rbc_13598140_20260712190000_seg_00697,033_rbc_13598140_20260712190000,SPEAKER_02,3228.08,3229.52,1.44,success,っていうことでしょうね。,success,っていうことでしょうね。,True,12,12,0
,033_rbc_13598140_20260712190000_seg_00698,033_rbc_13598140_20260712190000,SPEAKER_02,3230.16,3230.88,0.72,success,ということで。,success,ということで。,True,7,7,0
,033_rbc_13598140_20260712190000_seg_00699,033_rbc_13598140_20260712190000,SPEAKER_02,3231.2,3234.16,2.96,success,さまざまなエピソードが聞けました。,success,さまざまなエピソードが聞けました。,True,17,17,0
,033_rbc_13598140_20260712190000_seg_00700,033_rbc_13598140_20260712190000,SPEAKER_01,3235.44,3238.96,3.52,success,俺が失敗じゃない、俺、アディダスの臭いって言って、帰り、ナイキになってたということありますけど。,success,俺が失敗じゃないか俺アディダスの靴履いて行って帰りナイキになってたってことありますけど。,False,48,44,-4
,033_rbc_13598140_20260712190000_seg_00701,033_rbc_13598140_20260712190000,SPEAKER_01,3240.88,3242.0,1.12,success,メーカーかおっしゃって。,success,メーカー買わせたぜ。,False,12,10,-2
,033_rbc_13598140_20260712190000_seg_00702,033_rbc_13598140_20260712190000,SPEAKER_01,3243.12,3249.84,6.72,success,俺のせいじゃない、もう俺のを履き間違って行って、どう探しても残ったのがこれなわけや。,success,俺のせいじゃないもう俺のを履き間違って行ってどう探しても残ったのがこれなわけやん。,False,42,41,-1
,033_rbc_13598140_20260712190000_seg_00703,033_rbc_13598140_20260712190000,SPEAKER_01,3250.8,3256.0,5.2,success,俺が履いて人のを持ってったわけじゃないわけさだから居酒屋にさいい感じの靴。,success,俺が履いて人のを持ってったわけじゃないわけさだから居酒屋にさいい感じの靴。,True,37,37,0
,033_rbc_13598140_20260712190000_seg_00704,033_rbc_13598140_20260712190000,SPEAKER_01,3256.24,3257.28,1.04,success,おろしたてとか。,success,おろしたてとか。,True,8,8,0
,033_rbc_13598140_20260712190000_seg_00705,033_rbc_13598140_20260712190000,SPEAKER_01,3257.92,3262.0,4.08,success,買って1週間とか、あんなあんな感じじゃ入っていかんだから、もう島ぞろいでいいよ、皆さん。,success,買って1週間とかあんな感じじゃ入っていかんだからもう島ぞろいでいいよ皆さん。,False,44,38,-6
,033_rbc_13598140_20260712190000_seg_00706,033_rbc_13598140_20260712190000,SPEAKER_01,3262.64,3263.76,1.12,success,んだよもう。,success,でも。,False,6,3,-3
,033_rbc_13598140_20260712190000_seg_00707,033_rbc_13598140_20260712190000,SPEAKER_01,3264.24,3265.36,1.12,success,てきにやられたのか。,success,敵にやられたのか。,False,10,9,-1
,033_rbc_13598140_20260712190000_seg_00708,033_rbc_13598140_20260712190000,SPEAKER_01,3265.76,3268.64,2.88,success,酔っ払った人が似てるからって持っていったのか。,success,酔っ払った人が似てるからって持っていったのか。,True,23,23,0
,033_rbc_13598140_20260712190000_seg_00709,033_rbc_13598140_20260712190000,SPEAKER_02,3268.64,3270.0,1.36,success,形状似てたんすか?,success,形状似てたんですか?,False,9,10,1
,033_rbc_13598140_20260712190000_seg_00710,033_rbc_13598140_20260712190000,SPEAKER_01,3270.0,3270.96,0.96,success,似てた色とかね。,success,似てた色とかね。,True,8,8,0
,033_rbc_13598140_20260712190000_seg_00711,033_rbc_13598140_20260712190000,SPEAKER_02,3272.0,3272.64,0.64,success,じゃあもう。,success,じゃあもう。,True,6,6,0
,033_rbc_13598140_20260712190000_seg_00712,033_rbc_13598140_20260712190000,SPEAKER_02,3272.88,3273.92,1.04,success,ピアスがない期ですから。,success,ピアスがナイキですから。,False,12,12,0
,033_rbc_13598140_20260712190000_seg_00713,033_rbc_13598140_20260712190000,SPEAKER_01,3274.16,3275.44,1.28,success,そうそうそうなんです。,success,そうそうそうなんです。,True,11,11,0
,033_rbc_13598140_20260712190000_seg_00714,033_rbc_13598140_20260712190000,SPEAKER_02,3275.68,3276.4,0.72,success,早かったですよね。,success,早かったですよね。,True,9,9,0
,033_rbc_13598140_20260712190000_seg_00715,033_rbc_13598140_20260712190000,SPEAKER_02,3276.64,3277.36,0.72,success,まだよかったんじゃない?,success,まだよかったんじゃないの?,False,12,13,1
,033_rbc_13598140_20260712190000_seg_00716,033_rbc_13598140_20260712190000,SPEAKER_01,3277.52,3278.32,0.8,success,古かったデージ。,success,いや古かったデージ。,False,8,10,2
,033_rbc_13598140_20260712190000_seg_00717,033_rbc_13598140_20260712190000,SPEAKER_01,3279.68,3281.36,1.68,success,なんか意図的ではあるかもしれない。,success,何か意図的ではあるかもしれない。,False,17,16,-1
,033_rbc_13598140_20260712190000_seg_00718,033_rbc_13598140_20260712190000,SPEAKER_02,3281.36,3282.0,0.64,success,なるほど。,success,なるほど。,True,5,5,0
,033_rbc_13598140_20260712190000_seg_00719,033_rbc_13598140_20260712190000,SPEAKER_01,3282.16,3283.04,0.88,success,そうそうそう。,success,そうそうそう。,True,7,7,0
,033_rbc_13598140_20260712190000_seg_00720,033_rbc_13598140_20260712190000,SPEAKER_02,3284.64,3286.08,1.44,success,もうわらしべ長者的に。,success,もうわらしべ長者的に。,True,11,11,0
,033_rbc_13598140_20260712190000_seg_00721,033_rbc_13598140_20260712190000,SPEAKER_02,3286.64,3288.56,1.92,success,家に新品のスニーカー履いてるやつがいるかもしれない。,success,家に新品のスニーカー履いてるやつがいるかもしれない。,True,26,26,0
,033_rbc_13598140_20260712190000_seg_00722,033_rbc_13598140_20260712190000,SPEAKER_01,3290.48,3292.08,1.6,success,だよな、次はここでみたいな。,success,だよな次はここで言うたら。,False,14,13,-1
,033_rbc_13598140_20260712190000_seg_00723,033_rbc_13598140_20260712190000,SPEAKER_02,3292.32,3293.36,1.04,success,ハハハハハ。,success,ハハハハハ!,False,6,6,0
,033_rbc_13598140_20260712190000_seg_00724,033_rbc_13598140_20260712190000,SPEAKER_01,3294.88,3299.04,4.16,success,やめてくださいよ、お願いします。ということで。,success,やめてくださいよお願いしますということで。,False,23,21,-2
,033_rbc_13598140_20260712190000_seg_00725,033_rbc_13598140_20260712190000,SPEAKER_02,3299.04,3315.979834,16.94,success,来週は毎日でも食べたい大好物ランキングこちら皆さんの語?? 理由を添えてお送りください毎日でも食べたい大好物ランキング宛先は目八マークrbcドットシーオドとjpです以上響け!?,success,来週は毎日でも食べたい大好物ランキングこちら皆さんの語 ?? を理由予想してお送りください毎日でも食べたい大好物ランキング宛先は目八マークrbcドットシーオドとjpです以上響け!?,False,88,90,2
,033_rbc_13598140_20260712190000_seg_00726,033_rbc_13598140_20260712190000,SPEAKER_02,3321.04,3321.92,0.88,success,なあフレッシュカウント。,success,なあフレッシュカズラ。,False,12,11,-1
,033_rbc_13598140_20260712190000_seg_00727,033_rbc_13598140_20260712190000,SPEAKER_02,3322.64,3324.32,1.68,success,リスタートしてください。,success,そしてリスタートしてください。,False,12,15,3
,033_rbc_13598140_20260712190000_seg_00728,033_rbc_13598140_20260712190000,SPEAKER_02,3325.28,3325.84,0.56,success,リさん。,success,兄さん。,False,4,4,0
,033_rbc_13598140_20260712190000_seg_00729,033_rbc_13598140_20260712190000,SPEAKER_02,3330.8,3332.24,1.44,success,僕バッチリハッピース。,success,僕もチハピス。,False,11,7,-4
,033_rbc_13598140_20260712190000_seg_00730,033_rbc_13598140_20260712190000,SPEAKER_02,3333.76,3335.76,2.0,success,首里君、メールアドレスからよろしく。,success,照君メールアドレスからよろしくお願いします。,False,18,22,4
,033_rbc_13598140_20260712190000_seg_00731,033_rbc_13598140_20260712190000,SPEAKER_02,3336.24,3363.499854,27.26,success,メールアドレス木8マークrbcオドとjp英語小文字数字の8でmoku8markrbcオドとjpまでよろしくお願いしますでは紫君お知らせ等あればはいえっと来週の日曜日月曜日東京でライブやってまして7月19日は夕方の5時から新宿早稲田カンカダカフェにて。,success,メールアドレス木8マークrbcオドとjp英語小文字数字の8でmoku8markrbcオドとjpまでよろしくお願いしますでは紫君お知らせ等あればはい来週の日曜日月曜日東京でライブやってまして7月19日は夕方の5時から新宿早稲田カウンカダーカフェにて。,False,125,124,-1
,033_rbc_13598140_20260712190000_seg_00732,033_rbc_13598140_20260712190000,SPEAKER_02,3364.72,3365.419897,0.7,success,4月の20日。,success,4月の20日。,True,7,7,0
,033_rbc_13598140_20260712190000_seg_00733,033_rbc_13598140_20260712190000,SPEAKER_02,3367.059961,3372.619971,5.56,success,6時半から夜の6時半から小岩にあるこだまという場所でポニーテールリボンズさんと。,success,6時半から夜の6時半から小岩にある児玉という場所でポニーテールリボンズさんと。,False,40,39,-1
,033_rbc_13598140_20260712190000_seg_00734,033_rbc_13598140_20260712190000,SPEAKER_02,3373.84,3381.6,7.76,success,やってます、両日、ベンビーさん、noverykiyuさん、あつきにいにしんのすけ、出ますので、ぜひ皆様、ごひいきによろしくお願いします。,success,やってます両日ベンビーさんnoverkyumuさんあつきにいにしんのすけ出ますのでぜひ皆様ごひいきによろしくお願いします。,False,68,61,-7
,033_rbc_13598140_20260712190000_seg_00735,033_rbc_13598140_20260712190000,SPEAKER_01,3382.24,3391.339941,9.1,success,あと僕、7月20日は米原のゆかたまつりというのがありまして3時から8時までなんですけれどもいずれにしても。,success,あと僕7月の20日は米原のゆかたまつりというのがありまして3時から8時までなんですけれどもいずれにしても。,False,53,53,0
,033_rbc_13598140_20260712190000_seg_00736,033_rbc_13598140_20260712190000,SPEAKER_01,3394.48,3397.52,3.04,success,ですもんね、揚がり浜公園かな、あちらはね。,success,ですもんね上浜公園かなあちらはね。,False,21,17,-4
,033_rbc_13598140_20260712190000_seg_00737,033_rbc_13598140_20260712190000,SPEAKER_01,3397.76,3402.37998,4.62,success,横浜公園かな、でやってますので、ぜひよろしくお願いしますと遊びに来てください。,success,中浜公演かなでやってますのでぜひよろしくお願いしますと遊びに来てください。,False,39,37,-2
,033_rbc_13598140_20260712190000_seg_00738,033_rbc_13598140_20260712190000,SPEAKER_01,3404.08,3411.979834,7.9,success,2日もですね、南の森のうみそら公園の所で、芝生広場の所で、那覇青年祭というのがありまして、そこでも司会を。,success,2日もですね南の目のうみそら公園のところで芝生広場のところで那覇青年祭というのがありましてそこでも司会を。,False,53,53,0
,033_rbc_13598140_20260712190000_seg_00739,033_rbc_13598140_20260712190000,SPEAKER_01,3414.16,3416.96,2.8,success,あと9月いろいろな、9月4日だよな淳之介君な。,success,あと9月いろいろな9月4日だよな修之介君な。,False,23,22,-1
,033_rbc_13598140_20260712190000_seg_00740,033_rbc_13598140_20260712190000,SPEAKER_02,3417.76,3421.04,3.28,success,9月の4日が、またしんちゃんさんと。,success,9月の4日がまたしんちゃんさんと。,False,18,17,-1
,033_rbc_13598140_20260712190000_seg_00741,033_rbc_13598140_20260712190000,SPEAKER_02,3423.52,3433.579932,10.06,success,朱莉の好き3人によるbenbeskichibenbeyありのライブがありましてこちらがカンカラカフェでまたあります。,success,シュシュリンの好き3人によるben’beeskichin−benbyありのライブがありましてこちらがカンカラカフェでまたあります。,False,58,65,7
,033_rbc_13598140_20260712190000_seg_00742,033_rbc_13598140_20260712190000,SPEAKER_02,3434.8,3435.68,0.88,success,こうしてカンカラ。,success,ゴーストでカンカラ。,False,9,10,1
,033_rbc_13598140_20260712190000_seg_00743,033_rbc_13598140_20260712190000,SPEAKER_02,3437.2,3444.619971,7.42,success,7時30分開演になってますので夜7時30分開園になってますので9月4日。,success,僕が7時30分開演になってますので夜7時30分開演になってますので9月4日。,False,36,38,2
,033_rbc_13598140_20260712190000_seg_00744,033_rbc_13598140_20260712190000,SPEAKER_02,3446.8,3449.92,3.12,success,便利あり、ぜひ皆様、よろしくお願いします。,success,便利ありぜひ皆様よろしくお願いします。,False,21,19,-2
,033_rbc_13598140_20260712190000_seg_00745,033_rbc_13598140_20260712190000,SPEAKER_01,3450.08,3462.37998,12.3,success,9月4がそれで僕、9月13アパッチのでスタンダップコメディーがあって玉寄君かな、オリオンリーグが主催してあと何名か。,success,お願いしますね、9月4がそれで、僕、9月13、アパッチのでスタンダップコメディーがあって、玉寄君かな、オリオンリーグが主催して、あと何名か。,False,58,70,12
,033_rbc_13598140_20260712190000_seg_00746,033_rbc_13598140_20260712190000,SPEAKER_01,3463.6,3471.499854,7.9,success,あとですね、9月の23日、琉球フェスティバルの司会をします。,success,あとですね、9月の23日、琉球フェスティバルの司会をします。,True,30,30,0
,033_rbc_13598140_20260712190000_seg_00747,033_rbc_13598140_20260712190000,SPEAKER_01,3473.2,3475.819922,2.62,success,こちら、詳しくはpmエージェンシーのホームページをご覧ください。,success,こちら詳しくはpmエージェンシーのホームページをご覧ください。,False,32,31,-1
,033_rbc_13598140_20260712190000_seg_00748,033_rbc_13598140_20260712190000,SPEAKER_01,3477.04,3478.219824,1.18,success,あとこちら、5月23日。,success,あとこちら、5月23日。,True,12,12,0
,033_rbc_13598140_20260712190000_seg_00749,033_rbc_13598140_20260712190000,SPEAKER_01,3485.2,3487.84,2.64,success,どうもよろしくお願いします。,success,どうもよろしくお願いします。,True,14,14,0
,033_rbc_13598140_20260712190000_seg_00750,033_rbc_13598140_20260712190000,SPEAKER_01,3488.24,3490.48,2.24,success,10月には病院に入院してます。,success,10月には病院に入院してます。,True,15,15,0
,033_rbc_13598140_20260712190000_seg_00751,033_rbc_13598140_20260712190000,SPEAKER_01,3492.96,3494.8,1.84,success,告知告知。,success,告知告知。,True,5,5,0
,033_rbc_13598140_20260712190000_seg_00752,033_rbc_13598140_20260712190000,SPEAKER_02,3494.96,3495.6,0.64,success,がんばってください!,success,頑張ってください!,False,10,9,-1
,033_rbc_13598140_20260712190000_seg_00753,033_rbc_13598140_20260712190000,SPEAKER_01,3496.48,3497.52,1.04,success,ありながら頑張ります。,success,やりながら頑張ります。,False,11,11,0
,033_rbc_13598140_20260712190000_seg_00754,033_rbc_13598140_20260712190000,SPEAKER_01,3498.48,3501.36,2.88,success,ということで、もう時間いっぱいでございますね。,success,はいということでもう時間いっぱいでございますね。,False,23,24,1
,033_rbc_13598140_20260712190000_seg_00755,033_rbc_13598140_20260712190000,SPEAKER_01,3503.92,3510.0,6.08,success,はいということでこの番組のお相手は南條市のしんちゃん諏訪真一と。,success,ごひいきによろしくお願いします。ということで、この番組のお相手は、南條氏のしんちゃん、津田真一と。,False,32,49,17
,033_rbc_13598140_20260712190000_seg_00756,033_rbc_13598140_20260712190000,SPEAKER_02,3510.16,3511.92,1.76,success,りのしりのすけでしたしゅりっぽん!,success,しりのしゅりのすけでしたしゅりっぽん!,False,17,19,2
,033_rbc_13598140_20260712190000_seg_00757,033_rbc_13598140_20260712190000,SPEAKER_01,3512.08,3513.259863,1.18,success,日曜夜7時は。,success,日曜夜7時は。,True,7,7,0
,033_rbc_13598140_20260712190000_seg_00758,033_rbc_13598140_20260712190000,SPEAKER_01,3514.48,3515.66001,1.18,success,いいハッピーさんでまた来た!,success,いいハッピーサンデーまたね!,False,14,14,0
,033_rbc_13598140_20260712190000_seg_00759,033_rbc_13598140_20260712190000,SPEAKER_02,3525.76,3526.72,0.96,success,この番組は。,success,この番組は。,True,6,6,0
,033_rbc_13598140_20260712190000_seg_00760,033_rbc_13598140_20260712190000,SPEAKER_02,3527.52,3529.2,1.68,success,今空いてます!,success,今開いてます、ユニオン。,False,7,12,5
,033_rbc_13598140_20260712190000_seg_00761,033_rbc_13598140_20260712190000,SPEAKER_02,3529.92,3534.0,4.08,success,遊べる、学べる、楽しめる、エナジックスポーツワールドサザンヒル。,success,遊べる、学べる、楽しめるエナジックスポーツワールドサザンヒル。,False,32,31,-1
,033_rbc_13598140_20260712190000_seg_00762,033_rbc_13598140_20260712190000,SPEAKER_02,3534.96,3539.04,4.08,success,沖縄のお土産といえば、バーミヤかまぼこの提供でお送りしました。,success,沖縄のお土産といえばバーミヤかまぼこの提供でお送りしました。,False,31,30,-1
,033_rbc_13598140_20260712190000_seg_00763,033_rbc_13598140_20260712190000,SPEAKER_00,3542.8,3543.499854,0.7,success,土曜日宿長。,success,および市区町村。,False,6,8,2
,033_rbc_13598140_20260712190000_seg_00764,033_rbc_13598140_20260712190000,SPEAKER_00,3555.28,3555.979834,0.7,success,どうぞお住みでない。,success,今日がお済みでない。,False,10,10,0
,033_rbc_13598140_20260712190000_seg_00765,033_rbc_13598140_20260712190000,SPEAKER_03,3578.8,3579.92,1.12,success,ホームページをチェック。,success,ホームページをチェック。,True,12,12,0
,033_rbc_13598140_20260712190000_seg_00766,033_rbc_13598140_20260712190000,SPEAKER_02,3595.12,3595.76,0.64,success,はいラジオ。,success,iラジオ。,False,6,5,-1
,033_rbc_13598140_20260712190000_seg_00767,033_rbc_13598140_20260712190000,SPEAKER_03,3596.48,3598.08,1.6,success,8時をお伝えします。,success,8時をお伝えします。,True,10,10,0
