segment_index,segment_id,target_id,speaker,start_sec,end_sec,duration_sec,parakeet_exact_status,parakeet_exact_text,parakeet_context2_status,parakeet_context2_text,texts_match,exact_chars,context2_chars,char_diff
,016_ibs_13555969_20260713220000_seg_00000,016_ibs_13555969_20260713220000,SPEAKER_00,3.44,6.32,2.88,success,京都出身の松岡です。,success,京都出身の松岡です。,True,10,10,0
,016_ibs_13555969_20260713220000_seg_00001,016_ibs_13555969_20260713220000,SPEAKER_00,6.72,8.88,2.16,success,お前らいつまでもいつまでも。,success,お前らいつまでもいつまでも。,True,14,14,0
,016_ibs_13555969_20260713220000_seg_00002,016_ibs_13555969_20260713220000,SPEAKER_00,9.44,13.12,3.68,success,調子に乗ってんじゃねえかなどういうことなの?,success,いつまでもいつまでも調子に乗ってんじゃねえかんなどういうことなの?,False,22,33,11
,016_ibs_13555969_20260713220000_seg_00003,016_ibs_13555969_20260713220000,SPEAKER_00,14.32,16.4,2.08,success,今日赤プルさんが。,success,今日赤プルさんが。,True,9,9,0
,016_ibs_13555969_20260713220000_seg_00004,016_ibs_13555969_20260713220000,SPEAKER_00,16.8,18.16,1.36,success,鈴木奈々ちゃんと。,success,赤プルさんが鈴木奈々ちゃんと。,False,9,15,6
,016_ibs_13555969_20260713220000_seg_00005,016_ibs_13555969_20260713220000,SPEAKER_00,18.8,19.6,0.8,success,同じ。,success,鈴木奈々ちゃんと同じ。,False,3,11,8
,016_ibs_13555969_20260713220000_seg_00006,016_ibs_13555969_20260713220000,SPEAKER_00,20.16,22.32,2.16,success,美容院に行って髪を切ってきました。,success,同じ美容院に行って髪を切ってきました。,False,17,19,2
,016_ibs_13555969_20260713220000_seg_00007,016_ibs_13555969_20260713220000,SPEAKER_00,22.96,29.68,6.72,success,なんか奈々ちゃんにここで切ると仕事が増えるって言って行ったらしいんですけど、その料金がおかしくて。,success,髪を切ってきました、なんか奈々ちゃんにここで切ると仕事が増えるって言って行ったらしいんですけど、その料金がおかしくて。,False,49,59,10
,016_ibs_13555969_20260713220000_seg_00008,016_ibs_13555969_20260713220000,SPEAKER_00,30.72,36.0,5.28,success,10円でしたさてこの10円は何なんだろう?,success,円がおかしくて、1万10円でした、さて、この10円は何なんだろう。,False,21,33,12
,016_ibs_13555969_20260713220000_seg_00009,016_ibs_13555969_20260713220000,SPEAKER_00,36.72,38.0,1.28,success,おめえらいつまでもいつまでも。,success,何なんだろうおめえらいつまでもいつまでも。,False,15,21,6
,016_ibs_13555969_20260713220000_seg_00010,016_ibs_13555969_20260713220000,SPEAKER_01,42.56,44.48,1.92,success,この謎はこの番組が終わる。,success,イエーイこの謎はこの番組が終わるまで解けます。,False,13,23,10
,016_ibs_13555969_20260713220000_seg_00011,016_ibs_13555969_20260713220000,SPEAKER_00,46.0,46.88,0.88,success,10円って?,success,番組が終わるまでに解けるでしょうか?,False,6,18,12
,016_ibs_13555969_20260713220000_seg_00012,016_ibs_13555969_20260713220000,SPEAKER_01,47.44,52.16,4.72,success,教えて下さい!ということで今夜はね短縮放送になります。,success,誰か教えて下さい。ということで今夜はね短縮放送になります。,False,27,29,2
,016_ibs_13555969_20260713220000_seg_00013,016_ibs_13555969_20260713220000,SPEAKER_01,52.96,61.52,8.56,success,濃縮でやっていきたいと思いますということで今夜はあっそれでは張り切ってまいりましょう一緒によろしくお願いします今夜はラッキーナイトアカプルー!,success,放送になりますので濃縮でやっていきたいと思いますということで今夜はあっそれでは張り切ってまいりましょう一緒によろしくお願いします今夜はラッキーナイトアカプルー!,False,71,80,9
,016_ibs_13555969_20260713220000_seg_00014,016_ibs_13555969_20260713220000,SPEAKER_01,85.84,86.540003,0.7,success,月曜日夜。,success,月曜日夜。,True,5,5,0
,016_ibs_13555969_20260713220000_seg_00015,016_ibs_13555969_20260713220000,SPEAKER_01,91.6,93.260001,1.66,success,いつまでもいつまでも調子に乗って苦手な!,success,いつまでもいつまでも調子に乗って逃げんな!,False,20,21,1
,016_ibs_13555969_20260713220000_seg_00016,016_ibs_13555969_20260713220000,SPEAKER_01,97.300001,97.92,0.62,success,スタジオから。,success,1スタジオから。,False,7,8,1
,016_ibs_13555969_20260713220000_seg_00017,016_ibs_13555969_20260713220000,SPEAKER_01,98.56,99.980002,1.42,success,はい、生放送でお届けしています。,success,スタジオから生放送でお届けしています。,False,16,19,3
,016_ibs_13555969_20260713220000_seg_00018,016_ibs_13555969_20260713220000,SPEAKER_01,102.16,103.44,1.28,success,あのバレてるから大丈夫です。,success,あのバレてるから大丈夫です。,True,14,14,0
,016_ibs_13555969_20260713220000_seg_00019,016_ibs_13555969_20260713220000,SPEAKER_01,103.92,108.88,4.96,success,今月のパートナーは、もう私よりも主役をいく、もう相方の松岡さんが。,success,ばれてるから大丈夫です、大丈夫です、今月のパートナーは、もう私よりも主役をいく、もう相方の松岡さんが。,False,33,51,18
,016_ibs_13555969_20260713220000_seg_00020,016_ibs_13555969_20260713220000,SPEAKER_01,110.56,111.500002,0.94,success,登場しております。,success,張り切って登場しております。,False,9,14,5
,016_ibs_13555969_20260713220000_seg_00021,016_ibs_13555969_20260713220000,SPEAKER_00,113.140001,115.820002,2.68,success,さあ何かこう毎週仕事があるっていいじゃないですか。,success,さ何かこう毎週仕事があるっていいよね。,False,25,19,-6
,016_ibs_13555969_20260713220000_seg_00022,016_ibs_13555969_20260713220000,SPEAKER_00,122.48,123.980002,1.5,success,なんかちょっとね、思うよね。,success,何かちょっとね思うよね。,False,14,12,-2
,016_ibs_13555969_20260713220000_seg_00023,016_ibs_13555969_20260713220000,SPEAKER_01,132.339998,133.099989,0.76,success,先輩芸人。,success,まあ先輩芸人なんで。,False,5,10,5
,016_ibs_13555969_20260713220000_seg_00024,016_ibs_13555969_20260713220000,SPEAKER_01,134.8,139.76,4.96,success,捕まって次の方が亡くなって、陰でデスノートと呼ばれていて、そして今、ウーバーイーツというね。,success,ゲイになって捕まって次の館亡くなって陰でデスノートと呼ばれていてそして今ウーバーイーツというね。,False,46,48,2
,016_ibs_13555969_20260713220000_seg_00025,016_ibs_13555969_20260713220000,SPEAKER_01,140.88,142.699995,1.82,success,ってことを一生懸命やってお笑いよりも大きい。,success,ウーバーイーツというね、お仕事を一生懸命やって、お笑いよりもお笑い。,False,22,34,12
,016_ibs_13555969_20260713220000_seg_00026,016_ibs_13555969_20260713220000,SPEAKER_00,144.88,146.539992,1.66,success,最近はね、陰でデスの音じゃなくてね。,success,最近はね陰でデスの音じゃなくてね。,False,18,17,-1
,016_ibs_13555969_20260713220000_seg_00027,016_ibs_13555969_20260713220000,SPEAKER_00,148.179994,150.56,2.38,success,角都って言われてるから、大丈夫ですよ。,success,だってね、角戸って言われてるから、大丈夫ですよ。,False,19,24,5
,016_ibs_13555969_20260713220000_seg_00028,016_ibs_13555969_20260713220000,SPEAKER_01,150.72,152.299994,1.58,success,まあちょっとでもね最近は服装。,success,ちょっとでもね、最近は服装。,False,15,14,-1
,016_ibs_13555969_20260713220000_seg_00029,016_ibs_13555969_20260713220000,SPEAKER_01,154.0,155.04,1.04,success,ちゃんと呼ばれてますから、私。,success,伊達さんって呼ばれてますから私。,False,15,16,1
,016_ibs_13555969_20260713220000_seg_00030,016_ibs_13555969_20260713220000,SPEAKER_00,158.739992,160.48,1.74,success,皆さん、サッカーの時間に来ましたよ。,success,皆さんサッカーの時間に来ましたよ。,False,18,17,-1
,016_ibs_13555969_20260713220000_seg_00031,016_ibs_13555969_20260713220000,SPEAKER_01,162.48,163.36,0.88,success,はいはいはいはいはいはいはい。,success,わっ出た!,False,15,5,-10
,016_ibs_13555969_20260713220000_seg_00032,016_ibs_13555969_20260713220000,SPEAKER_01,167.76,168.48,0.72,success,まっいっか。,success,まっいっか。,True,6,6,0
,016_ibs_13555969_20260713220000_seg_00033,016_ibs_13555969_20260713220000,SPEAKER_00,174.16,176.299994,2.14,success,なんかもうレフェリーがもう。,success,何かもうレフェリーがもう。,False,14,13,-1
,016_ibs_13555969_20260713220000_seg_00034,016_ibs_13555969_20260713220000,SPEAKER_00,179.859987,181.04,1.18,success,あなたシート。,success,甚だしいと?,False,7,6,-1
,016_ibs_13555969_20260713220000_seg_00035,016_ibs_13555969_20260713220000,SPEAKER_00,181.52,185.899992,4.38,success,でも見ててファウルとかあってレッドカードとか出すのはまあそれレストラン。,success,でも見ててファウルとかあってレッドカードとか出すのはそれレッドカード。,False,36,35,-1
,016_ibs_13555969_20260713220000_seg_00036,016_ibs_13555969_20260713220000,SPEAKER_00,187.539995,194.059996,6.52,success,やっぱああいうの南米でやってるわけやん。,success,まあそれでやっぱああいうの南米でやってるわけやん。,False,20,25,5
,016_ibs_13555969_20260713220000_seg_00037,016_ibs_13555969_20260713220000,SPEAKER_00,205.299989,206.059996,0.76,success,くず寿司しか残ってない。,success,家電しか残ってない。,False,12,10,-2
,016_ibs_13555969_20260713220000_seg_00038,016_ibs_13555969_20260713220000,SPEAKER_00,208.8,209.36,0.56,success,ポーランドにある。,success,これでもし次イングランドにあるとしたら。,False,9,20,11
,016_ibs_13555969_20260713220000_seg_00039,016_ibs_13555969_20260713220000,SPEAKER_00,209.84,212.48,2.64,success,してしまったら、ヨーロッパ同士の決勝戦になるわけよ。,success,もし次、イングランドにアルゼンチン負けてしまったら、ヨーロッパどうしの決勝戦になるわけよ。,False,26,45,19
,016_ibs_13555969_20260713220000_seg_00040,016_ibs_13555969_20260713220000,SPEAKER_01,212.56,213.12,0.56,success,はいはいはい。,success,ヨーロッパ同士の決勝戦になるわけよ。,False,7,18,11
,016_ibs_13555969_20260713220000_seg_00041,016_ibs_13555969_20260713220000,SPEAKER_00,213.2,214.219992,1.02,success,これは多分ね避けたい。,success,これは多分ね避けたい。,True,11,11,0
,016_ibs_13555969_20260713220000_seg_00042,016_ibs_13555969_20260713220000,SPEAKER_00,216.88,222.859991,5.98,success,たぶん、次の準決勝のイングランドとアルゼンチンの試合は、もう俺、どこかでレッドカードがいる。,success,多分次の準決勝のイングランドとアルゼンチンの試合はもう俺どこかでレッドカードがいいんじゃないかな。,False,46,49,3
,016_ibs_13555969_20260713220000_seg_00043,016_ibs_13555969_20260713220000,SPEAKER_00,224.499986,225.04,0.54,success,かなと。,success,カードがいいかなと。,False,4,10,6
,016_ibs_13555969_20260713220000_seg_00044,016_ibs_13555969_20260713220000,SPEAKER_01,225.36,226.72,1.36,success,そんな審判しますか?,success,そんな審判しますか?,True,10,10,0
,016_ibs_13555969_20260713220000_seg_00045,016_ibs_13555969_20260713220000,SPEAKER_00,227.28,228.16,0.88,success,1個あるで。,success,そんな審判しますか?,False,6,10,4
,016_ibs_13555969_20260713220000_seg_00046,016_ibs_13555969_20260713220000,SPEAKER_01,228.24,231.76,3.52,success,でもなんか2人笑ってるってことは、ここ、ほら、信頼できる差。,success,でもなんか2人笑ってるってことはここほら信頼できる差。,False,30,27,-3
,016_ibs_13555969_20260713220000_seg_00047,016_ibs_13555969_20260713220000,SPEAKER_01,234.8,236.77999,1.98,success,だってねいつも以上に。,success,俺の情報を握ってますから、だってね、いつも以上に。,False,11,25,14
,016_ibs_13555969_20260713220000_seg_00048,016_ibs_13555969_20260713220000,SPEAKER_01,237.939989,239.76,1.82,success,サッカーっていう言葉が出ただけでさ不思議。,success,いつも以上にサッカーっていう言葉が出ただけでさ不安。,False,21,26,5
,016_ibs_13555969_20260713220000_seg_00049,016_ibs_13555969_20260713220000,SPEAKER_01,240.08,241.04,0.96,success,目が輝くじゃないですか。,success,サッカーっていう言葉が出ただけでさ2人の目が輝くじゃないですか。,False,12,32,20
,016_ibs_13555969_20260713220000_seg_00050,016_ibs_13555969_20260713220000,SPEAKER_00,241.28,246.4,5.12,success,ごめんなさい、忙しそうにメールしてたのに、メール見てたのに、なんか俺がサッカーって言った瞬間、ぱんって置いたからね、こうやって。,success,さっきまでね、ごめんなさい、忙しそうにメールしてたのに、メール見てたのに、なんか俺がサッカーって言った瞬間、ぱんって置いたからね、こう。,False,64,68,4
,016_ibs_13555969_20260713220000_seg_00051,016_ibs_13555969_20260713220000,SPEAKER_01,247.92,249.44,1.52,success,いやいやちょっとサッカーの話は?,success,いやいやもうちょっとサッカーの話はあんまり。,False,16,22,6
,016_ibs_13555969_20260713220000_seg_00052,016_ibs_13555969_20260713220000,SPEAKER_00,250.32,252.619994,2.3,success,本当にでも、本当、今、最高ですよ。,success,でも、でもね、本当にでも、本当、今、最高ですよ。,False,17,24,7
,016_ibs_13555969_20260713220000_seg_00053,016_ibs_13555969_20260713220000,SPEAKER_00,253.779985,257.44,3.66,success,スペインとフランス、こんなもんもう、普通の決勝戦でもおかしくない。,success,スペインとフランスこんなもんもう普通の決勝戦でもおかしくない。,False,33,31,-2
,016_ibs_13555969_20260713220000_seg_00054,016_ibs_13555969_20260713220000,SPEAKER_00,258.0,260.4,2.4,success,イングランドとアルゼンチン、これは決勝でもおかしくないわけです。,success,決勝戦でもおかしくない、イングランドとアルゼンチン、これはね、決勝でもおかしくないわけです。,False,32,46,14
,016_ibs_13555969_20260713220000_seg_00055,016_ibs_13555969_20260713220000,SPEAKER_01,260.48,261.12,0.64,success,そうなんだ。,success,これは決勝でもおかしくないわけですから。,False,6,20,14
,016_ibs_13555969_20260713220000_seg_00056,016_ibs_13555969_20260713220000,SPEAKER_00,261.12,264.4,3.28,success,だからこれはもう3位決定戦まで絶対盛り上がるから。,success,決勝でもおかしくないわけで、あっ、だから、これはもう、3位決定戦まで絶対盛り上がるから。,False,25,44,19
,016_ibs_13555969_20260713220000_seg_00057,016_ibs_13555969_20260713220000,SPEAKER_01,264.56,265.12,0.56,success,なるほど。,success,3位決定戦まで絶対盛り上がるから。,False,5,17,12
,016_ibs_13555969_20260713220000_seg_00058,016_ibs_13555969_20260713220000,SPEAKER_01,265.68,269.2,3.52,success,私なんかもうちょっととっくに終わったのかと思ってました。,success,私なんかもうちょっととっくに終わったのかと思ってました。,True,28,28,0
,016_ibs_13555969_20260713220000_seg_00059,016_ibs_13555969_20260713220000,SPEAKER_00,270.8,271.340002,0.54,success,知ってるわ。,success,まだやってるわ。,False,6,8,2
,016_ibs_13555969_20260713220000_seg_00060,016_ibs_13555969_20260713220000,SPEAKER_01,272.56,274.08,1.52,success,常宮さん、白熱している。,success,皆さん、白熱している。,False,12,11,-1
,016_ibs_13555969_20260713220000_seg_00061,016_ibs_13555969_20260713220000,SPEAKER_01,277.6,279.76,2.16,success,茨城熱も白熱してますから。,success,でもね、ちょっときょうはね、茨城熱も白熱してますから。,False,13,27,14
,016_ibs_13555969_20260713220000_seg_00062,016_ibs_13555969_20260713220000,SPEAKER_01,284.32,285.68,1.36,success,先週に来てくれた。,success,実は先々週に来てくれた。,False,9,12,3
,016_ibs_13555969_20260713220000_seg_00063,016_ibs_13555969_20260713220000,SPEAKER_01,288.0,288.8,0.8,success,もうお茶してきます。,success,タンタンさんもお茶してきます。,False,10,15,5
,016_ibs_13555969_20260713220000_seg_00064,016_ibs_13555969_20260713220000,SPEAKER_00,289.28,289.92,0.64,success,そうなの?,success,愛さんもお茶してきますからあらそうなの?,False,5,20,15
,016_ibs_13555969_20260713220000_seg_00065,016_ibs_13555969_20260713220000,SPEAKER_01,290.08,291.500006,1.42,success,菊間さんと仲良くなりたいな。,success,菊間さんと仲良くなりたいなって。,False,14,16,2
,016_ibs_13555969_20260713220000_seg_00066,016_ibs_13555969_20260713220000,SPEAKER_01,295.6,296.32,0.72,success,月曜日だから。,success,月曜日だから。,True,7,7,0
,016_ibs_13555969_20260713220000_seg_00067,016_ibs_13555969_20260713220000,SPEAKER_01,297.940012,298.700003,0.76,success,収録があるから。,success,だからその収録があるから。,False,8,13,5
,016_ibs_13555969_20260713220000_seg_00068,016_ibs_13555969_20260713220000,SPEAKER_01,299.92,302.539999,2.62,success,3時間だったんですけどなんかお茶できるところをでも探して。,success,収録があるから3時間だったんですけど何かお茶できるところをでも探してたんですよ。,False,29,40,11
,016_ibs_13555969_20260713220000_seg_00069,016_ibs_13555969_20260713220000,SPEAKER_01,303.76,307.340002,3.58,success,熊井さんがここがいいですよって表参道だったりをすてきなカフェをいっぱい探してくれたんだ。,success,ところをでも探して熊谷さんがここがいいですよって表参道をなんかすてきなカフェをいっぱい探してくれたの。,False,44,51,7
,016_ibs_13555969_20260713220000_seg_00070,016_ibs_13555969_20260713220000,SPEAKER_01,309.04,310.24,1.2,success,6時ぐらいで終わってて。,success,6時ぐらいで終わってて。,True,12,12,0
,016_ibs_13555969_20260713220000_seg_00071,016_ibs_13555969_20260713220000,SPEAKER_00,310.24,311.68,1.44,success,そっか早いんだね。,success,そっか早いんだね。,True,9,9,0
,016_ibs_13555969_20260713220000_seg_00072,016_ibs_13555969_20260713220000,SPEAKER_01,311.92,315.500006,3.58,success,びっくりして、そんできょう、やっと見つけましたって言って、青山さん。,success,そっか早いんだねびっくりしてそんで今日やっと見つけましたって言って青山さんに。,False,34,39,5
,016_ibs_13555969_20260713220000_seg_00073,016_ibs_13555969_20260713220000,SPEAKER_00,317.68,318.379996,0.7,success,ああ何か?,success,おなに?,False,5,4,-1
,016_ibs_13555969_20260713220000_seg_00074,016_ibs_13555969_20260713220000,SPEAKER_01,320.08,322.700003,2.62,success,今回、茨城の石岡フラワーパークを訪問。,success,なんか茨城のししおかフラワーパーク放送。,False,19,20,1
,016_ibs_13555969_20260713220000_seg_00075,016_ibs_13555969_20260713220000,SPEAKER_01,323.92,328.940009,5.02,success,でそこに私がちょっと早めに着いてはいって言おうと思ったら。,success,パークをほうふつとさせるようなカフェがあったのね、そこに私がちょっと早めに着いて、はいって言おうと思ったら。,False,29,54,25
,016_ibs_13555969_20260713220000_seg_00076,016_ibs_13555969_20260713220000,SPEAKER_01,331.28,333.12,1.84,success,入ることができませんでした。,success,入ることができませんでした。,True,14,14,0
,016_ibs_13555969_20260713220000_seg_00077,016_ibs_13555969_20260713220000,SPEAKER_00,333.12,334.48,1.36,success,えっキクどうしたの?,success,入ることができませんでした。,False,10,14,4
,016_ibs_13555969_20260713220000_seg_00078,016_ibs_13555969_20260713220000,SPEAKER_01,334.72,339.500006,4.78,success,そこの近くにあった救いのお店みたいな茨城の人たち。,success,結局そこの近くにあった福井のお店みたいな茨城の人たち。,False,25,27,2
,016_ibs_13555969_20260713220000_seg_00079,016_ibs_13555969_20260713220000,SPEAKER_01,340.660013,344.300009,3.64,success,福井のなんかこう、アンテナショップみたいな、でもすてきな方。,success,茨城の人たち福井のなんかこう、アンテナショップみたいな、でもすてきな方。,False,30,36,6
,016_ibs_13555969_20260713220000_seg_00080,016_ibs_13555969_20260713220000,SPEAKER_01,347.2,348.48,1.28,success,盛り上がってきましたので。,success,盛り上がってきましたので。,True,13,13,0
,016_ibs_13555969_20260713220000_seg_00081,016_ibs_13555969_20260713220000,SPEAKER_00,348.64,349.580008,0.94,success,仲よくなってうれしいね。,success,盛り上がってきましたので。仲よくなってうれしいね。,False,12,25,13
,016_ibs_13555969_20260713220000_seg_00082,016_ibs_13555969_20260713220000,SPEAKER_01,350.8,352.940009,2.14,success,輪が広がって私今日だってねゲストに。,success,日の輪が広がってやって今日だってねゲストに。,False,18,22,4
,016_ibs_13555969_20260713220000_seg_00083,016_ibs_13555969_20260713220000,SPEAKER_01,354.579996,355.44,0.86,success,ファンが来てくれてる。,success,ゲストに母が来てくれてるわけです。,False,11,17,6
,016_ibs_13555969_20260713220000_seg_00084,016_ibs_13555969_20260713220000,SPEAKER_00,356.32,359.68,3.36,success,本当ね、きょうのゲストにはね、いろいろお願い事がいっぱいあるから。,success,もう本当ね、きょうのゲストにはね、いろいろお願い事がいっぱいあるから。,False,33,35,2
,016_ibs_13555969_20260713220000_seg_00085,016_ibs_13555969_20260713220000,SPEAKER_01,365.12,365.68,0.56,success,やめます。,success,電波使ってお願いしないと。,False,5,13,8
,016_ibs_13555969_20260713220000_seg_00086,016_ibs_13555969_20260713220000,SPEAKER_00,366.72,369.12,2.4,success,お願いして、分かりましたって言っても、さ、言ってないって言うやん。,success,プライベートでさお願いして分かりましたって言ってもさ言ってないって言うやんで。,False,33,39,6
,016_ibs_13555969_20260713220000_seg_00087,016_ibs_13555969_20260713220000,SPEAKER_00,369.84,371.44,1.6,success,だったら絶対にじゃあラジオ聴けと。,success,言ってないって言うやん、でも電波に乗ってたら、絶対に、じゃあ、ラジオ聴けと。,False,17,38,21
,016_ibs_13555969_20260713220000_seg_00088,016_ibs_13555969_20260713220000,SPEAKER_01,371.44,372.16,0.72,success,ねえちょっと。,success,乗ってたら絶対にじゃあラジオ聴けと。,False,7,18,11
,016_ibs_13555969_20260713220000_seg_00089,016_ibs_13555969_20260713220000,SPEAKER_01,374.32,376.0,1.68,success,苦笑いですよ。,success,本当、もうさ、苦笑いですよ。,False,7,14,7
,016_ibs_13555969_20260713220000_seg_00090,016_ibs_13555969_20260713220000,SPEAKER_01,379.28,382.56,3.28,success,打ち合わせで全然しゃべんないなと思ってたらもう本番に取っとくために。,success,僕取りのために呼びましたからホントにもう何か打ち合わせで全然しゃべんないなと思ってたらもう本番に撮っとくために。,False,34,56,22
,016_ibs_13555969_20260713220000_seg_00091,016_ibs_13555969_20260713220000,SPEAKER_01,383.6,385.580008,1.98,success,でもねすごいxだってねもうね。,success,本番に取っとくために、もうでもね、すごいxだってね、もうね。,False,15,30,15
,016_ibs_13555969_20260713220000_seg_00092,016_ibs_13555969_20260713220000,SPEAKER_01,387.22001,388.8,1.58,success,チビです!っていうのが結構ポスターがあって。,success,もうねチミです!っていうのが結構ポスター上がって。,False,22,25,3
,016_ibs_13555969_20260713220000_seg_00093,016_ibs_13555969_20260713220000,SPEAKER_00,389.76,393.260001,3.5,success,草間家のね、赤プルさんのね、草間家でいいじゃないですか。,success,っていうのが、結構、ポスター上がってますから、しかもこれ、草間家のね、赤プルさんの草間家でいいじゃないですか。,False,28,55,27
,016_ibs_13555969_20260713220000_seg_00094,016_ibs_13555969_20260713220000,SPEAKER_00,394.420007,397.580008,3.16,success,結婚して松岡になりましたけど草間さんの。,success,草間家でじゃないですけど結婚して松岡になりましたけど草間さんのあの草薙。,False,20,36,16
,016_ibs_13555969_20260713220000_seg_00095,016_ibs_13555969_20260713220000,SPEAKER_00,400.24,401.420004,1.18,success,なあ言ったらもう俺の。,success,インターいうたらもう俺の。,False,11,13,2
,016_ibs_13555969_20260713220000_seg_00096,016_ibs_13555969_20260713220000,SPEAKER_00,402.72,404.56,1.84,success,もうしんちゃんおもしろい、俺のこと。,success,行ったら、もう俺の、もうしんちゃん、おもしろい、俺のこと。,False,18,29,11
,016_ibs_13555969_20260713220000_seg_00097,016_ibs_13555969_20260713220000,SPEAKER_00,405.84,411.04,5.2,success,やったら言ったのに、最近、俺の名前なんか全く出ないです、足立雄人君の名前ばっかり出してたの。,success,おもしろい、俺のことおもしろい、おもしろいって言ってね、なんかあったら言ったのに、最近、俺の名前なんか全く出ないです、足立雄太君の名前ばっかり出すの、僕。,False,46,77,31
,016_ibs_13555969_20260713220000_seg_00098,016_ibs_13555969_20260713220000,SPEAKER_01,411.12,412.96,1.84,success,本当、足立雄人一択。,success,安達祐人君の名前ばっかり出すなお前。,False,10,18,8
,016_ibs_13555969_20260713220000_seg_00099,016_ibs_13555969_20260713220000,SPEAKER_00,413.36,420.24,6.88,success,ほいでおいっ子に陽堂っていうんだけど陽堂も俺のことなんかもう安達祐人さん優人さんってね。,success,ほいでおいっ子に陽堂っていうんだけど陽堂も俺のことなんかもう安達祐人さん優斗さんってね。,False,44,44,0
,016_ibs_13555969_20260713220000_seg_00100,016_ibs_13555969_20260713220000,SPEAKER_00,421.52,423.28,1.76,success,本当にだからそれもちょっと。,success,俺もうホントに今日だからそれもちょっと。,False,14,20,6
,016_ibs_13555969_20260713220000_seg_00101,016_ibs_13555969_20260713220000,SPEAKER_01,424.32,425.9,1.58,success,きのうも実家で盛り上がっちゃってます。,success,きょう、だからそれはちょっと文句言おうと思ってるんだけどきのうも実家で盛り上がっちゃって、ますます。,False,19,50,31
,016_ibs_13555969_20260713220000_seg_00102,016_ibs_13555969_20260713220000,SPEAKER_01,427.060007,431.76,4.7,success,踊るなんて思わなかったわよねっつってもう誰のライブに行ってもふらふらして。,success,盛り上がっちゃってまさか踊るなんて思わなかったわよねっつってもう誰のライブに行ってもフラフラして。,False,37,49,12
,016_ibs_13555969_20260713220000_seg_00103,016_ibs_13555969_20260713220000,SPEAKER_01,432.24,435.02001,2.78,success,集中しても見てない私たちのライブとかに来てもあれお父さん何?,success,ライブに行ってもフラフラしてて全然集中しても見てない私たちのライブとかに来てもあれお父さん何?,False,30,47,17
,016_ibs_13555969_20260713220000_seg_00104,016_ibs_13555969_20260713220000,SPEAKER_00,436.24,439.04,2.8,success,見るのはミニスカートのなんか女の人しか見ない。,success,お父さんが見るのはミニスカートの女の人しか見ない。,False,23,25,2
,016_ibs_13555969_20260713220000_seg_00105,016_ibs_13555969_20260713220000,SPEAKER_01,440.72,441.84,1.12,success,一生懸命踊ってましたよ。,success,一生懸命踊ってましたよ。,True,12,12,0
,016_ibs_13555969_20260713220000_seg_00106,016_ibs_13555969_20260713220000,SPEAKER_00,442.0,443.659995,1.66,success,足立中徳の場合は見てたわけです。,success,それを足立雄徳の場合は見てたわけですか?,False,16,20,4
,016_ibs_13555969_20260713220000_seg_00107,016_ibs_13555969_20260713220000,SPEAKER_01,444.56,446.4,1.84,success,あの盛り上げはすごい。,success,あの盛り上げはすごいですね。,False,11,14,3
,016_ibs_13555969_20260713220000_seg_00108,016_ibs_13555969_20260713220000,SPEAKER_01,447.76,448.48,0.72,success,そして。,success,うわっすごい!,False,4,7,3
,016_ibs_13555969_20260713220000_seg_00109,016_ibs_13555969_20260713220000,SPEAKER_01,451.060007,456.140005,5.08,success,みたいな、それをすごく楽しみにしてたんですけど、またいろんな告知があるので、またね、見に行けると。,success,今度またに来るんでしょみたいなそれをすごく楽しみにしてたんですけどまたいろんな告知があるのでまたね見に行けると。,False,49,56,7
,016_ibs_13555969_20260713220000_seg_00110,016_ibs_13555969_20260713220000,SPEAKER_01,457.84,459.52,1.68,success,産んでからね、またお話ししたいと思うんですけど。,success,呼んでからねまたお話ししたいと思うんですけど。,False,24,23,-1
,016_ibs_13555969_20260713220000_seg_00111,016_ibs_13555969_20260713220000,SPEAKER_01,459.84,464.0,4.16,success,ちょっと今ね、私が謎の1万10円の話もちょっとしてもいいですか?,success,呼んでからね、またお話ししたいと思うんですけど、ちょっと今ね、私が謎の1万10円の話もちょっとしてもいいですか?,False,32,56,24
,016_ibs_13555969_20260713220000_seg_00112,016_ibs_13555969_20260713220000,SPEAKER_00,464.16,465.12,0.96,success,あっお願いします。,success,1万10円の話もちょっとしてもいいですか?,False,9,21,12
,016_ibs_13555969_20260713220000_seg_00113,016_ibs_13555969_20260713220000,SPEAKER_01,465.12,466.56,1.44,success,あのね答え出ました。,success,あのね答え出ました。,True,10,10,0
,016_ibs_13555969_20260713220000_seg_00114,016_ibs_13555969_20260713220000,SPEAKER_01,467.28,470.539999,3.26,success,これどっちかかなと思うんですけどxで省吾さん。,success,これどっちかかなと思うんですけどで省吾さん。,False,23,22,-1
,016_ibs_13555969_20260713220000_seg_00115,016_ibs_13555969_20260713220000,SPEAKER_01,472.24,473.6,1.36,success,まあ、指名医療じゃないですか。,success,3年は指名医療じゃないですか?,False,15,15,0
,016_ibs_13555969_20260713220000_seg_00116,016_ibs_13555969_20260713220000,SPEAKER_01,476.0,476.88,0.88,success,なわけねえだろ!,success,なわけねえだろ!,True,8,8,0
,016_ibs_13555969_20260713220000_seg_00117,016_ibs_13555969_20260713220000,SPEAKER_00,477.04,478.72,1.68,success,あのさ、カリスマも超カリスマ。,success,カリスマも超カリスマ。,False,15,11,-4
,016_ibs_13555969_20260713220000_seg_00118,016_ibs_13555969_20260713220000,SPEAKER_01,481.92,482.8,0.88,success,いっぱいやってる人なんで。,success,すごい女優さんいっぱいやってる人なんで。,False,13,20,7
,016_ibs_13555969_20260713220000_seg_00119,016_ibs_13555969_20260713220000,SPEAKER_01,483.2,484.939993,1.74,success,言ってないんですけどここはちょっと言えない。,success,すごい女優さんいっぱいやってる人なんで撮ってないんですけどここはちょっと言えない。,False,22,41,19
,016_ibs_13555969_20260713220000_seg_00120,016_ibs_13555969_20260713220000,SPEAKER_01,486.1,487.28,1.18,success,の窓口さんからもうよ。,success,ここはちょっと言えない。,False,11,12,1
,016_ibs_13555969_20260713220000_seg_00121,016_ibs_13555969_20260713220000,SPEAKER_01,490.0,491.179999,1.18,success,いわゆる1てん1商品。,success,×1てん1商品。,False,11,8,-3
,016_ibs_13555969_20260713220000_seg_00122,016_ibs_13555969_20260713220000,SPEAKER_01,494.8,495.6,0.8,success,はい。,success,こういうのとではい。,False,3,10,7
,016_ibs_13555969_20260713220000_seg_00123,016_ibs_13555969_20260713220000,SPEAKER_01,500.500009,506.56,6.06,success,連れてった友達の中で、赤プルさんが一番安くしてもらってますって言ってたんで、短かったからかな、だって、お金持ちじゃないから。,success,連れてった友達の中で赤プルさんが一番安くしてもらってますって言ってたんで短かったからかなだってお金持ち。,False,62,52,-10
,016_ibs_13555969_20260713220000_seg_00124,016_ibs_13555969_20260713220000,SPEAKER_00,508.24,511.52,3.28,success,そうだったからだよ、確実にそうだよ、もうそんなの。,success,なさそうだったからだよ確実にそうだよもうそんなの。,False,25,25,0
,016_ibs_13555969_20260713220000_seg_00125,016_ibs_13555969_20260713220000,SPEAKER_00,513.04,514.699988,1.66,success,女優さんとか相手にしてるからあれだけど。,success,だって皆さんほら売れてる女優さんとか相手にしてるからあれだけど。,False,20,32,12
,016_ibs_13555969_20260713220000_seg_00126,016_ibs_13555969_20260713220000,SPEAKER_01,515.92,532.32,16.4,success,謎がちょっと解けたんじゃないかと思われますけれどもね、ますますちょっとここからね、もしかしたら、どなたかが、別の方からも違うご意見があるかもしれませんけれども、ちょっときょうはね、短縮の1時間で、足立さん、来てくれるので、もう本当に皆さんの謎解きはしなくて大丈夫ですから。,success,謎がちょっと解けたんじゃないかと思われますけれどもね、ますますちょっとここからね、もしかしたら、どなたかが、別の方からも違うご意見があるかもしれませんけれども、ちょっときょうはね、短縮の1時間で、足立さん来てくれるので、もう本当に皆さんの謎解きはしなくて大丈夫ですから。,False,136,135,-1
,016_ibs_13555969_20260713220000_seg_00127,016_ibs_13555969_20260713220000,SPEAKER_01,532.72,544.8,12.08,success,ここからですね11時までの濃縮放送ですが素敵なゲスト安達祐人さんはこれから登場していただきます声優俳優アーティストそして町おこしの。,success,謎解きはしなくて大丈夫ですから集中して聞いていただきたいなというふうにも思いますはいこっからですね11時までの濃縮放送ですが素敵なゲスト安達祐人さんはこれから登場していただきます声優俳優アーティストそして町おこしの。,False,66,108,42
,016_ibs_13555969_20260713220000_seg_00128,016_ibs_13555969_20260713220000,SPEAKER_01,545.76,546.96,1.2,success,テイストといっても買えない。,success,起こしのスペシャリストといっても過言ではない。,False,14,23,9
,016_ibs_13555969_20260713220000_seg_00129,016_ibs_13555969_20260713220000,SPEAKER_01,547.36,548.779974,1.42,success,ではないんじゃないでしょうか。,success,スペシャリストと言っても過言ではないんじゃないでしょうか。,False,15,29,14
,016_ibs_13555969_20260713220000_seg_00130,016_ibs_13555969_20260713220000,SPEAKER_01,550.0,554.72,4.72,success,もう終わり、ね、本当にうちの町にも来てほしいっていうね、なんかオファーが増えちゃうんじゃないか。,success,もうあれ、ねっ、本当にうちの町にも来てほしいっていうね、なんかオファーが増えちゃうんじゃないか。,False,48,48,0
,016_ibs_13555969_20260713220000_seg_00131,016_ibs_13555969_20260713220000,SPEAKER_01,556.08,558.37998,2.3,success,ものすごいあちこちの町を町おこししてます。,success,増えちゃうんじゃないかと思うぐらい、今、ものすごいあちこちの町を町おこししてます。,False,21,41,20
,016_ibs_13555969_20260713220000_seg_00132,016_ibs_13555969_20260713220000,SPEAKER_01,559.539972,561.52,1.98,success,優斗さんへの質問、私もいっぱいあるんですけども。,success,悠人さんへの質問、私もいっぱいあるんですけども。,False,24,24,0
,016_ibs_13555969_20260713220000_seg_00133,016_ibs_13555969_20260713220000,SPEAKER_01,561.92,563.76,1.84,success,メッセージ皆様からもお待ちしております。,success,私もいっぱいあるんですけども質問やメッセージ皆様からもお待ちしております。,False,20,37,17
,016_ibs_13555969_20260713220000_seg_00134,016_ibs_13555969_20260713220000,SPEAKER_01,564.8,579.12,14.32,success,メールが生まれた方の中から1名の方に番組ステッカーをプレゼントしますのでステッカーが欲しい方はメールに住所氏名もお忘れなくということでこれは申し訳ないんですけどアカプルマンデーのステッカーですから足立さんのステッカーがもらえると思って応募してきた方はちょっとがっかりしちゃうと思うんでね。,success,メールが読まれた方の中から1名の方に番組ステッカーをプレゼントしますのでステッカーが欲しい方はメールに住所氏名もお忘れなくということでこれは申し訳ないんですけどアカプルマンデーのステッカーですから足立さんのステッカーがもらえると思って応募してきた方はちょっとがっかりしちゃうと思うんでね。,False,144,144,0
,016_ibs_13555969_20260713220000_seg_00135,016_ibs_13555969_20260713220000,SPEAKER_00,582.72,583.52,0.8,success,ブタメンの野郎が。,success,ブタメンの野郎が。,True,9,9,0
,016_ibs_13555969_20260713220000_seg_00136,016_ibs_13555969_20260713220000,SPEAKER_01,585.68,586.32,0.64,success,乗っかったんだよ。,success,すぐ乗っかるんだよな。,False,9,11,2
,016_ibs_13555969_20260713220000_seg_00137,016_ibs_13555969_20260713220000,SPEAKER_01,588.88,604.939978,16.06,success,リアクションや感想メールクリームメールもねお待ちしておりますということでメールアドレスは全てアルファベットの小文字でプルアットマークラッキーハイフン茨城ドットコムプルはpuruです詳しくは番組xの固定ポストをご覧くださいそしてえっと#はですね。,success,このようにリアクションは感想メールフリーメールもねお待ちしておりますということでメールアドレスは全てアルファベットの小文字でプルアットマークラッキーハイフン茨城ドットコムプルはpuruです詳しくは番組xの固定ポストをご覧くださいそしてえっと#はですね。,False,122,126,4
,016_ibs_13555969_20260713220000_seg_00138,016_ibs_13555969_20260713220000,SPEAKER_01,606.099969,608.779974,2.68,success,投稿頂きますと私たちも。,success,#はですね投稿頂きますと私たちも。,False,12,17,5
,016_ibs_13555969_20260713220000_seg_00139,016_ibs_13555969_20260713220000,SPEAKER_01,610.0,614.059973,4.06,success,見ております、皆さんとね、絡みながら、そしてユウトさんとね、皆さんと一緒に。,success,私たちも見ておりますので、皆さんとね、絡みながら、そしてユウトさんとね、皆さんと一緒に。,False,38,44,6
,016_ibs_13555969_20260713220000_seg_00140,016_ibs_13555969_20260713220000,SPEAKER_01,615.28,616.459967,1.18,success,リアクションもね楽しみです。,success,皆さんのリアクションもね楽しみにしています。,False,14,22,8
,016_ibs_13555969_20260713220000_seg_00141,016_ibs_13555969_20260713220000,SPEAKER_01,620.08,630.32,10.24,success,それでは1曲目なんですが早速 ?? さん土浦のミスター将軍さんからのリクエストで安達雄太さんでonway。,success,最後までおつきあいくださいそれでは1曲目なんですが早速?? さん土浦のミスター将軍さんからのリクエストで安達雄太さんでonway。,False,53,65,12
,016_ibs_13555969_20260713220000_seg_00142,016_ibs_13555969_20260713220000,SPEAKER_01,912.4,920.48,8.08,success,はいということで皆様お待たせいたしました今夜のゲストを紹介しましょう茨城出身の安達祐人さんです。,success,はいということで皆様お待たせいたしました今夜のゲストを紹介しましょう茨城出身の安達祐人さんです。,True,48,48,0
,016_ibs_13555969_20260713220000_seg_00143,016_ibs_13555969_20260713220000,SPEAKER_02,920.48,922.88,2.4,success,どうもアロハ足立とです。,success,どうもアロハ安達雄斗です。,False,12,13,1
,016_ibs_13555969_20260713220000_seg_00144,016_ibs_13555969_20260713220000,SPEAKER_03,925.04,930.24,5.2,success,いやー、これ、すごいっすね、もうめちゃめちゃ都会で撮ってるっすね。,success,いやこれすごいっすねもうめちゃめちゃ都会で撮ってるっすね。,False,33,29,-4
,016_ibs_13555969_20260713220000_seg_00145,016_ibs_13555969_20260713220000,SPEAKER_01,930.24,930.96,0.72,success,そうそうそう。,success,めちゃめちゃ都会で撮って留守だよ。,False,7,17,10
,016_ibs_13555969_20260713220000_seg_00146,016_ibs_13555969_20260713220000,SPEAKER_01,934.32,936.24,1.92,success,そうなんですよ足立さんの番組は。,success,めちゃめちゃ麹町見るじゃないですかそうなんですよ。,False,16,25,9
,016_ibs_13555969_20260713220000_seg_00147,016_ibs_13555969_20260713220000,SPEAKER_01,936.56,937.28,0.72,success,土曜日。,success,そうなんですよ足立さんの番組は土曜日。,False,4,19,15
,016_ibs_13555969_20260713220000_seg_00148,016_ibs_13555969_20260713220000,SPEAKER_03,937.36,944.16,6.8,success,僕、毎週木曜19時から全然違いますね。,success,僕、毎週木曜19時から全然違いますねあのあれ?,False,19,23,4
,016_ibs_13555969_20260713220000_seg_00149,016_ibs_13555969_20260713220000,SPEAKER_00,946.16,947.12,0.96,success,ちょっとこの。,success,毎週やってるんですけど、木曜日、ずっとこの。,False,7,22,15
,016_ibs_13555969_20260713220000_seg_00150,016_ibs_13555969_20260713220000,SPEAKER_00,947.36,948.8,1.44,success,さんとマツコさんの子。,success,僕ずっとこの赤堀さんとマツコさんの。,False,11,18,7
,016_ibs_13555969_20260713220000_seg_00151,016_ibs_13555969_20260713220000,SPEAKER_03,949.44,950.8,1.36,success,松岡さん、結構出てるんですか?,success,今日ってマコさん結構出てるんですか?,False,15,18,3
,016_ibs_13555969_20260713220000_seg_00152,016_ibs_13555969_20260713220000,SPEAKER_00,951.2,956.56,5.36,success,僕はね、本当はね、5週目しか出ないの、だから年に4回ぐらいしか出ません。,success,松岡さん、結構出てるんでいや、俺はね、本当はね、5週目しか出ないの、だから年に4回ぐらいしか出ません。,False,36,51,15
,016_ibs_13555969_20260713220000_seg_00153,016_ibs_13555969_20260713220000,SPEAKER_03,956.64,958.48,1.84,success,めちゃめちゃレアな回じゃないですか。,success,年に4回ぐらいしか出ません、めちゃめちゃレアな回じゃないですか。,False,18,32,14
,016_ibs_13555969_20260713220000_seg_00154,016_ibs_13555969_20260713220000,SPEAKER_01,959.44,960.0,0.56,success,ガツはこれ。,success,レアな回じゃないですか。,False,6,12,6
,016_ibs_13555969_20260713220000_seg_00155,016_ibs_13555969_20260713220000,SPEAKER_01,960.24,961.28,1.04,success,短縮になったので。,success,で、7月はこれで短縮になったので。,False,9,17,8
,016_ibs_13555969_20260713220000_seg_00156,016_ibs_13555969_20260713220000,SPEAKER_01,961.52,964.32,2.8,success,ほかのパートナーさんがいつも太田プロの後輩とかが来てるんですけど。,success,髪はこれで短縮になったので他のパートナーさんがいつも太田プロの後輩とかが来てるんですけど。,False,33,45,12
,016_ibs_13555969_20260713220000_seg_00157,016_ibs_13555969_20260713220000,SPEAKER_01,964.72,966.32,1.6,success,先輩とか先輩とか時々来てくれてるんで。,success,田プロの後輩とかが来てるんですけど、後輩とか先輩とか、時々来てくれてるんで。,False,19,38,19
,016_ibs_13555969_20260713220000_seg_00158,016_ibs_13555969_20260713220000,SPEAKER_01,966.56,971.2,4.64,success,松岡さん、短縮になってる時間帯は、もう全部松岡さん。,success,後輩とか先輩とか時々来てくれてるんですけど、松岡さん、短縮になってる時間帯は、もう全部松岡さん。,False,26,48,22
,016_ibs_13555969_20260713220000_seg_00159,016_ibs_13555969_20260713220000,SPEAKER_00,971.84,973.52,1.68,success,いや、なんか後輩呼んで。,success,悪いやん、なんか後輩呼んで。,False,12,14,2
,016_ibs_13555969_20260713220000_seg_00160,016_ibs_13555969_20260713220000,SPEAKER_00,973.76,975.12,1.36,success,1時間しかないっていうのも悪いから。,success,悪いやん、なんか後輩呼んで、なんか1時間しかないっていうのも悪いから。,False,18,35,17
,016_ibs_13555969_20260713220000_seg_00161,016_ibs_13555969_20260713220000,SPEAKER_00,975.68,978.48,2.8,success,いや、俺、やるよみたいな感じになって。,success,1時間しかないっていうのも悪いからじゃあ俺やるよみたいな感じになって。,False,19,35,16
,016_ibs_13555969_20260713220000_seg_00162,016_ibs_13555969_20260713220000,SPEAKER_01,979.6,981.28,1.68,success,痛くて足立さんに会いたくて会いたくて。,success,会いたくて会いたくて足立さんに会いたくて会いたくて。,False,19,26,7
,016_ibs_13555969_20260713220000_seg_00163,016_ibs_13555969_20260713220000,SPEAKER_03,981.44,986.72,5.28,success,僕ももう、このラッキーナイトとか、もうこの赤プルまめに出るのが夢だったんで。,success,会いたくて、足立さんに会いたくて会いたくていや、僕ももう、このラッキーナイトとか、もうこの赤プルまめに出るのがほら、夢だったんで、いやいや、そりゃうそだ。,False,38,77,39
,016_ibs_13555969_20260713220000_seg_00164,016_ibs_13555969_20260713220000,SPEAKER_03,986.96,987.92,0.96,success,ために芸能界入ってた。,success,このために芸能界入ってたもん。,False,11,15,4
,016_ibs_13555969_20260713220000_seg_00165,016_ibs_13555969_20260713220000,SPEAKER_01,989.44,990.72,1.28,success,あっこの手口でやってるんだ。,success,この手口でやってるんだ。,False,14,12,-2
,016_ibs_13555969_20260713220000_seg_00166,016_ibs_13555969_20260713220000,SPEAKER_01,991.6,992.72,1.12,success,足立雄人。,success,この手口でやってんだな安達祐人は。,False,5,17,12
,016_ibs_13555969_20260713220000_seg_00167,016_ibs_13555969_20260713220000,SPEAKER_03,993.76,994.8,1.04,success,楽しみにしてたんですよ。,success,安達祐人はこの手口で本当に楽しみにしてたんですよ。,False,12,25,13
,016_ibs_13555969_20260713220000_seg_00168,016_ibs_13555969_20260713220000,SPEAKER_00,996.4,998.16,1.76,success,さっき言ったけど、本当、草間家が。,success,でも本当にさっき言ったけど本当草間家が。,False,17,20,3
,016_ibs_13555969_20260713220000_seg_00169,016_ibs_13555969_20260713220000,SPEAKER_00,1002.32,1003.6,1.28,success,一瞬思いしてるのよ今本当に。,success,ファンになったんだよ、俺、すげえさみしい思いしてるのよ、今、本当に。,False,14,34,20
,016_ibs_13555969_20260713220000_seg_00170,016_ibs_13555969_20260713220000,SPEAKER_03,1003.68,1005.28,1.6,success,いやいやいやもう本当にすごい。,success,俺、すげえさみしい思いしてんのよ、今、本当に。,False,15,23,8
,016_ibs_13555969_20260713220000_seg_00171,016_ibs_13555969_20260713220000,SPEAKER_03,1005.6,1006.88,1.28,success,粋なご家族である。,success,いやいやいや、もう本当にすごくすてきなご家族で。,False,9,24,15
,016_ibs_13555969_20260713220000_seg_00172,016_ibs_13555969_20260713220000,SPEAKER_01,1007.12,1008.24,1.12,success,あ恥ずかしい。,success,すごくすてきなご家族でありやだ、恥ずかしい。,False,7,22,15
,016_ibs_13555969_20260713220000_seg_00173,016_ibs_13555969_20260713220000,SPEAKER_01,1008.48,1009.12,0.64,success,あんまりやってないかな。,success,やだ恥ずかしいでもあんまり合ってないかな。,False,12,21,9
,016_ibs_13555969_20260713220000_seg_00174,016_ibs_13555969_20260713220000,SPEAKER_00,1009.44,1012.72,3.28,success,平気でさ、写真撮ってとか言って、断られたって言ったり。,success,昔、でもあんまり会ってないかなんか、平気でさ、写真撮ってとか言って、断られたって言ったりする。,False,27,47,20
,016_ibs_13555969_20260713220000_seg_00175,016_ibs_13555969_20260713220000,SPEAKER_01,1013.44,1015.6,2.16,success,いやだから気軽に取っちゃダメなのよ。,success,いやいやだから気軽に雇っちゃ駄目なのよ。,False,18,20,2
,016_ibs_13555969_20260713220000_seg_00176,016_ibs_13555969_20260713220000,SPEAKER_01,1016.4,1017.68,1.28,success,やっぱイベントでねあだ名。,success,ひかるに寄っちゃダメなのよっやっぱイベントでねあだ名。,False,13,27,14
,016_ibs_13555969_20260713220000_seg_00177,016_ibs_13555969_20260713220000,SPEAKER_01,1021.12,1030.08,8.96,success,誰にも怒られてはいないんですけどそうでも本当に私ね足立さんとは一番最初に会ったのがもう記憶が定かじゃないんですけど。,success,そう、誰にも怒られてはいないんですけど、そう、でも本当に私ね、足立さんとは、一番最初に会ったのが、なんか、もう記憶が定かじゃないんですけど。,False,58,70,12
,016_ibs_13555969_20260713220000_seg_00178,016_ibs_13555969_20260713220000,SPEAKER_01,1030.32,1032.4,2.08,success,ラーメンフェスだったんですつくばの。,success,もう記憶が定かじゃないんですけど、ラーメンフェスだったんです、つくばの。,False,18,36,18
,016_ibs_13555969_20260713220000_seg_00179,016_ibs_13555969_20260713220000,SPEAKER_03,1032.4,1034.08,1.68,success,結構昔ですよね。,success,ラーメンフェスだったんですつくばの。,False,8,18,10
,016_ibs_13555969_20260713220000_seg_00180,016_ibs_13555969_20260713220000,SPEAKER_01,1037.04,1039.92,2.88,success,それで本当にすれ違ってあいさつした。,success,rくんとかが出てて、それで本当にすれ違ってあいさつした。,False,18,28,10
,016_ibs_13555969_20260713220000_seg_00181,016_ibs_13555969_20260713220000,SPEAKER_01,1040.16,1043.36,3.2,success,時々すれ違うと会釈するぐらいの関係性。,success,本当にすれ違ってあいさつした、時々すれ違うと会釈するぐらいの関係性。,False,19,34,15
,016_ibs_13555969_20260713220000_seg_00182,016_ibs_13555969_20260713220000,SPEAKER_03,1043.36,1045.52,2.16,success,徐々に距離は縮まってったんです。,success,ちょっと会釈するぐらいの関係性徐々に距離は縮まってったんです。,False,16,31,15
,016_ibs_13555969_20260713220000_seg_00183,016_ibs_13555969_20260713220000,SPEAKER_01,1049.28,1051.28,2.0,success,なんか興奮しちゃうんです、そういう話聞くと。,success,興奮しちゃう、旦那さんが興奮しちゃうんです、そういう話聞くと。,False,22,31,9
,016_ibs_13555969_20260713220000_seg_00184,016_ibs_13555969_20260713220000,SPEAKER_03,1051.76,1052.88,1.12,success,詳しく聞かせて。,success,興奮しちゃうんです、そういう話聞くと。,False,8,19,11
,016_ibs_13555969_20260713220000_seg_00185,016_ibs_13555969_20260713220000,SPEAKER_01,1053.04,1056.08,3.04,success,そんでさそのあとで。,success,そうそんでさそのあとで。,False,10,12,2
,016_ibs_13555969_20260713220000_seg_00186,016_ibs_13555969_20260713220000,SPEAKER_01,1056.56,1057.84,1.28,success,忍たま乱太郎に行かせてもらって。,success,あのそのあとで私でも忍たま乱太郎を見に行かせてもらってたんですよ。,False,16,33,17
,016_ibs_13555969_20260713220000_seg_00187,016_ibs_13555969_20260713220000,SPEAKER_03,1058.32,1059.28,0.96,success,ミュージカルの忍耐。,success,忍たま乱太郎を見に行かせてもらってるんですよ。,False,10,23,13
,016_ibs_13555969_20260713220000_seg_00188,016_ibs_13555969_20260713220000,SPEAKER_03,1060.08,1061.36,1.28,success,tiktokで予約やってて。,success,ミュージカルの忍たまの小さくてよくやってて。,False,14,22,8
,016_ibs_13555969_20260713220000_seg_00189,016_ibs_13555969_20260713220000,SPEAKER_01,1063.36,1065.92,2.56,success,であのそうすごいすてきだなと思って。,success,共通の友人がいて、それでそう、すごいすてきだなと思って。,False,18,28,10
,016_ibs_13555969_20260713220000_seg_00190,016_ibs_13555969_20260713220000,SPEAKER_01,1067.36,1069.44,2.08,success,でも何となくなれなれしくは話しかけられなかった。,success,あと思って見てたんですけどでも何となくなれなれしくは話しかけられなかった。,False,24,37,13
,016_ibs_13555969_20260713220000_seg_00191,016_ibs_13555969_20260713220000,SPEAKER_00,1070.4,1072.0,1.6,success,お互いは知ってたんだもう。,success,じゃあお互いは知ってたんだもう。,False,13,16,3
,016_ibs_13555969_20260713220000_seg_00192,016_ibs_13555969_20260713220000,SPEAKER_03,1073.76,1075.6,1.84,success,僕見てましたもんずっと開けて。,success,僕見てましたもんずっと明るい。,False,15,15,0
,016_ibs_13555969_20260713220000_seg_00193,016_ibs_13555969_20260713220000,SPEAKER_03,1078.16,1079.36,1.2,success,レッドカーペットとか見てましたもん。,success,エンタとかレッドカーペットとか見てましたもん。,False,18,23,5
,016_ibs_13555969_20260713220000_seg_00194,016_ibs_13555969_20260713220000,SPEAKER_01,1079.68,1081.28,1.6,success,タイからね、学生時代。,success,お若いからね、学生時代。,False,11,12,1
,016_ibs_13555969_20260713220000_seg_00195,016_ibs_13555969_20260713220000,SPEAKER_00,1082.08,1083.92,1.84,success,ごめんなさい、本当、今、いくつ?,success,ごめんなさい、本当、今、いくつ?,True,16,16,0
,016_ibs_13555969_20260713220000_seg_00196,016_ibs_13555969_20260713220000,SPEAKER_03,1083.92,1085.44,1.52,success,37です。,success,ごめんなさい、本当、今、いくつ?,False,5,16,11
,016_ibs_13555969_20260713220000_seg_00197,016_ibs_13555969_20260713220000,SPEAKER_01,1088.0,1089.6,1.6,success,でも学生時代に見てたってこと。,success,ちゃんと一緒、じゃあ、だから、でも学生時代に見てたってこと。,False,15,30,15
,016_ibs_13555969_20260713220000_seg_00198,016_ibs_13555969_20260713220000,SPEAKER_01,1091.36,1094.96,3.6,success,決めて、それで30歳ぐらいでさ、エンタとかに出させてもらう。,success,私26でお笑いを始めてそれで30歳ぐらいでさエンタとかに出させてもらって。,False,30,37,7
,016_ibs_13555969_20260713220000_seg_00199,016_ibs_13555969_20260713220000,SPEAKER_01,1096.16,1098.4,2.24,success,レッドカーペットとか。,success,見させてもらう、あっ、じゃあ、26、そうか、そうか、レッドカーペットとか。,False,11,37,26
,016_ibs_13555969_20260713220000_seg_00200,016_ibs_13555969_20260713220000,SPEAKER_01,1099.12,1100.32,1.2,success,高校生とかなんですよ、きっと。,success,レッドカーペットとかね、だから高校生とかなんですよ、きっと。,False,15,30,15
,016_ibs_13555969_20260713220000_seg_00201,016_ibs_13555969_20260713220000,SPEAKER_01,1101.6,1106.4,4.8,success,こんなに仲良くならせてもらったのはあそこまでまだ仲良くなってないかもしれないけど。,success,でこんなに仲良くならせてもらったのはあそこまでまだ仲良くなってないかもしんないけど。,False,41,42,1
,016_ibs_13555969_20260713220000_seg_00202,016_ibs_13555969_20260713220000,SPEAKER_01,1108.8,1112.08,3.28,success,キューピッドがいるんですよね、鈴木奈々ちゃんっていう。,success,でもならしてもらったのはキューピッドがいるんですよね鈴木奈々ちゃんっていう。,False,27,38,11
,016_ibs_13555969_20260713220000_seg_00203,016_ibs_13555969_20260713220000,SPEAKER_01,1113.6,1114.96,1.36,success,うんななちゃんが。,success,うん奈々ちゃんが。,False,9,9,0
,016_ibs_13555969_20260713220000_seg_00204,016_ibs_13555969_20260713220000,SPEAKER_01,1115.36,1117.12,1.76,success,去年足立さんのフェス出て。,success,奈々ちゃんが去年足立さんのフェス出て。,False,13,19,6
,016_ibs_13555969_20260713220000_seg_00205,016_ibs_13555969_20260713220000,SPEAKER_03,1117.36,1117.92,0.56,success,アンドニー。,success,去年足立さんのフェス出てトリームランドに。,False,6,21,15
,016_ibs_13555969_20260713220000_seg_00206,016_ibs_13555969_20260713220000,SPEAKER_01,1119.12,1120.56,1.44,success,すごいんだ、2万人。,success,すごいんで2万人。,False,10,9,-1
,016_ibs_13555969_20260713220000_seg_00207,016_ibs_13555969_20260713220000,SPEAKER_03,1120.56,1121.28,0.72,success,いまに。,success,すごいんで、2万人。,False,4,10,6
,016_ibs_13555969_20260713220000_seg_00208,016_ibs_13555969_20260713220000,SPEAKER_01,1125.28,1127.04,1.76,success,赤ペルさん!って電話かかってきて。,success,赤ペルさん!って電話かかってきて。,True,17,17,0
,016_ibs_13555969_20260713220000_seg_00209,016_ibs_13555969_20260713220000,SPEAKER_01,1127.28,1134.0,6.72,success,足立さんのペースすごいです絶対出たほうがいいですよっつってえっそんなんで出れんの?みたいな。,success,赤ペルさんって電話かかってきて足立さんのペースすごいです絶対出た方がいいですよっつってえっそんなんで出れんの?みたいな。,False,46,60,14
,016_ibs_13555969_20260713220000_seg_00210,016_ibs_13555969_20260713220000,SPEAKER_00,1134.32,1135.92,1.6,success,ナナちゃんってすげえ軽く言うよね。,success,奈々ちゃんってすげえ軽く言うよね。,False,17,17,0
,016_ibs_13555969_20260713220000_seg_00211,016_ibs_13555969_20260713220000,SPEAKER_01,1136.08,1137.6,1.52,success,さっきも出たいですね。,success,奈々ちゃんってすげえ軽くよね。,False,11,15,4
,016_ibs_13555969_20260713220000_seg_00212,016_ibs_13555969_20260713220000,SPEAKER_01,1139.84,1145.84,6.0,success,line送ったら楽しそう行きたい!って来たからこの1時間の間にもしかしたら来てくれるかもしれない。,success,足立さんのline送ったら楽しそう行きたい!って来たからこの1時間の間にもしかしたら来てくれるかもしれない。,False,49,54,5
,016_ibs_13555969_20260713220000_seg_00213,016_ibs_13555969_20260713220000,SPEAKER_03,1146.0,1147.36,1.36,success,来れこれ。,success,この1時間の間にもしかしたら着てくれるかもしれないですね。,False,5,29,24
,016_ibs_13555969_20260713220000_seg_00214,016_ibs_13555969_20260713220000,SPEAKER_03,1148.4,1154.4,6.0,success,めちゃめちゃ僕ドリームランドと初対面だったんですよそしたらめちゃめちゃフレンドリーにしてくれて本番中も。,success,奈々ちゃんもめちゃめちゃ僕ドリーム&初対面だったんですよそしたらめちゃめちゃフレンドリーにしてくれて本番中も。,False,52,55,3
,016_ibs_13555969_20260713220000_seg_00215,016_ibs_13555969_20260713220000,SPEAKER_03,1154.64,1159.52,4.88,success,そこからもうみんなの前でトークショーで焼き肉みんなで食べに行こうっつって。,success,そこからもうみんなの前でトークショーで焼き肉みんなで食べに行こうっつって。,True,37,37,0
,016_ibs_13555969_20260713220000_seg_00216,016_ibs_13555969_20260713220000,SPEAKER_03,1160.4,1161.52,1.12,success,で実現して焼き上げる。,success,そこからガチで実現して焼き肉。,False,11,15,4
,016_ibs_13555969_20260713220000_seg_00217,016_ibs_13555969_20260713220000,SPEAKER_03,1162.48,1164.64,2.16,success,そこから本当にね、仲よくさせてもらってて。,success,実現して焼き肉もそこから本当にね仲良くさせてもらってて。,False,21,28,7
,016_ibs_13555969_20260713220000_seg_00218,016_ibs_13555969_20260713220000,SPEAKER_00,1164.96,1166.96,2.0,success,もうね、実は俺ね、誘われたのよ、奈々ちゃんに。,success,本当にね、仲よくさせてもらってて、あのときもね、実は俺ね、誘われたのよ、奈々ちゃんに。,False,23,43,20
,016_ibs_13555969_20260713220000_seg_00219,016_ibs_13555969_20260713220000,SPEAKER_00,1167.76,1168.72,0.96,success,皆さんも一緒に行きましょうって言ったら。,success,誘われたのよ、奈々ちゃんが、松岡さんも一緒に行きましょうって言った。,False,20,34,14
,016_ibs_13555969_20260713220000_seg_00220,016_ibs_13555969_20260713220000,SPEAKER_00,1169.6,1173.2,3.6,success,タイトルが茨城界やったからやめとくわっつって。,success,松岡さんも一緒に行きましょうって言ったけどタイトルが茨城回やったからやめとくわっつってさすがに。,False,23,48,25
,016_ibs_13555969_20260713220000_seg_00221,016_ibs_13555969_20260713220000,SPEAKER_01,1175.04,1176.0,0.96,success,しかも水炭スイカ。,success,さすがにここは。,False,9,8,-1
,016_ibs_13555969_20260713220000_seg_00222,016_ibs_13555969_20260713220000,SPEAKER_01,1177.28,1179.04,1.76,success,いつもイベントの司会とかやられたり。,success,水田水耕とも仲良くていつもイベントの司会とかやられたり。,False,18,28,10
,016_ibs_13555969_20260713220000_seg_00223,016_ibs_13555969_20260713220000,SPEAKER_01,1182.1,1183.92,1.82,success,もうそこの座を奪いに行こうと思ってて私。,success,そこの座を奪いに行こうと思ってて私。,False,20,18,-2
,016_ibs_13555969_20260713220000_seg_00224,016_ibs_13555969_20260713220000,SPEAKER_00,1184.56,1189.76,5.2,success,赤プロさん、でもね、本当にね、俺も安達祐人君についていったほうがいいと思うよ。,success,赤プロさんでもね本当にね俺もう安達雄人君についていったほうがいいと思うよ。,False,39,37,-2
,016_ibs_13555969_20260713220000_seg_00225,016_ibs_13555969_20260713220000,SPEAKER_01,1191.44,1196.8,5.36,success,腰が半端ないから、どうやったらそんな茨城を盛り上げられるのかなみたいなのも憧れ。,success,でも茨城の町おこしが半端ないから、どうやったらそんなに茨城を盛り上げられるのかなみたいなのも憧れます。,False,40,51,11
,016_ibs_13555969_20260713220000_seg_00226,016_ibs_13555969_20260713220000,SPEAKER_00,1197.76,1201.04,3.28,success,でもね、ちょっとね、これ、やり過ぎると、本当にあんときの猪木になっちゃうから。,success,でもね、ちょっとね、これ、やり過ぎると、本当にあんときの猪木になっちゃうから。,True,39,39,0
,016_ibs_13555969_20260713220000_seg_00227,016_ibs_13555969_20260713220000,SPEAKER_01,1202.0,1205.84,3.84,success,いいね、どいてくださいね、ちょっと入ってんだから、もう。,success,だめ、だめ、ちょっとピー入れといてください、ピー入れといてくださいね、ちょっと入ってんだから、やめよう。,False,28,52,24
,016_ibs_13555969_20260713220000_seg_00228,016_ibs_13555969_20260713220000,SPEAKER_00,1207.36,1208.08,0.72,success,出ていいよ。,success,生放送で気を付けてホントに。,False,6,14,8
,016_ibs_13555969_20260713220000_seg_00229,016_ibs_13555969_20260713220000,SPEAKER_01,1208.8,1209.44,0.64,success,本当にそうやって何?,success,でもホントにそうやって何で?,False,10,14,4
,016_ibs_13555969_20260713220000_seg_00230,016_ibs_13555969_20260713220000,SPEAKER_01,1209.76,1212.16,2.4,success,ファンからのご紹介で、なんか本当に気持ちで。,success,でも本当にそうやって奈々ちゃんからのご紹介で何か本当に気持ちで。,False,22,32,10
,016_ibs_13555969_20260713220000_seg_00231,016_ibs_13555969_20260713220000,SPEAKER_01,1212.56,1219.12,6.56,success,出るんだっていうところから何かその時ゴールデンウイークが近くてそれで常総道の駅の。,success,いっぱいで何か本当に気持ちでイベントやってるんだっていうところから何かその時ゴールデンウイークが近くてそれで常総道の駅の。,False,41,61,20
,016_ibs_13555969_20260713220000_seg_00232,016_ibs_13555969_20260713220000,SPEAKER_01,1222.64,1236.0,13.36,success,私の地元ですってなって私も出たいですって言ったらチラシを自ら作成して下さって知んなかったんだけど何かすごいコラボステージみたいなこと書いて下さって行かせて頂いたんですよ。,success,で私の地元ですってなって私も出たいですって言ったらチラシを自ら作成して下さって知んなかったんだけど何かすごいコラボステージみたいなこと書いてくださって行かせて頂いたんですよ。,False,85,87,2
,016_ibs_13555969_20260713220000_seg_00233,016_ibs_13555969_20260713220000,SPEAKER_00,1238.24,1243.2,4.96,success,俺も家でウーバーイーツしてたら、すごい楽しいとか、いっぱい写真とか送ってきて。,success,なんか俺も家でウーバーイーツしてたら、すごい楽しいとか、いっぱい写真とか送ってきて。,False,39,42,3
,016_ibs_13555969_20260713220000_seg_00234,016_ibs_13555969_20260713220000,SPEAKER_01,1246.16,1248.0,1.84,success,ちょっとその時来てくれた。,success,ちょっとその時来てくれた。,True,13,13,0
,016_ibs_13555969_20260713220000_seg_00235,016_ibs_13555969_20260713220000,SPEAKER_01,1250.08,1251.6,1.52,success,書いてあるのでちょっと2人を読ませていただいて。,success,リスナーの方からもちょっとお便り頂いてるのでちょっと2人読ませていただいて。,False,24,38,14
,016_ibs_13555969_20260713220000_seg_00236,016_ibs_13555969_20260713220000,SPEAKER_01,1252.4,1256.08,3.68,success,ゴスペルラブさんより来ていただいてありがとうございました栃木からね来てくれてありがとうございました。,success,ちょっと2人読ませていただいてもいいですか、ゴスペルラブさんよりね、来ていただいてありがとうございました、栃木からね、来てくれて、ありがとうございました。,False,50,77,27
,016_ibs_13555969_20260713220000_seg_00237,016_ibs_13555969_20260713220000,SPEAKER_01,1256.96,1275.44,18.48,success,5月3日道の駅常総で開催した安達祐人さんのイベント赤プルさんの応援に母と見に行きましたが安達祐人さんを見た母があらあの人イケメンねと興奮していました母は目をキラキラと輝かせて何だかとってもかわいかったです。,success,5月3日、道の駅常総で開催した安達祐人さんのイベント赤プルさんの応援に母と見に行きましたが安達祐人さんを見た母があらあの人イケメンねと興奮していました母は目をキラキラと輝かせて何だかとってもかわいかったです。,False,103,104,1
,016_ibs_13555969_20260713220000_seg_00238,016_ibs_13555969_20260713220000,SPEAKER_01,1275.68,1278.8,3.12,success,ということでやっぱみんなね通りすがりの人までファンになっちゃうような。,success,だからとってもかわいかったですということでやっぱみんなね通りすがりの人までファンになっちゃうような。,False,35,50,15
,016_ibs_13555969_20260713220000_seg_00239,016_ibs_13555969_20260713220000,SPEAKER_00,1280.0,1280.64,0.64,success,オーラあっ。,success,ちゃうような何やねんいい人オーラル。,False,6,18,12
,016_ibs_13555969_20260713220000_seg_00240,016_ibs_13555969_20260713220000,SPEAKER_03,1281.52,1282.32,0.8,success,あふれちゃってます。,success,人オーラにあふれてるあふれちゃってます。,False,10,20,10
,016_ibs_13555969_20260713220000_seg_00241,016_ibs_13555969_20260713220000,SPEAKER_01,1283.68,1289.28,5.6,success,ほんでさ、いい歌歌ってんじゃん、ほんで、なんかすごくせりふとかも感動しちゃうのね。,success,あふれちゃってますあふれちゃってほんでさいい歌歌ってんじゃんほんで何かすごくセリフとかも感動しちゃうのね。,False,41,53,12
,016_ibs_13555969_20260713220000_seg_00242,016_ibs_13555969_20260713220000,SPEAKER_00,1289.36,1290.0,0.64,success,ああそうなんだ。,success,ああそうなの。,False,8,7,-1
,016_ibs_13555969_20260713220000_seg_00243,016_ibs_13555969_20260713220000,SPEAKER_01,1290.48,1302.16,11.68,success,でも何か熱いものが込み上げるっつうか何かちょっとさ何て言うのかなこれちょっとあんまり言うと怒られちゃうかもしれないんですけど何か聞いてられないみたいな時人もいるじゃないですか。,success,でも何か熱いものが込み上げるっつうか何かちょっとさ何て言うのかなこれちょっとあんまり言うと怒られちゃうかもしれないんですけど何か聞いてられないみたいな人もいるじゃないですかクサすぎて。,False,88,92,4
,016_ibs_13555969_20260713220000_seg_00244,016_ibs_13555969_20260713220000,SPEAKER_01,1305.04,1306.96,1.92,success,やめてやめてやめてやめて。,success,いるね、茨城に1人いたら。,False,13,13,0
,016_ibs_13555969_20260713220000_seg_00245,016_ibs_13555969_20260713220000,SPEAKER_01,1308.24,1313.12,4.88,success,ちょっとなんかお笑いのネタかなって、このあと笑わせてくれるのかなみたいなぐらい、振りになっちゃうみたいなぐらい。,success,やめて、でもそれは、ちょっとなんか、お笑いのネタかなって、このあと笑わせてくれるのかなみたいなぐらい、振りになっちゃうみたいなぐらい。,False,56,67,11
,016_ibs_13555969_20260713220000_seg_00246,016_ibs_13555969_20260713220000,SPEAKER_01,1316.24,1318.96,2.72,success,そういうことは言っちゃダメなの。,success,そういうことは言っちゃダメなの。,True,16,16,0
,016_ibs_13555969_20260713220000_seg_00247,016_ibs_13555969_20260713220000,SPEAKER_01,1320.16,1323.84,3.68,success,わあ、すごい、なんか感動するんだけど、なんかお笑いの振りみたいになっちゃう。,success,でも何かわあすごい感動するんだけどお笑いの振りみたいになっちゃう。,False,38,33,-5
,016_ibs_13555969_20260713220000_seg_00248,016_ibs_13555969_20260713220000,SPEAKER_01,1324.24,1328.08,3.84,success,みたいに、ちょっとなんかこう、このあと、なんかそういうのネタにつながりそう。,success,なんかお笑いの振りみたいになっちゃってるなみたいに、ちょっとなんかこう、このあと、なんかそういうのネタにつながりそう。,False,38,59,21
,016_ibs_13555969_20260713220000_seg_00249,016_ibs_13555969_20260713220000,SPEAKER_00,1332.64,1334.24,1.6,success,ラストのとき、2人でにやにやしてたのに。,success,その人の時に2人でニヤニヤしてたのにね。,False,20,20,0
,016_ibs_13555969_20260713220000_seg_00250,016_ibs_13555969_20260713220000,SPEAKER_01,1334.8,1338.4,3.6,success,なんかそう、ちょっとなんか、ネタが、ネタが始まりそうな雰囲気。,success,なんかそう、なんかネタが、ネタが始まりそうな雰囲気。,False,31,26,-5
,016_ibs_13555969_20260713220000_seg_00251,016_ibs_13555969_20260713220000,SPEAKER_01,1338.72,1346.88,8.16,success,そういうのがあって、そういうのがあったんですけど、本当に足立さんのこの胸を打つあのメッセージは、なんかちょっと涙出て、恥ずかしい。,success,ああ、ネタが始まりそうな雰囲気っていうのがあって、そういうのがあったんですけど、本当に足立さんのこの胸を打つあのメッセージは、なんかちょっと涙出て、恥ずかしい。,False,65,80,15
,016_ibs_13555969_20260713220000_seg_00252,016_ibs_13555969_20260713220000,SPEAKER_01,1348.96,1359.44,10.48,success,そしてはっつくんからも頂いてますんでね、カップルさん、松岡さん、足立さん、プルナーの皆さん、こんばんは、私は5月の常総道の駅で足立さんのライブ、初参加でした。,success,そしてはっつくんからも頂いてますんでね、カップルさん、松岡さん、足立さん、プルナーの皆さん、こんばんは、私は5月の上総道の駅で足立さんのライブ、初参加でした。,False,79,79,0
,016_ibs_13555969_20260713220000_seg_00253,016_ibs_13555969_20260713220000,SPEAKER_01,1359.76,1380.48,20.72,success,安達ファミリーの盛り上がり温かさに感じたあっ温かさを感じた素敵なライブでした勘違いかもしれませんが私達が見てきた近くに足立さんのご両親?もいらっしゃったのかな私たち夫婦は赤プルさんのご両親ご姉妹とともに赤プルファミリーを楽しく応援できましたこれからも赤プルさんとともに茨城を盛り上げてくださいと。,success,ライブ初参加でした足立ファミリーの盛り上がり温かさに感じた温かさを感じた素敵なライブでした勘違いかもしれませんが私達が見てきた近くに足立さんのご両親もいらっしゃったのかな私たち夫婦は赤プルさんのご両親ご姉妹とともに赤プルファミリーを楽しく応援できましたこれからも赤プルさんとともに茨城を盛り上げてくださいと。,False,148,154,6
,016_ibs_13555969_20260713220000_seg_00254,016_ibs_13555969_20260713220000,SPEAKER_01,1380.88,1383.44,2.56,success,私がね、ついていきたいなというふうに思ってるんですけども。,success,皆さんと共に茨城を盛り上げてくださいということで、私がね、ついていきたいなというふうに思ってるんですけども。,False,29,54,25
,016_ibs_13555969_20260713220000_seg_00255,016_ibs_13555969_20260713220000,SPEAKER_01,1384.0,1385.12,1.12,success,本当にいらしてたんだ。,success,いうふうに思ってるんですけども、えっ、これ、本当にいらしてたんですか?,False,11,35,24
,016_ibs_13555969_20260713220000_seg_00256,016_ibs_13555969_20260713220000,SPEAKER_02,1386.08,1387.12,1.04,success,勘違いですね。,success,本当にいらしてたんですか?,False,7,13,6
,016_ibs_13555969_20260713220000_seg_00257,016_ibs_13555969_20260713220000,SPEAKER_03,1389.28,1390.24,0.96,success,いなかったっす。,success,いなかったです。,False,8,8,0
,016_ibs_13555969_20260713220000_seg_00258,016_ibs_13555969_20260713220000,SPEAKER_01,1390.96,1400.88,9.92,success,ファミリーは、もう年齢層が幅広いから、ご両親かなと思われるような方たちも、すてきなね、ご家族連れの方が多くて。,success,でもね、足立ファミリーは、もう年齢層が幅広いから、ご両親かなと思われるような方たちも、すてきなね、ご家族連れの方が多くて。,False,55,61,6
,016_ibs_13555969_20260713220000_seg_00259,016_ibs_13555969_20260713220000,SPEAKER_03,1401.12,1403.84,2.72,success,境内がやっぱり僕のファンの方々広くて。,success,ご家族連れの方が多くって世代がやっぱり僕のファンの方が広くてすごいですね。,False,19,37,18
,016_ibs_13555969_20260713220000_seg_00260,016_ibs_13555969_20260713220000,SPEAKER_03,1404.72,1409.419958,4.7,success,お年寄りからもう大先輩から本当、子どもたちまで結構いるので。,success,広くて、お年寄りからもう大先輩方、本当、子どもたちまで結構いるので。,False,30,34,4
,016_ibs_13555969_20260713220000_seg_00261,016_ibs_13555969_20260713220000,SPEAKER_03,1410.64,1414.4,3.76,success,本当におばあちゃんとかも、70代ぐらいの方も、もうめちゃめちゃ。,success,本当におばあちゃんとかも70代ぐらいの方もめちゃめちゃ。,False,32,28,-4
,016_ibs_13555969_20260713220000_seg_00262,016_ibs_13555969_20260713220000,SPEAKER_00,1416.24,1416.8,0.56,success,あっそうなの?,success,めちゃめちゃ飛んだりとか。,False,7,13,6
,016_ibs_13555969_20260713220000_seg_00263,016_ibs_13555969_20260713220000,SPEAKER_01,1417.04,1418.64,1.6,success,その何かだからその多分。,success,その何かだからその多分。,True,12,12,0
,016_ibs_13555969_20260713220000_seg_00264,016_ibs_13555969_20260713220000,SPEAKER_01,1419.2,1422.88,3.68,success,いっぱいいる中の2人がうちの母と父ですから70代の母と。,success,もう何かだからその多分いっぱいいる中の2人がうちの母と父ですから70代の母と。,False,28,39,11
,016_ibs_13555969_20260713220000_seg_00265,016_ibs_13555969_20260713220000,SPEAKER_03,1423.76,1424.64,0.88,success,めっちゃ盛り上がっていただいて。,success,めっちゃ盛り上がっていただいて。,True,16,16,0
,016_ibs_13555969_20260713220000_seg_00266,016_ibs_13555969_20260713220000,SPEAKER_01,1427.2,1436.96,9.76,success,そう、だからね、私もね、なんかね、私たちの両親ぐらいの世代の方たちもいっぱいいたんですけど、何人かいらしたんですけど、私のことをかわいそうと思ったのか、チップくれたりして。,success,本当そうすばらしいでねそうだからね私もね何かね私たちの両親ぐらいの世代の方たちもいっぱいいたんですけど何人かいらしたんですけど私のことをかわいそうと思ったのかチップくれたりして。,False,86,89,3
,016_ibs_13555969_20260713220000_seg_00267,016_ibs_13555969_20260713220000,SPEAKER_01,1438.32,1441.44,3.12,success,なんかあとね、このね、買えないと思われたのか、このなんていうんですか?,success,何かあとねこのね買えないと思われたのかこの何て言うんですか?,False,35,30,-5
,016_ibs_13555969_20260713220000_seg_00268,016_ibs_13555969_20260713220000,SPEAKER_01,1443.6,1444.32,0.72,success,くれたりして。,success,ラバーバンドも何かくれたりして。,False,7,16,9
,016_ibs_13555969_20260713220000_seg_00269,016_ibs_13555969_20260713220000,SPEAKER_01,1444.56,1446.16,1.6,success,お恵みを巡る。,success,本を何かくれたりしてお恵みを巡って。,False,7,18,11
,016_ibs_13555969_20260713220000_seg_00270,016_ibs_13555969_20260713220000,SPEAKER_00,1447.84,1448.88,1.04,success,すごい、グッズない。,success,グッズ、すごい、グッズって何種類?,False,10,17,7
,016_ibs_13555969_20260713220000_seg_00271,016_ibs_13555969_20260713220000,SPEAKER_03,1450.0,1450.56,0.56,success,めちゃめちゃあります。,success,すごいグッズって何種類ぐらいあるんですか?,False,11,21,10
,016_ibs_13555969_20260713220000_seg_00272,016_ibs_13555969_20260713220000,SPEAKER_03,1452.56,1455.76,3.2,success,本当、何十種類、結構ありますね。,success,シーツとかタオルとか合わせると、本当、何十種類、結構ありますね。,False,16,32,16
,016_ibs_13555969_20260713220000_seg_00273,016_ibs_13555969_20260713220000,SPEAKER_01,1455.92,1459.6,3.68,success,行列でした、だからメロンも買いたいけど、足立さんのグッズも買いたいということで。,success,みんな行列でした、だからメロンも買いたいけど、足立さんのグッズも買いたいということで。,False,40,43,3
,016_ibs_13555969_20260713220000_seg_00274,016_ibs_13555969_20260713220000,SPEAKER_00,1460.56,1461.52,0.96,success,なんかこう持ってたやんか。,success,グッズも買いたいってことでメロンなんかこう持ってたやんか。,False,13,29,16
,016_ibs_13555969_20260713220000_seg_00275,016_ibs_13555969_20260713220000,SPEAKER_00,1462.0,1462.72,0.72,success,トメロン。,success,メロンなんかこう持ってたやんかあれは一応メロンの。,False,5,25,20
,016_ibs_13555969_20260713220000_seg_00276,016_ibs_13555969_20260713220000,SPEAKER_03,1463.76,1467.92,4.16,success,いやいや、あれはもう、道の駅で売ってたので、それをちょっと一日店長みたいな形で。,success,一応、メロンのかぶってるっていえいえ、あれはもう、道の駅で売ってたので、それをちょっと一日店長みたいな形で。,False,40,54,14
,016_ibs_13555969_20260713220000_seg_00277,016_ibs_13555969_20260713220000,SPEAKER_03,1469.28,1470.96,1.68,success,そういう活動を。,success,ボランティアでやってるんですよね、そういう活動を。,False,8,25,17
,016_ibs_13555969_20260713220000_seg_00278,016_ibs_13555969_20260713220000,SPEAKER_03,1472.8,1482.24,9.44,success,一日店長とかいろんな施設に行ってライブする時にファンの方結構いらっしゃってくれるのでそこでまあ売り上げが上がったらいいなっていう。,success,全然お金もらってないんですよ一日店長とかいろんな施設に行ってライブする時にファンの方結構いらっしゃってくれるのでそこでまあ売り上げが上がったらいいなっていう。,False,65,79,14
,016_ibs_13555969_20260713220000_seg_00279,016_ibs_13555969_20260713220000,SPEAKER_00,1482.72,1484.0,1.28,success,あの変な話。,success,変な話。,False,6,4,-2
,016_ibs_13555969_20260713220000_seg_00280,016_ibs_13555969_20260713220000,SPEAKER_00,1484.32,1485.28,0.96,success,そのギャラとか。,success,あの変な話ギャラとか。,False,8,11,3
,016_ibs_13555969_20260713220000_seg_00281,016_ibs_13555969_20260713220000,SPEAKER_03,1486.64,1487.44,0.8,success,チャンスもらってないです。,success,ギャラとかっていやもらってないですもらってないです。,False,13,26,13
,016_ibs_13555969_20260713220000_seg_00282,016_ibs_13555969_20260713220000,SPEAKER_00,1487.44,1489.52,2.08,success,どうやってどうやって稼ぐっていう言い方。,success,どうやってどうやって稼ぐっていう言い方?,False,20,20,0
,016_ibs_13555969_20260713220000_seg_00283,016_ibs_13555969_20260713220000,SPEAKER_01,1491.52,1493.52,2.0,success,こんなに折れるんだ!?君ができてるっていう。,success,仕組みができてるっていう。,False,22,13,-9
,016_ibs_13555969_20260713220000_seg_00284,016_ibs_13555969_20260713220000,SPEAKER_03,1493.84,1495.12,1.28,success,ありがたいことです。,success,いやいやありがたいことです。,False,10,14,4
,016_ibs_13555969_20260713220000_seg_00285,016_ibs_13555969_20260713220000,SPEAKER_03,1497.04,1497.68,0.64,success,はい。,success,めちゃくそって感じじゃないですけどでもはい。,False,3,22,19
,016_ibs_13555969_20260713220000_seg_00286,016_ibs_13555969_20260713220000,SPEAKER_00,1497.76,1498.88,1.12,success,もう十分、そのギャップ。,success,くそって感じじゃないですけど、でも、はい、もう十分、そのギャラリー。,False,12,34,22
,016_ibs_13555969_20260713220000_seg_00287,016_ibs_13555969_20260713220000,SPEAKER_03,1499.2,1501.04,1.84,success,ちゃんと生活できるぐらいというか。,success,もう十分、そのギャラは。ちゃんと生活できるぐらいというか。,False,17,29,12
,016_ibs_13555969_20260713220000_seg_00288,016_ibs_13555969_20260713220000,SPEAKER_01,1502.48,1509.04,6.56,success,だから私もさ足立さんに感化されてさわあいいなって私もそんな活動がしたいと思ってさ行ったんだけど売るもんがないから。,success,だから私もさ足立さんに感化されてさわあいいなって私もそんな活動がしたいと思ってさ行ったんだけど売るもんがないから。,True,57,57,0
,016_ibs_13555969_20260713220000_seg_00289,016_ibs_13555969_20260713220000,SPEAKER_03,1509.52,1512.48,2.96,success,ホントの赤字で帰ってくるみたいな作りましょうよ何かね。,success,持ってさ行ったんだけど売るもんがないからさ本当の赤字で帰ってくるみたいな。作りましょうよ何かね。,False,27,48,21
,016_ibs_13555969_20260713220000_seg_00290,016_ibs_13555969_20260713220000,SPEAKER_00,1514.24,1515.6,1.36,success,ただのボランティアで帰ってくるんだけど。,success,ただのボランティアで帰ってくるんだけどいつも。,False,20,23,3
,016_ibs_13555969_20260713220000_seg_00291,016_ibs_13555969_20260713220000,SPEAKER_01,1516.64,1524.56,7.92,success,楽しくてさ、本当にそこにいられることがすごいうれしいから、でもね、やっぱりボランティアをやったら、やっぱりそれがすごく達成感みたいなものがあって。,success,でも楽しくて、楽しくてさ、本当にそこにいられることがすごいうれしいから、でもね、やっぱりボランティアをやったら、やっぱりそれがすごく達成感みたいなものあって。,False,73,79,6
,016_ibs_13555969_20260713220000_seg_00292,016_ibs_13555969_20260713220000,SPEAKER_01,1525.04,1528.32,3.28,success,最近は結構多くなっちゃったんですけどなんかフレイルサポーターとか。,success,すごく達成感みたいなのもあって、最近は結構、多くなっちゃったんですけど、なんかフレイルサポーターとか。,False,33,51,18
,016_ibs_13555969_20260713220000_seg_00293,016_ibs_13555969_20260713220000,SPEAKER_01,1528.8,1535.76,6.96,success,防災のほうでも結構いろいろやらせてもらってるんですけど、やっぱその資金を稼ぐのは、なかなか難しいなっていうのは、すごく感じていて。,success,フレイルサポーターとか、なんか防災のほうでも結構いろいろやらせてもらってるんですけど、やっぱその資金を稼ぐのは、なかなか難しいなっていうのは、すごく感じていて。,False,65,80,15
,016_ibs_13555969_20260713220000_seg_00294,016_ibs_13555969_20260713220000,SPEAKER_01,1536.4,1539.84,3.44,success,できるってことはそういうご身分になったんだなって自分の中で。,success,っていうのはすごく感じていてでもそれをできるってことはそういうご身分になったんだなって自分の中で。,False,30,49,19
,016_ibs_13555969_20260713220000_seg_00295,016_ibs_13555969_20260713220000,SPEAKER_00,1541.2,1542.32,1.12,success,えっでもそれって最初。,success,自分の中では思ってすごいありがたい。,False,11,18,7
,016_ibs_13555969_20260713220000_seg_00296,016_ibs_13555969_20260713220000,SPEAKER_00,1543.2,1544.88,1.68,success,なかったわけじゃない、売れなかったわけじゃないです。,success,でもそれって、最初はやっぱりなかったわけじゃないですか、売れなかったわけじゃないですか。,False,26,44,18
,016_ibs_13555969_20260713220000_seg_00297,016_ibs_13555969_20260713220000,SPEAKER_03,1545.52,1546.88,1.36,success,5人ぐらいしかいなかったですかね。,success,売れなかったわけじゃファン5人ぐらいしかいなかったですかね。,False,17,30,13
,016_ibs_13555969_20260713220000_seg_00298,016_ibs_13555969_20260713220000,SPEAKER_00,1547.6,1550.96,3.36,success,そのときから一応、でも、あれですか、ボランティアとかはやってたんですか?,success,そのときから一応、でも、あれですか、ボランティアとかはやってたんですか?,True,36,36,0
,016_ibs_13555969_20260713220000_seg_00299,016_ibs_13555969_20260713220000,SPEAKER_03,1551.04,1555.76,4.72,success,もちろんやってましたね、なんか僕、町おこしっていうか、茨城が大好きすぎて。,success,もちろんやってましたね、なんか僕、町おこしっていうか、茨城が大好きすぎて。,True,37,37,0
,016_ibs_13555969_20260713220000_seg_00300,016_ibs_13555969_20260713220000,SPEAKER_03,1556.32,1560.08,3.76,success,きっかけも小学校のときにやっぱり茨城で。,success,大好きすぎて本当にきっかけも小学校の時にやっぱり茨城で。,False,20,28,8
,016_ibs_13555969_20260713220000_seg_00301,016_ibs_13555969_20260713220000,SPEAKER_03,1560.32,1563.76,3.44,success,歌手になる、俳優になるってときに、やっぱばかにされたんですよね。,success,小学校のときにやっぱ茨城で歌手になる俳優になるってときにやっぱばかにされたんですよね。,False,32,43,11
,016_ibs_13555969_20260713220000_seg_00302,016_ibs_13555969_20260713220000,SPEAKER_03,1564.24,1564.8,0.56,success,無理だぞ。,success,ばかにされたんですよね、田舎じゃ無理だと。,False,5,21,16
,016_ibs_13555969_20260713220000_seg_00303,016_ibs_13555969_20260713220000,SPEAKER_03,1570.88,1578.48,7.6,success,でそれで悔しくてじゃあこれはほんとに大人になった時にまたいろんな子どもたちとか次の世代の人が。,success,そうでそれで悔しくてじゃあこれはほんとに大人になった時にまたいろんな子どもたちとか次の世代の人が。,False,47,49,2
,016_ibs_13555969_20260713220000_seg_00304,016_ibs_13555969_20260713220000,SPEAKER_03,1578.8,1588.72,9.92,success,こんなことできる、かっこいいこと、楽しいことできる、夢かなうっていう、励みにもなれる、歌手にもなれるっていうものを作りたくて、今の活動、僕、してるんですよ。,success,次の世代の人が茨城でもこんないいことできるかっこいいこと楽しいことできる夢かなうっていう励みにもなれる歌手にもなれるっていうものを作りたくて今の活動を僕してるんですよね。,False,78,85,7
,016_ibs_13555969_20260713220000_seg_00305,016_ibs_13555969_20260713220000,SPEAKER_01,1589.52,1592.16,2.64,success,はじめましての方もいないかもしれないんですけれど。,success,ちょっとはじめましての方もいないかもしれないんですけれど。,False,25,29,4
,016_ibs_13555969_20260713220000_seg_00306,016_ibs_13555969_20260713220000,SPEAKER_01,1592.48,1593.6,1.12,success,あのもう。,success,いないかもしれないんですけれども。,False,5,17,12
,016_ibs_13555969_20260713220000_seg_00307,016_ibs_13555969_20260713220000,SPEAKER_01,1594.0,1595.44,1.44,success,茨城の大スターですから。,success,あのもうね茨城の大スターですから。,False,12,17,5
,016_ibs_13555969_20260713220000_seg_00308,016_ibs_13555969_20260713220000,SPEAKER_01,1597.36,1600.08,2.72,success,私よりもずいぶん長く、もう2020年からね、木曜日。,success,そしてこの番組も私よりもずいぶん長くもう2020年からね木曜日。,False,26,32,6
,016_ibs_13555969_20260713220000_seg_00309,016_ibs_13555969_20260713220000,SPEAKER_01,1600.96,1610.08,9.12,success,知っているのできっと知らない方はいないと思うんですけども一応プロフィールのご紹介ということでさせて頂きたいと思うんですけども茨城県桜川市のご紹介。,success,ふだんからね木曜日のやられてるのできっと知らない方はいないと思うんですけども一応プロフィールのご紹介ということでさせて頂きたいと思うんですけども茨城県桜川市のご紹介。,False,73,83,10
,016_ibs_13555969_20260713220000_seg_00310,016_ibs_13555969_20260713220000,SPEAKER_01,1611.12,1615.68,4.56,success,声優俳優アーティストということで、もともとはなんかね、スカウトされて、俳優さんで。,success,桜川市のご出身でね、声優、俳優、アーティストということで、もともとはなんかね、スカウトされて、俳優さんで。,False,41,53,12
,016_ibs_13555969_20260713220000_seg_00311,016_ibs_13555969_20260713220000,SPEAKER_01,1617.68,1618.56,0.88,success,忘れてもらったんですけど。,success,デビューされたっていうのを、記事でも読ませてもらったんですけど。,False,13,32,19
,016_ibs_13555969_20260713220000_seg_00312,016_ibs_13555969_20260713220000,SPEAKER_03,1618.96,1623.2,4.24,success,一番、あんまプロフィール書いてないんですけど、雑誌のモデルだったんですよ。,success,記事でも読ませてもらったんですけども、一番、あんまプロフィール書いてないんですけど、雑誌のモデルだったんですよ。,False,37,56,19
,016_ibs_13555969_20260713220000_seg_00313,016_ibs_13555969_20260713220000,SPEAKER_01,1625.28,1628.08,2.8,success,表参道歩いてる時にスカウトされた。,success,モデルだったんだ、表参道歩いてるときにスカウトされた。,False,17,27,10
,016_ibs_13555969_20260713220000_seg_00314,016_ibs_13555969_20260713220000,SPEAKER_03,1630.32,1633.12,2.8,success,絶対だまされてたなと思ったんですけど。,success,絶対だまされてたなと思ったんですけど。,True,19,19,0
,016_ibs_13555969_20260713220000_seg_00315,016_ibs_13555969_20260713220000,SPEAKER_03,1634.24,1635.36,1.12,success,中長で。,success,思ったんですけど違くて編集長で。,False,4,16,12
,016_ibs_13555969_20260713220000_seg_00316,016_ibs_13555969_20260713220000,SPEAKER_01,1636.08,1637.04,0.96,success,いうことだった。,success,編集長でそういうことだったんだ。,False,8,16,8
,016_ibs_13555969_20260713220000_seg_00317,016_ibs_13555969_20260713220000,SPEAKER_03,1637.44,1638.72,1.28,success,fanっていう雑誌だったんですけど。,success,ファインっていう雑誌だったんですけど。,False,18,19,1
,016_ibs_13555969_20260713220000_seg_00318,016_ibs_13555969_20260713220000,SPEAKER_03,1639.6,1640.4,0.8,success,不計な感じなんです。,success,っていう雑誌だったんですけど、ハーフ系な感じなんです。,False,10,27,17
,016_ibs_13555969_20260713220000_seg_00319,016_ibs_13555969_20260713220000,SPEAKER_00,1641.04,1642.0,0.96,success,ちょっとでも確かにね。,success,ちょっとでも確かにね。,True,11,11,0
,016_ibs_13555969_20260713220000_seg_00320,016_ibs_13555969_20260713220000,SPEAKER_03,1642.8,1645.52,2.72,success,運転するの持ってなくて、とりあえずはいろいろ借りて。,success,ちょっとでも確かにね、全然そういうの持ってなくて、とりあえずはいろいろ借りて。,False,26,39,13
,016_ibs_13555969_20260713220000_seg_00321,016_ibs_13555969_20260713220000,SPEAKER_01,1648.72,1650.48,1.76,success,でもじゃあそのそこから。,success,でも確かにそうですね。,False,12,11,-1
,016_ibs_13555969_20260713220000_seg_00322,016_ibs_13555969_20260713220000,SPEAKER_01,1650.72,1694.88,44.16,success,俳優や俳優やアーティストというふうになって東名阪zeppツアーをはじめ全国ツアー海外ツアーを成功させ現在は茨城県を拠点に全国へ活動を展開ということでちょっとはしょってしまってるんですけどもそして毎年約2万人を動員する茨城県最大規模の町おこしフェス茨城ドリームランドの主催者としても注目を集めています音楽活動のみならず茨城県内でカフェ足立ちハウスドライブインファッションブランドayhouta夏祭りなど総合プロデュースも手がけるなど多方面で活動ということで茨城県まちおこしエンターテインメント茨城県×町おこし×エンターテインメントをテーマに茨城から全国へそして世界へ地域とエンターテインメントをつなぎ新たなカルチャーを発信し続けるアーティスト。,success,じゃあそのそこから声優や俳優やアーティストっていうふうになって東名阪zeppツアーをはじめ全国ツアー海外ツアーを成功させ現在は茨城県を拠点に全国へ活動を展開ということでちょっとはしょってしまってるんですけどもそして毎年約2万人を動員する茨城県最大規模の町おこしフェス茨城ドリームランドの主催者としても注目を集めています音楽活動のみならず茨城県内でカフェ足立ちハウスドライブインファッションブランドayhouta夏祭りなど総合プロデュースも手がけるなど多方面で活動ということで茨城県町おこしエンターテインメント茨城県×町おこし×エンターテインメントをテーマに茨城から全国へそして世界へ地域とエンターテインメントをつなぎ新たなカルチャーを発信し続けるアーティスト。,False,321,330,9
,016_ibs_13555969_20260713220000_seg_00323,016_ibs_13555969_20260713220000,SPEAKER_01,1698.4,1701.84,3.44,success,あっファンが5人のところからって始まりましたけどこれは一体?,success,こうね成長されたというかファンが5人のところからって始まりましたけどこれはいつまで?,False,30,42,12
,016_ibs_13555969_20260713220000_seg_00324,016_ibs_13555969_20260713220000,SPEAKER_01,1702.48,1704.0,1.52,success,話ですか、会員の雑誌のころの話。,success,始まりましたけど、これはいつのころのお話ですか、パインの雑誌のころのお話。,False,16,37,21
,016_ibs_13555969_20260713220000_seg_00325,016_ibs_13555969_20260713220000,SPEAKER_03,1705.04,1706.88,1.84,success,14歳ぐらいのとき。,success,24歳ぐらいのとき。,False,10,10,0
,016_ibs_13555969_20260713220000_seg_00326,016_ibs_13555969_20260713220000,SPEAKER_00,1707.52,1708.24,0.72,success,とネバー際。,success,4歳ぐらいのときで、僕、もともとネバー際だったんですよ。,False,6,28,22
,016_ibs_13555969_20260713220000_seg_00327,016_ibs_13555969_20260713220000,SPEAKER_03,1708.4,1709.92,1.52,success,アイドルグループをやってたんですけど。,success,10代のときで、僕、もともとネバーギブアップっていうアイドルグループをやってたんですけど。,False,19,45,26
,016_ibs_13555969_20260713220000_seg_00328,016_ibs_13555969_20260713220000,SPEAKER_03,1713.6,1716.64,3.04,success,もうギブアップしたんですけど。,success,もうギブアップしたんですけど。,True,15,15,0
,016_ibs_13555969_20260713220000_seg_00329,016_ibs_13555969_20260713220000,SPEAKER_03,1721.12,1724.0,2.88,success,いやもう東京でやってて全然ファンの方いなくて。,success,いやもう東京でやってて全然ファンの方いなくて。,True,23,23,0
,016_ibs_13555969_20260713220000_seg_00330,016_ibs_13555969_20260713220000,SPEAKER_03,1724.32,1725.92,1.6,success,たまたま茨城、僕、観光。,success,やってて全然ファンの方いなくてたまたま茨城僕観光地で。,False,12,27,15
,016_ibs_13555969_20260713220000_seg_00331,016_ibs_13555969_20260713220000,SPEAKER_03,1726.16,1726.8,0.64,success,師匠さま。,success,たまたま茨城僕観光大使笠間観光大使。,False,5,18,13
,016_ibs_13555969_20260713220000_seg_00332,016_ibs_13555969_20260713220000,SPEAKER_03,1727.6,1730.96,3.36,success,その時に茨城に行ってそこから5人ぐらいから。,success,観光大使を笠間観光大使でやってたんでその時に茨城に行ってそこから5人ぐらいから。,False,22,40,18
,016_ibs_13555969_20260713220000_seg_00333,016_ibs_13555969_20260713220000,SPEAKER_03,1731.2,1734.8,3.6,success,いやこれもう笠間のイオンがあるんですけど。,success,そこから5人ぐらいからいやこれもう笠間のイオンがあるんですけど。,False,21,32,11
,016_ibs_13555969_20260713220000_seg_00334,016_ibs_13555969_20260713220000,SPEAKER_03,1735.28,1736.24,0.96,success,レッテっていうところが。,success,笠間のイオンがあるんですけどフォレポレっていうところが。,False,12,28,16
,016_ibs_13555969_20260713220000_seg_00335,016_ibs_13555969_20260713220000,SPEAKER_03,1737.68,1740.32,2.64,success,それが5人から30人、50人、最後。,success,そこで毎月やっててそれが5人から30人50人最後。,False,18,25,7
,016_ibs_13555969_20260713220000_seg_00336,016_ibs_13555969_20260713220000,SPEAKER_00,1741.12,1741.84,0.72,success,うわ!,success,10人、50人、最後2000円、うわー!,False,3,20,17
,016_ibs_13555969_20260713220000_seg_00337,016_ibs_13555969_20260713220000,SPEAKER_01,1744.24,1745.6,1.36,success,オリポレさんでよくやってる。,success,今も結構ポリポレさんでよくやってる。,False,14,18,4
,016_ibs_13555969_20260713220000_seg_00338,016_ibs_13555969_20260713220000,SPEAKER_01,1747.04,1748.72,1.68,success,私茨城県出身なのに。,success,よくやってるなっていう。,False,10,12,2
,016_ibs_13555969_20260713220000_seg_00339,016_ibs_13555969_20260713220000,SPEAKER_01,1749.04,1752.0,2.96,success,申し訳ないことに、やっぱりけん制地域以外の地域があんまり。,success,私、茨城県出身なのに、本当、申し訳ないことに、やっぱり県政地域以外の地域があんまり。,False,29,42,13
,016_ibs_13555969_20260713220000_seg_00340,016_ibs_13555969_20260713220000,SPEAKER_01,1752.96,1754.88,1.92,success,ポレポレさんという場所があることを。,success,以外の地域があんまり疎くて、ポレポレさんという場所があることを。,False,18,32,14
,016_ibs_13555969_20260713220000_seg_00341,016_ibs_13555969_20260713220000,SPEAKER_01,1758.48,1761.52,3.04,success,女性のこの名前の認知度の貢献にもやっぱり。,success,なんか知ったって感じなんで、やっぱポレポレのこの名前の認知度の貢献にもやっぱり。,False,21,40,19
,016_ibs_13555969_20260713220000_seg_00342,016_ibs_13555969_20260713220000,SPEAKER_01,1763.12,1764.96,1.84,success,いいところから2000人集めてるっていうね。,success,3人にもやっぱすごくねファン5人のところから2000人集めてるっていうね。,False,22,37,15
,016_ibs_13555969_20260713220000_seg_00343,016_ibs_13555969_20260713220000,SPEAKER_00,1766.8,1767.44,0.64,success,ギャラとか。,success,っていうかさ俺なんかギャラとか。,False,6,16,10
,016_ibs_13555969_20260713220000_seg_00344,016_ibs_13555969_20260713220000,SPEAKER_00,1767.76,1768.4,0.64,success,失敗してたけど。,success,なんかギャラとか心配してたけど。,False,8,16,8
,016_ibs_13555969_20260713220000_seg_00345,016_ibs_13555969_20260713220000,SPEAKER_00,1768.72,1770.88,2.16,success,こんなに立ち上げてんの、いろんなことを。,success,ギャラとか心配してたけどこんなに立ち上げてんのいろんなことを。,False,20,31,11
,016_ibs_13555969_20260713220000_seg_00346,016_ibs_13555969_20260713220000,SPEAKER_00,1772.16,1773.12,0.96,success,することなかったわ。,success,心配することなかったわよ。,False,10,13,3
,016_ibs_13555969_20260713220000_seg_00347,016_ibs_13555969_20260713220000,SPEAKER_00,1773.36,1775.28,1.92,success,ファッションブランドもやってるの?,success,心配することなかったわやっぱファッションブランドもやってんの?,False,17,31,14
,016_ibs_13555969_20260713220000_seg_00348,016_ibs_13555969_20260713220000,SPEAKER_03,1775.6,1779.36,3.76,success,そうですね、なんかあと、街みたいなのを作りたくて、昔から。,success,ファッションブランドもやってるのそうですね、なんかあと、街みたいなのを作りたくて、昔から。,False,29,45,16
,016_ibs_13555969_20260713220000_seg_00349,016_ibs_13555969_20260713220000,SPEAKER_03,1779.68,1784.32,4.64,success,足立ハウス、いろんなそういうカフェとか、ファッションブランドとか、なんか自分が楽しめる場所。,success,みたいの作りたくて、昔から、なんかもう、足立アウス、いろんなそういうカフェとか、ファッションブランドとか、なんか自分が楽しめる。,False,46,64,18
,016_ibs_13555969_20260713220000_seg_00350,016_ibs_13555969_20260713220000,SPEAKER_03,1785.44,1786.88,1.44,success,それで町おこしができたら。,success,なんか自分が楽しめるやつ作りたいな、それで町おこしができたら。,False,13,31,18
,016_ibs_13555969_20260713220000_seg_00351,016_ibs_13555969_20260713220000,SPEAKER_01,1786.88,1789.92,3.04,success,じゃあ、あれですね、ザ広沢シティに住む足立です。,success,じゃああれですねザ広沢シティに住む足立静さん。,False,24,23,-1
,016_ibs_13555969_20260713220000_seg_00352,016_ibs_13555969_20260713220000,SPEAKER_03,1791.36,1792.8,1.44,success,そんなでかい感じじゃないですけど。,success,そんなでかい感じじゃないですけど。,True,17,17,0
,016_ibs_13555969_20260713220000_seg_00353,016_ibs_13555969_20260713220000,SPEAKER_01,1795.04,1797.84,2.8,success,スーパー市民はまだ行ったことないんですけど足立七の方が今近いかな。,success,広沢市にもまだ行ったことないんですけど足立七人の方が今近いかな。,False,33,32,-1
,016_ibs_13555969_20260713220000_seg_00354,016_ibs_13555969_20260713220000,SPEAKER_01,1798.32,1800.64,2.32,success,ちょっとメールもたくさんいいので。,success,足立七人のほうが今、近いかな、ぜひ行かせていただきたい、ちょっとメールもたくさんいいので。,False,17,45,28
,016_ibs_13555969_20260713220000_seg_00355,016_ibs_13555969_20260713220000,SPEAKER_01,1802.32,1804.64,2.32,success,たくさんね、なんかやっぱファンの方がたくさんいますので。,success,たくさんね何かやっぱファンの方がたくさんいますので。,False,28,26,-2
,016_ibs_13555969_20260713220000_seg_00356,016_ibs_13555969_20260713220000,SPEAKER_01,1805.28,1824.16,18.88,success,ネームションさんからいただいています、足立さん、赤プルさん、こんばんは、僕は安達雄太さんを本格的に拝見したのは、水戸黄門の舞台でした、そしてラジオ祭りでも拝見し、僕にとって安達さんは侮れない存在です、僕が水戸黄門の舞台を拝見したのは歴史好きで、歴史小説を書いているからでもあります、また舞台など幅広く活躍されることを期待しております。,success,なんかやっぱファンの方たくさんいますのでラジオネームショーさんからいただいています安達さん赤プルさんこんばんは僕は安達雄太さんを本格的に拝見したのは水戸黄門の舞台でしたそしてラジオまつりでも拝見し僕にとって安達さんは侮れない存在です僕が水戸黄門の舞台を拝見したのは歴史好きで歴史小説を書いているからでもありますまた舞台など幅広く活躍されることを期待しております。,False,167,181,14
,016_ibs_13555969_20260713220000_seg_00357,016_ibs_13555969_20260713220000,SPEAKER_03,1826.08,1828.4,2.32,success,また秋から夜のピクニックっていう。,success,また秋から夜のピクニックっていう。,True,17,17,0
,016_ibs_13555969_20260713220000_seg_00358,016_ibs_13555969_20260713220000,SPEAKER_03,1829.04,1830.88,1.84,success,美術館で安比戸市民会館です。,success,木から夜のピクニックっていう作品水戸芸術館で阿戸市民会館で。,False,14,30,16
,016_ibs_13555969_20260713220000_seg_00359,016_ibs_13555969_20260713220000,SPEAKER_01,1834.0,1835.92,1.92,success,それはどういう形でやるんですか?,success,すごいですね。それはどういう方たちでやるんですか?,False,16,25,9
,016_ibs_13555969_20260713220000_seg_00360,016_ibs_13555969_20260713220000,SPEAKER_03,1836.8,1841.04,4.24,success,弟の加藤諒介君とか、吉川優ちゃんとか、もうずっと。,success,それはもう地元の加藤諒介君とか吉川優ちゃんとか。,False,25,24,-1
,016_ibs_13555969_20260713220000_seg_00361,016_ibs_13555969_20260713220000,SPEAKER_03,1841.6,1842.56,0.96,success,ちの。,success,吉川優ちゃんとか、もうバラ出身の。,False,3,17,14
,016_ibs_13555969_20260713220000_seg_00362,016_ibs_13555969_20260713220000,SPEAKER_03,1843.04,1843.76,0.72,success,女優さんとか。,success,バリ出身の女優さんとか。,False,7,12,5
,016_ibs_13555969_20260713220000_seg_00363,016_ibs_13555969_20260713220000,SPEAKER_00,1844.08,1845.2,1.12,success,ちょっと赤プロ入れて。,success,ちょっと赤プロ入れて。,True,11,11,0
,016_ibs_13555969_20260713220000_seg_00364,016_ibs_13555969_20260713220000,SPEAKER_03,1846.48,1847.04,0.56,success,ぜひぜひ。,success,赤プロ入れてあげてよ、もう。,False,5,14,9
,016_ibs_13555969_20260713220000_seg_00365,016_ibs_13555969_20260713220000,SPEAKER_00,1847.84,1849.04,1.2,success,すごいから班長に出てる。,success,赤プルさん、すごいから、班長に出てる。,False,12,19,7
,016_ibs_13555969_20260713220000_seg_00366,016_ibs_13555969_20260713220000,SPEAKER_01,1849.92,1860.0,10.08,success,ドラマは出させてもらったことあるんですけどでもちょっとやっぱ舞台はあんまり練習が行かなくていいやつの役だったらネタを1個やるとこだったらいいんですけど本人役とかだったらいいんですけどね。,success,すごいから、班長に出てるちょっと待って、ちょっと待って、ドラマは出させてもらったことあるんですけど、でもちょっとやっぱ舞台は、あんまり練習が行かなくていいやつの役だったら、ネタを1個やるとこだったらいいんですけど、本人役とかだったらいいんですけどね。,False,93,125,32
,016_ibs_13555969_20260713220000_seg_00367,016_ibs_13555969_20260713220000,SPEAKER_01,1860.8,1861.68,0.88,success,ねえ演劇は。,success,人役とかだったらいいんですけどね、やっぱ大変ですよね、演劇は。,False,6,31,25
,016_ibs_13555969_20260713220000_seg_00368,016_ibs_13555969_20260713220000,SPEAKER_00,1862.4,1863.92,1.52,success,ぜひ見てほしいわ、あの演技ね。,success,赤プロさんの班長、ぜひ見てほしいわ、あの演技ね。,False,15,24,9
,016_ibs_13555969_20260713220000_seg_00369,016_ibs_13555969_20260713220000,SPEAKER_01,1865.6,1876.8,11.2,success,いやいや、もうお恥ずかしいです、ちょっといっぱい来てますのでね、頂きますよ、呼んでいきますよ、ラジオネーム、かんなさんから、ありがとうございます、やっと安達祐人さんがゲストで登場です。,success,やめてよ、ちょっとそういうこと言わないでください、いやいや、もうお恥ずかしいです、ちょっといっぱい来てますのでね、頂きますよ、呼んでいきますよ、ラジオネーム、かんなさんから、ありがとうございます、やっと安達祐人さんがゲストで登場です。,False,92,117,25
,016_ibs_13555969_20260713220000_seg_00370,016_ibs_13555969_20260713220000,SPEAKER_01,1879.04,1883.04,4.0,success,お二人には茨城県ヤンキーあるあるでトークしてほしいです。,success,お二人には茨城県ヤンキーあるあるでトークしてほしいです。,True,28,28,0
,016_ibs_13555969_20260713220000_seg_00371,016_ibs_13555969_20260713220000,SPEAKER_01,1883.76,1889.68,5.92,success,プルさん、早速、足立さんにアイス買っていこうとか言ってませんか、そんな2人の光景が目に浮かんでにまにましています。,success,赤プルさん、早速、足立さんにアイス買ってこうとか言ってませんか、そんなお2人の光景が目に浮かんでにまにましています。,False,57,58,1
,016_ibs_13555969_20260713220000_seg_00372,016_ibs_13555969_20260713220000,SPEAKER_01,1890.0,1892.4,2.4,success,アカップルさん参加による茨城ドリームランド。,success,手紙入館でにまに増しています、そしてカップルさん参加による茨城ドリームランド。,False,22,39,17
,016_ibs_13555969_20260713220000_seg_00373,016_ibs_13555969_20260713220000,SPEAKER_01,1892.64,1894.96,2.32,success,さらなる成功を今から期待していますということで。,success,参加による茨城ドリームランドのさらなる成功を今から期待してますってことで。,False,24,37,13
,016_ibs_13555969_20260713220000_seg_00374,016_ibs_13555969_20260713220000,SPEAKER_01,1895.84,1896.72,0.88,success,10月。,success,期待していますということで、ドリームランド、10月。,False,4,26,22
,016_ibs_13555969_20260713220000_seg_00375,016_ibs_13555969_20260713220000,SPEAKER_01,1897.04,1897.68,0.64,success,18。,success,ドリームランド10月1718。,False,3,15,12
,016_ibs_13555969_20260713220000_seg_00376,016_ibs_13555969_20260713220000,SPEAKER_02,1898.8,1900.0,1.2,success,今年も開催しますね。,success,今年も開催しますね。,True,10,10,0
,016_ibs_13555969_20260713220000_seg_00377,016_ibs_13555969_20260713220000,SPEAKER_01,1900.0,1902.48,2.48,success,私も出演させていただけるってことで。,success,私も出演させていただけるってことで。,True,18,18,0
,016_ibs_13555969_20260713220000_seg_00378,016_ibs_13555969_20260713220000,SPEAKER_01,1902.96,1906.56,3.6,success,ちょっとこのチケット10枚ぐらい売ってこような。,success,出演させていただけるってことで、ちょっとさ、ちょっとこのチケット10枚ぐらい売ってこような。,False,24,46,22
,016_ibs_13555969_20260713220000_seg_00379,016_ibs_13555969_20260713220000,SPEAKER_01,1906.88,1910.64,3.76,success,これヤンキーヤンキーがパー券売るっていうねちょっとコントやってみましたけども。,success,これヤンキーヤンキーがパー券売るっていうねちょっとコントやってみましたけども。,True,39,39,0
,016_ibs_13555969_20260713220000_seg_00380,016_ibs_13555969_20260713220000,SPEAKER_00,1910.8,1914.0,3.2,success,ちょっとさ、ドリームランドでちょっと話があるんだけど。,success,塗るっていうね、ちょっとコントやってみましたけどもちょっとさ、ドリームランドでちょっと話があんだけど。,False,27,51,24
,016_ibs_13555969_20260713220000_seg_00381,016_ibs_13555969_20260713220000,SPEAKER_01,1914.56,1915.36,0.8,success,あの。,success,今度ちょっと話があるんだけどちょっともう!,False,3,21,18
,016_ibs_13555969_20260713220000_seg_00382,016_ibs_13555969_20260713220000,SPEAKER_00,1915.6,1916.88,1.28,success,じゃああの今俺。,success,ちょっともう!,False,8,7,-1
,016_ibs_13555969_20260713220000_seg_00383,016_ibs_13555969_20260713220000,SPEAKER_00,1917.44,1918.72,1.28,success,バンドやってるのよ、アカップルバンド。,success,じゃああの今俺バンドやってるのよアカップルバンド。,False,19,25,6
,016_ibs_13555969_20260713220000_seg_00384,016_ibs_13555969_20260713220000,SPEAKER_03,1918.88,1921.28,2.4,success,いやいや、僕はめちゃめちゃ。,success,バンドやってるのよ、アカップルバンド。,False,14,19,5
,016_ibs_13555969_20260713220000_seg_00385,016_ibs_13555969_20260713220000,SPEAKER_00,1923.84,1926.16,2.32,success,やってるんだけどそのバンドで。,success,ボーカルでこれギターでやってるんだけどそのバンドで。,False,15,26,11
,016_ibs_13555969_20260713220000_seg_00386,016_ibs_13555969_20260713220000,SPEAKER_00,1926.72,1927.52,0.8,success,ブランド2位。,success,バンドでドリームランドに。,False,7,13,6
,016_ibs_13555969_20260713220000_seg_00387,016_ibs_13555969_20260713220000,SPEAKER_00,1927.76,1932.0,4.24,success,ちょっとスケジュール空いてるなって言ってて、ちょっと、だから、どう。,success,ドリームランドにちょっとスケジュール空いてるなって言ってて、ちょっと、だから、どう。,False,34,42,8
,016_ibs_13555969_20260713220000_seg_00388,016_ibs_13555969_20260713220000,SPEAKER_01,1932.0,1935.76,3.76,success,スケジュールが空いてても、ステージが空いていません、ステージが空いていませんので。,success,っつってて、ちょっと、だから、スケジュールが空いてても、ステージが空いていません、ステージが空いていませんので。,False,41,56,15
,016_ibs_13555969_20260713220000_seg_00389,016_ibs_13555969_20260713220000,SPEAKER_03,1938.4,1942.0,3.6,success,それこそ僕、本当に一緒になんかご一緒できたらうれしいなと思ってて。,success,でも何かそれこそ僕本当に一緒にご一緒できたらうれしいなと思ってて。,False,33,33,0
,016_ibs_13555969_20260713220000_seg_00390,016_ibs_13555969_20260713220000,SPEAKER_03,1942.48,1946.96,4.48,success,僕、本当、考えてたんですよ、ドリームランドの本当に結構、taisukeが結構、がちがちに決まっちゃって。,success,ご一緒できたらうれしいなと思ってて本当考えたんですよ。でドリームランドの本当に結構大輔が結構ガチガチに決まっちゃって。,False,52,59,7
,016_ibs_13555969_20260713220000_seg_00391,016_ibs_13555969_20260713220000,SPEAKER_03,1947.6,1951.12,3.52,success,いつかは絶対あると思うんですけど、なんかイベント一緒にやりません?,success,結局ガチガチに決まっちゃってるのでいつかは絶対あると思うんですけど何かイベント一緒にやりません?,False,33,48,15
,016_ibs_13555969_20260713220000_seg_00392,016_ibs_13555969_20260713220000,SPEAKER_03,1951.6,1952.8,1.2,success,茨城で、はい。,success,イベント一緒にやりません?,False,7,13,6
,016_ibs_13555969_20260713220000_seg_00393,016_ibs_13555969_20260713220000,SPEAKER_01,1954.4,1957.04,2.64,success,うわっすごっドリームランドと別にね。,success,うわっすごっドリームランドと別にね。,True,18,18,0
,016_ibs_13555969_20260713220000_seg_00394,016_ibs_13555969_20260713220000,SPEAKER_03,1957.12,1957.68,0.56,success,純烈に。,success,すごっ!ドリームガンドと別にね。,False,4,16,12
,016_ibs_13555969_20260713220000_seg_00395,016_ibs_13555969_20260713220000,SPEAKER_00,1957.76,1959.04,1.28,success,阿部さんがだからその。,success,ドリームダンドと別にね。,False,11,12,1
,016_ibs_13555969_20260713220000_seg_00396,016_ibs_13555969_20260713220000,SPEAKER_00,1959.84,1960.8,0.96,success,あなた分かってるから。,success,おっさんがだからそのやり方分かってるから。,False,11,21,10
,016_ibs_13555969_20260713220000_seg_00397,016_ibs_13555969_20260713220000,SPEAKER_00,1961.52,1963.28,1.76,success,カップルさんってやりたいっつってもどうやって?,success,やり方分かってるから赤プルさんってやりたいっつってもどうやって。,False,23,32,9
,016_ibs_13555969_20260713220000_seg_00398,016_ibs_13555969_20260713220000,SPEAKER_01,1964.24,1965.28,1.04,success,絵があるんです。,success,やりたいって言っても、どうやっていいか分かんないわけ夢があるんです。,False,8,34,26
,016_ibs_13555969_20260713220000_seg_00399,016_ibs_13555969_20260713220000,SPEAKER_03,1965.28,1966.0,0.72,success,何ですか?,success,夢があるんです何ですか?,False,5,12,7
,016_ibs_13555969_20260713220000_seg_00400,016_ibs_13555969_20260713220000,SPEAKER_01,1966.64,1967.36,0.72,success,ひしげの。,success,何ですか?,False,5,5,0
,016_ibs_13555969_20260713220000_seg_00401,016_ibs_13555969_20260713220000,SPEAKER_01,1967.6,1968.8,1.2,success,人でやりたいっていう。,success,石毛のお城でやりたいっていう。,False,11,15,4
,016_ibs_13555969_20260713220000_seg_00402,016_ibs_13555969_20260713220000,SPEAKER_00,1968.88,1970.56,1.68,success,あ石江の城であろう国立。,success,石江のお城でやりたいっていう。,False,12,15,3
,016_ibs_13555969_20260713220000_seg_00403,016_ibs_13555969_20260713220000,SPEAKER_01,1975.36,1976.08,0.72,success,ちょっと待って。,success,やりましょうよ。,False,8,8,0
,016_ibs_13555969_20260713220000_seg_00404,016_ibs_13555969_20260713220000,SPEAKER_00,1979.52,1980.16,0.64,success,白バンドとか。,success,バンドと白バンドとか。,False,7,11,4
,016_ibs_13555969_20260713220000_seg_00405,016_ibs_13555969_20260713220000,SPEAKER_00,1982.72,1984.32,1.6,success,やって赤プラさんのネタとかはチェックして。,success,もちろん足立さんの番組でやって赤プルさんのネタとかは。,False,21,27,6
,016_ibs_13555969_20260713220000_seg_00406,016_ibs_13555969_20260713220000,SPEAKER_01,1986.16,1986.88,0.72,success,うれしいでも早く。,success,チャイムのネタとか。,False,9,10,1
,016_ibs_13555969_20260713220000_seg_00407,016_ibs_13555969_20260713220000,SPEAKER_01,1987.28,1988.56,1.28,success,足立さんのハンガーあるそうです。,success,うれしい、でも入りきんないかもよ、足立さんのファンが来たら。,False,16,30,14
,016_ibs_13555969_20260713220000_seg_00408,016_ibs_13555969_20260713220000,SPEAKER_01,1989.44,1996.96,7.52,success,だって1100人しか入れないんですよ、だから、1100人収容のキャパなんですよ、だから、足立さんのファンは来ちゃだめってことでしょ。,success,足立さんのファンが来たら、1100人、だって1100人しか入れないんですよ、だから、1100人収容のキャパなんですよ、だから、足立さんのファンは来ちゃだめってことでしょ。,False,66,85,19
,016_ibs_13555969_20260713220000_seg_00409,016_ibs_13555969_20260713220000,SPEAKER_00,1997.52,1998.32,0.8,success,ヘヘヘヘヘヘヘ。,success,さんのファンは来ちゃだめってことでしょ?,False,8,20,12
,016_ibs_13555969_20260713220000_seg_00410,016_ibs_13555969_20260713220000,SPEAKER_00,2000.08,2001.12,1.04,success,チケットを何?,success,チケットを何ていうんですか?,False,7,14,7
,016_ibs_13555969_20260713220000_seg_00411,016_ibs_13555969_20260713220000,SPEAKER_00,2002.32,2003.52,1.2,success,借りるお金も全然。,success,木となんか値段によって借りるお金も全然変わる。,False,9,23,14
,016_ibs_13555969_20260713220000_seg_00412,016_ibs_13555969_20260713220000,SPEAKER_01,2005.92,2006.48,0.56,success,ちょっと待って。,success,ちょっと待って。,True,8,8,0
,016_ibs_13555969_20260713220000_seg_00413,016_ibs_13555969_20260713220000,SPEAKER_01,2009.04,2014.24,5.2,success,えっ、もう打ち合わせが始まっちゃうの?今日はちょっとじゃあ、後ほど、きょう、1時間放送ですから。,success,もう打ち合わせが始まっちゃうの?今日はちょっとじゃあ後ほどねっ今日1時間放送ですから。,False,48,43,-5
,016_ibs_13555969_20260713220000_seg_00414,016_ibs_13555969_20260713220000,SPEAKER_01,2014.8,2015.36,0.56,success,終わってからずっとずっと。,success,今日1時間放送ですから終わってからずっと。,False,13,21,8
,016_ibs_13555969_20260713220000_seg_00415,016_ibs_13555969_20260713220000,SPEAKER_01,2015.92,2020.96,5.04,success,いや、うれしい、でもドリームランドもね、私、ちょっと奈々ちゃんからの推薦で、ことし出させていただける。,success,ですから、終わってからちょっといや、うれしい、でもドリームランドもね、私、ちょっと奈々ちゃんからの推薦で、ことし出させていただける。,False,51,66,15
,016_ibs_13555969_20260713220000_seg_00416,016_ibs_13555969_20260713220000,SPEAKER_01,2021.76,2024.16,2.4,success,今年はすごいバンドさんもね結構出られる。,success,ことしはすごいバンドさんもね、結構出られる。,False,20,22,2
,016_ibs_13555969_20260713220000_seg_00417,016_ibs_13555969_20260713220000,SPEAKER_03,2026.24,2027.2,0.96,success,なんとかはいまだ。,success,あと声優さんとかまだ。,False,9,11,2
,016_ibs_13555969_20260713220000_seg_00418,016_ibs_13555969_20260713220000,SPEAKER_02,2028.24,2029.36,1.12,success,結構出ますね。,success,なんとかまだ結構出ますね。,False,7,13,6
,016_ibs_13555969_20260713220000_seg_00419,016_ibs_13555969_20260713220000,SPEAKER_01,2029.52,2035.2,5.68,success,ぜひ楽しみにね、そちらもね、松岡さんには見に来ていただきたいというふうに思いますけど、よろしくお願いいたします。,success,ぜひ楽しみにね、そちらもね、松岡さんには見に来ていただきたいというふうに思いますけど、よろしくお願いいたします。,True,56,56,0
,016_ibs_13555969_20260713220000_seg_00420,016_ibs_13555969_20260713220000,SPEAKER_01,2035.92,2043.84,7.92,success,そしてラジオネームたえさんから頂いております赤プルさんのラジオに安達祐斗君がご出演とのこと。,success,そしてラジオネーム多江さんから頂いております赤プルさんのラジオに安達祐斗君がご出演とのこと。,False,46,46,0
,016_ibs_13555969_20260713220000_seg_00421,016_ibs_13555969_20260713220000,SPEAKER_01,2044.08,2062.96,18.88,success,とってもうれしいです、ふだんゆうとくんのラジオ、iveharaの中の胸キュンビッグウエーブのコーナーでは、声優でもあるゆうとくんがお題に沿ってかっこよくてキュンとくるせりふを考案し、甘い声でリスナーを大変ときめかせていますが、今回、ぜひラッキーアイテムでも赤プルさんからお題をいただき、,success,ご出演とのこと、とってもうれしいです、ふだん、ゆうとくんのラジオ、ivalの中の胸キュンビッグウエーブのコーナーでは、声優でもあるゆうと君がお題に沿ってかっこよくてキュンとくるせりふを考案し、甘い声でリスナーを大変ときめかせていますが、今回、ぜひラッキーアイテムでも赤プルさんからお題をいただき。,False,143,148,5
,016_ibs_13555969_20260713220000_seg_00422,016_ibs_13555969_20260713220000,SPEAKER_01,2063.28,2065.2,1.92,success,大波を起こしてほしいです。,success,プルさんからお題を頂き大波を起こしてほしいです。,False,13,24,11
,016_ibs_13555969_20260713220000_seg_00423,016_ibs_13555969_20260713220000,SPEAKER_01,2066.64,2067.84,1.2,success,となりますように。,success,すてきな放送になりますように。,False,9,15,6
,016_ibs_13555969_20260713220000_seg_00424,016_ibs_13555969_20260713220000,SPEAKER_01,2068.16,2069.76,1.6,success,胸キュンビッグウェーブ。,success,すてきな放送になりますようにっていうことで胸キュンビッグウエーブ。,False,12,33,21
,016_ibs_13555969_20260713220000_seg_00425,016_ibs_13555969_20260713220000,SPEAKER_03,2073.44,2076.24,2.8,success,みんな楽しみにしてるんですけど。,success,みんな楽しみにしてるんですけど。,True,16,16,0
,016_ibs_13555969_20260713220000_seg_00426,016_ibs_13555969_20260713220000,SPEAKER_00,2076.48,2077.6,1.12,success,どういう感じなの?,success,楽しみにしてるんですけどどういう感じなの?,False,9,21,12
,016_ibs_13555969_20260713220000_seg_00427,016_ibs_13555969_20260713220000,SPEAKER_03,2079.2,2086.56,7.36,success,みたいなのが視聴者の方とかから頂いて最後要は声優としてなんかキュンとさせるような。,success,要はシチュエーションみたいのが視聴者の方とかから頂いて最後要は声優としてキュンとさせるような。,False,41,47,6
,016_ibs_13555969_20260713220000_seg_00428,016_ibs_13555969_20260713220000,SPEAKER_03,2088.4,2090.48,2.08,success,全然キュンとさせらんないじゃねえか。,success,言葉なんすけど全然キュンとさせられないんで。,False,18,22,4
,016_ibs_13555969_20260713220000_seg_00429,016_ibs_13555969_20260713220000,SPEAKER_01,2091.12,2092.24,1.12,success,いやいやしてると思いますよ。,success,いやいやしてると思いますよ。,True,14,14,0
,016_ibs_13555969_20260713220000_seg_00430,016_ibs_13555969_20260713220000,SPEAKER_00,2095.04,2095.84,0.8,success,待ち合わせ場所に。,success,何言われてもキュンとするんだから。,False,9,17,8
,016_ibs_13555969_20260713220000_seg_00431,016_ibs_13555969_20260713220000,SPEAKER_00,2096.24,2100.4,4.16,success,なんかちょっと、5分ぐらい遅れてきた男の人の。,success,待ち合わせ場所に何かちょっと5分ぐらい遅れてきた男の人の。,False,23,29,6
,016_ibs_13555969_20260713220000_seg_00432,016_ibs_13555969_20260713220000,SPEAKER_00,2100.64,2102.64,2.0,success,言い訳でキュンとさせてとか、そういうこと?,success,男の人の言い訳でキュンとさせてとかそういうこと?,False,21,24,3
,016_ibs_13555969_20260713220000_seg_00433,016_ibs_13555969_20260713220000,SPEAKER_03,2102.64,2103.28,0.64,success,そうですそうです。,success,言い訳でキュンとさせてとか、そういうこと?,False,9,21,12
,016_ibs_13555969_20260713220000_seg_00434,016_ibs_13555969_20260713220000,SPEAKER_01,2106.56,2107.6,1.04,success,一番キュンとする。,success,ちょっと待って私が一番キュンとする。,False,9,18,9
,016_ibs_13555969_20260713220000_seg_00435,016_ibs_13555969_20260713220000,SPEAKER_00,2108.8,2109.36,0.56,success,ですよ。,success,一番キュンとするシチュエーションやってもいい?いいですよ。,False,4,29,25
,016_ibs_13555969_20260713220000_seg_00436,016_ibs_13555969_20260713220000,SPEAKER_01,2109.44,2112.0,2.56,success,あのお笑い芸人の赤プルさんが。,success,あのお笑い芸人の赤プルさんが。,True,15,15,0
,016_ibs_13555969_20260713220000_seg_00437,016_ibs_13555969_20260713220000,SPEAKER_01,2112.48,2114.64,2.16,success,舞台上でネタが飛んでしまいました。,success,お笑い芸人の赤プルさんが舞台上でネタが飛んでしまいました。,False,17,29,12
,016_ibs_13555969_20260713220000_seg_00438,016_ibs_13555969_20260713220000,SPEAKER_01,2115.04,2116.72,1.68,success,これはもう大ピンチ。,success,舞台上でネタが飛んでしまいました。,False,10,17,7
,016_ibs_13555969_20260713220000_seg_00439,016_ibs_13555969_20260713220000,SPEAKER_00,2116.72,2117.44,0.72,success,もうピンですからね。,success,これはもう、大ピンチ、もうピンですからね。,False,10,21,11
,016_ibs_13555969_20260713220000_seg_00440,016_ibs_13555969_20260713220000,SPEAKER_01,2118.48,2125.36,6.88,success,袖で次の出番を待っていた安達雄太さん、赤プロ救いたい、ここでちょっと舞台に出て、茨城あるあるを一発。,success,ピンですから袖で次の出番を待っていた安達祐人さん赤プロ救いたいここでちょっと舞台に出て茨城あるあるを一発。,False,50,53,3
,016_ibs_13555969_20260713220000_seg_00441,016_ibs_13555969_20260713220000,SPEAKER_01,2126.08,2127.44,1.36,success,赤プロの代わりにかまして。,success,ラッキーあるあるを一発赤プロの代わりにかまして。,False,13,24,11
,016_ibs_13555969_20260713220000_seg_00442,016_ibs_13555969_20260713220000,SPEAKER_03,2127.44,2128.4,0.96,success,おかしい、おかしい、おかしい。,success,赤プロの代わりにかまして!いや、おかしい、おかしい、おかしい。,False,15,31,16
,016_ibs_13555969_20260713220000_seg_00443,016_ibs_13555969_20260713220000,SPEAKER_01,2129.28,2129.92,0.64,success,キュンとする!,success,いやおかしいお菓子おかしい。,False,7,14,7
,016_ibs_13555969_20260713220000_seg_00444,016_ibs_13555969_20260713220000,SPEAKER_00,2130.08,2132.56,2.48,success,バラエティあるあるなの?,success,茨城あるあるなの?,False,12,9,-3
,016_ibs_13555969_20260713220000_seg_00445,016_ibs_13555969_20260713220000,SPEAKER_01,2132.8,2134.56,1.76,success,そういう茨城出身のって。,success,そういう茨城出身のって。,True,12,12,0
,016_ibs_13555969_20260713220000_seg_00446,016_ibs_13555969_20260713220000,SPEAKER_00,2135.04,2136.64,1.6,success,優しい言葉かけるんじゃないの?,success,茨城、そういう茨城出身のって、赤堀さんに優しいことばかけるんじゃないの?,False,15,36,21
,016_ibs_13555969_20260713220000_seg_00447,016_ibs_13555969_20260713220000,SPEAKER_01,2138.24,2142.0,3.76,success,そうなの、いや、私の代わりに、茨城あるある一発をかましてくれたら、どうするの?,success,いや私の代わりに茨城あるある一発をかましてくれたらどうする?,False,39,30,-9
,016_ibs_13555969_20260713220000_seg_00448,016_ibs_13555969_20260713220000,SPEAKER_00,2143.12,2145.6,2.48,success,ある、いや、茨城あるあるって、キュンとこないでしょ。,success,かましてくれたら、私、キュンとするなと思ったあるある、いや、茨城あるあるって、キュンとこないでしょ。,False,26,50,24
,016_ibs_13555969_20260713220000_seg_00449,016_ibs_13555969_20260713220000,SPEAKER_03,2147.12,2148.96,1.84,success,もう茨城あるあるって結構。,success,逆にもう茨城あるあるって結構。,False,13,15,2
,016_ibs_13555969_20260713220000_seg_00450,016_ibs_13555969_20260713220000,SPEAKER_01,2151.68,2152.48,0.8,success,もう本当に。,success,ありますよね、もう本当に。,False,6,13,7
,016_ibs_13555969_20260713220000_seg_00451,016_ibs_13555969_20260713220000,SPEAKER_01,2153.6,2155.2,1.6,success,じゃあじゃあもらっちゃうよ1個。,success,もう本当に俺本当にじゃあじゃあもらっちゃうよ1個。,False,16,25,9
,016_ibs_13555969_20260713220000_seg_00452,016_ibs_13555969_20260713220000,SPEAKER_03,2157.52,2158.8,1.28,success,僕、本当に思うんですけど。,success,僕ホントに思うんですけど。,False,13,13,0
,016_ibs_13555969_20260713220000_seg_00453,016_ibs_13555969_20260713220000,SPEAKER_03,2160.08,2163.12,3.04,success,毎回12時ぐらいから暴走族本気出しません?,success,と思うんすけど、もう水戸とか行くと、毎回12時ぐらいから暴走族、本気出しません?,False,21,40,19
,016_ibs_13555969_20260713220000_seg_00454,016_ibs_13555969_20260713220000,SPEAKER_01,2166.32,2166.96,0.64,success,バナナ。,success,キュンとする!,False,4,7,3
,016_ibs_13555969_20260713220000_seg_00455,016_ibs_13555969_20260713220000,SPEAKER_00,2167.84,2168.72,0.88,success,9時ぐらいまで。,success,9時ぐらいまで。,True,8,8,0
,016_ibs_13555969_20260713220000_seg_00456,016_ibs_13555969_20260713220000,SPEAKER_03,2170.24,2172.08,1.84,success,今日2時間クラゲダダダダダダダダダダダダダダダダダダダダダダダダダ,success,9時ぐらいまでお断りします。,False,33,14,-19
,016_ibs_13555969_20260713220000_seg_00457,016_ibs_13555969_20260713220000,SPEAKER_00,2176.0,2177.6,1.6,success,仕事でホテルに泊まるときがあって。,success,たまに仕事でホテルに泊まる時があって。,False,17,19,2
,016_ibs_13555969_20260713220000_seg_00458,016_ibs_13555969_20260713220000,SPEAKER_00,2178.24,2182.32,4.08,success,そのときに必ず12時とか、11時45分ぐらいから。,success,仕事でホテルに泊まるときがあって、そのときに必ず12時とか、11時45分ぐらいから。,False,25,42,17
,016_ibs_13555969_20260713220000_seg_00459,016_ibs_13555969_20260713220000,SPEAKER_03,2182.4,2183.52,1.12,success,始まるんですよね。,success,11時45分ぐらいから始まるんですよね。,False,9,20,11
,016_ibs_13555969_20260713220000_seg_00460,016_ibs_13555969_20260713220000,SPEAKER_00,2183.76,2184.8,1.04,success,いや俺もだからあの。,success,いや俺もだからあの。,True,10,10,0
,016_ibs_13555969_20260713220000_seg_00461,016_ibs_13555969_20260713220000,SPEAKER_00,2186.56,2195.84,9.28,success,だから正月に赤プロさんと一緒に車で帰ったの茨城に行こうって言って行った時にすごい静かだったのであっさすがに正月ねっ。,success,言ったかな、正月に赤プルさんと一緒に車で帰ったの、きょう、茨城に行こうって言って行ったときに、すごい静かだったの、で、あっ、さすがに正月ね。,False,58,70,12
,016_ibs_13555969_20260713220000_seg_00462,016_ibs_13555969_20260713220000,SPEAKER_00,2196.24,2202.16,5.92,success,1日だから、あっ、暴走族もお休みかなって言ってたら、100台ぐらいに抜かれてたら、わーって。,success,さすがに正月ね、1日だから、あっ、暴走族もお休みかなって言ってたら、100台ぐらいに抜かれていたの、わーって。,False,46,55,9
,016_ibs_13555969_20260713220000_seg_00463,016_ibs_13555969_20260713220000,SPEAKER_01,2203.12,2204.32,1.2,success,いやすごいんですよ。,success,いやすごいんですよ。,True,10,10,0
,016_ibs_13555969_20260713220000_seg_00464,016_ibs_13555969_20260713220000,SPEAKER_00,2205.6,2206.16,0.56,success,地と思って。,success,年中無休だ、この人たちと思って。,False,6,16,10
,016_ibs_13555969_20260713220000_seg_00465,016_ibs_13555969_20260713220000,SPEAKER_00,2208.16,2208.8,0.64,success,すごいよね、やっぱ。,success,茨城すごいよねやっぱ。,False,10,11,1
,016_ibs_13555969_20260713220000_seg_00466,016_ibs_13555969_20260713220000,SPEAKER_03,2209.6,2210.24,0.64,success,っぽいっすね。,success,うなぎ、すごいよね、やっぱ、すごいっすね。,False,7,21,14
,016_ibs_13555969_20260713220000_seg_00467,016_ibs_13555969_20260713220000,SPEAKER_00,2210.48,2211.92,1.44,success,昨日何かね僕。,success,すごいっすね。,False,7,7,0
,016_ibs_13555969_20260713220000_seg_00468,016_ibs_13555969_20260713220000,SPEAKER_00,2212.16,2212.8,0.64,success,得だから。,success,本気のなんかね、暴走族だから。,False,5,15,10
,016_ibs_13555969_20260713220000_seg_00469,016_ibs_13555969_20260713220000,SPEAKER_01,2213.12,2214.48,1.36,success,何ですか、足立さんの。,success,どうだったんですか足立さんの。,False,11,15,4
,016_ibs_13555969_20260713220000_seg_00470,016_ibs_13555969_20260713220000,SPEAKER_01,2215.12,2215.92,0.8,success,新時代は。,success,何ですか足立さんの青春時代は。,False,5,15,10
,016_ibs_13555969_20260713220000_seg_00471,016_ibs_13555969_20260713220000,SPEAKER_02,2216.48,2217.2,0.72,success,いやもう!,success,青春時代は。,False,5,6,1
,016_ibs_13555969_20260713220000_seg_00472,016_ibs_13555969_20260713220000,SPEAKER_03,2217.44,2222.8,5.36,success,わしが本当に遊び人で、うちは、えっ!?もう女大好き。,success,いやもうおやじが本当にもう遊び人でうちは。えっ?もう女大好き。,False,26,31,5
,016_ibs_13555969_20260713220000_seg_00473,016_ibs_13555969_20260713220000,SPEAKER_03,2223.36,2224.0,0.64,success,けだいすき。,success,女大好き酒大好き。,False,6,9,3
,016_ibs_13555969_20260713220000_seg_00474,016_ibs_13555969_20260713220000,SPEAKER_00,2226.32,2227.52,1.2,success,受け継いでますね、これは。,success,うちの父ちゃんと気が合いそうだな。,False,13,17,4
,016_ibs_13555969_20260713220000_seg_00475,016_ibs_13555969_20260713220000,SPEAKER_03,2229.2,2230.56,1.36,success,大変なんですよ。,success,本当に大変なんですよ。,False,8,11,3
,016_ibs_13555969_20260713220000_seg_00476,016_ibs_13555969_20260713220000,SPEAKER_01,2231.28,2232.72,1.44,success,厳しい方だったんじゃなかったでしたっけ?,success,お父さん厳しい方だったんじゃなかったでしたっけ?,False,20,24,4
,016_ibs_13555969_20260713220000_seg_00477,016_ibs_13555969_20260713220000,SPEAKER_03,2232.96,2233.84,0.88,success,いやおやじは。,success,お父さん厳しい方だったんじゃなかったでしたっけ?,False,7,24,17
,016_ibs_13555969_20260713220000_seg_00478,016_ibs_13555969_20260713220000,SPEAKER_03,2234.08,2238.0,3.92,success,遊び人でおふくろがもうど真面目天然なんです。,success,もういやおやじは本当遊び人でおふくろがもうど真面目天然なんです。,False,22,32,10
,016_ibs_13555969_20260713220000_seg_00479,016_ibs_13555969_20260713220000,SPEAKER_03,2239.6,2241.92,2.32,success,もう本当、どっちに行ってるか分かんないから。,success,そこに生まれたのでもう本当どっち行ってるか分かんないぐらいだった。,False,22,33,11
,016_ibs_13555969_20260713220000_seg_00480,016_ibs_13555969_20260713220000,SPEAKER_00,2242.72,2244.48,1.76,success,自分自身はグレたりはしてないの?,success,自分自身はグレたりはしてないの?,True,16,16,0
,016_ibs_13555969_20260713220000_seg_00481,016_ibs_13555969_20260713220000,SPEAKER_03,2244.56,2247.28,2.72,success,グレたりはしてなかったっすね。,success,自分自身はグレたりはしてないぐれたりはしてなかったっすね。,False,15,29,14
,016_ibs_13555969_20260713220000_seg_00482,016_ibs_13555969_20260713220000,SPEAKER_00,2247.36,2248.0,0.64,success,こんな悪いことした。,success,そんな悪いことはしてなかった。,False,10,15,5
,016_ibs_13555969_20260713220000_seg_00483,016_ibs_13555969_20260713220000,SPEAKER_03,2248.24,2249.12,0.88,success,悪いことはしてなかった。,success,悪いことはしてなかった。,True,12,12,0
,016_ibs_13555969_20260713220000_seg_00484,016_ibs_13555969_20260713220000,SPEAKER_03,2250.24,2250.8,0.56,success,はい。,success,悪いことはしてなかったかもしれないですね。,False,3,21,18
,016_ibs_13555969_20260713220000_seg_00485,016_ibs_13555969_20260713220000,SPEAKER_01,2251.12,2252.72,1.6,success,あれ、梅スポーツ少年だったんですもんね。,success,でもあれスポーツ少年だったんですもんね。,False,20,20,0
,016_ibs_13555969_20260713220000_seg_00486,016_ibs_13555969_20260713220000,SPEAKER_03,2252.88,2253.6,0.72,success,運動やってたんです、僕。,success,スポーツ少年だったんですもんね。,False,12,16,4
,016_ibs_13555969_20260713220000_seg_00487,016_ibs_13555969_20260713220000,SPEAKER_03,2254.64,2255.44,0.8,success,そうなんすよ。,success,剣道やってたんですけどそうなんですよ。,False,7,19,12
,016_ibs_13555969_20260713220000_seg_00488,016_ibs_13555969_20260713220000,SPEAKER_00,2255.6,2256.56,0.96,success,おっいいね。,success,そうなんすよ。,False,6,7,1
,016_ibs_13555969_20260713220000_seg_00489,016_ibs_13555969_20260713220000,SPEAKER_01,2256.96,2258.4,1.44,success,けんかは強いんですよ、自分は。,success,だからけんかは強いんですよ。,False,15,14,-1
,016_ibs_13555969_20260713220000_seg_00490,016_ibs_13555969_20260713220000,SPEAKER_01,2258.72,2261.36,2.64,success,けんかってね、あっ、けんかじゃない。,success,だからけんかは強いんですよ、たぶんね、けんかってね、あっ、けんかしてる。,False,18,36,18
,016_ibs_13555969_20260713220000_seg_00491,016_ibs_13555969_20260713220000,SPEAKER_01,2262.0,2265.36,3.36,success,剣道って何かボクシングにも通じるぐらい。,success,剣道剣道って何かボクシングにも通じるぐらい。,False,20,22,2
,016_ibs_13555969_20260713220000_seg_00492,016_ibs_13555969_20260713220000,SPEAKER_03,2266.08,2266.64,0.56,success,結構ある。,success,間合いが結構ある。,False,5,9,4
,016_ibs_13555969_20260713220000_seg_00493,016_ibs_13555969_20260713220000,SPEAKER_03,2268.0,2268.96,0.96,success,ねえ。,success,周りね。,False,3,4,1
,016_ibs_13555969_20260713220000_seg_00494,016_ibs_13555969_20260713220000,SPEAKER_01,2269.12,2270.24,1.12,success,だから強いんすよ。,success,だから強いんですよ。,False,9,10,1
,016_ibs_13555969_20260713220000_seg_00495,016_ibs_13555969_20260713220000,SPEAKER_03,2270.24,2270.96,0.72,success,いやいやいや。,success,はいだから強いんすよ。,False,7,11,4
,016_ibs_13555969_20260713220000_seg_00496,016_ibs_13555969_20260713220000,SPEAKER_01,2271.04,2272.48,1.44,success,に全国優秀。,success,だから強いんすよいやいやいや。,False,6,15,9
,016_ibs_13555969_20260713220000_seg_00497,016_ibs_13555969_20260713220000,SPEAKER_02,2272.56,2273.12,0.56,success,いちご全然。,success,いいえ一応全国優勝。,False,6,10,4
,016_ibs_13555969_20260713220000_seg_00498,016_ibs_13555969_20260713220000,SPEAKER_01,2277.28,2285.52,8.24,success,すみません、ちょっとね、フライングしちゃったんですけど、ラジオネーム、きらめきの真ん本人、課長補佐さんからいただきました、赤プルさん、旦那さん、だな松岡さん、ゲストの足立さん、こんばんは。,success,ちょっと今、すみません、ちょっとフライングしちゃったんですけど、ラジオネーム、きらめきのシンフォニー課長補佐さんからいただきました、赤プルさん、旦那さん、だな松岡さん、ゲストの足立さん、こんばんは。,False,94,99,5
,016_ibs_13555969_20260713220000_seg_00499,016_ibs_13555969_20260713220000,SPEAKER_01,2285.84,2287.04,1.2,success,遠藤三段。,success,花松岡さん、ゲストの足立さん、こんばんは。,False,5,21,16
,016_ibs_13555969_20260713220000_seg_00500,016_ibs_13555969_20260713220000,SPEAKER_01,2288.96,2296.88,7.92,success,優勝経験があると知って驚きました、今でも剣道は続けていますか、芸能界で生きた剣道の精神やエピソードがあったら教えてくださいということで。,success,高校時代にインターハイ優勝経験があると知って驚きました、今でも剣道は続けていますか、芸能界で生きた剣道の精神やエピソードがあったら教えてくださいということで。,False,68,79,11
,016_ibs_13555969_20260713220000_seg_00501,016_ibs_13555969_20260713220000,SPEAKER_01,2297.12,2298.56,1.44,success,下ぜひ教えていただきたいですね。,success,エピソードがあったら教えて下さいっていうことで私もぜひ教えて頂きたいですね。,False,16,38,22
,016_ibs_13555969_20260713220000_seg_00502,016_ibs_13555969_20260713220000,SPEAKER_03,2299.28,2301.52,2.24,success,本当に幼稚園からやってたんで、幼稚園から。,success,剣道はもう本当に幼稚園からやってたんで、幼稚園から。,False,21,26,5
,016_ibs_13555969_20260713220000_seg_00503,016_ibs_13555969_20260713220000,SPEAKER_03,2301.92,2304.48,2.56,success,高校3年生でおやじが剣道先生だったんですよ。,success,幼稚園からやってたんで、幼稚園から高校3年生で、おやじが剣の先生だったんですよ。,False,22,40,18
,016_ibs_13555969_20260713220000_seg_00504,016_ibs_13555969_20260713220000,SPEAKER_03,2308.0,2318.96,10.96,success,それで剣道がすごい好きだったんですけど結構つらくてでもなんか唯一おやじとの約束が高校時代は引退だけど全国teppen取ったらいいよみたいな。,success,それで剣道がすごい好きだったんですけど結構つらくてでも何か唯一おやじとの約束が高校時代は引退だけど全国teppen取ったらいいよみたいな。,False,70,69,-1
,016_ibs_13555969_20260713220000_seg_00505,016_ibs_13555969_20260713220000,SPEAKER_03,2319.2,2326.32,7.12,success,よし来て俺はもうそこでじゃあトップ取ったらっつって本当死ぬ気だったら本当に全国優勝してます。,success,teppen取ったらいいよ、大学生のときにやらなくてって言って、よし、来て、俺はもう、そこでじゃあ、トップ取ったらって言って、本当、死ぬ気だったら、本当に全国優勝してます。,False,46,86,40
,016_ibs_13555969_20260713220000_seg_00506,016_ibs_13555969_20260713220000,SPEAKER_00,2326.72,2327.44,0.72,success,すごっ!,success,抜きだったら、本当に全国優勝してます。,False,4,19,15
,016_ibs_13555969_20260713220000_seg_00507,016_ibs_13555969_20260713220000,SPEAKER_00,2328.0,2330.8,2.8,success,なんかそういうあれなかったの、引き抜きみたいな、大学から。,success,すごいな、なんかそういうあれなかったの、引き抜きみたいな、大学から。,False,29,34,5
,016_ibs_13555969_20260713220000_seg_00508,016_ibs_13555969_20260713220000,SPEAKER_03,2331.12,2332.24,1.12,success,ましてやめちゃめちゃあの。,success,肩の引き抜きみたいな、大学からの?ありましたよ、めちゃめちゃ。,False,13,31,18
,016_ibs_13555969_20260713220000_seg_00509,016_ibs_13555969_20260713220000,SPEAKER_03,2332.64,2333.2,0.56,success,いゆう。,success,ありました、めちゃめちゃすごい有名な。,False,4,19,15
,016_ibs_13555969_20260713220000_seg_00510,016_ibs_13555969_20260713220000,SPEAKER_03,2333.84,2338.24,4.4,success,僕、頭ついていかないから、もういいです、剣道推薦は全部断って。,success,めちゃめちゃすごい有名な子とか、僕、頭ついていかないから、もういいです、剣道推薦は全部断って。,False,31,47,16
,016_ibs_13555969_20260713220000_seg_00511,016_ibs_13555969_20260713220000,SPEAKER_01,2338.4,2340.0,1.6,success,頭関係ないんじゃないですかだって頭。,success,剣道推薦は全部断って、えっ、頭関係ないんじゃないですか、だって、頭。,False,18,34,16
,016_ibs_13555969_20260713220000_seg_00512,016_ibs_13555969_20260713220000,SPEAKER_03,2341.2,2346.4,5.2,success,スポーツ行ったら、剣道やらなきゃいけないじゃないですか、僕、もう大学でやりたかった、もう高校で終わりたかったんです、僕は。,success,大丈夫ですか、だって、頭ついていかないとでもなんか、スポーツでいったら、剣道やらなきゃいけないじゃないですか、だから僕、もう大学でやりたくて、高校で終わりたかったんです、僕。,False,61,87,26
,016_ibs_13555969_20260713220000_seg_00513,016_ibs_13555969_20260713220000,SPEAKER_00,2346.96,2349.36,2.4,success,剣道の頂点っていう。,success,後攻で終わりたかったんですけど、剣道の頂点っていう。,False,10,26,16
,016_ibs_13555969_20260713220000_seg_00514,016_ibs_13555969_20260713220000,SPEAKER_00,2349.6,2351.04,1.44,success,なんかサッカーやったら。,success,遠藤の頂点っていう、なんか、なんかサッカーやったら。,False,12,26,14
,016_ibs_13555969_20260713220000_seg_00515,016_ibs_13555969_20260713220000,SPEAKER_00,2352.08,2353.6,1.52,success,剣道プロってあんの?,success,なんかサッカーやったら、プロ選手とかあるやん、剣道、プロってあるの?って。,False,10,37,27
,016_ibs_13555969_20260713220000_seg_00516,016_ibs_13555969_20260713220000,SPEAKER_03,2353.6,2356.32,2.72,success,意外とやっぱ実業団とか警視庁。,success,意外とやっぱその実業団とか警視庁。,False,15,17,2
,016_ibs_13555969_20260713220000_seg_00517,016_ibs_13555969_20260713220000,SPEAKER_03,2359.52,2360.88,1.36,success,知らなかったので、僕は。,success,そこじゃなかったので僕は。,False,12,13,1
,016_ibs_13555969_20260713220000_seg_00518,016_ibs_13555969_20260713220000,SPEAKER_03,2361.92,2364.24,2.32,success,オリンピックとかも、剣道の競技にならないんですよ。,success,オリンピックとかもう剣道の競技にならないんですよ。,False,25,25,0
,016_ibs_13555969_20260713220000_seg_00519,016_ibs_13555969_20260713220000,SPEAKER_00,2364.32,2365.6,1.28,success,オリンピックそうないです。,success,剣道の競技にならないんですよ。,False,13,15,2
,016_ibs_13555969_20260713220000_seg_00520,016_ibs_13555969_20260713220000,SPEAKER_03,2366.8,2374.08,7.28,success,精神が武士の精神みたいなのがあってなのでこれやっても僕はやっぱこの先ないなっていうか僕はもう見当は尽きたんです。,success,ならないです、結構精神が、武士の精神みたいなのがあって、なので、これ、やっても僕はやっぱりこの先ないなっていうか、僕はもう、見当は尽きたんです。,False,56,72,16
,016_ibs_13555969_20260713220000_seg_00521,016_ibs_13555969_20260713220000,SPEAKER_00,2374.48,2376.72,2.24,success,今でもなんか竹刀とかぽんって持ったら。,success,僕はもう、見当は尽きたんででも、今でもなんか竹刀とかぽんって持ったら。,False,19,35,16
,016_ibs_13555969_20260713220000_seg_00522,016_ibs_13555969_20260713220000,SPEAKER_00,2377.04,2378.32,1.28,success,負ける気しない。,success,なんか竹刀とかぽんって持ったら、やっぱ負ける気しない。,False,8,27,19
,016_ibs_13555969_20260713220000_seg_00523,016_ibs_13555969_20260713220000,SPEAKER_03,2378.4,2380.4,2.0,success,棒があれば何か。,success,まあ棒があればなんか。,False,8,11,3
,016_ibs_13555969_20260713220000_seg_00524,016_ibs_13555969_20260713220000,SPEAKER_03,2381.68,2382.32,0.64,success,全部ハブリ。,success,いやすごいな!,False,6,7,1
,016_ibs_13555969_20260713220000_seg_00525,016_ibs_13555969_20260713220000,SPEAKER_03,2382.88,2384.64,1.76,success,あんまり戦ってないですけど、いろいろ。,success,あんまり戦ってないですけどいろいろ。,False,19,18,-1
,016_ibs_13555969_20260713220000_seg_00526,016_ibs_13555969_20260713220000,SPEAKER_03,2387.12,2388.88,1.76,success,街なかではやってないので。,success,街なかではやってないので。,True,13,13,0
,016_ibs_13555969_20260713220000_seg_00527,016_ibs_13555969_20260713220000,SPEAKER_01,2390.72,2394.48,3.76,success,日本一ですから、だからやっぱり、そこの精神に鍛えられてるってところは、きっと現役。,success,ねえでもすごい日本一ですからだからやっぱりそこの精神に鍛えられてるってところはきっと現役。,False,41,45,4
,016_ibs_13555969_20260713220000_seg_00528,016_ibs_13555969_20260713220000,SPEAKER_03,2395.52,2396.24,0.72,success,だったっすね。,success,ってところはきっと芸能界でも任されてる。,False,7,20,13
,016_ibs_13555969_20260713220000_seg_00529,016_ibs_13555969_20260713220000,SPEAKER_03,2396.64,2402.08,5.44,success,世界でデビューしても、今、町おこししてても、剣道よりつらいものないですね。,success,つらいことなかったっすね、芸能界でデビューしても、今、町おこししてても、剣道よりつらいものないですね。,False,37,51,14
,016_ibs_13555969_20260713220000_seg_00530,016_ibs_13555969_20260713220000,SPEAKER_01,2402.16,2402.88,0.72,success,すげえ!,success,剣道よりつらいものないですね。,False,4,15,11
,016_ibs_13555969_20260713220000_seg_00531,016_ibs_13555969_20260713220000,SPEAKER_01,2404.64,2409.52,4.88,success,男にボコられてつらかったこと以上には、もうなんかつらいことがないと思うのと同じような。,success,だから昔、私が男にぼこられてつらかったこと以上には、もうなんかつらいことがないと思うのと同じような。,False,43,50,7
,016_ibs_13555969_20260713220000_seg_00532,016_ibs_13555969_20260713220000,SPEAKER_00,2410.4,2415.6,5.2,success,大河ドラマ見てて、なんか、織田信長がぼんぼん部下を殴ってるのを見て。,success,きのう、大河ドラマ見てて、なんか、織田信長がぼんぼん部下を殴ってるのを見て。,False,34,38,4
,016_ibs_13555969_20260713220000_seg_00533,016_ibs_13555969_20260713220000,SPEAKER_01,2419.2,2421.28,2.08,success,思い出しちゃって怖かった。,success,救助を思い出しちゃって怖かった。,False,13,16,3
,016_ibs_13555969_20260713220000_seg_00534,016_ibs_13555969_20260713220000,SPEAKER_01,2421.92,2426.4,4.48,success,なんかうわっこれやられたこれやられたみたいなのが足を触る。,success,何かうわっこれやられた子やられたみたいなのが足を触って。,False,29,28,-1
,016_ibs_13555969_20260713220000_seg_00535,016_ibs_13555969_20260713220000,SPEAKER_01,2427.28,2430.48,3.2,success,やっぱね、蹴り、足蹴りでね、腹とかなんか蹴られるんでね。,success,やっぱね蹴り足蹴りでね腹とかなんかやられるんでね。,False,28,25,-3
,016_ibs_13555969_20260713220000_seg_00536,016_ibs_13555969_20260713220000,SPEAKER_03,2430.64,2431.44,0.8,success,なつかしい!,success,懐かしい!,False,6,5,-1
,016_ibs_13555969_20260713220000_seg_00537,016_ibs_13555969_20260713220000,SPEAKER_01,2431.84,2435.44,3.6,success,今ねメールがいっぱい来てます。,success,いやいや怖い怖いっつってすいませんごめんなさい今ねメールがいっぱい来て。,False,15,36,21
,016_ibs_13555969_20260713220000_seg_00538,016_ibs_13555969_20260713220000,SPEAKER_01,2436.32,2437.12,0.8,success,立て続けに。,success,今ねメールがいっぱい来てますのでちょっとね立て続けに。,False,6,27,21
,016_ibs_13555969_20260713220000_seg_00539,016_ibs_13555969_20260713220000,SPEAKER_01,2437.76,2444.64,6.88,success,いらっしゃいますけども、ラジオネーム、ことさんからもいたまいっています、今夜は和田由斗君をゲストに呼んでいただき、ありがとうございます。,success,ちょっとね、立て続けに読ませてもらっちゃいますけども、ラジオネーム、ことさんからもいただいています、今夜は和田由斗君をゲストに呼んでいただき、ありがとうございます。,False,68,82,14
,016_ibs_13555969_20260713220000_seg_00540,016_ibs_13555969_20260713220000,SPEAKER_01,2445.2,2448.16,2.96,success,赤プルさんも裕太君も県政出身、そう、けん制なんです。,success,赤プルさんも裕太君も県政出身、そう、県政なんです。,False,26,25,-1
,016_ibs_13555969_20260713220000_seg_00541,016_ibs_13555969_20260713220000,SPEAKER_01,2448.56,2467.44,18.88,success,同じ茨城県でも地域によって茨城弁が違いますね、赤プルさんはかなりなまって聞こえるけど、それは営業ですよね、益子達郎さんも営業ですよ、話題、あるいはラジオ用のなまり、違うの、みんなね、分かります、営業用じゃなくて、基本、持ってんの、足立さん、ごめんなさい、ごめんなさい、ちょっと待ってくださいね、アカプルさんとユウト君、どちらがなまっているか大変。,success,県政出身、そう、県政なんです、私、同じ茨城県でも地域によって茨城弁が違いますね、赤プルさんはかなりなまって聞こえるけど、それは営業ですよね、益子達郎さんも営業ですよ、話題、あるいはラジオ用のなまり、違うの、みんなね、分かります、営業用じゃなくて、基本、持ってんの、足立さん、あっ、ごめんなさい、ごめんなさい、ちょっと待ってくださいね、アカプルさんとユウト君、どちらがなまっているか大変。,False,173,193,20
,016_ibs_13555969_20260713220000_seg_00542,016_ibs_13555969_20260713220000,SPEAKER_01,2468.0,2468.8,0.8,success,くださいって書いたんですけど。,success,くんどちらがなまっているかたいけつしてみてくださいってかいてあるんですけど。,False,15,38,23
,016_ibs_13555969_20260713220000_seg_00543,016_ibs_13555969_20260713220000,SPEAKER_01,2469.68,2471.2,1.52,success,うちの予想ではカップル3だと思います。,success,してみてくださいって書いてあるんですけど、私の予想ではカップルさんだと思います。,False,19,40,21
,016_ibs_13555969_20260713220000_seg_00544,016_ibs_13555969_20260713220000,SPEAKER_01,2471.52,2474.72,3.2,success,今夜はリア隊で配置すっかんねっちゃ帰ってどうもっつうことでことさんから頂いた。,success,私の予想ではワカップルさんだと思います、今夜はリア体で配長すっかんねんちゃかいってどうもっつうことで、ことさんから頂きました。,False,39,63,24
,016_ibs_13555969_20260713220000_seg_00545,016_ibs_13555969_20260713220000,SPEAKER_01,2475.52,2486.8,11.28,success,私とか益子さんは、かなりたぶん、もともと盛ってるものが、たぶん解放されるって感じなんですよ、で、足立さんは、もうずっと解放され続けてる、ナチュラルななまりが。,success,持つことってことさんから頂いてるんですけど、私とか益子さんは、かなりたぶん、もともと盛ってるものが、たぶん解放されるって感じなんですよ、で、足立さんは、もうずっと解放され続けてる、ナチュラルななまりが。,False,79,101,22
,016_ibs_13555969_20260713220000_seg_00546,016_ibs_13555969_20260713220000,SPEAKER_03,2486.96,2490.0,3.04,success,赤ぶるさん、結構いつもこんな感じですね。,success,解放され続けてるナチュラルななまりがでも、赤ぶるさん、結構いつもこんな感じですね。,False,20,41,21
,016_ibs_13555969_20260713220000_seg_00547,016_ibs_13555969_20260713220000,SPEAKER_03,2490.64,2492.24,1.6,success,なまってますよね、ふだん。,success,いつもこんな感じですね、なまってますよね、ふだん。,False,13,25,12
,016_ibs_13555969_20260713220000_seg_00548,016_ibs_13555969_20260713220000,SPEAKER_01,2492.24,2495.44,3.2,success,でも、松岡さんには恥ずかしいとか、怖い。,success,でも、松岡さんにはなんか恥ずかしいとか、怖い。,False,20,23,3
,016_ibs_13555969_20260713220000_seg_00549,016_ibs_13555969_20260713220000,SPEAKER_00,2496.48,2499.84,3.36,success,ってなまると、すげえ声の、てめえとか。,success,恥ずかしいとか、怖いって言われて、家でなまると、すげえ怖いの、てめえとか。,False,19,37,18
,016_ibs_13555969_20260713220000_seg_00550,016_ibs_13555969_20260713220000,SPEAKER_00,2501.44,2502.08,0.64,success,そうそう、大丈夫。,success,そうそうそうそう大丈夫。,False,9,12,3
,016_ibs_13555969_20260713220000_seg_00551,016_ibs_13555969_20260713220000,SPEAKER_01,2503.12,2504.64,1.52,success,言っちゃうよね。,success,そうそうそうそうだからやめちゃやめちゃいましょう言っちゃうよね言っちゃう?,False,8,37,29
,016_ibs_13555969_20260713220000_seg_00552,016_ibs_13555969_20260713220000,SPEAKER_01,2506.16,2506.8,0.64,success,じゃあ茨城。,success,おめえっていうの普通じゃん茨城って。,False,6,18,12
,016_ibs_13555969_20260713220000_seg_00553,016_ibs_13555969_20260713220000,SPEAKER_01,2507.12,2508.48,1.36,success,すずちゃん急に何か。,success,おめえっていうの普通じゃん茨城って。,False,10,18,8
,016_ibs_13555969_20260713220000_seg_00554,016_ibs_13555969_20260713220000,SPEAKER_01,2509.2,2514.0,4.8,success,おめえっつうの普通だからおめえって言っちゃうと怒った時とかてめえとかなっちゃうでしょ。,success,おめえっつうの普通だからおめえって言っちゃうと怒った時とかてめえとかなっちゃうでしょ。,True,43,43,0
,016_ibs_13555969_20260713220000_seg_00555,016_ibs_13555969_20260713220000,SPEAKER_01,2514.24,2515.44,1.2,success,こんなとこがダメだっつうの。,success,そういうのとかだめだっつうの。,False,14,15,1
,016_ibs_13555969_20260713220000_seg_00556,016_ibs_13555969_20260713220000,SPEAKER_00,2515.44,2516.24,0.8,success,だからもう決めようと。,success,だからもう決めようと。,True,11,11,0
,016_ibs_13555969_20260713220000_seg_00557,016_ibs_13555969_20260713220000,SPEAKER_00,2516.88,2519.92,3.04,success,うちはけんかするときはお主っていう。,success,だからもう決めようっつってうちはけんかする時はお主って言う。,False,18,30,12
,016_ibs_13555969_20260713220000_seg_00558,016_ibs_13555969_20260713220000,SPEAKER_00,2522.08,2522.64,0.56,success,かつて。,success,島田!っつって。,False,4,8,4
,016_ibs_13555969_20260713220000_seg_00559,016_ibs_13555969_20260713220000,SPEAKER_00,2523.04,2524.56,1.52,success,だったらなんかあんまりけんかしない。,success,シワな!っつって言うようになったら何かあんまりケンカしなくなった。,False,18,33,15
,016_ibs_13555969_20260713220000_seg_00560,016_ibs_13555969_20260713220000,SPEAKER_02,2525.6,2526.24,0.64,success,時代が一気に。,success,時代が変わりますね、時代が一気に。,False,7,17,10
,016_ibs_13555969_20260713220000_seg_00561,016_ibs_13555969_20260713220000,SPEAKER_01,2526.32,2532.0,5.68,success,っていうのがあって、だからやっぱり、両親、うちではでも父がなまってるけど、母はね、あんまなまってないんだけど。,success,かわいそう、時代が生きて。っていうのがあって、だからやっぱり、両親、うちではでも父がなまってるけど、母はね、あんまなまってないんだけど。,False,55,68,13
,016_ibs_13555969_20260713220000_seg_00562,016_ibs_13555969_20260713220000,SPEAKER_01,2532.24,2534.64,2.4,success,なんかやっぱりこう、おじいちゃんとかおばあちゃん。,success,母はね、あんまなまってないんだけど、なんかやっぱり、おじいちゃんとかおばあちゃん。,False,25,41,16
,016_ibs_13555969_20260713220000_seg_00563,016_ibs_13555969_20260713220000,SPEAKER_01,2535.12,2538.96,3.84,success,近くにいると、どうしても同じことばでしゃべるじゃないですか。,success,おじいちゃんとかおばあちゃんとか近くにいるとどうしても同じ言葉でしゃべるじゃないですか。,False,30,44,14
,016_ibs_13555969_20260713220000_seg_00564,016_ibs_13555969_20260713220000,SPEAKER_02,2538.96,2539.84,0.88,success,はいはいはい。,success,でも、同じことばでしゃべるじゃないですか。,False,7,21,14
,016_ibs_13555969_20260713220000_seg_00565,016_ibs_13555969_20260713220000,SPEAKER_01,2539.92,2540.64,0.72,success,どんなかんじですか?,success,言葉でしゃべるじゃないですかどんな感じですか?,False,10,23,13
,016_ibs_13555969_20260713220000_seg_00566,016_ibs_13555969_20260713220000,SPEAKER_02,2544.32,2548.64,4.32,success,何してんの?とかあれこまっちなみたいな。,success,ありがとうとか何してんの?とかおれとかこまっちなみたいな。,False,20,29,9
,016_ibs_13555969_20260713220000_seg_00567,016_ibs_13555969_20260713220000,SPEAKER_01,2548.8,2549.36,0.56,success,そう。,success,小町なみたいなあるんですけど。,False,3,15,12
,016_ibs_13555969_20260713220000_seg_00568,016_ibs_13555969_20260713220000,SPEAKER_00,2550.08,2558.16,8.08,success,なんかやっぱ、分かんないことばとかはあるかな、東京の人だと、難しい、俺、赤プルさんのお父さんがしゃべってること、半分以上分からへんの、本当に。,success,みたいなあるんすけど、なんかやっぱ、分かんないことばとかはあるかな、東京の人だと、難しい、俺、赤プルさんのお父さんがしゃべってること、半分以上分からへんの、本当に。,False,71,82,11
,016_ibs_13555969_20260713220000_seg_00569,016_ibs_13555969_20260713220000,SPEAKER_03,2560.72,2561.92,1.2,success,ジャッペとかも分かんなかったですね、僕。,success,すごいなんかゴジャッペとかも分かんなかったですね昔。,False,20,26,6
,016_ibs_13555969_20260713220000_seg_00570,016_ibs_13555969_20260713220000,SPEAKER_00,2562.32,2564.0,1.68,success,全然分かんない、だから全部聞いてて、ずっと。,success,ゴジャップとかも分かんなかったですね、昔全然分かんない、だから全部聞いてて。,False,22,38,16
,016_ibs_13555969_20260713220000_seg_00571,016_ibs_13555969_20260713220000,SPEAKER_01,2566.32,2573.36,7.04,success,でも大体、けん制の人のあまりは、私たちはなんか、分かる、ちょっとちょいちょい出てるのが、ホスタッケみたく出てますね。,success,でも大体、けん制の人のあまりは、私たちはなんか、分かる、ちょっとちょいちょい出てるのが、ホスタッケみたく出てますね。,True,58,58,0
,016_ibs_13555969_20260713220000_seg_00572,016_ibs_13555969_20260713220000,SPEAKER_01,2574.96,2576.16,1.2,success,そしたらみたいなことを欲しい。,success,何かそうしたっけっていうかそしたらみたいなこと欲しい。,False,15,27,12
,016_ibs_13555969_20260713220000_seg_00573,016_ibs_13555969_20260713220000,SPEAKER_01,2576.56,2577.76,1.2,success,なんか本になっちゃう、そういうこと。,success,そしたらみたいなことそしたら本になっちゃうんですよ。,False,18,26,8
,016_ibs_13555969_20260713220000_seg_00574,016_ibs_13555969_20260713220000,SPEAKER_01,2578.16,2582.72,4.56,success,なんかねちょいちょい茨城弁は私よりナチュラルに出る。,success,したら、なんかほーになっちゃう、それが本になっちゃうとか、なんかね、ちょいちょい茨城弁は、私よりナチュラルに出る。,False,26,57,31
,016_ibs_13555969_20260713220000_seg_00575,016_ibs_13555969_20260713220000,SPEAKER_01,2584.72,2586.24,1.52,success,こまゆこまゆ私はね。,success,洗濯物を込むとか言わないんですか?,False,10,17,7
,016_ibs_13555969_20260713220000_seg_00576,016_ibs_13555969_20260713220000,SPEAKER_00,2586.24,2587.68,1.44,success,それ東京の人って。,success,それ東京の人って。,True,9,9,0
,016_ibs_13555969_20260713220000_seg_00577,016_ibs_13555969_20260713220000,SPEAKER_00,2589.28,2591.12,1.84,success,取り込むってこと?,success,取り込むってこと?,True,9,9,0
,016_ibs_13555969_20260713220000_seg_00578,016_ibs_13555969_20260713220000,SPEAKER_01,2597.6,2602.56,4.96,success,さあそして焼き弁太郎さんからも頂いてますちょっとメールが来てるので結構ねたくさん来てくださってます。,success,そして、焼き弁太郎さんからも頂いてます、ちょっとメールが来てるので、結構ね、たくさん来てくださってます。,False,50,52,2
,016_ibs_13555969_20260713220000_seg_00579,016_ibs_13555969_20260713220000,SPEAKER_01,2603.76,2614.4,10.64,success,よね、焼き弁太郎さん、きょうはゆうと君がいいんじゃ、赤プルちゃんはテンションアゲアゲだっぺなっつうことで、松岡さんもアゲアゲ、昔、足立雄人の足立ハウス行ったらよかっぺよっつう番組があったっけが。,success,ねっ、たくさん来てるから、呼んであげちゃおうよ、ねぇ、焼き弁太郎さん、きょうは裕人君がいいんじゃ、アカプルちゃんはテンションアゲアゲだっぺなってことで、松岡さんもアゲアゲ、昔、足立雄人の足立ハウス行ったらよかっぺよっつう番組があったっけが。,False,97,120,23
,016_ibs_13555969_20260713220000_seg_00580,016_ibs_13555969_20260713220000,SPEAKER_01,2614.72,2618.96,4.24,success,そこで安達祐人君がすんげえなまってたコーナー頭燃やした。,success,よがっぺよっつう番組があったっけがそこで安達祐人君がすんげえなまってたコーナー頭燃やした。,False,28,45,17
,016_ibs_13555969_20260713220000_seg_00581,016_ibs_13555969_20260713220000,SPEAKER_01,2619.2,2637.76,18.56,success,そんで赤プルちゃんも相当なまってっから2人で伊庭弁当食っちゃやってくんねえかなこれじゃ保存版になっかもよ赤プルちゃん高校野球で母校勝ったっぺああ見つかるように行こう明日東洋大牛久とやるみてえだな相手は強えから応援してやってくんちょねっつうことでもう野球の話出たらうちのおいっ子が。,success,なまってたコーナーがあったの燃やしたそんで赤プルちゃんも相当なまってっから2人でイバ弁当食っちゃやってくんねえかなこれじゃ保存版になっかもよアカプルちゃん高校野球で母校勝ったっぺああ見つかるように行こう明日東洋大牛久とやるみてえだな相手は強えから応援してやってくんちょねっちゅうことでもう野球の話出たらうちのおいっ子が。,False,140,160,20
,016_ibs_13555969_20260713220000_seg_00582,016_ibs_13555969_20260713220000,SPEAKER_01,2639.6,2640.32,0.72,success,後輩だから。,success,足立さんの後輩だから。,False,6,11,5
,016_ibs_13555969_20260713220000_seg_00583,016_ibs_13555969_20260713220000,SPEAKER_03,2641.28,2641.84,0.56,success,言わせにし。,success,後輩だからあっ岩瀬にしよう。,False,6,14,8
,016_ibs_13555969_20260713220000_seg_00584,016_ibs_13555969_20260713220000,SPEAKER_01,2642.24,2644.0,1.76,success,では岩瀬日大、去年は。,success,あっ岩瀬日大。,False,11,7,-4
,016_ibs_13555969_20260713220000_seg_00585,016_ibs_13555969_20260713220000,SPEAKER_00,2645.44,2647.36,1.92,success,エイト?ぐらいまでいったよね。,success,ベスト8?ぐらいまでいったよね。,False,15,16,1
,016_ibs_13555969_20260713220000_seg_00586,016_ibs_13555969_20260713220000,SPEAKER_01,2647.44,2649.44,2.0,success,うちのおいっ子キャプテンやってたんですよ。,success,うちのおいっ子キャプテンやってたんですよ。,True,21,21,0
,016_ibs_13555969_20260713220000_seg_00587,016_ibs_13555969_20260713220000,SPEAKER_03,2649.92,2653.04,3.12,success,えもう家から5分さ歩いてえっ!?,success,家から5分さ、歩いて。,False,16,11,-5
,016_ibs_13555969_20260713220000_seg_00588,016_ibs_13555969_20260713220000,SPEAKER_01,2653.36,2655.44,2.08,success,先輩うちのおいっ子やりましたよ先輩!,success,先輩うちのおいっ子やりましたよ先輩。,False,18,18,0
,016_ibs_13555969_20260713220000_seg_00589,016_ibs_13555969_20260713220000,SPEAKER_00,2657.52,2659.52,2.0,success,強いチームとやって、ベスト8でね。,success,すごい強いチームとやってベスト8でね。,False,17,19,2
,016_ibs_13555969_20260713220000_seg_00590,016_ibs_13555969_20260713220000,SPEAKER_00,2660.56,2670.4,9.84,success,もう0対0で、最後に回ってきたの、キャプテンの、そのおいっ子に、それでもう、俺やとどうせ無理やろうと思ったら、ばちん打ってね、勝ったの。,success,ベスト8でね、もう0対0で、最後に回ってきたの、キャプテンの、そのおいっ子に、それでもう、俺やとどうせ無理やろうと思ったら、ばちん打ってね、勝ったの。,False,68,75,7
,016_ibs_13555969_20260713220000_seg_00591,016_ibs_13555969_20260713220000,SPEAKER_01,2674.72,2677.52,2.8,success,本当に岩手日大やりました、去年。,success,で茨城新聞にも載せていただいてもう本当に岩瀬日大やりました去年。,False,16,32,16
,016_ibs_13555969_20260713220000_seg_00592,016_ibs_13555969_20260713220000,SPEAKER_01,2679.76,2689.52,9.76,success,そして、ちょっといっぱい頂いてますんで、読ませていただいちゃいます、昼はカボ、失礼しました、昼はカルボナーラ派の塩路さん、赤プルさん、ゲストの足立さん、お番です。,success,すごかった、もう卒業してますけれども、さあ、そしてちょっといっぱい頂いてますんで、読ませていただいちゃいます、昼はカボ、失礼しました、昼はカルボナーラ派の塩路さん、赤プルさん、ゲストの足立さん、お番です。,False,81,102,21
,016_ibs_13555969_20260713220000_seg_00593,016_ibs_13555969_20260713220000,SPEAKER_01,2690.32,2693.52,3.2,success,今回足立さんがゲストで来るっちゅうことで初めてメールを送らせていただきました。,success,今回足立さんがゲストで来るっちゅうことで初めてメールを送らせて頂きました。,False,39,37,-2
,016_ibs_13555969_20260713220000_seg_00594,016_ibs_13555969_20260713220000,SPEAKER_01,2694.56,2701.12,6.56,success,私は北海道に住んでるものでほぼ毎月1回は足立さんのライブに行くために北海道と茨城に行きます。,success,私は北海道に住んでるものでほぼ毎月1回は足立さんのライブに行くために北海道と茨城に行きます。,True,46,46,0
,016_ibs_13555969_20260713220000_seg_00595,016_ibs_13555969_20260713220000,SPEAKER_01,2703.52,2721.28,17.76,success,茨城に通い始めて1年5か月たちましたが今年に入ってから茨城の魅力をたくさんの人に伝えていつか友達を茨城に連れていきたいという夢を掲げそのためにはまず茨城について詳しく知らなきゃいけないと考えて茨城観光マイスターの資格を取ることを決めました。,success,茨城に通い始めて1年5か月たちましたが今年に入ってから茨城の魅力をたくさんの人に伝えていつか友達を茨城に連れていきたいという夢を掲げそのためにはまず茨城について詳しく知らなきゃいけないと考えて茨城観光マイスターの資格を取ることを決めました。,True,120,120,0
,016_ibs_13555969_20260713220000_seg_00596,016_ibs_13555969_20260713220000,SPEAKER_01,2721.92,2740.32,18.4,success,すげえ合格を勝ち取るために2か月前から毎日勉強頑張っていて茨城県44市町村を全部覚えましたいつも仲よくしてくれてる足立ファミリーのみんなの応援やライブの特典会で足立さんが書いてくれたメッセージが勉強のモチベーションになってますここで質問なんですが足立さんは過去に受けたことがある?,success,すげえ合格を勝ち取るために2か月前から毎日勉強頑張っていて茨城県44市町村を全部覚えましたいつも仲よくしてくれてる足立ファミリーのみんなの応援やライブの特典会で足立さんが書いてくれたメッセージが勉強のモチベーションになってますここで質問なんですが足立さんは過去に受けたことがある?,True,140,140,0
,016_ibs_13555969_20260713220000_seg_00597,016_ibs_13555969_20260713220000,SPEAKER_01,2741.04,2743.2,2.16,success,いつか取ってみたい資格はあったりしますか?っつうことで。,success,ここに受けたことがある、限定や、いつか取ってみたい資格はあったりしますか?ということで。,False,28,44,16
,016_ibs_13555969_20260713220000_seg_00598,016_ibs_13555969_20260713220000,SPEAKER_02,2743.6,2746.16,2.56,success,マジでみんな結構ファンの方が。,success,やってみたい資格はあったりしますか?っつうことでいやマジでみんな結構ファンの方が。,False,15,41,26
,016_ibs_13555969_20260713220000_seg_00599,016_ibs_13555969_20260713220000,SPEAKER_02,2746.4,2748.88,2.48,success,茨城観光マイスター取るんですよ。,success,みんな結構ファンの方が茨城観光マイスター撮るんですよ。,False,16,27,11
,016_ibs_13555969_20260713220000_seg_00600,016_ibs_13555969_20260713220000,SPEAKER_02,2751.44,2758.48,7.04,success,困るんですよ、みんな詳しくなっちゃうんですよ、俺より詳しく、そこまで細かいこと言われても。,success,困るんですよ、みんな詳しくなっちゃうんですよ、俺より詳しく、そこまで細かいこと言われても。,True,45,45,0
,016_ibs_13555969_20260713220000_seg_00601,016_ibs_13555969_20260713220000,SPEAKER_00,2758.64,2759.28,0.64,success,ねっ。,success,そこまで細かいこと言われても。,False,3,15,12
,016_ibs_13555969_20260713220000_seg_00602,016_ibs_13555969_20260713220000,SPEAKER_02,2759.92,2762.0,2.08,success,マウント取ってくるんですよみんな。,success,たまにマウント取ってくるんですよみんな。,False,17,20,3
,016_ibs_13555969_20260713220000_seg_00603,016_ibs_13555969_20260713220000,SPEAKER_02,2762.4,2763.12,0.72,success,おい。,success,撮ってくるんですよ、みんな。,False,3,14,11
,016_ibs_13555969_20260713220000_seg_00604,016_ibs_13555969_20260713220000,SPEAKER_02,2763.6,2764.96,1.36,success,いやいやいややめてくれと。,success,いやいやいやいややめてくれと。,False,13,15,2
,016_ibs_13555969_20260713220000_seg_00605,016_ibs_13555969_20260713220000,SPEAKER_01,2768.32,2768.96,0.64,success,どうだね。,success,一応、茨城大使じゃないですか。,False,5,15,10
,016_ibs_13555969_20260713220000_seg_00606,016_ibs_13555969_20260713220000,SPEAKER_01,2770.64,2775.44,4.8,success,でもこれマイスター取ったらネタできっかな私そしたら取りたいなでも難しいんすよね。,success,僕より詳しくなんないんすよ確かにえっでもこれマイスター取ったらネタできっかな私そしたら取りたいなでも難しいんすよね。,False,40,58,18
,016_ibs_13555969_20260713220000_seg_00607,016_ibs_13555969_20260713220000,SPEAKER_03,2776.0,2776.72,0.72,success,細かいところで。,success,撮りたいな、でも難しいんですよね、いや、すっごい細かいとこで。,False,8,31,23
,016_ibs_13555969_20260713220000_seg_00608,016_ibs_13555969_20260713220000,SPEAKER_02,2776.72,2777.28,0.56,success,うん。,success,いやすっごい細かいとこで。,False,3,13,10
,016_ibs_13555969_20260713220000_seg_00609,016_ibs_13555969_20260713220000,SPEAKER_03,2777.52,2778.56,1.04,success,なんか人工だら。,success,すっごい細かいところであれですよね、なんか人工だら。,False,8,26,18
,016_ibs_13555969_20260713220000_seg_00610,016_ibs_13555969_20260713220000,SPEAKER_01,2779.28,2780.24,0.96,success,いろんな。,success,人工だらなんかいろんな。,False,5,12,7
,016_ibs_13555969_20260713220000_seg_00611,016_ibs_13555969_20260713220000,SPEAKER_00,2781.52,2784.4,2.88,success,多分それ取ると嫌いになると思うで。,success,多分多分それ取ると嫌いになると思うで。,False,17,19,2
,016_ibs_13555969_20260713220000_seg_00612,016_ibs_13555969_20260713220000,SPEAKER_00,2785.6,2789.6,4.0,success,いろいろ調べてでも結構ファンの方それで取って合格して撮って。,success,ホンマに難しすぎていろいろ調べてでも結構ファンの方それで取って合格して撮って。,False,30,39,9
,016_ibs_13555969_20260713220000_seg_00613,016_ibs_13555969_20260713220000,SPEAKER_00,2792.08,2795.28,3.2,success,それ結構視覚の登竜門みたいになっててそれ。,success,これ結構ねファンの方それ結構刺客の登竜門みたいになっててそれ。,False,21,31,10
,016_ibs_13555969_20260713220000_seg_00614,016_ibs_13555969_20260713220000,SPEAKER_01,2796.0,2797.76,1.76,success,応援するには茨城マイスターを作ろう。,success,登竜門みたいになってて、それ足立さんを応援するには、茨城マイスターを取らないと。,False,18,40,22
,016_ibs_13555969_20260713220000_seg_00615,016_ibs_13555969_20260713220000,SPEAKER_02,2799.52,2800.32,0.8,success,過ぎないでください、本当に。,success,取りすぎないでください。,False,14,12,-2
,016_ibs_13555969_20260713220000_seg_00616,016_ibs_13555969_20260713220000,SPEAKER_01,2802.32,2805.76,3.44,success,足立さん、すごい、茨城大使回ってる茨城新聞親善大使。,success,すごいね、だって、でも足立さん、すごいよ、いばらき大使もやってる、茨城新聞親善大使。,False,26,42,16
,016_ibs_13555969_20260713220000_seg_00617,016_ibs_13555969_20260713220000,SPEAKER_01,2806.48,2808.32,1.84,success,笠間特別観光大使。,success,川崎新聞親善大使笠間特別観光大使。,False,9,17,8
,016_ibs_13555969_20260713220000_seg_00618,016_ibs_13555969_20260713220000,SPEAKER_01,2808.8,2810.16,1.36,success,福田川応援大使。,success,横浜特別観光大使桜川応援大使。,False,8,15,7
,016_ibs_13555969_20260713220000_seg_00619,016_ibs_13555969_20260713220000,SPEAKER_01,2810.64,2813.44,2.8,success,そして北茨城観光大使実況。,success,さくら川応援大使、そして北茨城観光大使、実際。,False,13,23,10
,016_ibs_13555969_20260713220000_seg_00620,016_ibs_13555969_20260713220000,SPEAKER_01,2814.4,2815.44,1.04,success,やってるんですもんね。,success,茨城観光大使と自衛隊士もねやってるんですもんね。,False,11,24,13
,016_ibs_13555969_20260713220000_seg_00621,016_ibs_13555969_20260713220000,SPEAKER_02,2818.8,2821.76,2.96,success,いやもう、大使はもう、なんか名前だけになるのが嫌なので。,success,いやもう、大使はもう、なんか、名前だけになるのが嫌なので。,False,28,29,1
,016_ibs_13555969_20260713220000_seg_00622,016_ibs_13555969_20260713220000,SPEAKER_02,2822.48,2823.52,1.04,success,そうだからもう。,success,だけになるのが嫌なので、そう、だからもう。,False,8,21,13
,016_ibs_13555969_20260713220000_seg_00623,016_ibs_13555969_20260713220000,SPEAKER_02,2823.84,2828.32,4.48,success,そうですね、でも、だからこそ、できるかぎり、いろんなね、耐震の家。,success,そうだからもうそうですねでもだからこそできるかぎりいろんなね耐震の。,False,33,34,1
,016_ibs_13555969_20260713220000_seg_00624,016_ibs_13555969_20260713220000,SPEAKER_00,2833.2,2835.68,2.48,success,痛いやつある、なんかこの、これはさすがにみたいな。,success,なんかこれはさすがにみたいな。,False,25,15,-10
,016_ibs_13555969_20260713220000_seg_00625,016_ibs_13555969_20260713220000,SPEAKER_02,2835.84,2838.08,2.24,success,結構ありますね。,success,なんか、これはさすがにみた結構ありますね。,False,8,21,13
,016_ibs_13555969_20260713220000_seg_00626,016_ibs_13555969_20260713220000,SPEAKER_00,2838.08,2839.28,1.2,success,どういう対一が消えた?,success,結構ありますね、どういうタイプが?,False,11,17,6
,016_ibs_13555969_20260713220000_seg_00627,016_ibs_13555969_20260713220000,SPEAKER_02,2840.88,2842.56,1.68,success,田んぼ大使みたいに。,success,田んぼ大使みたい。,False,10,9,-1
,016_ibs_13555969_20260713220000_seg_00628,016_ibs_13555969_20260713220000,SPEAKER_00,2843.84,2845.44,1.6,success,なるほどなるほど。,success,どういうこと?,False,9,7,-2
,016_ibs_13555969_20260713220000_seg_00629,016_ibs_13555969_20260713220000,SPEAKER_01,2845.68,2847.68,2.0,success,いつも田んぼの前で写真撮ってっから。,success,でもいつも田んぼの前で写真撮ってるから。,False,18,20,2
,016_ibs_13555969_20260713220000_seg_00630,016_ibs_13555969_20260713220000,SPEAKER_02,2847.92,2849.52,1.6,success,だから軽トラライブっていって軽トラに乗る。,success,でも田んぼの前で写真撮ってっから。,False,21,17,-4
,016_ibs_13555969_20260713220000_seg_00631,016_ibs_13555969_20260713220000,SPEAKER_02,2850.0,2853.6,3.6,success,するので、それを見た人が、なんか田んぼの結構、地主さんがいて。,success,軽トラライブって、軽トラに乗りながらライブするので、それを見た人が、なんか田んぼの結構、地主さんがいて。,False,31,52,21
,016_ibs_13555969_20260713220000_seg_00632,016_ibs_13555969_20260713220000,SPEAKER_02,2853.92,2856.96,3.04,success,その方が、林君、田んぼ大使なんてできない。,success,田んぼの結構、地主さんがいて、その方が、林君、田んぼ大使なんてできない。,False,21,36,15
,016_ibs_13555969_20260713220000_seg_00633,016_ibs_13555969_20260713220000,SPEAKER_02,2858.0,2861.84,3.84,success,どうするんですかと、田んぼを耕す人を増やしたいんです。,success,何をするんですかと、田んぼを耕す人を増やしたいんです。,False,27,27,0
,016_ibs_13555969_20260713220000_seg_00634,016_ibs_13555969_20260713220000,SPEAKER_01,2862.08,2862.88,0.8,success,いいでもそれいい。,success,話す人を増やしたいんで。,False,9,12,3
,016_ibs_13555969_20260713220000_seg_00635,016_ibs_13555969_20260713220000,SPEAKER_00,2862.96,2864.8,1.84,success,ああでもいいかもね俺は好きだけどな。,success,でもいいかもな俺好きだけどな。,False,18,15,-3
,016_ibs_13555969_20260713220000_seg_00636,016_ibs_13555969_20260713220000,SPEAKER_01,2866.16,2869.12,2.96,success,今出た軽トラライブの話聞きたかったんですよ。,success,でもね、今出た軽トラライブっていうのを聞きたかったんですよ。,False,22,30,8
,016_ibs_13555969_20260713220000_seg_00637,016_ibs_13555969_20260713220000,SPEAKER_01,2869.52,2871.36,1.84,success,でなんか道の駅を回ったっておっしゃって。,success,あれで何か道の駅を回ったっておっしゃって。,False,20,21,1
,016_ibs_13555969_20260713220000_seg_00638,016_ibs_13555969_20260713220000,SPEAKER_02,2871.52,2872.4,0.88,success,若ん時に。,success,それで何か道の駅を回ったっておっしゃってました。,False,5,24,19
,016_ibs_13555969_20260713220000_seg_00639,016_ibs_13555969_20260713220000,SPEAKER_02,2872.8,2873.6,0.8,success,仕事ができなくなっちゃって。,success,コロナ禍の時にイベントができなくなっちゃって。,False,14,23,9
,016_ibs_13555969_20260713220000_seg_00640,016_ibs_13555969_20260713220000,SPEAKER_02,2874.0,2876.24,2.24,success,軽トラが目の前の僕の実家にあったので。,success,イベントができなくなっちゃって軽トラが目の前の僕の実家にあったので。,False,19,34,15
,016_ibs_13555969_20260713220000_seg_00641,016_ibs_13555969_20260713220000,SPEAKER_02,2877.76,2878.8,1.04,success,宮城を回ったんですよ。,success,それで回って道の駅を回ったんですよ。,False,11,18,7
,016_ibs_13555969_20260713220000_seg_00642,016_ibs_13555969_20260713220000,SPEAKER_02,2879.2,2887.76,8.56,success,そしたら結構やっぱ、女性ファン、男性のファンの方が特に増えて、そのおかげで毎月、毎年、男祭りっていう男性限定ライブが。,success,そしたら結構やっぱ女性ファン男性ファンの方が特に増えてそのおかげで毎年男祭りっていう男性限定ライブがあって。,False,59,54,-5
,016_ibs_13555969_20260713220000_seg_00643,016_ibs_13555969_20260713220000,SPEAKER_02,2888.88,2891.36,2.48,success,めっちゃ男が今日泣きながらライブを。,success,めっちゃ男が今日泣きながらライブを。,True,18,18,0
,016_ibs_13555969_20260713220000_seg_00644,016_ibs_13555969_20260713220000,SPEAKER_02,2894.0,2894.64,0.64,success,ダウンなんですけど。,success,ミトライトハウスなんですけど。,False,10,15,5
,016_ibs_13555969_20260713220000_seg_00645,016_ibs_13555969_20260713220000,SPEAKER_02,2895.84,2896.72,0.88,success,2月やるんですけど。,success,ライトハウスなんですけど今年も12月やるんですけど。,False,10,26,16
,016_ibs_13555969_20260713220000_seg_00646,016_ibs_13555969_20260713220000,SPEAKER_01,2896.88,2898.08,1.2,success,ここ行っちゃうね松岡さん。,success,すごい行っちゃうね松岡さん。,False,13,14,1
,016_ibs_13555969_20260713220000_seg_00647,016_ibs_13555969_20260713220000,SPEAKER_01,2899.36,2900.64,1.28,success,あっ泣きながらさ。,success,泣きながらさ。,False,9,7,-2
,016_ibs_13555969_20260713220000_seg_00648,016_ibs_13555969_20260713220000,SPEAKER_01,2902.32,2902.96,0.64,success,どうぞ。,success,結構エモいっすね。,False,4,9,5
,016_ibs_13555969_20260713220000_seg_00649,016_ibs_13555969_20260713220000,SPEAKER_00,2903.28,2905.12,1.84,success,なんかみんなで、わー、おおみたいな。,success,どういう何かみんなでワオワオみたいな。,False,18,19,1
,016_ibs_13555969_20260713220000_seg_00650,016_ibs_13555969_20260713220000,SPEAKER_02,2905.28,2907.84,2.56,success,結構、熱い男の方がうちのファンの方が多いので。,success,なんかみんなで、わーわーみたいな、そうですね、結構、熱い男の方が、うちのファンの方が多いので。,False,23,47,24
,016_ibs_13555969_20260713220000_seg_00651,016_ibs_13555969_20260713220000,SPEAKER_02,2909.2,2915.04,5.84,success,人の夢を応援する町おこしをするって方も女性の3割ぐらいいるんですよね。,success,ファンの方が多いので、夢を応援する、町おこしをするって方も、女性の3割ぐらいいるんですよね。,False,35,46,11
,016_ibs_13555969_20260713220000_seg_00652,016_ibs_13555969_20260713220000,SPEAKER_01,2918.4,2920.48,2.08,success,一緒に楽しめる曲がすごく多くって。,success,何か一緒に楽しめる曲がすごく多くって。,False,17,19,2
,016_ibs_13555969_20260713220000_seg_00653,016_ibs_13555969_20260713220000,SPEAKER_00,2920.72,2923.36,2.64,success,俺ね、その曲をね、まだ生で見たことない。,success,楽しめる曲がすごく多くって、そうなの、俺ね、その曲をね、まだ生で見たことないの。,False,20,40,20
,016_ibs_13555969_20260713220000_seg_00654,016_ibs_13555969_20260713220000,SPEAKER_00,2923.6,2926.08,2.48,success,みんなでおいおい!とかいうのが盛り上がるんでしょ?,success,そこをね、まだ生で見たことないから、みんなでおいおいとかいうのが盛り上がるんでしょ。,False,25,42,17
,016_ibs_13555969_20260713220000_seg_00655,016_ibs_13555969_20260713220000,SPEAKER_01,2927.84,2931.68,3.84,success,踊ったり、なんか、私、あれすごい好きで、人生、あっ。,success,あと踊ったりなんか私あれすごい好きで人生。,False,26,21,-5
,016_ibs_13555969_20260713220000_seg_00656,016_ibs_13555969_20260713220000,SPEAKER_02,2938.8,2939.52,0.72,success,囲碁みたいな感じが。,success,おお何この人代行かみたいなドリフみたいな感じが。,False,10,24,14
,016_ibs_13555969_20260713220000_seg_00657,016_ibs_13555969_20260713220000,SPEAKER_01,2941.68,2943.44,1.76,success,大波小波の大航海。,success,この間、家事をさ、家事を、大波、小波の大航海。,False,9,23,14
,016_ibs_13555969_20260713220000_seg_00658,016_ibs_13555969_20260713220000,SPEAKER_01,2943.68,2947.36,3.68,success,何かそれ何て言ってんだろうってずっと何かこう口ずさんじゃって。,success,大波小波の大航海なんかそれ何て言ってんだろうってずっと何かこう口ずさんじゃって。,False,31,40,9
,016_ibs_13555969_20260713220000_seg_00659,016_ibs_13555969_20260713220000,SPEAKER_01,2947.6,2953.2,5.6,success,あれがすごく頭に残ってでも何か歌詞を適当に歌ってたんだけど何で歌ってんのかなと思って聴き直して。,success,ずっとなんかこう、口ずさんじゃって、あれがすごく頭に残って、でもなんか、歌詞を適当に歌ってたんだけど、なんで歌ってんのかなと思って、聴き直して。,False,48,72,24
,016_ibs_13555969_20260713220000_seg_00660,016_ibs_13555969_20260713220000,SPEAKER_01,2953.6,2955.04,1.44,success,愛航海かみたいな。,success,手伝ってんのかなと思って聞き直してあっ大航海かみたいな。,False,9,28,19
,016_ibs_13555969_20260713220000_seg_00661,016_ibs_13555969_20260713220000,SPEAKER_01,2955.36,2958.08,2.72,success,なみこなみのなんうんみたいな感じ。,success,大航海かみたいな、お波、お涙、うーん、うんみたいな感じ。,False,17,28,11
,016_ibs_13555969_20260713220000_seg_00662,016_ibs_13555969_20260713220000,SPEAKER_02,2960.16,2961.52,1.36,success,結構ありますね。,success,そうっすね幅も結構ありますね。,False,8,15,7
,016_ibs_13555969_20260713220000_seg_00663,016_ibs_13555969_20260713220000,SPEAKER_01,2961.6,2964.16,2.56,success,みんながねぐるぐる回って踊るのそれ。,success,みんながねぐるぐる回って踊るのそれ。,True,18,18,0
,016_ibs_13555969_20260713220000_seg_00664,016_ibs_13555969_20260713220000,SPEAKER_02,2965.6,2966.48,0.88,success,電話結構痛いと。,success,一番結構言って入ってた。,False,8,12,4
,016_ibs_13555969_20260713220000_seg_00665,016_ibs_13555969_20260713220000,SPEAKER_01,2966.8,2967.44,0.64,success,そう。,success,それでそう。,False,3,6,3
,016_ibs_13555969_20260713220000_seg_00666,016_ibs_13555969_20260713220000,SPEAKER_00,2969.68,2971.84,2.16,success,いや、本当、おいっ子がすごい楽しみです。,success,いや本当おいっ子がすごい楽しいと思います。,False,20,21,1
,016_ibs_13555969_20260713220000_seg_00667,016_ibs_13555969_20260713220000,SPEAKER_00,2974.32,2975.04,0.72,success,びっくりした。,success,またお会いしたいっすね。,False,7,12,5
,016_ibs_13555969_20260713220000_seg_00668,016_ibs_13555969_20260713220000,SPEAKER_01,2976.48,2981.76,5.28,success,ライブにライブとかイベントにね行かせて頂きますんでちょっとメールいっぱい頂いてるからちょっと読みましょう。,success,だからまた近くのねライブにライブとかイベントにね行かせて頂きますんでちょっとメールいっぱい頂いてるからちょっと読みましょう。,False,53,62,9
,016_ibs_13555969_20260713220000_seg_00669,016_ibs_13555969_20260713220000,SPEAKER_01,2982.64,2985.68,3.04,success,どんどん脱線しちゃうんですけど、もうほら、時間がなかなかね、押せ押せに。,success,頂いてるからちょっと読みましょうって言いながらねどんどん脱線しちゃうんですけどもうほら時間がなかなかね押せ押せで。,False,36,57,21
,016_ibs_13555969_20260713220000_seg_00670,016_ibs_13555969_20260713220000,SPEAKER_01,2986.32,2992.16,5.84,success,ラジオネーム、ゆきさんからです、カップルさん、ゆうと君、いや、どうも、茨城の大スターであられる安達祐人様。,success,時間がなかなかね、押せ押せになっちゃって、ラジオネーム、ゆきさんからです、カップルさん、ゆうと君、やっとも、茨城の大スターであられる安達祐人様。,False,53,72,19
,016_ibs_13555969_20260713220000_seg_00671,016_ibs_13555969_20260713220000,SPEAKER_01,2992.56,2999.12,6.56,success,きのうはまくらがの里こが、13周年記念ライブ、お疲れさまでしたっていうか、毎日ライブやってますよね、本当に。,success,きのうはまくらがの里こが、13周年記念ライブ、お疲れさまでしたっていうか、毎日ライブやってますよね、本当に。,True,54,54,0
,016_ibs_13555969_20260713220000_seg_00672,016_ibs_13555969_20260713220000,SPEAKER_02,2999.12,3000.88,1.76,success,もう毎週土日はどこかでやってますね。,success,毎日ライブやってますよね、本当に。毎週土日はどこかでやってますね。,False,18,33,15
,016_ibs_13555969_20260713220000_seg_00673,016_ibs_13555969_20260713220000,SPEAKER_01,3002.0,3007.92,5.92,success,あると思って、コロナ禍から始まった軽トラライブをずっと支えてくれた場所への特別な思いが伝わるすてきなライブです。,success,よく体力があると思ってコロナ禍から始まった軽トラライブをずっと支えてくれた場所への特別な思いが伝わるすてきなライブでした。,False,56,61,5
,016_ibs_13555969_20260713220000_seg_00674,016_ibs_13555969_20260713220000,SPEAKER_01,3008.24,3017.68,9.44,success,でもとにかく暑かった気温や湿度が高いだけでなくユウトくんのmcも熱かった現場の熱気もすごくて暑い熱い方の熱いと熱気の熱い。,success,特別な思いが伝わるすてきなライブでしたでもとにかく暑かった気温や湿度が高いだけでなくユウトくんのmcも熱かった現場の熱気もすごくて熱い熱い方の熱いと熱気の熱い。,False,61,80,19
,016_ibs_13555969_20260713220000_seg_00675,016_ibs_13555969_20260713220000,SPEAKER_01,3018.0,3036.8,18.8,success,詰まった夏の幕開けでした、ゆうと君は夏のライブやロケではどんな熱中症対策をしてますか、そして防災士でもある赤プルさん、これは効果的という熱中症対策があったらぜひ教えてください、ちなみにわが家では、塩バナナ、実践中です、あっ、いいよね、塩バナナもね、塩にバナナを、バナナに塩かけて食べるっていうね。,success,この暑いと熱気の熱いが詰まった夏の幕開けでしたゆうとくんは夏のライブやロケではどんな熱中症対策をしてますかそして防災士でもある赤プルさんこれは効果的という熱中症対策があったらぜひ教えてくださいちなみにわが家では塩バナナ実践中ですあっいいよね塩バナナもね塩にバナナをあっバナナに塩かけて食べるっていうね。,False,148,151,3
,016_ibs_13555969_20260713220000_seg_00676,016_ibs_13555969_20260713220000,SPEAKER_01,3037.84,3038.4,0.56,success,うんゆだ。,success,何かありますか?,False,5,8,3
,016_ibs_13555969_20260713220000_seg_00677,016_ibs_13555969_20260713220000,SPEAKER_01,3040.4,3042.4,2.0,success,あの汗は尋常じゃないですね。,success,だって、あの汗は尋常じゃないですね。,False,14,18,4
,016_ibs_13555969_20260713220000_seg_00678,016_ibs_13555969_20260713220000,SPEAKER_03,3046.0,3047.36,1.36,success,汗かかずにライブ。,success,俺もう憧れなんですよ汗かかずにライブで。,False,9,20,11
,016_ibs_13555969_20260713220000_seg_00679,016_ibs_13555969_20260713220000,SPEAKER_03,3048.64,3057.04,8.4,success,なんでアイドル、汗かかないの、君沢さん、汗かく君さんもかきますけど、でもきれいなんですよ、汗が、俺、どるっどろですからね。,success,君ちゃんもかきますけどでもきれいなんですよ汗が俺どるっどろですからね。,False,61,35,-26
,016_ibs_13555969_20260713220000_seg_00680,016_ibs_13555969_20260713220000,SPEAKER_00,3058.32,3059.92,1.6,success,あれまいたらなんだっけ?,success,何かあれまいたらあの何だっけ?,False,12,15,3
,016_ibs_13555969_20260713220000_seg_00681,016_ibs_13555969_20260713220000,SPEAKER_01,3060.16,3060.72,0.56,success,知ってるよね?,success,なんかあれ、まいたら、なんだっけな?,False,7,18,11
,016_ibs_13555969_20260713220000_seg_00682,016_ibs_13555969_20260713220000,SPEAKER_03,3061.68,3062.8,1.12,success,いやあのもうオレンジの花。,success,たまにオレンジの花。,False,13,10,-3
,016_ibs_13555969_20260713220000_seg_00683,016_ibs_13555969_20260713220000,SPEAKER_03,3063.36,3064.64,1.28,success,バンダナみたいに巻いてます。,success,たまにもうオレンジの鉢巻きみたいなバンダナみたいなの巻いてます。,False,14,32,18
,016_ibs_13555969_20260713220000_seg_00684,016_ibs_13555969_20260713220000,SPEAKER_00,3064.64,3065.68,1.04,success,巻いててもだめ、やっぱ。,success,鉢巻きみたいな、バンダナみたいなの巻いてます、巻いててもだめ、やっぱ。,False,12,35,23
,016_ibs_13555969_20260713220000_seg_00685,016_ibs_13555969_20260713220000,SPEAKER_03,3065.76,3066.48,0.72,success,そしたらちょっと。,success,バンダナみたいなの巻いてます。,False,9,15,6
,016_ibs_13555969_20260713220000_seg_00686,016_ibs_13555969_20260713220000,SPEAKER_03,3067.28,3068.16,0.88,success,すいませんそれは。,success,そしたらちょっとずつ待ってそれとも。,False,9,18,9
,016_ibs_13555969_20260713220000_seg_00687,016_ibs_13555969_20260713220000,SPEAKER_00,3069.68,3072.32,2.64,success,メークとかすると、目に入ったり痛いとき。,success,それでメークとかすると目に入ったり痛いとか。,False,20,22,2
,016_ibs_13555969_20260713220000_seg_00688,016_ibs_13555969_20260713220000,SPEAKER_00,3073.76,3079.12,5.36,success,足立さんすごいもうこれ俺もこれ聴きたいなっていうのいいラジオネームケツメイトさんからです決定。,success,すごいもうこれ俺もこれ聴きたいなっていうのいいラジオネームケツメイドさんからです。,False,47,41,-6
,016_ibs_13555969_20260713220000_seg_00689,016_ibs_13555969_20260713220000,SPEAKER_00,3080.56,3083.76,3.2,success,好きなavのジャンルはなんですか?,success,好きなavのジャンルは何ですか?,False,17,16,-1
,016_ibs_13555969_20260713220000_seg_00690,016_ibs_13555969_20260713220000,SPEAKER_00,3085.52,3086.24,0.72,success,いや、本当。,success,いや本当。,False,6,5,-1
,016_ibs_13555969_20260713220000_seg_00691,016_ibs_13555969_20260713220000,SPEAKER_00,3087.44,3088.16,0.72,success,来てるの、本当、来て。,success,いや、本当、本当、本当に来てんの、本当、来てる。,False,11,24,13
,016_ibs_13555969_20260713220000_seg_00692,016_ibs_13555969_20260713220000,SPEAKER_01,3088.32,3089.36,1.04,success,聞いてもらえるんですか?,success,教えてもらえるんですか?,False,12,12,0
,016_ibs_13555969_20260713220000_seg_00693,016_ibs_13555969_20260713220000,SPEAKER_01,3089.92,3090.56,0.64,success,行ってもらえるんですか?,success,教えてもらえるんですか、教えてもらえるんですか。,False,12,24,12
,016_ibs_13555969_20260713220000_seg_00694,016_ibs_13555969_20260713220000,SPEAKER_03,3090.8,3092.4,1.6,success,最近見てないですね、僕。,success,いやでも最近見てないですね僕。,False,12,15,3
,016_ibs_13555969_20260713220000_seg_00695,016_ibs_13555969_20260713220000,SPEAKER_01,3095.28,3097.04,1.76,success,ロリコンか熟女系か。,success,でもちょっとロリコンか熟女系かも。,False,10,17,7
,016_ibs_13555969_20260713220000_seg_00696,016_ibs_13555969_20260713220000,SPEAKER_00,3097.28,3097.84,0.56,success,ジャージー。,success,ロリコンか熟女系かみたいな。,False,6,14,8
,016_ibs_13555969_20260713220000_seg_00697,016_ibs_13555969_20260713220000,SPEAKER_03,3098.16,3098.72,0.56,success,僕っすか?,success,僕っすか?,True,5,5,0
,016_ibs_13555969_20260713220000_seg_00698,016_ibs_13555969_20260713220000,SPEAKER_00,3099.2,3099.92,0.72,success,どっちかっていうと。,success,どっちかっていうと。,True,10,10,0
,016_ibs_13555969_20260713220000_seg_00699,016_ibs_13555969_20260713220000,SPEAKER_03,3100.16,3101.2,1.04,success,僕おっぱいです。,success,僕ですか、どっちかっていうと、僕、おっぱいです。,False,8,24,16
,016_ibs_13555969_20260713220000_seg_00700,016_ibs_13555969_20260713220000,SPEAKER_01,3103.36,3108.64,5.28,success,いい答えを頂いたところでねまだまだちょっと最後までおつきあいいただきたいと思うんですけどもその前にね一曲を。,success,いい答えを頂いたところでねまだまだちょっと最後までおつきあい頂きたいと思うんですけどもその前にね一曲を。,False,54,52,-2
,016_ibs_13555969_20260713220000_seg_00701,016_ibs_13555969_20260713220000,SPEAKER_01,3110.72,3112.88,2.16,success,ちょっと何か曲の名前みたいに言うのやめて下さい。,success,何か曲の名前みたいに言うのやめて下さい。,False,24,20,-4
,016_ibs_13555969_20260713220000_seg_00702,016_ibs_13555969_20260713220000,SPEAKER_02,3114.16,3114.88,0.72,success,えっ違う?,success,やめてください。,False,5,8,3
,016_ibs_13555969_20260713220000_seg_00703,016_ibs_13555969_20260713220000,SPEAKER_02,3115.36,3116.96,1.6,success,違いますよやめて下さい。,success,違いますよやめてくださいよ。,False,12,14,2
,016_ibs_13555969_20260713220000_seg_00704,016_ibs_13555969_20260713220000,SPEAKER_01,3117.28,3120.4,3.12,success,曲紹介をお願いしたいんですけども、これね、足立さんから。,success,じゃあでは曲紹介をお願いしたいんですけどもこれね安達さんから。,False,28,31,3
,016_ibs_13555969_20260713220000_seg_00705,016_ibs_13555969_20260713220000,SPEAKER_01,3120.8,3121.92,1.12,success,お願いしたいと思います。,success,ですけどもこれね安達さんからお願いしたいと思います。,False,12,26,14
,016_ibs_13555969_20260713220000_seg_00706,016_ibs_13555969_20260713220000,SPEAKER_01,3123.76,3125.36,1.6,success,ちょっと待ってよもう。,success,ちょっと待ってよもう。,True,11,11,0
,016_ibs_13555969_20260713220000_seg_00707,016_ibs_13555969_20260713220000,SPEAKER_02,3126.64,3130.32,3.68,success,じゃあ僕からぜひ聴いて下さいアラチュートで変身。,success,じゃあ僕からぜひ聴いて下さいアラチュートで変身。,True,24,24,0
,016_ibs_13555969_20260713220000_seg_00708,016_ibs_13555969_20260713220000,SPEAKER_01,3336.88,3337.579932,0.7,success,横島町に。,success,御小路町です。,False,5,7,2
,016_ibs_13555969_20260713220000_seg_00709,016_ibs_13555969_20260713220000,SPEAKER_01,3338.8,3345.52,6.72,success,今夜はラッキーナイトカップルマンデーエンディングのお時間ですということでまだ足立さんも残ってくださっています。,success,生放送でお送りしてきました、今夜はラッキーなダカップルマンデーエンディングのお時間ですということで、まだ足立さんも残ってくださってます。,False,55,68,13
,016_ibs_13555969_20260713220000_seg_00710,016_ibs_13555969_20260713220000,SPEAKER_01,3346.0,3353.9,7.9,success,ちょっと申し訳ないんですけど、来週のゲストを紹介させていただきます、来週もまたゲストの方が来ていただきます。,success,まだ足立さんも残ってくださってますけど、ちょっと申し訳ないんですけど、来週のゲストを紹介させていただきます、来週もまたゲストの方が来ていただきます。,False,54,74,20
,016_ibs_13555969_20260713220000_seg_00711,016_ibs_13555969_20260713220000,SPEAKER_01,3355.68,3359.66001,3.98,success,この間、ヒロシさんと椿さん、来てくれてましたけれども、今回。,success,この間ヒロシさんと椿さん来てくれてましたけれども今回。,False,30,27,-3
,016_ibs_13555969_20260713220000_seg_00712,016_ibs_13555969_20260713220000,SPEAKER_01,3360.88,3367.819922,6.94,success,阿部さんとドラムのreinaさんをお迎えします来週も1時間の短縮放送ですが皆さんからのね阿部さんとれいなさんの質問。,success,今回の阿部さんとドラムのreinaさんをお迎えします来週も1時間の短縮放送ですが皆さんからのね阿部さんとれいなさんの質問。,False,58,61,3
,016_ibs_13555969_20260713220000_seg_00713,016_ibs_13555969_20260713220000,SPEAKER_01,3369.52,3374.059912,4.54,success,メールが読まれた方の中から1名の方に番組ステッカーをプレゼントしますので住所指名をお願いいたします。,success,そしてメールが読まれた方の中から1名の方に番組ステッカーをプレゼントしますので住所氏名をお知らせください。,False,50,53,3
,016_ibs_13555969_20260713220000_seg_00714,016_ibs_13555969_20260713220000,SPEAKER_01,3376.72,3378.88,2.16,success,今回のステッカーの当せん者は。,success,今回のステッカーの当せん者は。,True,15,15,0
,016_ibs_13555969_20260713220000_seg_00715,016_ibs_13555969_20260713220000,SPEAKER_01,3379.12,3384.56,5.44,success,足立さんにとんでもない質問を投げてくださったケツメドさんにプレゼントします。,success,ステッカーの当せん者は足立さんにとんでもない質問を投げてくださったケツメドさんにプレゼントします。,False,38,49,11
,016_ibs_13555969_20260713220000_seg_00716,016_ibs_13555969_20260713220000,SPEAKER_02,3384.72,3385.92,1.2,success,おはようございます。,success,梅野さんにプレゼントします。,False,10,14,4
,016_ibs_13555969_20260713220000_seg_00717,016_ibs_13555969_20260713220000,SPEAKER_01,3386.72,3392.299902,5.58,success,あっ、おっぱいステッカーじゃないですよ。ということで、ちょっとね、先ほどのお話の中で、ちょっと聞き忘れちゃったこと言って。,success,おっぱいステッカーじゃないですよ。ということで、ちょっと先ほどのお話の中で聞き忘れちゃったこと言って。,False,61,51,-10
,016_ibs_13555969_20260713220000_seg_00718,016_ibs_13555969_20260713220000,SPEAKER_00,3394.88,3397.76,2.88,success,もう今週末、ファッションクルーズ。,success,タモさん、ざっくりもう、今週末、ファッションクルーズ。,False,17,27,10
,016_ibs_13555969_20260713220000_seg_00719,016_ibs_13555969_20260713220000,SPEAKER_02,3401.68,3403.819922,2.14,success,日曜20日正午。,success,2デイズ2月19日日曜20日初回。,False,8,17,9
,016_ibs_13555969_20260713220000_seg_00720,016_ibs_13555969_20260713220000,SPEAKER_02,3405.52,3409.099951,3.58,success,実はことし、夏祭り、3つ作ります。,success,あとは今年夏祭り3つ作ります。,False,17,15,-2
,016_ibs_13555969_20260713220000_seg_00721,016_ibs_13555969_20260713220000,SPEAKER_02,3410.32,3410.96,0.64,success,ボンドリー。,success,作ります。,False,6,5,-1
,016_ibs_13555969_20260713220000_seg_00722,016_ibs_13555969_20260713220000,SPEAKER_02,3411.2,3413.36,2.16,success,8月8日10日が笠間温量防衛。,success,つぼんどり、8月8日10日が草間納涼盆で。,False,15,21,6
,016_ibs_13555969_20260713220000_seg_00723,016_ibs_13555969_20260713220000,SPEAKER_00,3413.92,3415.04,1.12,success,呼んでよ、ちょっと。,success,10日、10日が草間の旅行でどっか呼んでよ、ちょっと。,False,10,27,17
,016_ibs_13555969_20260713220000_seg_00724,016_ibs_13555969_20260713220000,SPEAKER_02,3415.92,3420.13999,4.22,success,9月21が鹿島アントラーズさんと。,success,呼んでよ、ちょっとぜひぜひもう一個、もう一個ちゃんと言って9月21が鹿島アントラーズさんと。,False,17,46,29
,016_ibs_13555969_20260713220000_seg_00725,016_ibs_13555969_20260713220000,SPEAKER_02,3422.32,3423.28,0.96,success,ちょっと取材班。,success,ちょっと取材をね。,False,8,9,1
,016_ibs_13555969_20260713220000_seg_00726,016_ibs_13555969_20260713220000,SPEAKER_01,3424.32,3426.56,2.24,success,釣りをさ、主催するってどういうことなの?,success,祭りをさ、主催するってどういうことなの?って。,False,20,23,3
,016_ibs_13555969_20260713220000_seg_00727,016_ibs_13555969_20260713220000,SPEAKER_02,3428.56,3430.32,1.76,success,本当実現しましょう。,success,どこかでバンドできない?やりましょうとかホント実現しましょう。,False,10,31,21
,016_ibs_13555969_20260713220000_seg_00728,016_ibs_13555969_20260713220000,SPEAKER_01,3431.52,3432.16,0.64,success,行ってくれるとこだ。,success,実現しましょうね、絶対やってくれるところだから。,False,10,24,14
,016_ibs_13555969_20260713220000_seg_00729,016_ibs_13555969_20260713220000,SPEAKER_02,3432.24,3433.04,0.8,success,いえいえ。,success,絶対やってくれる男だから。,False,5,13,8
,016_ibs_13555969_20260713220000_seg_00730,016_ibs_13555969_20260713220000,SPEAKER_01,3434.8,3441.739844,6.94,success,私、9月27日に下妻のイオンさんかな、間違っちゃったらちょっとあれなんですけど。,success,あとね、私、9月27日に下妻のイオンさんかな、間違っちゃったらちょっとあれなんですけど。,False,40,44,4
,016_ibs_13555969_20260713220000_seg_00731,016_ibs_13555969_20260713220000,SPEAKER_01,3445.04,3447.979834,2.94,success,告知していいよって言われたので、そこに母がもう楽しみにしてますので。,success,告知していいよって言われたのでそこに母が楽しみにしてますので。,False,34,31,-3
,016_ibs_13555969_20260713220000_seg_00732,016_ibs_13555969_20260713220000,SPEAKER_01,3449.2,3452.48,3.28,success,皆さんも来てくださいということで、けん制でやるっていうのが、なんか熱くなっちゃって。,success,楽しみにしてますので、皆さんも来てくださいということで、けん制でやるっていうのが、なんか熱くて。,False,42,48,6
,016_ibs_13555969_20260713220000_seg_00733,016_ibs_13555969_20260713220000,SPEAKER_00,3453.44,3454.0,0.56,success,え。,success,やるっていうのがなんか熱くて、私は。,False,2,18,16
,016_ibs_13555969_20260713220000_seg_00734,016_ibs_13555969_20260713220000,SPEAKER_01,3457.36,3458.539893,1.18,success,けん制から一緒に。,success,けん制から一緒に。,True,9,9,0
,016_ibs_13555969_20260713220000_seg_00735,016_ibs_13555969_20260713220000,SPEAKER_01,3460.0,3461.36,1.36,success,これからも仲良くしてください。,success,これからも仲良くしてください。,True,15,15,0
,016_ibs_13555969_20260713220000_seg_00736,016_ibs_13555969_20260713220000,SPEAKER_00,3464.56,3465.739844,1.18,success,強い男だとは思わなかった?,success,こんなね熱い男だとは思わなかった。,False,13,17,4
,016_ibs_13555969_20260713220000_seg_00737,016_ibs_13555969_20260713220000,SPEAKER_01,3469.12,3470.96,1.84,success,そうだそうだ釣りも好きなのよ。,success,そうだそうだそうだ君も好きなの。,False,15,16,1
,016_ibs_13555969_20260713220000_seg_00738,016_ibs_13555969_20260713220000,SPEAKER_00,3471.12,3472.939795,1.82,success,俺あの社長がいつも。,success,俺あの社長がいつも。,True,10,10,0
,016_ibs_13555969_20260713220000_seg_00739,016_ibs_13555969_20260713220000,SPEAKER_02,3477.04,3478.24,1.2,success,ごめんなさいちょっと行ってきますよ。,success,ちょっと行ってきますよ。,False,18,12,-6
,016_ibs_13555969_20260713220000_seg_00740,016_ibs_13555969_20260713220000,SPEAKER_02,3479.04,3480.4,1.36,success,魚釣ってきますんで。,success,魚釣ってきますんで。,True,10,10,0
,016_ibs_13555969_20260713220000_seg_00741,016_ibs_13555969_20260713220000,SPEAKER_01,3481.84,3483.04,1.2,success,あそうですね魚は。,success,釣ってきてください。,False,9,10,1
,016_ibs_13555969_20260713220000_seg_00742,016_ibs_13555969_20260713220000,SPEAKER_01,3486.08,3491.179907,5.1,success,ちょっとね、奈々ちゃんが間に合わなかったということでね、もうやってしまいますけど。,success,ちょっとね、奈々ちゃんが間に合わなかったということでしまいますけど。,False,41,34,-7
,016_ibs_13555969_20260713220000_seg_00743,016_ibs_13555969_20260713220000,SPEAKER_03,3496.24,3496.939795,0.7,success,はい大丈夫。,success,はい大丈夫です。,False,6,8,2
,016_ibs_13555969_20260713220000_seg_00744,016_ibs_13555969_20260713220000,SPEAKER_01,3500.08,3500.779883,0.7,success,で今夜はラッキーな。,success,さて今夜はラッキーアイテム。,False,10,14,4
,016_ibs_13555969_20260713220000_seg_00745,016_ibs_13555969_20260713220000,SPEAKER_01,3504.33999,3508.16,3.82,success,お相手は赤プルと。,success,ありがとうございましたはいお相手は赤プルと。,False,9,22,13
,016_ibs_13555969_20260713220000_seg_00746,016_ibs_13555969_20260713220000,SPEAKER_00,3508.24,3509.84,1.6,success,旦那松岡とそして!,success,お相手は赤プルと旦那松岡とそして!,False,9,17,8
,016_ibs_13555969_20260713220000_seg_00747,016_ibs_13555969_20260713220000,SPEAKER_02,3510.0,3511.2,1.2,success,安達雄斗でした。,success,旦那松岡とそして安達祐人でした。,False,8,16,8
,016_ibs_13555969_20260713220000_seg_00748,016_ibs_13555969_20260713220000,SPEAKER_01,3513.04,3513.739844,0.7,success,さようなら。,success,おやすみなさいはいさようなら。,False,6,15,9
,016_ibs_13555969_20260713220000_seg_00749,016_ibs_13555969_20260713220000,SPEAKER_02,3514.96,3516.13999,1.18,success,楽しかったです。,success,さようなら楽しかったです!,False,8,13,5
