segment_index,segment_id,target_id,speaker,start_sec,end_sec,duration_sec,parakeet_exact_status,parakeet_exact_text,parakeet_context2_status,parakeet_context2_text,texts_match,exact_chars,context2_chars,char_diff
,026_rcc_13581541_20260711220000_seg_00000,026_rcc_13581541_20260711220000,SPEAKER_00,7.76,18.38,10.62,success,何をかくなにをおもうふではしるわれらがスター横山裕二おもいつくままきのむくままに。,success,何をかくなにを思う筆走る我らがスター横山裕二思いつくまま気の向くままにします。,False,41,39,-2
,026_rcc_13581541_20260711220000_seg_00001,026_rcc_13581541_20260711220000,SPEAKER_00,19.539999,25.099999,5.56,success,ではやっぱり違うかつむいで磨いて研いでそいでできない。,success,ママに私はやっぱり違うか紡いで磨いて研いでそいでできない。,False,27,29,2
,026_rcc_13581541_20260711220000_seg_00002,026_rcc_13581541_20260711220000,SPEAKER_00,26.32,36.619999,10.3,success,最後は思いの結晶さあ頭の中身を見せてる人たちの心のトーク今始まります!,success,おいでるのは思いの結晶さあ頭の中身を見せてる人たちの心のトーク今始まります。,False,35,38,3
,026_rcc_13581541_20260711220000_seg_00003,026_rcc_13581541_20260711220000,SPEAKER_01,52.24,52.939999,0.7,success,スチール西。,success,スチールにして。,False,6,8,2
,026_rcc_13581541_20260711220000_seg_00004,026_rcc_13581541_20260711220000,SPEAKER_01,58.96,60.619999,1.66,success,パネットタカタ創業者。,success,ガーネットタカタ創業者。,False,11,12,1
,026_rcc_13581541_20260711220000_seg_00005,026_rcc_13581541_20260711220000,SPEAKER_01,61.84,62.539997,0.7,success,アキラは。,success,創業者。,False,5,4,-1
,026_rcc_13581541_20260711220000_seg_00006,026_rcc_13581541_20260711220000,SPEAKER_01,65.68,66.380003,0.7,success,一生懸命。,success,一生懸命。,True,5,5,0
,026_rcc_13581541_20260711220000_seg_00007,026_rcc_13581541_20260711220000,SPEAKER_01,67.76,69.6,1.84,success,ことが失敗。,success,懸命だったことが失敗。,False,6,11,5
,026_rcc_13581541_20260711220000_seg_00008,026_rcc_13581541_20260711220000,SPEAKER_01,70.24,71.660002,1.42,success,やってダメだったこと。,success,やってダメだったこと。,True,11,11,0
,026_rcc_13581541_20260711220000_seg_00009,026_rcc_13581541_20260711220000,SPEAKER_01,77.62,80.300002,2.68,success,リスナーの皆さんの会社もそうでしょう。,success,リスナーの皆さんの会社もそうでしょう。,True,19,19,0
,026_rcc_13581541_20260711220000_seg_00010,026_rcc_13581541_20260711220000,SPEAKER_01,81.52,82.700003,1.18,success,なんのチャレンジもしない。,success,もそうでしょう何のチャレンジもしない。,False,13,19,6
,026_rcc_13581541_20260711220000_seg_00011,026_rcc_13581541_20260711220000,SPEAKER_01,84.340002,85.100001,0.76,success,しなかった。,success,しなかった。,True,6,6,0
,026_rcc_13581541_20260711220000_seg_00012,026_rcc_13581541_20260711220000,SPEAKER_01,86.32,87.020003,0.7,success,立っている人間。,success,しなかったに立っている日本。,False,8,14,6
,026_rcc_13581541_20260711220000_seg_00013,026_rcc_13581541_20260711220000,SPEAKER_01,88.72,90.38,1.66,success,でしょうがありません私。,success,エールにしてしょうがありません。,False,12,16,4
,026_rcc_13581541_20260711220000_seg_00014,026_rcc_13581541_20260711220000,SPEAKER_01,93.52,101.42,7.9,success,この番組は59歳になっています私天才横山裕次が広島の大人元気をお伝えします。,success,でございますこの番組は59歳になっています私天才横山裕次が広島の大人へ元気を出します。,False,38,43,5
,026_rcc_13581541_20260711220000_seg_00015,026_rcc_13581541_20260711220000,SPEAKER_01,103.6,111.84,8.24,success,会えるということですけども今週ね私は今日は多分三好。,success,iveということですけども今週ね私は今日は多分三好。,False,26,26,0
,026_rcc_13581541_20260711220000_seg_00016,026_rcc_13581541_20260711220000,SPEAKER_01,112.56,114.72,2.16,success,に行って、う回。,success,三次に行って、う回。,False,8,10,2
,026_rcc_13581541_20260711220000_seg_00017,026_rcc_13581541_20260711220000,SPEAKER_01,115.52,126.24,10.72,success,の船に乗って、歴史を堪能しているんじゃないかなっていう気がするんですよ。で、あした、乃木坂のコンサート行くっていう、もう。,success,鵜飼いの船に乗って、歴史を堪能しているんじゃないかなっていう気がするんですよ。で、あした、乃木坂のコンサート行くっていう、もう。,False,61,64,3
,026_rcc_13581541_20260711220000_seg_00018,026_rcc_13581541_20260711220000,SPEAKER_01,126.96,147.04,20.08,success,新旧取り交ぜみたいな、清濁合わせのみみたいな感じがすごくするのよ、そうすると、人間のさ、楽しむことって、今の最新のことばっかりじゃなくて、もう昔っからある、これ、なんなん?みたいなのも経験していくと、振り幅が広がっていくし、うれしいとか。,success,もう新旧取り交ぜみたいな清濁併せのみみたいな感じがすごくするのよそうすると人間のさ楽しむことって今の最新のことばっかりじゃなくてもう昔っからあるこれ何なん?みたいなのも経験していくと振り幅が広がっていくしうれしいとか。,False,119,109,-10
,026_rcc_13581541_20260711220000_seg_00019,026_rcc_13581541_20260711220000,SPEAKER_01,147.52,148.4,0.88,success,悲しいとか。,success,行くし、うれしいとか、悲しいとか。,False,6,17,11
,026_rcc_13581541_20260711220000_seg_00020,026_rcc_13581541_20260711220000,SPEAKER_01,149.2,163.84,14.64,success,腹が立つとかみたいなこともぐわーっとこう振り幅が広がると感情が豊かになるよなとかって思うのでいい週末をきっと過ごせるんだろうなとかってそんな気がするんですけどその振り幅がでかいって言うとさ。,success,悲しいとか腹が立つとかみたいなこともぐわーっとこう振り幅が広がると感情が豊かになるよなとかって思うのでいい週末をきっと過ごせるんだろうなとかってそんな気がするんですけどその振り幅がでかいっていうとさ。,False,95,100,5
,026_rcc_13581541_20260711220000_seg_00021,026_rcc_13581541_20260711220000,SPEAKER_01,164.4,165.36,0.96,success,今週私は。,success,振り幅がでかいって言ってた、今週、私は。,False,5,20,15
,026_rcc_13581541_20260711220000_seg_00022,026_rcc_13581541_20260711220000,SPEAKER_01,166.48,177.28,10.8,success,人間っていうnext今話題のドラマ全8話ですけど1日で見たんですよ。,success,今週、私はガス人間っていうnetflix、今話題のドラマ全8話ですけど1日で見たんですよ。,False,34,45,11
,026_rcc_13581541_20260711220000_seg_00023,026_rcc_13581541_20260711220000,SPEAKER_01,178.96,189.2,10.24,success,もうね、椅子に座ってるのがちょっとしんどくって、俺のお尻がちょっとガス人間みたいな状態になりつつある中さ。,success,ハハハハもうね椅子に座ってるのがちょっとしんどくって俺のお尻がちょっとガス人間みたいな状態になりつつある中さ。,False,53,55,2
,026_rcc_13581541_20260711220000_seg_00024,026_rcc_13581541_20260711220000,SPEAKER_01,189.44,215.36,25.92,success,なんか、テレビなんかでもさ、考えたらさ、地上波でよ、例えばrccでさ、ネットフリックスのcmとかやってるじゃん、それ、敵だからねって思うじゃん、アマゾンプライムとかさ、ああいうの、平気でcmしてるけど、いやいやいや、だったら、rccでtssとか、ホームテレビとか、ひろテレとかのcmを打ってもいいんですよねみたいな気がするけど、ワウワウとかさ。,success,なりつつある中さなんか、テレビなんかでもさ、考えたらさ、地上波でよ、例えばrccでさ、ネットフリックスのcmとかやってるじゃん、それ、敵だからねって思うじゃん、アマゾンプライムとかさ、ああいうの、平気でcmしてるけど、いやいやいや、だったら、rccでtssとか、ホームテレビとか、ひろテレとかのcmを打ってもいいんですよねみたいな気がするけど、ワウワウとかさ。,False,172,180,8
,026_rcc_13581541_20260711220000_seg_00025,026_rcc_13581541_20260711220000,SPEAKER_01,216.64,217.92,1.28,success,ドドン!,success,アフとかさ何かドドーン。,False,4,12,8
,026_rcc_13581541_20260711220000_seg_00026,026_rcc_13581541_20260711220000,SPEAKER_01,218.4,252.8,34.4,success,netflixとかさあああいうのは全然どうぞどうぞみたいな気がするけど俺この間さたまたまさそのガス人間を1日で全話見たのさで見てる最中に途中でビール飲んだりとかスナック菓子食ったりとかビール飲みすぎてもあれだからなとか言って何かお茶をさ飲むのにマグカップに氷ガーッて入れてそこにヘルシー緑茶ガッガガッて入れたりとかして飲みながら見てたのであっお茶なくなったと思ってリビングに取りに行ったのさそしたらガス人間って主役がね小栗旬さんと蒼井優さんなの。,success,ドドゥーンnetflixとかさああいうのは全然どうぞどうぞみたいな気がするけど俺この間さたまたまさそのガス人間を1日で全話見たのさで見てる最中に途中でビール飲んだりとかスナック菓子食ったりとかビール飲みすぎてもあれだからなとか言って何かお茶をさ飲むのにマグカップに氷ガーッて入れてそこにヘルシー緑茶ガッガガッて入れたりとかして飲みながら見てたのであっお茶なくなったと思ってリビングに取りに行ったのさそしたらガス人間って主役がね小栗旬さんと蒼井優さんなの。,False,223,227,4
,026_rcc_13581541_20260711220000_seg_00027,026_rcc_13581541_20260711220000,SPEAKER_01,253.28,258.4,5.12,success,ほんで、今まさに俺の部屋でガス人間を見てますと、ネットフリックスで。,success,蒼井優さんなので、で、今まさに俺の部屋でガス人間を見てますと、ネットフリックスで。,False,34,41,7
,026_rcc_13581541_20260711220000_seg_00028,026_rcc_13581541_20260711220000,SPEAKER_01,258.72,267.04,8.32,success,マグカップを持って氷を入れにリビング行ったらさちょうどちょうど豊臣兄弟。,success,見てますと、ネットフリックスで、で、マグカップを持って、氷を入れに、リビング行ったらさ、ちょうど、ちょうど豊臣兄弟。,False,36,58,22
,026_rcc_13581541_20260711220000_seg_00029,026_rcc_13581541_20260711220000,SPEAKER_01,267.68,270.32,2.64,success,テレビでやってて、小栗旬が出てたの。,success,豊臣兄弟をテレビでやってて小栗旬が出てたの。,False,18,22,4
,026_rcc_13581541_20260711220000_seg_00030,026_rcc_13581541_20260711220000,SPEAKER_01,271.04,279.6,8.56,success,netflixとかアマゾンプライムとかu−nextとかに自分の作品が転がってるってことはいつでも裏かぶりってことなんだよね。,success,小栗旬が出てたのnetflixとかアマゾンプライムとかu−nextとかに自分の作品が転がってるってことはいつでも裏かぶりってことなんだよね。,False,62,70,8
,026_rcc_13581541_20260711220000_seg_00031,026_rcc_13581541_20260711220000,SPEAKER_01,280.24,283.6,3.36,success,すごいびっくりしてあれ小栗旬今あれ?,success,すごいびっくりしてあれ小栗旬今あれ?,True,18,18,0
,026_rcc_13581541_20260711220000_seg_00032,026_rcc_13581541_20260711220000,SPEAKER_01,283.92,302.64,18.72,success,これまずくてああそうかネットフリックスだからいいのかいいのかこっちがその時間に見てるからたまたまかぶっただけでこれはよそはかぶってないのかとかって思ったりしてもあっそうかそうかと思ったけどさこのガス人間もさ今まさに話題だよっていうcmをやってたわけさ。,success,小栗旬、今、あれっ、これ、まず、あっ、そうか、ネットフリックスだからいいのか、いいのか、こっちがその時間に見てるから、たまたまかぶっただけで、これはよそはかぶってないのかとかって思ったりしても、あっ、そうか、そうかと思ったけどさ、このガス人間もさ、今、まさに話題だよっていうcmをやってたわけさ。,False,126,148,22
,026_rcc_13581541_20260711220000_seg_00033,026_rcc_13581541_20260711220000,SPEAKER_01,303.04,304.96,1.92,success,でガス人間。,success,cmやってたわけさでガス人間。,False,6,15,9
,026_rcc_13581541_20260711220000_seg_00034,026_rcc_13581541_20260711220000,SPEAKER_01,306.08,324.0,17.92,success,ってちょっと思ったのよ、これさ、1960年、今から64年前に、ちょうど円谷プロが作ってんのよ、東宝がね、ガス人間第1号っていうのなんだけど、これがまあ、一応、名作といわれてるのよ。,success,ガス人間今?ってちょっと思ったのよでこれさ1960年今から64年前にちょうど円谷プロが作ってんのよ東宝がねでガス人間第1号っていうのなんだけどこれがまあ一応名作といわれてるのよ。,False,90,89,-1
,026_rcc_13581541_20260711220000_seg_00035,026_rcc_13581541_20260711220000,SPEAKER_01,324.64,349.68,25.04,success,で、その名作だけど、今はなかなか警察の話、警察がガス人間を追っかけてます、なぜならば銀行強盗が頻発してます、どうやっても入れないところに、人間が入ってお金を盗んでます、最近、羽振りのいい踊りの先生がいます、これ、たぶんつながってるよって、その踊りの先生が、これ、八千草薫さんなんで、むっちゃ。,success,名作といわれてるのよ、で、その名作だけど、今はなかなか警察の話、警察がガス人間を追っかけてます、なぜならば銀行強盗が頻発してます、どうやっても入れないところに、人間が入ってお金盗んでます、最近、羽振りのいい踊りの先生がいます、これ、たぶんつながってるよって、その踊りの先生が、これ、八千草薫さんなんで、むっちゃ。,False,146,156,10
,026_rcc_13581541_20260711220000_seg_00036,026_rcc_13581541_20260711220000,SPEAKER_01,350.08,351.2,1.12,success,めっちゃきれいなの!,success,薫さんなんてむっちゃきれいなの。,False,10,16,6
,026_rcc_13581541_20260711220000_seg_00037,026_rcc_13581541_20260711220000,SPEAKER_01,351.6,353.84,2.24,success,むっちゃくちゃきれいなのもう。,success,むっちゃきれいなの、むっちゃくちゃきれいなの、もう。,False,15,26,11
,026_rcc_13581541_20260711220000_seg_00038,026_rcc_13581541_20260711220000,SPEAKER_01,354.56,394.8,40.24,success,もうねお人形さんの頂点みたいな感じの八千草薫さんが踊りの先生みたいなのをやっててその女に入れ込んだ男がガス人間で銀行強盗をしてそのお金をつぎ込んでますとなぜじゃあつぎ込むのかみたいなのが人間ドラマとして描かれていくからガス人間のそのいわゆる奇怪さぶりというかさキーぶりみたいなのが際立たずに人間ドラマとして描かれてたから64年前の作品だけどまあ名作として残ってるけど今見るとわあよくこんな作品があの時代に作られたよねって思うし。,success,めちゃくちゃきれいなのももうねお人形さんの頂点みたいな感じの八千草薫さんが踊りの先生みたいなのをやっててその女に入れ込んだ男がガス人間で銀行強盗をしてそのお金をつぎ込んでますとなぜじゃあつぎ込むのかみたいなのが人間ドラマとして描かれていくからガス人間のそのいわゆる奇怪さぶりというかさキーぶりみたいなのが際立たずに人間ドラマとして描かれてたから64年前の作品だけどまあ名作として残ってるけど今見るとわあよくこんな作品があの時代に作られたよねって思うし。,False,214,226,12
,026_rcc_13581541_20260711220000_seg_00039,026_rcc_13581541_20260711220000,SPEAKER_01,395.6,403.92,8.32,success,むちゃくちゃ映像がきれいだったり輪郭がはっきりしてる作品だったりするから素敵な作品だなと思うけどあれを。,success,って思うしむちゃくちゃ映像がきれいだったり輪郭がはっきりしてる作品だったりするから素敵な作品だなと思うけどあれを。,False,52,57,5
,026_rcc_13581541_20260711220000_seg_00040,026_rcc_13581541_20260711220000,SPEAKER_01,404.64,407.76,3.12,success,今どうするのよって思ってたのよ。,success,あれを今どうするのよって思ってたのよ。,False,16,19,3
,026_rcc_13581541_20260711220000_seg_00041,026_rcc_13581541_20260711220000,SPEAKER_01,408.24,431.68,23.44,success,でガス人間?とかって思いながら何かあるじゃん自分が好きな漫画が原作になって実写化された時にいやちょっと待ってそれいじるのやめてみたいな例えば俺だったら俺の一番好きな映画戦国自衛隊って映画だからさ戦国自衛隊がもう大好きなのに戦国自衛隊の2が作られた時のあの迷惑さ。,success,って思ってたのよでガス人間?とかって思いながら何かあるじゃん自分が好きな漫画が原作になって実写化された時にいやちょっと待ってそれいじるのやめてみたいな例えば俺だったら俺の一番好きな映画戦国自衛隊って映画だからさ戦国自衛隊がもう大好きなのに戦国自衛隊の2がつくられた時のあの迷惑さ。,False,131,140,9
,026_rcc_13581541_20260711220000_seg_00042,026_rcc_13581541_20260711220000,SPEAKER_01,432.72,467.84,35.12,success,戦国自衛隊調べようと思ったらさ、2が出てくるんだけどさ、情報を、これもう、1ミリもいらねえんだけど、この情報をさみたいな、あれに近い感じがして、ガス人間っつうと、また最近、netflixでって言われるんでしょ、あれ、違うのよ、本田伊志郎さんっていうのと、円谷英二さんっていって、もうゴジラ作った2人が、もう今まさに名作として、過去のいわゆるすばらしい作品として語り継がれるもので、ちょっと邪魔せんといてやとかって思ってたら、監督が片山信蔵さんっていう人なのよ、この人、今、すごい注目の人でさ。,success,迷惑さ、もう戦国自衛隊調べようと思ったらさ、2が出てくるんだけどさ、情報を、これもう、1ミリもいらねえんだけど、この情報をさみたいな、あれに近い感じがして、ガス人間っつうと、また最近、netflixでって言われるんでしょ、あれ、違うのよ、本田伊志郎さんっていうのと、円谷英二さんっていって、もうゴジラ作った2人が、もう今まさに名作として、過去のいわゆるすばらしい作品として語り継がれるもので、ちょっと邪魔せんといてやとかって思ってたら、監督が片山信蔵さんっていう人なのよ、この人、今、すごい注目の人でさ。,False,246,252,6
,026_rcc_13581541_20260711220000_seg_00043,026_rcc_13581541_20260711220000,SPEAKER_01,468.4,474.64,6.24,success,日本人で唯一あのポンジュノの助監督をしたっていうところから出てるのよ。,success,すごい注目の人でさ日本人で唯一あのポンジュノの助監督をしたっていうところから出てるのよ。,False,35,44,9
,026_rcc_13581541_20260711220000_seg_00044,026_rcc_13581541_20260711220000,SPEAKER_01,475.04,477.04,2.0,success,で、最近でいうと。,success,ところから出てんのよ、で、最近でいうと。,False,9,20,11
,026_rcc_13581541_20260711220000_seg_00045,026_rcc_13581541_20260711220000,SPEAKER_01,477.36,478.4,1.04,success,ガンニバル。,success,最近でいうとガンニバル。,False,6,12,6
,026_rcc_13581541_20260711220000_seg_00046,026_rcc_13581541_20260711220000,SPEAKER_01,479.36,492.0,12.64,success,いうこの村はおかしいよみたいな作品のやっぱそれもいわゆるテレビの連ドラみたいな感じペーチャンネルのね。でもうむちゃくちゃおもしろくてさ。,success,ガンニバルっていう、この村はおかしいよみたいな作品の、やっぱそれも、いわゆるテレビの連ドラみたいな感じ、ペーチャンネルのね、で、もうむちゃくちゃおもしろくてさ。,False,68,80,12
,026_rcc_13581541_20260711220000_seg_00047,026_rcc_13581541_20260711220000,SPEAKER_01,492.64,498.4,5.76,success,これ、片山慎三、今、来てんなと思ってたら、そのガス人間の監督が、片山信三だったのよ。,success,むちゃくちゃおもしろくてさ、これ、片山信蔵、今、来てんなと思ってたら、そのガス人間の監督が片山信三だったのよ。,False,42,55,13
,026_rcc_13581541_20260711220000_seg_00048,026_rcc_13581541_20260711220000,SPEAKER_01,499.92,502.4,2.48,success,これちょっと1話だけ。,success,これちょっと1話だけ。,True,11,11,0
,026_rcc_13581541_20260711220000_seg_00049,026_rcc_13581541_20260711220000,SPEAKER_01,502.88,511.36,8.48,success,1話だけ見ちゃおうかしらって思って、ばかにしてたんだよ、今どき、ガス人間ってさって思っててさ、で、見始めたらさ。,success,1話だけ、1話だけ見ちゃおうかしらって思って、ばかにしてたんだよ、今どき、ガス人間ってさって思っててさ、で、見始めたらさ。,False,56,61,5
,026_rcc_13581541_20260711220000_seg_00050,026_rcc_13581541_20260711220000,SPEAKER_01,512.08,515.04,2.96,success,やっぱり面白いのか!っていうハハハ。,success,見始めたらさやっぱり面白いのか!って。,False,18,19,1
,026_rcc_13581541_20260711220000_seg_00051,026_rcc_13581541_20260711220000,SPEAKER_01,516.8,538.56,21.76,success,本当にありがとうございます2作目も心して見させていただきますってそして3作4作ってこうトントンいって俺これ8話いっちゃうなってまたこれがうまくできててさ全部見たあとにオススメの番組で1960年のガス人間第1号がくっついてくるのよ。,success,ハハハハホントにありがとうございます2作目も心して見させていただきますってそして3作4作ってこうトントンいって俺これ8話いっちゃうなってまたこれがうまくできててさ全部見たあとにオススメの番組で1960年のガス人間第1号がくっついてくんのよ。,False,115,120,5
,026_rcc_13581541_20260711220000_seg_00052,026_rcc_13581541_20260711220000,SPEAKER_01,539.04,542.4,3.36,success,そしたら8時間ぐらいガス人間見たあと。,success,そしたら8時間ぐらいガス人間見たあと。,True,19,19,0
,026_rcc_13581541_20260711220000_seg_00053,026_rcc_13581541_20260711220000,SPEAKER_01,542.96,613.36,70.4,success,俺は64年前の作品も見ちゃうのかってもう今日は一日ガス人間みたいになるのだけどその両方を見比べることでさ両方のよさが見えてきたりとかあと日本映画界が抱えてきているそのどんどんどんどんなんとなく停滞しているんじゃないかというもう女子高生が男子高生が好きでなかなか好きって言ってくれませんとかさあと難病でもう余命いくばくもない人のみたいなちょっとお悩みだちょうだいものみたいなのばっかりやってる日本映画界の中でガス人間っていうこう潔さも含めていやちょっとこういう破天荒なもの今時代に欲しいんだよねと思ったりとかすると今日はね作家の方がゲストなんですこの人がねまあ破天荒ハハハハなので心して楽しみながら聴いていただこうと思う週末の夜の魅惑のステージングザ横山裕二ショー今日もごゆるりとお楽しみください。,success,ガス人間見たあと俺は64年前の作品も見ちゃうのかってもう今日は一日ガス人間みたいになるのだけどその両方を見比べることでさ両方のよさが見えてきたりとかあと日本映画界が抱えてきているそのどんどんどんどんなんとなく停滞しているんじゃないかというもう女子高生が男子高生が好きでなかなか好きって言ってくれませんとかさあと難病でもう余命いくばくもない人のみたいなちょっとお涙ちょうだいものみたいなのばっかりやってる日本映画界の中でガス人間っていうこう潔さも含めていやちょっとこういう破天荒なもの今時代に欲しいんだよねと思ったりとかすると今日はね作家の方がゲストなんですこの人がねまあ破天荒ハハハハなので心して楽しみながら聴いていただこうと思う週末の夜の魅惑のステージングザ横山裕二ショー今日もごゆるりとお楽しみください。,False,348,354,6
,026_rcc_13581541_20260711220000_seg_00054,026_rcc_13581541_20260711220000,SPEAKER_03,751.059961,762.8,11.74,success,連休の祝日が待ち遠しい今日この頃街行く人はどんな姿を私たちに見せてくれるんでしょうか街角実況中継今日はとある映画館からお伝えします解説は街角ウォッチャー山田さんです。,success,地球の祝日が待ち遠しい今日この頃街行く人はどんな姿を私たちに見せてくれるんでしょうか街角実況中継今日はとある映画館からお伝えします解説は街角ウォッチャー山田さんです。,False,83,83,0
,026_rcc_13581541_20260711220000_seg_00055,026_rcc_13581541_20260711220000,SPEAKER_02,762.8,763.76,0.96,success,よろしくお願いします。,success,じゃあ山田さんです。,False,11,10,-1
,026_rcc_13581541_20260711220000_seg_00056,026_rcc_13581541_20260711220000,SPEAKER_03,763.76,766.72,2.96,success,映画マイケルまだまだ大人気ですね。,success,映画マイケルまだまだ大人気ですね。,True,17,17,0
,026_rcc_13581541_20260711220000_seg_00057,026_rcc_13581541_20260711220000,SPEAKER_02,766.8,768.96,2.16,success,私見ましたよ。,success,まだまだ大人気ですね私見ましたよ。,False,7,17,10
,026_rcc_13581541_20260711220000_seg_00058,026_rcc_13581541_20260711220000,SPEAKER_03,769.52,770.88,1.36,success,いいですね。,success,いいですね。,True,6,6,0
,026_rcc_13581541_20260711220000_seg_00059,026_rcc_13581541_20260711220000,SPEAKER_02,770.96,775.04,4.08,success,影響を受けてサングラス買っちゃいましたよ、ほら。,success,影響受けてサングラス買っちゃいましたよほら!,False,24,22,-2
,026_rcc_13581541_20260711220000_seg_00060,026_rcc_13581541_20260711220000,SPEAKER_03,775.44,777.28,1.84,success,渡哲也の影響ですか?,success,えっ渡哲也の影響ですか?,False,10,12,2
,026_rcc_13581541_20260711220000_seg_00061,026_rcc_13581541_20260711220000,SPEAKER_02,777.28,779.76,2.48,success,どう見てもマイケルジャクソンでしょ。,success,どう見てもマイケルジャクソンでしょ。,True,18,18,0
,026_rcc_13581541_20260711220000_seg_00062,026_rcc_13581541_20260711220000,SPEAKER_03,779.76,783.36,3.6,success,あと山田さん、サマーニット、珍しいですね。,success,でもマイケルジャクソンでしょあと山田さんサマーニット珍しいですね。,False,21,33,12
,026_rcc_13581541_20260711220000_seg_00063,026_rcc_13581541_20260711220000,SPEAKER_02,783.36,784.8,1.44,success,ベイスイズミット!,success,ニット珍しいですね。,False,9,10,1
,026_rcc_13581541_20260711220000_seg_00064,026_rcc_13581541_20260711220000,SPEAKER_03,784.8,786.96,2.16,success,ディスイズイット!みたいに言わないでください。,success,ディスイズイットみたいに言わないでください。,False,23,22,-1
,026_rcc_13581541_20260711220000_seg_00065,026_rcc_13581541_20260711220000,SPEAKER_02,786.96,792.32,5.36,success,マイケルジャクソンが生まれる前からマイケルジャクソンが好きなんですよ。,success,ついずイット!みたいに言わないでくださ私マイケルジャクソンが生まれる前からマイケルジャクソンが好きなんですよ。,False,35,55,20
,026_rcc_13581541_20260711220000_seg_00066,026_rcc_13581541_20260711220000,SPEAKER_03,792.4,793.92,1.52,success,自分が何言ってるか分かってます?,success,ジャクソンが好きなんですよ。,False,16,14,-2
,026_rcc_13581541_20260711220000_seg_00067,026_rcc_13581541_20260711220000,SPEAKER_02,794.0,797.44,3.44,success,マイケルはキングオブポップコーンですよ。,success,自分が何言ってるか分かってまマイケルはキングオブポップコーンですよ。,False,20,34,14
,026_rcc_13581541_20260711220000_seg_00068,026_rcc_13581541_20260711220000,SPEAKER_03,797.44,801.68,4.24,success,キングオブポップ、キングオブポップコーンは映画館で食べるポップコーンですよ。,success,キングオブポップコーンですよキングオブポップキングオブポップコーンは映画館で食べるポップコーンですよ。,False,38,51,13
,026_rcc_13581541_20260711220000_seg_00069,026_rcc_13581541_20260711220000,SPEAKER_02,801.68,806.24,4.56,success,いやお母さんがフライパンで作ってくれるポップコーンですよ!,success,ポーンは映画館で食べるポップコーンですよ、いや、お母さんがフライパンで作ってくれるポップコーンですよ。,False,29,51,22
,026_rcc_13581541_20260711220000_seg_00070,026_rcc_13581541_20260711220000,SPEAKER_03,806.8,808.08,1.28,success,個人の好み。,success,ポップコーンですよ、個人の好み。,False,6,16,10
,026_rcc_13581541_20260711220000_seg_00071,026_rcc_13581541_20260711220000,SPEAKER_02,808.16,812.72,4.56,success,最初に好きになった曲はジャクソン5時代の曲kbcへ。,success,最初に好きになった曲はジャクソン5時代の曲kbcへ。,True,26,26,0
,026_rcc_13581541_20260711220000_seg_00072,026_rcc_13581541_20260711220000,SPEAKER_03,812.72,815.92,3.2,success,abcですよ、kbcは九州朝日放送。,success,kbcですよ、kbcは九州朝日放送。,False,18,18,0
,026_rcc_13581541_20260711220000_seg_00073,026_rcc_13581541_20260711220000,SPEAKER_02,815.92,818.72,2.8,success,あのアルバムが大好きでしたね。,success,abcは九州朝日放送あのアルバムが大好きでしたね。,False,15,25,10
,026_rcc_13581541_20260711220000_seg_00074,026_rcc_13581541_20260711220000,SPEAKER_02,819.2,819.92,0.72,success,アムラー。,success,大好きでしたね、アムラー。,False,5,13,8
,026_rcc_13581541_20260711220000_seg_00075,026_rcc_13581541_20260711220000,SPEAKER_03,820.0,821.04,1.04,success,ブリラーでしょ!,success,スリラーでしょ!,False,8,8,0
,026_rcc_13581541_20260711220000_seg_00076,026_rcc_13581541_20260711220000,SPEAKER_02,821.12,827.28,6.16,success,中でも大好きな曲がカセットテープが擦り切れるほど聴いたメリージェーン!,success,アムラースリラーでしょ中でも大好きな曲がカセットテープが擦り切れるほど聴いたメリージェーン!,False,35,46,11
,026_rcc_13581541_20260711220000_seg_00077,026_rcc_13581541_20260711220000,SPEAKER_03,827.36,830.72,3.36,success,リリージーンでしょ、角田弘さんのカセット聞いてたんじゃないですか。,success,ビリージーンでしょ角田ひろさんのカセット聴いてたんじゃないですか?,False,33,33,0
,026_rcc_13581541_20260711220000_seg_00078,026_rcc_13581541_20260711220000,SPEAKER_02,830.8,837.6,6.8,success,マイケルがライアンメルリッチーと一緒に作って45人のスターが歌った曲も大好きです。,success,マイケルがライアンメルリッチーと一緒に作って45人のスターが歌った曲も大好きです。,True,41,41,0
,026_rcc_13581541_20260711220000_seg_00079,026_rcc_13581541_20260711220000,SPEAKER_02,837.92,839.52,1.6,success,なるほどザワールド!,success,曲も大好きです、なるほどザワールド。,False,10,18,8
,026_rcc_13581541_20260711220000_seg_00080,026_rcc_13581541_20260711220000,SPEAKER_03,839.6,843.52,3.92,success,ウィアーザワールドですよ、愛川?? 也も楠田恵梨子も歌ってないでしょ。,success,ウィーアーザワールドですよ、愛川?? 也も楠田絵理子も歌ってないでしょ。,False,35,36,1
,026_rcc_13581541_20260711220000_seg_00081,026_rcc_13581541_20260711220000,SPEAKER_02,844.72,847.68,2.96,success,冗談ですよ、マイケルジョーダン。,success,アハハハ冗談ですよマイケルジョーダン。,False,16,19,3
,026_rcc_13581541_20260711220000_seg_00082,026_rcc_13581541_20260711220000,SPEAKER_03,847.68,849.2,1.52,success,それ違うマイケル!,success,それ違うマイケル!,True,9,9,0
,026_rcc_13581541_20260711220000_seg_00083,026_rcc_13581541_20260711220000,SPEAKER_03,850.48,854.4,3.92,success,まちかど実況中継解説はまちかどウォッチャー山田さんでした。,success,マイケル街かど実況中継解説はまちかどウォッチャー山田さんでした。,False,29,32,3
,026_rcc_13581541_20260711220000_seg_00084,026_rcc_13581541_20260711220000,SPEAKER_02,854.4,855.12,0.72,success,ありがとうございました。,success,ありがとうございました。,True,12,12,0
,026_rcc_13581541_20260711220000_seg_00085,026_rcc_13581541_20260711220000,SPEAKER_03,855.12,857.52,2.4,success,今日はとある映画館からお伝えしました。,success,今日はとある映画館からお伝えしました。,True,19,19,0
,026_rcc_13581541_20260711220000_seg_00086,026_rcc_13581541_20260711220000,SPEAKER_01,872.56,874.219946,1.66,success,アブリエル&タコ。,success,エブリエル&タコ。,False,9,9,0
,026_rcc_13581541_20260711220000_seg_00087,026_rcc_13581541_20260711220000,SPEAKER_01,877.04,878.539954,1.5,success,へすうすトゥー。,success,へすうすトゥース。,False,8,9,1
,026_rcc_13581541_20260711220000_seg_00088,026_rcc_13581541_20260711220000,SPEAKER_01,885.6,886.4,0.8,success,かまんかったよ。,success,ヘヘヘヘかまんがったよ。,False,8,12,4
,026_rcc_13581541_20260711220000_seg_00089,026_rcc_13581541_20260711220000,SPEAKER_01,890.32,891.499976,1.18,success,しゃべりでなかせ。,success,しゃべりでらかせ。,False,9,9,0
,026_rcc_13581541_20260711220000_seg_00090,026_rcc_13581541_20260711220000,SPEAKER_01,892.72,897.739966,5.02,success,これ俺の高校の校長がウンベルトカバリエレだった。,success,亜生じゃないですか、これ、俺の高校の校長が、ウンベルトカバリエレだった。,False,24,36,12
,026_rcc_13581541_20260711220000_seg_00091,026_rcc_13581541_20260711220000,SPEAKER_01,898.96,901.579962,2.62,success,アナウンサーとして初めてギャラをもらった仕事のハワイアンド。,success,僕がアナウンサーとして初めてギャラをもらった仕事のハワイアンド。,False,30,32,2
,026_rcc_13581541_20260711220000_seg_00092,026_rcc_13581541_20260711220000,SPEAKER_01,902.8,910.219946,7.42,success,岡参入静蔵先生に匹敵するタイトルだったんで言えるかなと思ったけど無事言えました。,success,夜を構えシジゾウ先生に匹敵するタイトルだったんで言えるかなと思ったけど無事言えました。,False,40,43,3
,026_rcc_13581541_20260711220000_seg_00093,026_rcc_13581541_20260711220000,SPEAKER_01,913.36,914.059973,0.7,success,本当!,success,本当!,True,3,3,0
,026_rcc_13581541_20260711220000_seg_00094,026_rcc_13581541_20260711220000,SPEAKER_01,916.24,921.84,5.6,success,ヒリヒリするけど面白いんだよねっていうぜひぜひお聞きいただければと思います。,success,ヒリヒリするけどおもしろいんだよねっていうぜひぜひお聞きいただければと思います。,False,38,40,2
,026_rcc_13581541_20260711220000_seg_00095,026_rcc_13581541_20260711220000,SPEAKER_00,923.44,927.44,4.0,success,横山トークショートゥデーゲスト!,success,あっ、横山トークショートゥデーゲスト!,False,16,19,3
,026_rcc_13581541_20260711220000_seg_00096,026_rcc_13581541_20260711220000,SPEAKER_03,928.72,929.68,0.96,success,作家。,success,作家。,True,3,3,0
,026_rcc_13581541_20260711220000_seg_00097,026_rcc_13581541_20260711220000,SPEAKER_01,931.36,932.0,0.64,success,ズマサ!,success,速水和正。,False,4,5,1
,026_rcc_13581541_20260711220000_seg_00098,026_rcc_13581541_20260711220000,SPEAKER_00,943.539941,944.779944,1.24,success,97年生まれ。,success,97年生まれ上川。,False,7,9,2
,026_rcc_13581541_20260711220000_seg_00099,026_rcc_13581541_20260711220000,SPEAKER_00,950.8,951.499976,0.7,success,全15年。,success,2015年。,False,5,6,1
,026_rcc_13581541_20260711220000_seg_00100,026_rcc_13581541_20260711220000,SPEAKER_00,956.56,958.699957,2.14,success,2020年にはザロイヤルファミリーが登場。,success,2020年にはザロイヤルファミリーが誕生。,False,21,21,0
,026_rcc_13581541_20260711220000_seg_00101,026_rcc_13581541_20260711220000,SPEAKER_00,964.659967,965.419958,0.76,success,同じ年に。,success,同じ年に。,True,5,5,0
,026_rcc_13581541_20260711220000_seg_00102,026_rcc_13581541_20260711220000,SPEAKER_00,997.36,998.059973,0.7,success,26日から。,success,26日から。,True,6,6,0
,026_rcc_13581541_20260711220000_seg_00103,026_rcc_13581541_20260711220000,SPEAKER_01,1002.099939,1015.2,13.1,success,今日午前様で生放送でお話もさせていただいてで愛はいっぱい伝えたつもりなんですけどとにかくお会いしたい方の。,success,今日午前様で生放送でお話もさせていただいてで愛はいっぱい伝えたつもりなんですけどとにかくお会いしたい方の。,True,53,53,0
,026_rcc_13581541_20260711220000_seg_00104,026_rcc_13581541_20260711220000,SPEAKER_01,1015.92,1017.2,1.28,success,1人だったんですよ。,success,ない方の1人だったんですよ。,False,10,14,4
,026_rcc_13581541_20260711220000_seg_00105,026_rcc_13581541_20260711220000,SPEAKER_01,1020.32,1030.08,9.76,success,僕はねホントに自分の中でアナウンサーではありますけど本も書かせていただいていてその時に。,success,いやいやいやいやいやで僕はねホントに自分の中でアナウンサーではありますけど本も書かせていただいていてその時に。,False,44,55,11
,026_rcc_13581541_20260711220000_seg_00106,026_rcc_13581541_20260711220000,SPEAKER_01,1030.96,1033.84,2.88,success,速水さんが本当、のしてきてますみたいな。,success,そのときに速水さんが本当、のしてきてますみたいな。,False,20,25,5
,026_rcc_13581541_20260711220000_seg_00107,026_rcc_13581541_20260711220000,SPEAKER_01,1035.68,1043.2,7.52,success,もうぐいぐいきてますみたいなムードをいろんなメディアを通して肌で感じてたから。,success,もうぐいぐいきてますみたいなムードをいろんなメディアを通して肌で感じてたから。,True,39,39,0
,026_rcc_13581541_20260711220000_seg_00108,026_rcc_13581541_20260711220000,SPEAKER_01,1043.84,1057.04,13.2,success,どんな人なんだろうなと思いながらそのときは店長がバカすぎてっていう本だったんですけどそこからももう出しゃ出しゃ話題作みたいな感じになってたから。,success,肌で感じてたからこれどんな人なんだろうなと思いながらそのときは店長がバカすぎてっていう本だったんですけどそこからももう出しゃ出しゃ話題作みたいな感じになってたから。,False,72,82,10
,026_rcc_13581541_20260711220000_seg_00109,026_rcc_13581541_20260711220000,SPEAKER_01,1057.52,1059.84,2.32,success,あの時の速見さんだよねみたいな。,success,感じになってたからあんときの速見さんだよねみたいな。,False,16,26,10
,026_rcc_13581541_20260711220000_seg_00110,026_rcc_13581541_20260711220000,SPEAKER_01,1060.4,1061.92,1.52,success,感じだったんですよ。,success,速見さんだよねみたいな感じだったんですよ。,False,10,21,11
,026_rcc_13581541_20260711220000_seg_00111,026_rcc_13581541_20260711220000,SPEAKER_01,1076.08,1086.4,10.32,success,俺もだからrantaっていうね角川春樹事務所が出してる本で速水さんと俺が特集配られた時にペロッてめくったら先に速見さんだったんですよ。,success,俺もだからrantaというね角川春樹事務所が出してる本で速水さんと俺が特集配られた時にペロッてめくったら先に速水さんだったんですよ。,False,67,66,-1
,026_rcc_13581541_20260711220000_seg_00112,026_rcc_13581541_20260711220000,SPEAKER_01,1088.0,1088.56,0.56,success,下がります。,success,そうそう、あれはね、僕も留飲が下がりました。,False,6,22,16
,026_rcc_13581541_20260711220000_seg_00113,026_rcc_13581541_20260711220000,SPEAKER_01,1090.72,1093.12,2.4,success,俺じゃねえのかみたいな。,success,俺じゃねえのかみたいな。,True,12,12,0
,026_rcc_13581541_20260711220000_seg_00114,026_rcc_13581541_20260711220000,SPEAKER_01,1093.44,1096.24,2.8,success,のがあってでもそれもあって。,success,俺じゃねえのかみたいなのがあってでもそれもあって。,False,14,25,11
,026_rcc_13581541_20260711220000_seg_00115,026_rcc_13581541_20260711220000,SPEAKER_01,1096.64,1097.2,0.56,success,アユミさん。,success,でもそれもあって早見さんの。,False,6,14,8
,026_rcc_13581541_20260711220000_seg_00116,026_rcc_13581541_20260711220000,SPEAKER_01,1097.68,1098.4,0.72,success,和正さん。,success,その速水さんの名前、和正さんの名前。,False,5,18,13
,026_rcc_13581541_20260711220000_seg_00117,026_rcc_13581541_20260711220000,SPEAKER_01,1098.96,1099.52,0.56,success,えっの?,success,さんの名前数正っていう名前の名前。,False,4,17,13
,026_rcc_13581541_20260711220000_seg_00118,026_rcc_13581541_20260711220000,SPEAKER_03,1099.92,1102.24,2.32,success,いわゆるこの漢字の4つの並びみたいな。,success,和正っていう名前の、いわゆるこの漢字の4つの並びみたいな。,False,19,29,10
,026_rcc_13581541_20260711220000_seg_00119,026_rcc_13581541_20260711220000,SPEAKER_01,1102.4,1105.68,3.28,success,それは分かります。,success,この漢字の4つの並びみたいなのが記号みたいにこう。それは分かります。,False,9,34,25
,026_rcc_13581541_20260711220000_seg_00120,026_rcc_13581541_20260711220000,SPEAKER_03,1105.84,1106.64,0.8,success,頭に入ってる。,success,みたいにこう、それは分かります、頭に入って。,False,7,22,15
,026_rcc_13581541_20260711220000_seg_00121,026_rcc_13581541_20260711220000,SPEAKER_01,1106.64,1107.44,0.8,success,でなに?,success,それは分かります。,False,4,9,5
,026_rcc_13581541_20260711220000_seg_00122,026_rcc_13581541_20260711220000,SPEAKER_03,1107.6,1109.2,1.6,success,例えば新聞読むと。,success,頭に入ってて、何かをこう、例えば新聞読むと。,False,9,22,13
,026_rcc_13581541_20260711220000_seg_00123,026_rcc_13581541_20260711220000,SPEAKER_01,1109.36,1111.28,1.92,success,雑誌見るとかのときに。,success,何かをこう、例えば新聞読むとか、雑誌見るとかのときに。,False,11,27,16
,026_rcc_13581541_20260711220000_seg_00124,026_rcc_13581541_20260711220000,SPEAKER_01,1112.32,1113.76,1.44,success,あるんですよね、その。,success,練習とかのときに、ぱっと目に入るんですよね。,False,11,22,11
,026_rcc_13581541_20260711220000_seg_00125,026_rcc_13581541_20260711220000,SPEAKER_03,1114.16,1114.72,0.56,success,記号として。,success,入るんですよね、その記号として。,False,6,16,10
,026_rcc_13581541_20260711220000_seg_00126,026_rcc_13581541_20260711220000,SPEAKER_01,1114.8,1115.84,1.04,success,行った時。,success,その記号として。,False,5,8,3
,026_rcc_13581541_20260711220000_seg_00127,026_rcc_13581541_20260711220000,SPEAKER_01,1116.16,1120.08,3.92,success,えらい見るなこの記号って感じがすごくしてたから。,success,記号として、のとき、えらい見るな、この記号って感じがすごくしてたから。,False,24,35,11
,026_rcc_13581541_20260711220000_seg_00128,026_rcc_13581541_20260711220000,SPEAKER_01,1120.64,1126.4,5.76,success,最近でいうと、ロイヤルファミリーとかもそうだったりするけど、もう一般の方たちもそうじゃないかなと。,success,すごくしてたから、だから最近でいうと、ロイヤルファミリーとかもそうだったりするけど、もう一般の方たちもそうじゃないかなと。,False,49,61,12
,026_rcc_13581541_20260711220000_seg_00129,026_rcc_13581541_20260711220000,SPEAKER_01,1127.28,1128.72,1.44,success,昔、速水というとu。,success,そうじゃないかなと、昔、速水というとu。,False,10,20,10
,026_rcc_13581541_20260711220000_seg_00130,026_rcc_13581541_20260711220000,SPEAKER_01,1130.08,1132.96,2.88,success,今、和正みたいになってるじゃないですか。,success,今和正みたいになってるじゃないですか。,False,20,19,-1
,026_rcc_13581541_20260711220000_seg_00131,026_rcc_13581541_20260711220000,SPEAKER_01,1133.68,1134.72,1.04,success,字は違いますけどね。,success,もこみちの時代もありますけど、字は違いますけどね。,False,10,25,15
,026_rcc_13581541_20260711220000_seg_00132,026_rcc_13581541_20260711220000,SPEAKER_01,1135.92,1139.36,3.44,success,速水といえばそうだ。,success,あった速水といえばそうだ。,False,10,13,3
,026_rcc_13581541_20260711220000_seg_00133,026_rcc_13581541_20260711220000,SPEAKER_01,1139.6,1142.4,2.8,success,でもそもそも野球。,success,そうだでもそもそも野球の。,False,9,13,4
,026_rcc_13581541_20260711220000_seg_00134,026_rcc_13581541_20260711220000,SPEAKER_03,1142.4,1143.2,0.8,success,q少年。,success,そもそも野球少年。,False,4,9,5
,026_rcc_13581541_20260711220000_seg_00135,026_rcc_13581541_20260711220000,SPEAKER_03,1143.76,1147.6,3.84,success,だったでしょ、これはいつぐらいから野球をやってたんですか?,success,野球少年だったでしょ、これはいつぐらいから野球をやってたんですか?,False,29,33,4
,026_rcc_13581541_20260711220000_seg_00136,026_rcc_13581541_20260711220000,SPEAKER_01,1147.84,1152.72,4.88,success,僕、本当に物心ついたときから、横浜で野球がすごい盛んな地域だったんですよ。,success,どれぐらいから野球をやってたん僕、本当に物心ついたときから、横浜で野球がすごい盛んな地域だったんですよ。,False,37,52,15
,026_rcc_13581541_20260711220000_seg_00137,026_rcc_13581541_20260711220000,SPEAKER_01,1153.2,1158.64,5.44,success,本当に体大きくて、僕、小学校6年生で130キロ近い球投げてて。,success,本当に体大きくて僕小学校6年生で130キロ近い球投げてて。,False,31,29,-2
,026_rcc_13581541_20260711220000_seg_00138,026_rcc_13581541_20260711220000,SPEAKER_01,1159.44,1169.04,9.6,success,僕の野球の試合を見に、西武ライオンズのスカウトが見に来たっていうふうに、大人たちがざわざわするような環境で野球をやっていたんですよ。,success,30キロ近投げてて、僕の野球の試合を見に、西武ライオンズのスカウトが見に来たっていうふうに、大人たちがざわざわするような環境で、野球をやっていたんですよ。,False,66,77,11
,026_rcc_13581541_20260711220000_seg_00139,026_rcc_13581541_20260711220000,SPEAKER_02,1177.44,1178.48,1.04,success,ええ僕は後々。,success,痛いんですけどで僕は後々。,False,7,13,6
,026_rcc_13581541_20260711220000_seg_00140,026_rcc_13581541_20260711220000,SPEAKER_02,1180.08,1181.36,1.28,success,という学校。,success,後の母校になる桐蔭学園という学校。,False,6,17,11
,026_rcc_13581541_20260711220000_seg_00141,026_rcc_13581541_20260711220000,SPEAKER_02,1181.76,1182.72,0.96,success,中学校。,success,学園という学校に中学校。,False,4,12,8
,026_rcc_13581541_20260711220000_seg_00142,026_rcc_13581541_20260711220000,SPEAKER_02,1192.32,1192.88,0.56,success,はいでも。,success,こういう推薦の話が成立してて。,False,5,15,10
,026_rcc_13581541_20260711220000_seg_00143,026_rcc_13581541_20260711220000,SPEAKER_02,1194.24,1195.04,0.8,success,今日も調子に乗って。,success,でも僕に伝わっちゃうともう調子に乗っちゃう。,False,10,22,12
,026_rcc_13581541_20260711220000_seg_00144,026_rcc_13581541_20260711220000,SPEAKER_02,1196.4,1201.2,4.8,success,僕だけ隠されていて中学受験の勉強を一生懸命させられて。,success,もう調子乗って勉強しなくなるから僕だけ隠されていて中学受験の勉強を一生懸命させられて。,False,27,43,16
,026_rcc_13581541_20260711220000_seg_00145,026_rcc_13581541_20260711220000,SPEAKER_02,1201.44,1203.2,1.76,success,でまあ党員に入るんですよ。,success,勉強を一生懸命させられて、党院に入るんですよ。,False,13,23,10
,026_rcc_13581541_20260711220000_seg_00146,026_rcc_13581541_20260711220000,SPEAKER_02,1203.84,1209.76,5.92,success,中1のときはまだ小学校までの貯金でピッチャーやらせてもらってたんですけど。,success,中1の時はまだ小学校までの貯金でピッチャーやらせてもらってたんですけど。,False,37,36,-1
,026_rcc_13581541_20260711220000_seg_00147,026_rcc_13581541_20260711220000,SPEAKER_02,1210.0,1216.88,6.88,success,中2に上がったときに、隣のグラウンドの桐蔭学園の高校に入学してきたのが高橋由伸さんで。,success,ピッチャーやらせてもらってたんですけど、中2に上がったときに、隣のグラウンドの桐蔭学園の高校に入学してきたのが高橋由伸さんで。,False,43,63,20
,026_rcc_13581541_20260711220000_seg_00148,026_rcc_13581541_20260711220000,SPEAKER_02,1219.28,1222.48,3.2,success,彼の本当にバッティングを見たときに。,success,後に、彼の本当にバッティングを見たときに。,False,18,21,3
,026_rcc_13581541_20260711220000_seg_00149,026_rcc_13581541_20260711220000,SPEAKER_02,1222.72,1224.0,1.28,success,あっ俺本当にプロ野球選手。,success,バッティングを見たときに、あっ、俺、本当にプロ野球選手だな。,False,13,30,17
,026_rcc_13581541_20260711220000_seg_00150,026_rcc_13581541_20260711220000,SPEAKER_01,1235.92,1236.64,0.72,success,はいはい。,success,いわゆるイップスっていって、精神的な。,False,5,19,14
,026_rcc_13581541_20260711220000_seg_00151,026_rcc_13581541_20260711220000,SPEAKER_02,1251.2,1256.16,4.96,success,視力が一気に悪くなってで生の自我が芽生える季節に。,success,でニキビがいっぱいできて視力が一気に悪くなってで生の自我が芽生える季節。,False,25,36,11
,026_rcc_13581541_20260711220000_seg_00152,026_rcc_13581541_20260711220000,SPEAKER_02,1257.2,1265.28,8.08,success,そのとき僕、男子校なんで、急にそこには女子がいないみたいな、小6には戻りたいんですけど、中2には絶対戻りたくないっていうような。,success,芽生える季節でもあるわけじゃないですか、そのとき、僕、男子校なんで、急にそこには女子がいないみたいな、小6には戻りたいんですけど、中2には絶対戻りたくないっていうような。,False,64,85,21
,026_rcc_13581541_20260711220000_seg_00153,026_rcc_13581541_20260711220000,SPEAKER_02,1266.32,1268.72,2.4,success,苦しい日々が中2から始まり。,success,見たくないっていうような苦しい日々が中2から始まり。,False,14,26,12
,026_rcc_13581541_20260711220000_seg_00154,026_rcc_13581541_20260711220000,SPEAKER_02,1269.04,1272.4,3.36,success,本当にそこからはもう野球をやりたくなくてしかたがなくて。,success,中2から始まり、本当にそこからはもう、野球をやりたくなくてしかたがなくて。,False,28,37,9
,026_rcc_13581541_20260711220000_seg_00155,026_rcc_13581541_20260711220000,SPEAKER_02,1273.12,1273.92,0.8,success,いう感じでした。,success,なくてしかたがなくてっていう感じでした。,False,8,20,12
,026_rcc_13581541_20260711220000_seg_00156,026_rcc_13581541_20260711220000,SPEAKER_03,1278.4,1280.4,2.0,success,あの時代っていうか。,success,やめたくないけどあの時代っていうか。,False,10,18,8
,026_rcc_13581541_20260711220000_seg_00157,026_rcc_13581541_20260711220000,SPEAKER_03,1280.64,1284.72,4.08,success,中学生とかのときって、自分に選択肢が開けてないみたいな。,success,あの時代っていうか中学生とかの時って自分に選択肢が開けてないみたいな。,False,28,35,7
,026_rcc_13581541_20260711220000_seg_00158,026_rcc_13581541_20260711220000,SPEAKER_03,1285.52,1286.56,1.04,success,閉塞感もあるじゃないですか。,success,開けてないみたいな閉塞感もあるじゃないですか。,False,14,23,9
,026_rcc_13581541_20260711220000_seg_00159,026_rcc_13581541_20260711220000,SPEAKER_03,1287.12,1288.88,1.76,success,続けなきゃいけないという。,success,閉塞感もあるじゃないですか、続けなきゃいけないという。,False,13,27,14
,026_rcc_13581541_20260711220000_seg_00160,026_rcc_13581541_20260711220000,SPEAKER_03,1292.88,1295.76,2.88,success,なんかその、道がそれしかないような気がして。,success,本当は辞めてもよかったはずなんだけど、なんかその道がそれしかないような気がして。,False,22,40,18
,026_rcc_13581541_20260711220000_seg_00161,026_rcc_13581541_20260711220000,SPEAKER_01,1295.76,1296.56,0.8,success,いや僕はね無理。,success,道がそれしかないような気がしていや、僕はね、無理です。,False,8,27,19
,026_rcc_13581541_20260711220000_seg_00162,026_rcc_13581541_20260711220000,SPEAKER_01,1298.16,1300.24,2.08,success,中学校に推薦で入ってしまったので。,success,僕はね、もう一個、中学校に推薦で入ってしまったので。,False,17,26,9
,026_rcc_13581541_20260711220000_seg_00163,026_rcc_13581541_20260711220000,SPEAKER_01,1300.64,1302.32,1.68,success,高校でやらなきゃいけなかった。,success,推薦で入ってしまったので、高校でやらなきゃいけなかったんです。,False,15,31,16
,026_rcc_13581541_20260711220000_seg_00164,026_rcc_13581541_20260711220000,SPEAKER_03,1303.44,1304.72,1.28,success,こうもやんなきゃいけなかったんだ。,success,もう高校もやんなきゃいけなかったんだ。,False,17,19,2
,026_rcc_13581541_20260711220000_seg_00165,026_rcc_13581541_20260711220000,SPEAKER_01,1305.92,1307.36,1.44,success,やめるとは言えなかったです。,success,やめるとは言えなかったです。,True,14,14,0
,026_rcc_13581541_20260711220000_seg_00166,026_rcc_13581541_20260711220000,SPEAKER_01,1308.72,1320.88,12.16,success,その由伸さんが待ち構えている、野球部、寮だったんですよね、高校は、本当にだから、あの寮に入る前の日の夜が、人生で一番嫌な夜で、もうあしたから地獄が始まる。,success,で、その由伸さんが待ち構えている野球部寮だったんですよね、高校は、本当にだから、あの寮に入る前の日の夜が、人生で一番嫌な夜で、もうあしたから地獄が始まる。,False,77,77,0
,026_rcc_13581541_20260711220000_seg_00167,026_rcc_13581541_20260711220000,SPEAKER_01,1321.2,1324.16,2.96,success,それがもうアルプス的な母で成就してるんですけれども。,success,あしたから地獄が始まる、それがもうアルプス的な母で成就してるんですけれども。,False,26,38,12
,026_rcc_13581541_20260711220000_seg_00168,026_rcc_13581541_20260711220000,SPEAKER_01,1324.72,1328.32,3.6,success,おふくろは泣いてるし、おやじもさみしそうにしてるし。,success,成就してるんですけれどもおふくろは泣いてるしおやじもさみしそうにしてるし。,False,26,37,11
,026_rcc_13581541_20260711220000_seg_00169,026_rcc_13581541_20260711220000,SPEAKER_01,1328.96,1332.08,3.12,success,でも一番ナーバスなのは俺だぞって思いながら。,success,さみしそうにしてるし、でも一番ナーバスなのは俺だぞって思いながら。,False,22,33,11
,026_rcc_13581541_20260711220000_seg_00170,026_rcc_13581541_20260711220000,SPEAKER_01,1332.88,1336.8,3.92,success,実際、寮入ってから、本当、楽しい3年間が始まっちゃったんですけど。,success,ちょっと思いながら、でも実際、寮入ってから、本当、楽しい3年間が始まっちゃったんですけど。,False,33,45,12
,026_rcc_13581541_20260711220000_seg_00171,026_rcc_13581541_20260711220000,SPEAKER_01,1337.44,1342.72,5.28,success,自分が補欠であるって開き直った瞬間から、野球とは折り合いがつけられるようになって。,success,1年間が始まっちゃったんですけど、もう自分が補欠であるって開き直った瞬間から、野球とは折り合いがつけられるようになって。,False,41,60,19
,026_rcc_13581541_20260711220000_seg_00172,026_rcc_13581541_20260711220000,SPEAKER_01,1343.28,1345.12,1.84,success,そこからは108の話になるんですけれども。,success,そこからは108の話になるんですけれども。,True,21,21,0
,026_rcc_13581541_20260711220000_seg_00173,026_rcc_13581541_20260711220000,SPEAKER_01,1345.44,1347.2,1.76,success,いかにベンチに入るか。,success,プロは18の話になるんですけども、もういかにベンチに入るか。,False,11,30,19
,026_rcc_13581541_20260711220000_seg_00174,026_rcc_13581541_20260711220000,SPEAKER_01,1347.6,1349.52,1.92,success,出ようなんてもう一つも思ってなくて。,success,いかにベンチに入るか、もう試合に出ようなんて、もう一つも思ってなくて。,False,18,35,17
,026_rcc_13581541_20260711220000_seg_00175,026_rcc_13581541_20260711220000,SPEAKER_01,1350.16,1350.72,0.56,success,っていう。,success,一つも思ってなくてっていう。,False,5,14,9
,026_rcc_13581541_20260711220000_seg_00176,026_rcc_13581541_20260711220000,SPEAKER_01,1351.2,1352.8,1.6,success,3年間でしたね、高校時代は。,success,っていう3年間でしたね高校時代は。,False,14,17,3
,026_rcc_13581541_20260711220000_seg_00177,026_rcc_13581541_20260711220000,SPEAKER_03,1353.28,1357.44,4.16,success,俺は高校が野球特待だったんですよ。,success,俺は高校が野球特待だったんですよ。,True,17,17,0
,026_rcc_13581541_20260711220000_seg_00178,026_rcc_13581541_20260711220000,SPEAKER_01,1357.44,1358.08,0.64,success,アヘ。,success,僕が野球特体だったんですよ。,False,3,14,11
,026_rcc_13581541_20260711220000_seg_00179,026_rcc_13581541_20260711220000,SPEAKER_03,1358.16,1364.16,6.0,success,中学がそれこそ小学校の少年野球が宮崎の全部の大会優勝するっていう。,success,で中学がそれこそ小学校の少年野球が宮崎の全部の大会優勝するっていう。,False,33,34,1
,026_rcc_13581541_20260711220000_seg_00180,026_rcc_13581541_20260711220000,SPEAKER_03,1364.48,1370.8,6.32,success,もうエリート少年野球チームみたいなとこにいて中学校部員が100人ぐらいいるところで。,success,全部の大会優勝するっていうもうエリート少年野球チームみたいなとこにいて中学校も部員が100人ぐらいいるところで。,False,42,56,14
,026_rcc_13581541_20260711220000_seg_00181,026_rcc_13581541_20260711220000,SPEAKER_01,1370.8,1371.76,0.96,success,盛んな時期で。,success,1000人ぐらいいるところで盛んな時期で。,False,7,21,14
,026_rcc_13581541_20260711220000_seg_00182,026_rcc_13581541_20260711220000,SPEAKER_03,1372.0,1373.92,1.92,success,県大会とか優勝して。,success,ところで、盛んな時期でもありますね、県大会とか優勝して。,False,10,28,18
,026_rcc_13581541_20260711220000_seg_00183,026_rcc_13581541_20260711220000,SPEAKER_03,1374.32,1380.24,5.92,success,その強かったやつらがみんな、日向学院高校っていうんですけど、日向院高校にみんな集まってくると。,success,県大会とか優勝してて、その強かったやつらがみんな、日向学院高校っていうんですけど、日向学院高校にみんな集まってくると。,False,47,59,12
,026_rcc_13581541_20260711220000_seg_00184,026_rcc_13581541_20260711220000,SPEAKER_03,1380.64,1396.56,15.92,success,その中に選ばれたからだから来てくださいって言われてで行ったらすごいやつばっかいるからそれこそ俺もここでレギュラー無理じゃない?っていう気がすごくする中でもギリギリ。,success,高校にみんな集まってくると、その中に選ばれたから、だから来てくださいって言われて、で、行ったら、すごいやつばっかいるから、それこそ俺も、ここでレギュラー無理じゃない?っていう気がすごくする中、でもぎりぎり。,False,82,103,21
,026_rcc_13581541_20260711220000_seg_00185,026_rcc_13581541_20260711220000,SPEAKER_03,1396.8,1406.88,10.08,success,いいやつは1年生2年生からもうレギュラーになるけど俺はやっと3年生になった時にもう当落線上ぎりぎりみたいな感じだったんですよ。,success,でもぎりぎり、いいやつは1年生、2年生からもうレギュラーになるけど、俺はやっと3年生になったときに、もう当落線上ぎりぎりみたいな感じだったんですよ。,False,63,74,11
,026_rcc_13581541_20260711220000_seg_00186,026_rcc_13581541_20260711220000,SPEAKER_03,1407.36,1411.68,4.32,success,で、これは最後の大会だけはユニホームをちゃんと、背番号俺。,success,でこれは最後の大会だけはユニホームをちゃんと背番号俺。,False,29,27,-2
,026_rcc_13581541_20260711220000_seg_00187,026_rcc_13581541_20260711220000,SPEAKER_03,1412.0,1421.44,9.44,success,センターだったけど8番を着たいと思って最後の1年間自宅から学校まで6キロを往復走るっていう。,success,ユニホームもちゃんと、背番号、俺、センターだったけど、8番を着たいと思って、最後の1年間、自宅から学校まで6キロを往復走るっていう。,False,46,66,20
,026_rcc_13581541_20260711220000_seg_00188,026_rcc_13581541_20260711220000,SPEAKER_03,1422.56,1426.0,3.44,success,監督が車で通る道です。,success,往復走るっていう、それは監督が車で通る道です。,False,11,23,12
,026_rcc_13581541_20260711220000_seg_00189,026_rcc_13581541_20260711220000,SPEAKER_01,1426.24,1427.28,1.04,success,アピールのためだけですよ。,success,通る道です、だからアピールのためだけですよ。,False,13,22,9
,026_rcc_13581541_20260711220000_seg_00190,026_rcc_13581541_20260711220000,SPEAKER_01,1427.76,1430.0,2.24,success,そういうこざかしいことをね、僕も本当、いっぱいやってます。,success,だからアピールのためだけですよね、そういう小ざかしいことをね、僕も本当、いっぱいやってます。,False,29,46,17
,026_rcc_13581541_20260711220000_seg_00191,026_rcc_13581541_20260711220000,SPEAKER_01,1432.72,1433.36,0.64,success,おかしいって言います。,success,あえてこざかしいって言いますね。,False,11,16,5
,026_rcc_13581541_20260711220000_seg_00192,026_rcc_13581541_20260711220000,SPEAKER_03,1433.68,1441.68,8.0,success,本当、高校野球なんて、アルプス席の母にもあるけど、監督の心次第じゃない。,success,あえてこざかしいって言いますけど本当、高校野球なんて、アルプス席の母にもあるけど、監督の心しだいじゃないですか。,False,36,56,20
,026_rcc_13581541_20260711220000_seg_00193,026_rcc_13581541_20260711220000,SPEAKER_01,1442.08,1442.64,0.56,success,本当そうですよ。,success,本当そうですよ。,True,8,8,0
,026_rcc_13581541_20260711220000_seg_00194,026_rcc_13581541_20260711220000,SPEAKER_03,1442.72,1446.32,3.6,success,あんなに理不尽なとこなかったりするじゃないですか。,success,心しだいじゃないですか、本当そうですよね、ねっ、あんなに理不尽なとこなかったりするじゃないですか。,False,25,49,24
,026_rcc_13581541_20260711220000_seg_00195,026_rcc_13581541_20260711220000,SPEAKER_03,1446.72,1448.8,2.08,success,だから僕も三原さんっていう監督さんだったけど。,success,なかったりするじゃないですか、だから僕も三原さんっていう監督さんだったけど。,False,23,38,15
,026_rcc_13581541_20260711220000_seg_00196,026_rcc_13581541_20260711220000,SPEAKER_03,1449.2,1460.4,11.2,success,三原さんって今でも宮崎の高校野球の解説とかされるような名将といわれてる方なんですよ。だけど三原さんじゃなかったら俺もっと伸び伸び。,success,三原さんっていう監督さんだったけど三原さんって今でも宮崎の高校野球の解説とかされるような名将といわれてる方なんですよ。だけど三原さんじゃなかったら俺もっと伸び伸び。,False,65,82,17
,026_rcc_13581541_20260711220000_seg_00197,026_rcc_13581541_20260711220000,SPEAKER_03,1460.8,1464.0,3.2,success,できて、もっといい選手だったんじゃないかなと、今も思ってたりとか。,success,もっと伸び伸びできてもっといい選手だったんじゃないかなと今も思ってたりとか。,False,33,38,5
,026_rcc_13581541_20260711220000_seg_00198,026_rcc_13581541_20260711220000,SPEAKER_01,1464.0,1464.88,0.88,success,めちゃめちゃ分かります。,success,いい選手だったんじゃないかなと、今も思ってたりとかめちゃめちゃ分かります。,False,12,37,25
,026_rcc_13581541_20260711220000_seg_00199,026_rcc_13581541_20260711220000,SPEAKER_03,1464.96,1468.48,3.52,success,ねっ、なんか理不尽、絵を描いたようなところですよね。,success,今も思ってたりとか、めちゃめちゃ分かります、ねっ、なんか理不尽、絵を描いたようなところですよね。,False,26,48,22
,026_rcc_13581541_20260711220000_seg_00200,026_rcc_13581541_20260711220000,SPEAKER_02,1468.8,1473.12,4.32,success,しかもだから、僕の母校の監督のこととは言わないですよ。,success,絵を描いたような所でしかもだから、僕の母校の監督のこととは言わないですよ。,False,27,37,10
,026_rcc_13581541_20260711220000_seg_00201,026_rcc_13581541_20260711220000,SPEAKER_02,1473.44,1478.4,4.96,success,言わないですけど高校野球の監督って人間として偽物クソ多いじゃないですか。,success,監督のこととは言わないですよ、言わないですけど、高校野球の監督って、人間として偽物、くそ多いじゃないですか。,False,36,54,18
,026_rcc_13581541_20260711220000_seg_00202,026_rcc_13581541_20260711220000,SPEAKER_03,1478.64,1480.24,1.6,success,はいおっしゃるとおり。,success,ひょっとして偽物クソ多いじゃないですか。,False,11,20,9
,026_rcc_13581541_20260711220000_seg_00203,026_rcc_13581541_20260711220000,SPEAKER_02,1480.24,1488.8,8.56,success,なんかやっぱり監督さん監督さんってちやほやされ続けた人たちの成れの果てみたいな人がやっぱ多いんで僕の恩師とは言わないんですよ。,success,なんかやっぱり監督さん監督さんってちやほやされ続けた人たちの成れの果てみたいな人がやっぱ多いんで僕の恩師とは言わないんですよ。,True,63,63,0
,026_rcc_13581541_20260711220000_seg_00204,026_rcc_13581541_20260711220000,SPEAKER_02,1489.12,1496.24,7.12,success,だからその人たちに気に入られるためにこざかしい動きをするって本当に本質的じゃないんですよ本来は。,success,だからその人たちに気に入られるためにこざかしい動きをするってホントに本質的じゃないんですよ本来は。,False,48,49,1
,026_rcc_13581541_20260711220000_seg_00205,026_rcc_13581541_20260711220000,SPEAKER_02,1496.96,1506.96,10.0,success,でも当時の高校生でしかない僕らの目にはやっぱ特別な存在に見えてるし本当に本物であってほしかったなっていう気持ちが。,success,でも当時の高校生でしかない僕らの目にはやっぱ特別な存在に見えてるし本当に本物であってほしかったなっていう気持ちが。,True,57,57,0
,026_rcc_13581541_20260711220000_seg_00206,026_rcc_13581541_20260711220000,SPEAKER_02,1507.6,1508.56,0.96,success,いまだにあります。,success,なっていう気持ちがいまだにあります。,False,9,18,9
,026_rcc_13581541_20260711220000_seg_00207,026_rcc_13581541_20260711220000,SPEAKER_03,1508.64,1509.28,0.64,success,いますね。,success,いまだにあります。ありますね。,False,5,15,10
,026_rcc_13581541_20260711220000_seg_00208,026_rcc_13581541_20260711220000,SPEAKER_02,1509.28,1515.6,6.32,success,だからこんな48にもなってメディアに出て高校野球の監督の悪口とか言いたくないんですよ俺だって本当は。,success,だからこんな48にもなってメディアに出て高校野球の監督の悪口とか言いたくないんですよ俺だって本当は。,True,50,50,0
,026_rcc_13581541_20260711220000_seg_00209,026_rcc_13581541_20260711220000,SPEAKER_03,1515.6,1516.64,1.04,success,本当ですよね。,success,悪口とか言いたくないんですよ、俺だって、本当は。本当ですよね。,False,7,31,24
,026_rcc_13581541_20260711220000_seg_00210,026_rcc_13581541_20260711220000,SPEAKER_02,1516.64,1517.2,0.56,success,フフフ。,success,俺だって本当は本当ですよね。,False,4,14,10
,026_rcc_13581541_20260711220000_seg_00211,026_rcc_13581541_20260711220000,SPEAKER_03,1517.2,1518.4,1.2,success,そこほじり返してね。,success,そこほじくり返してね。,False,10,11,1
,026_rcc_13581541_20260711220000_seg_00212,026_rcc_13581541_20260711220000,SPEAKER_03,1519.12,1531.36,12.24,success,だけどやっぱそれも今となってはねいわゆる作品にフィードバックされたりもするじゃないですかだから今の人生から考えたらあっ必要と。,success,そこほじくり返してねだけどやっぱそれも今となってはねいわゆる作品にフィードバックされたりもするじゃないですかだから今の人生から考えたらあっ必要と。,False,63,73,10
,026_rcc_13581541_20260711220000_seg_00213,026_rcc_13581541_20260711220000,SPEAKER_03,1532.48,1541.6,9.12,success,必要悪だったしあれが今の自分の血となり骨となったりすることがあるからありがとうと思うために。,success,必要と必要悪だったしあれが今の自分の血となり骨となったりすることがあるからありがとうと思うために。,False,46,49,3
,026_rcc_13581541_20260711220000_seg_00214,026_rcc_13581541_20260711220000,SPEAKER_03,1541.92,1544.64,2.72,success,その作品にフィードバックさせるとこが。,success,思うために、その作品にフィードバックさせるところが。,False,19,26,7
,026_rcc_13581541_20260711220000_seg_00215,026_rcc_13581541_20260711220000,SPEAKER_02,1546.0,1547.04,1.04,success,この持論であって。,success,それ全く僕の持論であって。,False,9,13,4
,026_rcc_13581541_20260711220000_seg_00216,026_rcc_13581541_20260711220000,SPEAKER_02,1547.76,1560.96,13.2,success,本当に人格者、高校野球の監督が人格者で、本当に僕に対して愛情を持って接してくれる人だったら、俺、下手したら、野球で恩返しをしたい系のクソつまんない人間になってた可能性があるんじゃないかなと。,success,僕の持論であって、本当に人格者、高校野球の監督が人格者で、本当に僕に対して愛情を持って接してくれる人だったら、俺、下手したら、野球で恩返しをしたい系のクソつまんない人間になってた可能性があるんじゃないかなと。,False,95,104,9
,026_rcc_13581541_20260711220000_seg_00217,026_rcc_13581541_20260711220000,SPEAKER_02,1562.0,1567.76,5.76,success,今の自分を認めてないので、あのときの監督のおかげで今の自分があるみたいなことは、絶対言わないんですけど。,success,今の自分を認めてないのであの時の監督のおかげで今の自分があるみたいな事は絶対言わないんですけど。,False,52,48,-4
,026_rcc_13581541_20260711220000_seg_00218,026_rcc_13581541_20260711220000,SPEAKER_02,1568.48,1569.36,0.88,success,だけど。,success,だけど。,True,4,4,0
,026_rcc_13581541_20260711220000_seg_00219,026_rcc_13581541_20260711220000,SPEAKER_02,1569.84,1574.96,5.12,success,人格者のもとで育って、僕、大学でも補欠でもいいので、野球やりますとか言っちゃって。,success,だけど、人格者のもとで育って、僕、大学でも補欠でもいいので、野球やりますとか言っちゃって。,False,41,45,4
,026_rcc_13581541_20260711220000_seg_00220,026_rcc_13581541_20260711220000,SPEAKER_02,1575.2,1577.6,2.4,success,で何か社会出てすぐに離婚。,success,いいので野球やりますとか言っちゃって、なんか、社会出てすぐに。,False,13,31,18
,026_rcc_13581541_20260711220000_seg_00221,026_rcc_13581541_20260711220000,SPEAKER_01,1577.6,1579.12,1.52,success,高校駅伝、指導者とかになって。,success,なんか社会出てすぐに高校野球の指導者とかになって。,False,15,25,10
,026_rcc_13581541_20260711220000_seg_00222,026_rcc_13581541_20260711220000,SPEAKER_01,1580.32,1583.2,2.88,success,同じような人間として再生産されていく。,success,茶とかになって、もう同じような人間として再生産されていく。,False,19,29,10
,026_rcc_13581541_20260711220000_seg_00223,026_rcc_13581541_20260711220000,SPEAKER_01,1583.44,1584.64,1.2,success,依頼もあったわけじゃないですか。,success,園として再生産されていく未来もあったわけじゃないですか。,False,16,28,12
,026_rcc_13581541_20260711220000_seg_00224,026_rcc_13581541_20260711220000,SPEAKER_01,1585.6,1587.28,1.68,success,それにはやっぱなりたくなかったんで。,success,未来もあったわけじゃないですか、それにはやっぱなりたくなかったんで。,False,18,34,16
,026_rcc_13581541_20260711220000_seg_00225,026_rcc_13581541_20260711220000,SPEAKER_01,1588.32,1590.24,1.92,success,だからありがとうとは絶対言わないんですよ。,success,痛くなかったんで、だからありがとうとは絶対言わないんですよ。,False,21,30,9
,026_rcc_13581541_20260711220000_seg_00226,026_rcc_13581541_20260711220000,SPEAKER_01,1591.2,1596.48,5.28,success,言わないんですけど、でも、人格者がいいともかぎらないよなっていうふうには。,success,言わないんですけど、でも、人格者がいいともかぎらないよなっていうふうには。,True,37,37,0
,026_rcc_13581541_20260711220000_seg_00227,026_rcc_13581541_20260711220000,SPEAKER_03,1599.28,1601.12,1.84,success,そこがそこの学校という。,success,そこはそこの学校という。,False,12,12,0
,026_rcc_13581541_20260711220000_seg_00228,026_rcc_13581541_20260711220000,SPEAKER_03,1601.52,1603.04,1.52,success,エリアの中でだけ。,success,尾形君の学校というエリアの中でだけ。,False,9,18,9
,026_rcc_13581541_20260711220000_seg_00229,026_rcc_13581541_20260711220000,SPEAKER_03,1603.6,1604.72,1.12,success,その正義。,success,エリアの中でだけ、正義。,False,5,12,7
,026_rcc_13581541_20260711220000_seg_00230,026_rcc_13581541_20260711220000,SPEAKER_03,1604.96,1618.16,13.2,success,ふるまうことができる人じゃなくて、多少、ほかの社会とも接点があって、いろんな汚いこととか、いいことも含めて、いろんなことをやっぱ持ってこないと、成立しないじゃないですか。,success,その正義を振る舞うことができる人じゃなくて、多少、ほかの社会とも接点があって、いろんな汚いこととか、いいことも含めて、いろんなことをやっぱ持ってこないと、成立しないじゃないですか。,False,85,90,5
,026_rcc_13581541_20260711220000_seg_00231,026_rcc_13581541_20260711220000,SPEAKER_03,1618.72,1629.92,11.2,success,それ考えたときに暗黒だった中学高校があったプロが来るぐらいの実力あったそっから物書きは。,success,成立しないじゃないですか人としてそれ考えたときにその暗黒だった中学高校があったでプロが来るぐらいの実力あったそっから物書きは。,False,44,63,19
,026_rcc_13581541_20260711220000_seg_00232,026_rcc_13581541_20260711220000,SPEAKER_03,1630.72,1632.72,2.0,success,自信があるものだったんですか?,success,物書きは自信があるものだったんですか?,False,15,19,4
,026_rcc_13581541_20260711220000_seg_00233,026_rcc_13581541_20260711220000,SPEAKER_02,1634.4,1644.72,10.32,success,さっき言ったように、中学校2年生で、僕の人生から野球というものは完全になくなって、本当に冗談半分ですけど、ある種、余生が始まったのは中2だったと思ってるんですよ。,success,さっき言ったように、中学校2年生で、僕の人生から野球というものは完全になくなって、本当に冗談半分ですけど、ある種、余生が始まったのは中2だったと思ってるんですよ。,True,81,81,0
,026_rcc_13581541_20260711220000_seg_00234,026_rcc_13581541_20260711220000,SPEAKER_02,1645.2,1657.28,12.08,success,どうやって生きていっていいかも分からないまま、ふわふわと高校の野球をやっていたときに、本当に名門校だったんで、毎日のように大手新聞社の新聞記者という人たちが来るんですよ、グラウンドに。,success,どうやって生きていっていいかも分からないままふわふわと高校の野球やっていた時に本当に名門校だったんで毎日のように大手新聞社の新聞記者という人たちが来るんですよグラウンドに。,False,92,86,-6
,026_rcc_13581541_20260711220000_seg_00235,026_rcc_13581541_20260711220000,SPEAKER_02,1657.76,1662.56,4.8,success,彼らはチームのエースピッチャーとか4番バッターの話を聞きたいんですよね。,success,彼らはチームのエースピッチャーとか4番バッターの話を聞きたいんですよね。,True,36,36,0
,026_rcc_13581541_20260711220000_seg_00236,026_rcc_13581541_20260711220000,SPEAKER_02,1663.36,1671.76,8.4,success,だけど、うちのチーム、少なくとも僕の代は、エースも4番も、野球の天才ではあったけれども、別にことばは有意してなかったんです。,success,だけどうちのチーム少なくとも僕の代はエースも4番も野球の天才ではあったけれども別に言葉は有意してなかったんですよ。,False,62,57,-5
,026_rcc_13581541_20260711220000_seg_00237,026_rcc_13581541_20260711220000,SPEAKER_02,1672.64,1688.0,15.36,success,この記者という人たちが補欠の俺のところに来ればあなたたちの知りたいこともうある事ない事なんでもしゃべってあげるのにこいつらは俺の事を十把一からげの補欠としか補欠としてしか見てないんだなっていう風に思った時に。,success,だからこの記者という人たちが補欠の俺のところに来ればあなたたちの知りたい事もうある事ない事なんでもしゃべってあげるのにこいつらは俺の事を十把一からげの補欠としか補欠としてしか見てないんだなっていう風に思った時に。,False,104,106,2
,026_rcc_13581541_20260711220000_seg_00238,026_rcc_13581541_20260711220000,SPEAKER_02,1688.72,1692.64,3.92,success,俺、記者という仕事やったら、こいつらには少なくとも負けないなと思った日があった。,success,いうふうに思ったときに、俺、記者という仕事やったら、こいつらには少なくとも負けないなと思った日があった。,False,40,52,12
,026_rcc_13581541_20260711220000_seg_00239,026_rcc_13581541_20260711220000,SPEAKER_02,1693.52,1701.28,7.76,success,そのときに新聞記者っていうものと結び付いて、文章を書いて生きていくっていうことと出会ったのは、もう明確に高校2年生の。,success,その時に新聞記者っていうものと結び付いて文章を書いて生きていくっていうことと出会ったのはもう明確に高校2年生の。,False,59,56,-3
,026_rcc_13581541_20260711220000_seg_00240,026_rcc_13581541_20260711220000,SPEAKER_02,1702.56,1705.76,3.2,success,スタートは新聞記者でした、僕は。,success,2年生の、スタートは新聞記者でした、僕は。,False,16,21,5
,026_rcc_13581541_20260711220000_seg_00241,026_rcc_13581541_20260711220000,SPEAKER_03,1705.84,1707.68,1.84,success,じゃあねじ曲がったから。,success,むちゃくちゃねじ曲がった。,False,12,13,1
,026_rcc_13581541_20260711220000_seg_00242,026_rcc_13581541_20260711220000,SPEAKER_03,1708.72,1709.36,0.64,success,からっ!,success,今買ったら3階から。,False,4,10,6
,026_rcc_13581541_20260711220000_seg_00243,026_rcc_13581541_20260711220000,SPEAKER_03,1709.68,1712.08,2.4,success,ものすごいある意味短絡的にというか。,success,考えから、ものすごいある意味、短絡的にというか。,False,18,24,6
,026_rcc_13581541_20260711220000_seg_00244,026_rcc_13581541_20260711220000,SPEAKER_02,1712.08,1712.88,0.8,success,まあそうですね。,success,すごいある意味、短絡的にというか、そうですね、ぱっと。,False,8,27,19
,026_rcc_13581541_20260711220000_seg_00245,026_rcc_13581541_20260711220000,SPEAKER_03,1712.88,1714.4,1.52,success,やっと結び付いたってことですよね。,success,短絡的にというか、ぱっと結び付いたってことですよね。,False,17,26,9
,026_rcc_13581541_20260711220000_seg_00246,026_rcc_13581541_20260711220000,SPEAKER_01,1714.96,1720.16,5.2,success,なんか朝日新聞を名乗る人たちがこの程度なんだって思ったんでしょうね。,success,なんか朝日新聞を名乗る人たちがこの程度なんだって思ったんでしょうね。,True,34,34,0
,026_rcc_13581541_20260711220000_seg_00247,026_rcc_13581541_20260711220000,SPEAKER_01,1720.72,1722.0,1.28,success,くそ生意気なんですけど。,success,くそ生意気なんですけど。,True,12,12,0
,026_rcc_13581541_20260711220000_seg_00248,026_rcc_13581541_20260711220000,SPEAKER_03,1722.96,1724.24,1.28,success,高校生が。,success,生意気なんですけど高校生が?,False,5,14,9
,026_rcc_13581541_20260711220000_seg_00249,026_rcc_13581541_20260711220000,SPEAKER_03,1726.96,1727.659949,0.7,success,今日のゲストは。,success,今日のゲストは?,False,8,8,0
,026_rcc_13581541_20260711220000_seg_00250,026_rcc_13581541_20260711220000,SPEAKER_03,1731.76,1736.299902,4.54,success,面白いでしょ歯に衣着せぬとはまさにこのことみたいな感じでまだまだ!,success,面白いでしょ歯に衣着せぬとはまさにこのことみたいな感じでまだまだ!,True,33,33,0
,026_rcc_13581541_20260711220000_seg_00251,026_rcc_13581541_20260711220000,SPEAKER_01,1741.68,1745.44,3.76,success,備後福山で鉄の生産を始めて半世紀以上。,success,備後福山で鉄の生産を始めて半世紀以上。,True,19,19,0
,026_rcc_13581541_20260711220000_seg_00252,026_rcc_13581541_20260711220000,SPEAKER_01,1746.24,1747.339941,1.1,success,私たちの暮らしに。,success,半世紀以上私たちの暮らしに。,False,9,14,5
,026_rcc_13581541_20260711220000_seg_00253,026_rcc_13581541_20260711220000,SPEAKER_01,1756.32,1756.939917,0.62,success,挑戦。,success,挑戦。,True,3,3,0
,026_rcc_13581541_20260711220000_seg_00254,026_rcc_13581541_20260711220000,SPEAKER_03,1781.2,1790.32,9.12,success,僕も今、自分がメディアを、放送を持たせてもらってるじゃないですか、だからよく、高校野球の春とか、夏とかの。,success,僕も今自分がメディアを放送を持たせてもらってるじゃないですかだからよく高校野球の春とか夏とかの。,False,53,48,-5
,026_rcc_13581541_20260711220000_seg_00255,026_rcc_13581541_20260711220000,SPEAKER_03,1790.72,1799.04,8.32,success,馬評みたいなのが出てくるじゃないですか行ったとき分かるわけないじゃんこんな人たちにっつってここが優勝候補ですとか言うけど知らないでしょ?,success,春とか夏とかの下馬評みたいなのが出てくるじゃないですか時分かるわけないじゃんこんな人たちにっつってでここが優勝候補ですとか言うけど知らないでしょ?,False,68,73,5
,026_rcc_13581541_20260711220000_seg_00256,026_rcc_13581541_20260711220000,SPEAKER_03,1799.52,1800.56,1.04,success,見てないでしょ?,success,知らないでしょ?とかって見てないでしょ?っつって。,False,8,25,17
,026_rcc_13581541_20260711220000_seg_00257,026_rcc_13581541_20260711220000,SPEAKER_03,1800.88,1802.8,1.92,success,それは伝統校だったり。,success,っつって、見てないでしょ?っつって。,False,11,18,7
,026_rcc_13581541_20260711220000_seg_00258,026_rcc_13581541_20260711220000,SPEAKER_01,1802.88,1803.84,0.96,success,この名前だけですよ。,success,それは伝統校だったり、過去の名前だけですよ。,False,10,22,12
,026_rcc_13581541_20260711220000_seg_00259,026_rcc_13581541_20260711220000,SPEAKER_03,1803.84,1820.96,17.12,success,今、こいつが4番がいるよとか、エースがいるよとか、みたいな、大まかなことばっかりを見て、しゃべってっけど、分かるわけないよ、そんなのって、だってそんな来てないし、がっつり分かるほど、全部見てるわけでもない、同じ人が、それ、話すり合わせてるだけだからさ。,success,どうこうだったり、過去の名前だけですよね。とか、今、こいつが4番がいるよとか、エースがいるよとかみたいな、大まかなことばっかりを見て、しゃべってっけど、分かるわけないよ、そんなのって、だってそんな来てないし、がっつり分かるほど、全部見てるわけでもない、同じ人が、それ、話すり合わせてるだけだからさ。,False,126,149,23
,026_rcc_13581541_20260711220000_seg_00260,026_rcc_13581541_20260711220000,SPEAKER_03,1821.92,1829.12,7.2,success,平気で言うから、だけど僕は、それをもってして、じゃあ、そっち側に回ってやろうとは思ってなかったけど。,success,居合わせてるだけだからさみたいなことは、平気で言うから、だけど僕は、それをもってして、じゃあ、そっち側に回ってやろうとは思ってなかったけど。,False,50,70,20
,026_rcc_13581541_20260711220000_seg_00261,026_rcc_13581541_20260711220000,SPEAKER_03,1829.76,1834.0,4.24,success,少なからずとも、例えば作文を書くのが面倒くさくなかったとか。,success,思ってなかったけど少なからずとも例えば作文を書くのが面倒くさくなかったとか。,False,30,38,8
,026_rcc_13581541_20260711220000_seg_00262,026_rcc_13581541_20260711220000,SPEAKER_03,1834.24,1836.64,2.4,success,自分をこう表現する。,success,面倒くさくなかったとか自分をこう表現する。,False,10,21,11
,026_rcc_13581541_20260711220000_seg_00263,026_rcc_13581541_20260711220000,SPEAKER_03,1837.12,1841.2,4.08,success,自分の世界観を人に伝えるみたいなのが得意な子ではあったんですか?,success,こう表現する自分の世界観を人に伝えるみたいなのが得意な子ではあったんですか?,False,32,38,6
,026_rcc_13581541_20260711220000_seg_00264,026_rcc_13581541_20260711220000,SPEAKER_01,1841.28,1842.16,0.88,success,うんうんあっ僕。,success,みたいなのが得意な子ではあったんですか?,False,8,20,12
,026_rcc_13581541_20260711220000_seg_00265,026_rcc_13581541_20260711220000,SPEAKER_01,1842.96,1844.4,1.44,success,僕は得意でした。,success,僕は得意でした。,True,8,8,0
,026_rcc_13581541_20260711220000_seg_00266,026_rcc_13581541_20260711220000,SPEAKER_01,1845.92,1849.28,3.36,success,本当にそれこそ小学校のとき作文で賞はもらってたんですけど。,success,なんだけど本当にそれこそ小学校の時作文で賞はもらってたんですけど。,False,29,33,4
,026_rcc_13581541_20260711220000_seg_00267,026_rcc_13581541_20260711220000,SPEAKER_03,1867.12,1868.08,0.96,success,できたら。,success,裏を行こうとしてたんです、当時から。,False,5,18,13
,026_rcc_13581541_20260711220000_seg_00268,026_rcc_13581541_20260711220000,SPEAKER_02,1868.8,1870.08,1.28,success,こんなの書けばどうせ落ちる。,success,でこんなの書きゃどうせ落ち着く。,False,14,16,2
,026_rcc_13581541_20260711220000_seg_00269,026_rcc_13581541_20260711220000,SPEAKER_03,1875.2,1875.92,0.72,success,はいはい。,success,はいはいはい。,False,5,7,2
,026_rcc_13581541_20260711220000_seg_00270,026_rcc_13581541_20260711220000,SPEAKER_02,1876.8,1898.32,21.52,success,ザリガニっていう、もう忘れもしないんですけど、小学校3、4年生のときの夏休みの課題が、ザリガニ捕りの絵を描けっていうやつで、みんなどうせこんなザリガニを両手に持って、にこにこしてる絵を描いてくるだろうなと思ったときに、僕は画用紙いっぱいに人の目を描いて、その目にザリガニを一生懸命取ってる僕自身の姿を描いたんですよ。,success,ザリガニ捕りっていうもう忘れもしないんですけど小学校34年生の時の夏休みの課題がザリガニ捕りの絵を描けっていうやつでみんなどうせこんなザリガニを両手に持ってニコニコしてる絵を描いてくるだろうなと思った時に僕は画用紙いっぱいに人の目を描いてその目にザリガニを一生懸命取ってる僕自身の姿を描いたんですよ。,False,158,150,-8
,026_rcc_13581541_20260711220000_seg_00271,026_rcc_13581541_20260711220000,SPEAKER_03,1898.32,1898.96,0.64,success,どうしたのよ。,success,自身の姿を描いたんです、瞳の中に。,False,7,17,10
,026_rcc_13581541_20260711220000_seg_00272,026_rcc_13581541_20260711220000,SPEAKER_03,1899.36,1899.92,0.56,success,はいはいはい。,success,はいはいはい。,True,7,7,0
,026_rcc_13581541_20260711220000_seg_00273,026_rcc_13581541_20260711220000,SPEAKER_02,1899.92,1904.0,4.08,success,それはやっぱり横浜市で賞をもらうんですよ、絵は下手なんですけど。,success,それやっぱ横浜市で賞をもらうんですよ。,False,32,19,-13
,026_rcc_13581541_20260711220000_seg_00274,026_rcc_13581541_20260711220000,SPEAKER_01,1904.0,1906.16,2.16,success,それと同じことを作文でもやってたんです。,success,絵は下手なんですけどそれと同じことを作文でもやってたんです。,False,20,30,10
,026_rcc_13581541_20260711220000_seg_00275,026_rcc_13581541_20260711220000,SPEAKER_01,1906.8,1909.28,2.48,success,みんながこんなの書きそうなら俺はこんなの書こう。,success,みんながこんなの書きそうなら俺はこんなの書こう。,True,24,24,0
,026_rcc_13581541_20260711220000_seg_00276,026_rcc_13581541_20260711220000,SPEAKER_01,1910.0,1912.48,2.48,success,女の書いたらどうせ大人は喜ぶみたいなのを。,success,俺はこんなの書こうこんなの書いたらどうせ大人は喜ぶみたいなのを。,False,21,32,11
,026_rcc_13581541_20260711220000_seg_00277,026_rcc_13581541_20260711220000,SPEAKER_01,1912.88,1914.4,1.52,success,僕、いまだにやってる気がします。,success,大人喜ぶみたいなのを僕いまだにやってる気がします。,False,16,25,9
,026_rcc_13581541_20260711220000_seg_00278,026_rcc_13581541_20260711220000,SPEAKER_03,1914.72,1922.08,7.36,success,でもそれこそ早見さんと横山がくしくも特集されたランキング。,success,僕、いまだにやってる気がしまあでも、それこそ早見さんと横山がくしくも特集されたランキング。,False,29,45,16
,026_rcc_13581541_20260711220000_seg_00279,026_rcc_13581541_20260711220000,SPEAKER_03,1922.8,1929.36,6.56,success,に早見さんのこと書いてあって速水さんの作品群ってちょっとだけふかん感。,success,特集されたランティエに早見さんのこと書いてあって速水さんの作品群ってちょっとだけふかん感。,False,35,45,10
,026_rcc_13581541_20260711220000_seg_00280,026_rcc_13581541_20260711220000,SPEAKER_03,1930.08,1930.8,0.72,success,みたいな。,success,ふかん感みたいな。,False,5,9,4
,026_rcc_13581541_20260711220000_seg_00281,026_rcc_13581541_20260711220000,SPEAKER_03,1931.04,1934.64,3.6,success,ひと事感みたいなのが作品に漂うと。,success,感みたいなひと事感みたいなのが作品に漂うと。,False,17,22,5
,026_rcc_13581541_20260711220000_seg_00282,026_rcc_13581541_20260711220000,SPEAKER_03,1935.04,1953.739966,18.7,success,みたいなことが陽樹さんもおっしゃってたし書かれていたんですでそれ考えるとまさにそうやって小説とかいわゆる自分の身近に起こる絵本だったら悲しきデブ猫ちゃんとかもそうだけどそういうグーッとこう近くに被写体に寄っていくってことよりもちょっとだけ引いてますみたいな。,success,作品に漂うとみたいなことが陽樹さんもおっしゃってたし書かれていたんですでそれ考えるとまさにそうやって小説とかいわゆる自分の身近に起こる絵本だったら悲しきデブ猫ちゃんとかもそうだけどそういうぐーっとこう近くに被写体に寄っていくってことよりもちょっとだけ引いてますみたいな。,False,129,135,6
,026_rcc_13581541_20260711220000_seg_00283,026_rcc_13581541_20260711220000,SPEAKER_03,1954.96,1956.16,1.2,success,のかもしれないですね。,success,引いてますみたいなあるのかもしれないですね。,False,11,22,11
,026_rcc_13581541_20260711220000_seg_00284,026_rcc_13581541_20260711220000,SPEAKER_01,1956.24,1958.4,2.16,success,僕、生きてく過程の中で。,success,あるのかもしれないですね、僕、生きていく過程の中で。,False,12,26,14
,026_rcc_13581541_20260711220000_seg_00285,026_rcc_13581541_20260711220000,SPEAKER_01,1965.84,1966.8,0.96,success,合コンしてるときに。,success,顕著なのは合コンなんですけど合コンしてるときに。,False,10,24,14
,026_rcc_13581541_20260711220000_seg_00286,026_rcc_13581541_20260711220000,SPEAKER_01,1969.44,1970.0,0.56,success,持ってるだけ。,success,無我夢中になったら終わりだと思ってるんで。,False,7,21,14
,026_rcc_13581541_20260711220000_seg_00287,026_rcc_13581541_20260711220000,SPEAKER_01,1974.08,1976.24,2.16,success,もう1人の自分が見てるつもりで。,success,あの後頭部をもう一人の自分が見てるつもりで。,False,16,22,6
,026_rcc_13581541_20260711220000_seg_00288,026_rcc_13581541_20260711220000,SPEAKER_01,1982.64,1983.36,0.72,success,言うならば。,success,本当に今、言語化するならば。,False,6,14,8
,026_rcc_13581541_20260711220000_seg_00289,026_rcc_13581541_20260711220000,SPEAKER_02,1985.6,1987.6,2.0,success,女の子に対して話しかけてたんですよね。,success,一番輪になじめてない女の子に対して話しかけてたんですよね。,False,19,29,10
,026_rcc_13581541_20260711220000_seg_00290,026_rcc_13581541_20260711220000,SPEAKER_03,1987.6,1988.16,0.56,success,いやいやいや。,success,女の子に対して話しかけてたんですよね。,False,7,19,12
,026_rcc_13581541_20260711220000_seg_00291,026_rcc_13581541_20260711220000,SPEAKER_02,1988.16,1992.48,4.32,success,そうすると一番かわいい子にモテるっていう必然があるんですけども。,success,そうすると一番かわいい子にモテるっていう必然があるんですけども。,True,32,32,0
,026_rcc_13581541_20260711220000_seg_00292,026_rcc_13581541_20260711220000,SPEAKER_02,1993.44,2002.88,9.44,success,その僕が唯一ふかんの目を持てずにしゃにむにならなかったら取り組めなかったのがデビュー作の108だったんですよ。,success,縁があるんですけども、その僕が唯一、ふかんの目を持てずに、しゃにむにならなかったら、取り組めなかったのが、デビュー作の108だったんですよ。,False,55,70,15
,026_rcc_13581541_20260711220000_seg_00293,026_rcc_13581541_20260711220000,SPEAKER_03,2002.96,2003.76,0.8,success,はいはいはいはい。,success,なかったのがデビュー作の108だったんですよ。,False,9,23,14
,026_rcc_13581541_20260711220000_seg_00294,026_rcc_13581541_20260711220000,SPEAKER_02,2003.84,2005.76,1.92,success,その作業はやっぱ楽しかったですよね。,success,その作業はやっぱり楽しかったですよね。,False,18,19,1
,026_rcc_13581541_20260711220000_seg_00295,026_rcc_13581541_20260711220000,SPEAKER_03,2005.84,2006.4,0.56,success,うんうん。,success,その作業はやっぱ楽しかったですよね。,False,5,18,13
,026_rcc_13581541_20260711220000_seg_00296,026_rcc_13581541_20260711220000,SPEAKER_02,2006.48,2012.0,5.52,success,引いた目でなんて見てられないって、もう本当に自分の全部を注ぎ込まなければ。,success,やっぱ楽しかったんですよね、引いた目でなんて見てられないって、もう本当に自分の全部を注ぎ込まなければ。,False,37,51,14
,026_rcc_13581541_20260711220000_seg_00297,026_rcc_13581541_20260711220000,SPEAKER_02,2012.24,2013.28,1.04,success,あの。,success,全部を注ぎ込まなければ。,False,3,12,9
,026_rcc_13581541_20260711220000_seg_00298,026_rcc_13581541_20260711220000,SPEAKER_02,2013.76,2017.6,3.84,success,成立させられないものとしての小説書きがあったんで。,success,あの成立させられないものとしての小説書きがあったんで。,False,25,27,2
,026_rcc_13581541_20260711220000_seg_00299,026_rcc_13581541_20260711220000,SPEAKER_02,2017.92,2019.28,1.36,success,いまだに飽きずに。,success,打つかきがあったんでいまだに飽きずに。,False,9,19,10
,026_rcc_13581541_20260711220000_seg_00300,026_rcc_13581541_20260711220000,SPEAKER_02,2020.64,2025.12,4.48,success,でも2作目以降はいかにそこに不快の目を持ち込めるかを勝負してやって。,success,でも2作目以降はいかにそこにふかんの目を持ち込めるかを勝負してやって。,False,34,35,1
,026_rcc_13581541_20260711220000_seg_00301,026_rcc_13581541_20260711220000,SPEAKER_02,2025.92,2036.64,10.72,success,ある程度やれるなと思った時に僕7作目でイノセントデイズという死刑囚の話を書いてるんですけどもその時に技術としてもう一回潜り込むという作業をしてみようっていうふうに思って。,success,勝負してやっていってある程度やれるなと思った時に僕7作目でイノセントデイズという死刑囚の話を書いてるんですけどもその時に技術としてもう一回潜り込むという作業をしてみようっていうふうに思って。,False,85,95,10
,026_rcc_13581541_20260711220000_seg_00302,026_rcc_13581541_20260711220000,SPEAKER_02,2037.76,2040.0,2.24,success,そこからはだいぶ小説家としていろんな。,success,見ようっていうふうに思って、そこからはだいぶ、小説家としていろいろ。,False,19,34,15
,026_rcc_13581541_20260711220000_seg_00303,026_rcc_13581541_20260711220000,SPEAKER_01,2040.16,2043.44,3.28,success,いろんなことを出し引きできるようになっていった感じがあります。,success,だいぶ小説家として、いろいろなことを出し引きできるようになっていった感じがあります。,False,31,42,11
,026_rcc_13581541_20260711220000_seg_00304,026_rcc_13581541_20260711220000,SPEAKER_03,2043.52,2047.2,3.68,success,それこそ速水さんも横山も。,success,できるようになっていった感じがあそれこそ、速水さんも横山も。,False,13,30,17
,026_rcc_13581541_20260711220000_seg_00305,026_rcc_13581541_20260711220000,SPEAKER_03,2047.44,2049.84,2.4,success,角川春樹チルドレンみたいなところちょっとあるじゃないですか。,success,速水さんも横山もちょっと角川春樹チルドレンみたいなとこちょっとあるじゃないですか。,False,30,41,11
,026_rcc_13581541_20260711220000_seg_00306,026_rcc_13581541_20260711220000,SPEAKER_01,2049.84,2050.88,1.04,success,僕はそんなこと思ってないです。,success,川陽樹チルドレンみたいなところ、ちょっとあるじゃないですか僕はそんなこと思ってないですけど。,False,15,46,31
,026_rcc_13581541_20260711220000_seg_00307,026_rcc_13581541_20260711220000,SPEAKER_03,2051.68,2055.36,3.68,success,行ったときに、角川春樹もイノセントデイズで。,success,僕はそんなこと思ってないですけど行った時に角川春樹もイノセントデイズで。,False,22,36,14
,026_rcc_13581541_20260711220000_seg_00308,026_rcc_13581541_20260711220000,SPEAKER_03,2055.84,2058.24,2.4,success,速水は次のところに行き始めた。,success,イノセントデイズで、速水は次のところに行き始めた。,False,15,25,10
,026_rcc_13581541_20260711220000_seg_00309,026_rcc_13581541_20260711220000,SPEAKER_03,2058.64,2059.44,0.8,success,明確に。,success,次のところに行き始めたって、明確に。,False,4,18,14
,026_rcc_13581541_20260711220000_seg_00310,026_rcc_13581541_20260711220000,SPEAKER_03,2059.92,2060.88,0.96,success,おっしゃってるから。,success,って明確におっしゃってるから。,False,10,15,5
,026_rcc_13581541_20260711220000_seg_00311,026_rcc_13581541_20260711220000,SPEAKER_03,2061.28,2066.64,5.36,success,だからそのいわゆる被写体や小説の世界観との距離感っていうの。,success,おっしゃってるから、だからそのいわゆる被写体や小説の世界観との距離感っていうのが。,False,30,41,11
,026_rcc_13581541_20260711220000_seg_00312,026_rcc_13581541_20260711220000,SPEAKER_03,2067.36,2071.12,3.76,success,速水さんはそのバランスを取りながらというか。,success,距離感っていうのを速水さんはそのバランスを取りながらというか。,False,22,31,9
,026_rcc_13581541_20260711220000_seg_00313,026_rcc_13581541_20260711220000,SPEAKER_03,2071.36,2073.84,2.48,success,自分の中で一番心地よいところを探しながら。,success,バランスを取りながらというか自分の中で一番心地よいとこを探しながら。,False,21,34,13
,026_rcc_13581541_20260711220000_seg_00314,026_rcc_13581541_20260711220000,SPEAKER_03,2074.4,2076.48,2.08,success,作品と進んでたんでしょうね。,success,心地よいところを探しながら作品と進んでたんでしょうね。,False,14,27,13
,026_rcc_13581541_20260711220000_seg_00315,026_rcc_13581541_20260711220000,SPEAKER_03,2076.8,2077.52,0.72,success,どうなんでしょうね。,success,進んでたんでしょうね、今もそうなんでしょうね。,False,10,23,13
,026_rcc_13581541_20260711220000_seg_00316,026_rcc_13581541_20260711220000,SPEAKER_01,2077.52,2084.88,7.36,success,そうですね、やっぱテーマと、じゃあ、ジャンルによって、自分の視点をどこに置くかっていうのは、無意識下でやってると思います。,success,やっぱテーマとじゃあジャンルによって自分の視点をどこに置くかっていうのは無意識下でやってると思います。,False,61,51,-10
,026_rcc_13581541_20260711220000_seg_00317,026_rcc_13581541_20260711220000,SPEAKER_03,2085.52,2097.12,11.6,success,そのいろんなでも店長がバカすぎてももちろんあるロイヤルファミリーもある日曜劇場でご覧になった方いっぱいいると思うけど馬主の話。,success,やってると思いますその色んなでも店長がバカすぎてももちろんあるロイヤルファミリーもあるだから日曜劇場でご覧になった方いっぱいいると思うけどその馬主の話。,False,63,76,13
,026_rcc_13581541_20260711220000_seg_00318,026_rcc_13581541_20260711220000,SPEAKER_03,2097.36,2098.0,0.64,success,もう書くわけ。,success,馬主の話も書くわけですよ。,False,7,13,6
,026_rcc_13581541_20260711220000_seg_00319,026_rcc_13581541_20260711220000,SPEAKER_03,2098.56,2100.16,1.6,success,108は自分というか。,success,話も書くわけじゃないですか。,False,11,14,3
,026_rcc_13581541_20260711220000_seg_00320,026_rcc_13581541_20260711220000,SPEAKER_03,2100.96,2102.16,1.2,success,母校の補欠の話。,success,108は自分と一緒、高校の補欠の話。,False,8,18,10
,026_rcc_13581541_20260711220000_seg_00321,026_rcc_13581541_20260711220000,SPEAKER_03,2102.4,2105.52,3.12,success,店長がばかすぎては、書店の店長さんがばかで。,success,高校の補欠の話とか、店長がばかすぎては、書店の店長さんがばかで。,False,22,32,10
,026_rcc_13581541_20260711220000_seg_00322,026_rcc_13581541_20260711220000,SPEAKER_03,2105.84,2108.48,2.64,success,全然読めずにみたいな人がちょっとおもしろいよと。,success,書店の店長さんがばかで、空気全然読めずにみたいな人が、ちょっとおもしろいよと。,False,24,39,15
,026_rcc_13581541_20260711220000_seg_00323,026_rcc_13581541_20260711220000,SPEAKER_03,2108.88,2109.92,1.04,success,光に描かれてるとか。,success,人がちょっとおもしろいよと、コミカルに描かれてるとか。,False,10,27,17
,026_rcc_13581541_20260711220000_seg_00324,026_rcc_13581541_20260711220000,SPEAKER_03,2110.32,2112.88,2.56,success,いろんな設定を持ってくるわけじゃないですか。,success,コミカルに描かれてるとか、いろんな設定を持ってくるわけじゃないですか。,False,22,35,13
,026_rcc_13581541_20260711220000_seg_00325,026_rcc_13581541_20260711220000,SPEAKER_01,2112.88,2113.68,0.8,success,そうですねはい。,success,設定を持ってくるわけじゃないですか。,False,8,18,10
,026_rcc_13581541_20260711220000_seg_00326,026_rcc_13581541_20260711220000,SPEAKER_03,2113.68,2115.6,1.92,success,それは小説家ではあるけども。,success,それは小説家ではあるけども。,True,14,14,0
,026_rcc_13581541_20260711220000_seg_00327,026_rcc_13581541_20260711220000,SPEAKER_03,2116.0,2117.76,1.76,success,プロデュース的な感覚でもあるじゃないですか。,success,小説家ではあるけども、プロデュース的な感覚でもあるじゃないですか。,False,22,33,11
,026_rcc_13581541_20260711220000_seg_00328,026_rcc_13581541_20260711220000,SPEAKER_01,2117.76,2118.32,0.56,success,そうですね。,success,プロデュース的な感覚でもあるじゃないですか。,False,6,22,16
,026_rcc_13581541_20260711220000_seg_00329,026_rcc_13581541_20260711220000,SPEAKER_03,2118.32,2119.84,1.52,success,主人公を誰に持ってくるって。,success,ループ的な感覚でもあるじゃないですか、主人公を誰に持ってくるって。,False,14,33,19
,026_rcc_13581541_20260711220000_seg_00330,026_rcc_13581541_20260711220000,SPEAKER_03,2120.32,2122.32,2.0,success,馬主はどうだったんですか?,success,主人公を誰に持ってくる?っていったときに、馬主はどうだったんですか?,False,13,34,21
,026_rcc_13581541_20260711220000_seg_00331,026_rcc_13581541_20260711220000,SPEAKER_01,2122.72,2123.44,0.72,success,馬主は?,success,馬主はどうだったんですか?,False,4,13,9
,026_rcc_13581541_20260711220000_seg_00332,026_rcc_13581541_20260711220000,SPEAKER_01,2123.84,2125.92,2.08,success,本当に競馬というものが。,success,馬主は本当に競馬というものが。,False,12,15,3
,026_rcc_13581541_20260711220000_seg_00333,026_rcc_13581541_20260711220000,SPEAKER_01,2126.48,2134.0,7.52,success,自分の人生の中で一番楽しかった瞬間って大学時代にやってた競馬だなっていうふうなところからスタートしたんですよ。,success,競馬というものが自分の人生の中で一番楽しかった瞬間って大学時代にやってた競馬だなっていうふうなところからスタートしたんですよ。,False,55,63,8
,026_rcc_13581541_20260711220000_seg_00334,026_rcc_13581541_20260711220000,SPEAKER_03,2134.0,2134.64,0.64,success,はいはいはい。,success,かなっていうふうなところからスタートしたんですよ。,False,7,25,18
,026_rcc_13581541_20260711220000_seg_00335,026_rcc_13581541_20260711220000,SPEAKER_01,2134.72,2154.24,19.52,success,だけど、競馬を楽しいものとして、ただ書くだけじゃおもしろくないなと思ったときに、あのとき、自分が何を思ってたかなと思うと、本当、僕のなけなしの最後の500円を賭けて、負けて、僕は東京競馬場から杉並まで歩いて帰ることになることが決定してる中で。,success,だけど競馬を楽しいものとしてただ書くだけじゃおもしろくないなと思ったときにあのとき自分が何を思ってたかなって思うと本当僕のなけなしの最後の500円を賭けて負けて僕は東京競馬場から杉並まで歩いて帰ることになることが決定してる中で。,False,121,114,-7
,026_rcc_13581541_20260711220000_seg_00336,026_rcc_13581541_20260711220000,SPEAKER_01,2154.72,2156.56,1.84,success,ウィナーズサークルというところで。,success,ことが決定してる中で、ウィナーズサークルというところで。,False,17,28,11
,026_rcc_13581541_20260711220000_seg_00337,026_rcc_13581541_20260711220000,SPEAKER_01,2157.28,2158.56,1.28,success,種馬主が。,success,サークルというところで、汚え馬主が。,False,5,18,13
,026_rcc_13581541_20260711220000_seg_00338,026_rcc_13581541_20260711220000,SPEAKER_01,2159.12,2160.64,1.52,success,じゃねえお姉ちゃんをはべらして。,success,汚え馬主が、汚えお姉ちゃんをはべらかして。,False,16,21,5
,026_rcc_13581541_20260711220000_seg_00339,026_rcc_13581541_20260711220000,SPEAKER_01,2161.36,2163.12,1.76,success,その口取り式っていって。,success,お姉ちゃんをはべらかして口取り式って言って。,False,12,22,10
,026_rcc_13581541_20260711220000_seg_00340,026_rcc_13581541_20260711220000,SPEAKER_01,2163.76,2170.08,6.32,success,勝った、自分の勝った馬をめでてるシーンを見たときに、もう許せねえな、こいつらって思ったんですよ。,success,口取り式っていって、勝った、自分の勝った馬をめでてるシーンを見たときに、もう許せねえな、こいつらって思ったんですよ。,False,48,58,10
,026_rcc_13581541_20260711220000_seg_00341,026_rcc_13581541_20260711220000,SPEAKER_03,2170.08,2172.24,2.16,success,もうこの像がもう。,success,しねえな、こいつらって思ったんですよ、もうこの憎悪がもう。,False,9,29,20
,026_rcc_13581541_20260711220000_seg_00342,026_rcc_13581541_20260711220000,SPEAKER_03,2172.88,2174.24,1.36,success,負けら負けたから俺。,success,憎悪がもう自分が負けたから。,False,10,14,4
,026_rcc_13581541_20260711220000_seg_00343,026_rcc_13581541_20260711220000,SPEAKER_01,2174.24,2178.88,4.64,success,俺の財産でこいつら幸せになってるっていう逆恨みをしてたんです。,success,自分が負けたから、俺の、俺の財産でこいつらは幸せになってるっていう逆恨みをしてたんで。,False,31,43,12
,026_rcc_13581541_20260711220000_seg_00344,026_rcc_13581541_20260711220000,SPEAKER_01,2179.2,2185.12,5.92,success,であの馬主っていう人たちは何者なんだろうっていう疑問はずっとあった中で。,success,であの馬主っていう人たちは何者なんだろうっていう疑問はずっとあった中で。,True,36,36,0
,026_rcc_13581541_20260711220000_seg_00345,026_rcc_13581541_20260711220000,SPEAKER_01,2185.44,2195.2,9.76,success,馬主を切り口にしてみたいなと思って調べ始めたら山王公蔵というドラマ女王佐藤浩市さんが演じられてる馬主が。,success,ずっとあった中で馬主を切り口にしてみたいなと思って調べ始めたら山王公蔵というドラマ女王佐藤浩市さんが演じられてる馬主が。,False,52,60,8
,026_rcc_13581541_20260711220000_seg_00346,026_rcc_13581541_20260711220000,SPEAKER_01,2195.44,2207.68,12.24,success,多分視聴者読者が最初何だこのおやじっていうふうに見てたものがその山王公像が輪が進んでいくたびに話が進んでいくたびにどんどん好きなキャラクターになっていって。,success,多分視聴者読者が最初何だこのおやじっていうふうに見てたものがその三王公像が輪が進んでいくたびに話が進んでいくたびにどんどん好きなキャラクターになっていって。,False,78,78,0
,026_rcc_13581541_20260711220000_seg_00347,026_rcc_13581541_20260711220000,SPEAKER_01,2208.16,2212.96,4.8,success,みんなが最後、山小僧の亡くなる瞬間に涙を流すようになるんですけど。,success,好きなキャラクターになっていって、みんなが最後、山小僧の亡くなる瞬間に涙を流すようになるんですけど。,False,33,50,17
,026_rcc_13581541_20260711220000_seg_00348,026_rcc_13581541_20260711220000,SPEAKER_01,2213.52,2220.88,7.36,success,それは僕が調べていく過程で馬主という人たちに対する目線がどんどんどんどん変わっていったんですよ。,success,ようになるんですけど、それは僕が調べていく過程で、馬主という人たちに対する目線がどんどんどんどん変わっていったんですよ。,False,48,60,12
,026_rcc_13581541_20260711220000_seg_00349,026_rcc_13581541_20260711220000,SPEAKER_01,2221.76,2238.72,16.96,success,この人たちが抱えている孤独とか、この人たちしか抱えていない寂しさとかが、もう本当にある人が多かったんですよ、話聞かせてもらった人たちの中に、だから山王公蔵の映り方の変遷は、僕の馬主に対する思いの変遷であるのは間違いなくて。,success,この人たちが抱えてる孤独とかこの人たちしか抱えていない寂しさとかがもうホントにある人が多かったんですよ話聞かせてもらった人達の中に。だから山王公蔵の映り方の変遷は僕の馬主に対する思いの変遷であるのは間違いなくて。,False,111,106,-5
,026_rcc_13581541_20260711220000_seg_00350,026_rcc_13581541_20260711220000,SPEAKER_03,2238.72,2244.32,5.6,success,忌み嫌い、縁もゆかりもないのに、憎しみの視線で見ていた。,success,変遷であるのは間違いなあの忌み嫌い、縁もゆかりもないのに、憎しみの視線で見ていた。,False,28,41,13
,026_rcc_13581541_20260711220000_seg_00351,026_rcc_13581541_20260711220000,SPEAKER_03,2244.72,2246.96,2.24,success,あの男たちは実はこんなに。,success,の視線で見ていたあの男たちは実はこんなに。,False,13,21,8
,026_rcc_13581541_20260711220000_seg_00352,026_rcc_13581541_20260711220000,SPEAKER_01,2246.96,2248.4,1.44,success,いろんなものを背負って。,success,男たちは実はこんなにいろんなものを背負って。,False,12,22,10
,026_rcc_13581541_20260711220000_seg_00353,026_rcc_13581541_20260711220000,SPEAKER_01,2248.96,2250.48,1.52,success,闘ってる人が多かったです。,success,いろんなものを背負って、ちゃんと戦ってる人が多かったです。,False,13,29,16
,026_rcc_13581541_20260711220000_seg_00354,026_rcc_13581541_20260711220000,SPEAKER_01,2251.6,2253.44,1.84,success,汚いだけのおやじも山ほどいましたけど。,success,汚いだけのおやじも山ほどいましたけど。,True,19,19,0
,026_rcc_13581541_20260711220000_seg_00355,026_rcc_13581541_20260711220000,SPEAKER_01,2254.16,2256.32,2.16,success,僕の好きな馬主さんたちは。,success,おやじも山ほどいましたけど僕の好きな馬主さんたちは。,False,13,26,13
,026_rcc_13581541_20260711220000_seg_00356,026_rcc_13581541_20260711220000,SPEAKER_01,2256.64,2258.16,1.52,success,抱えてる人が多かったですね。,success,好きな馬主さんたちは抱えてる人が多かったですね。,False,14,24,10
,026_rcc_13581541_20260711220000_seg_00357,026_rcc_13581541_20260711220000,SPEAKER_03,2258.8,2267.76,8.96,success,でもそれも例えば一番最初に書き始めようと思うじゃないですかったらある意味全然知らない世界を描く。,success,でもそれも例えば一番最初に書き始めようと思うじゃないですかある意味全然知らない世界を描いた。,False,48,46,-2
,026_rcc_13581541_20260711220000_seg_00358,026_rcc_13581541_20260711220000,SPEAKER_03,2268.64,2275.28,6.64,success,調べなきゃいけないし、書き進める前にある意味、プロットみたいなのを作っていかなきゃいけないじゃないですか。,success,全然知らない世界を描くから調べなきゃいけないしで描き進める前にある意味プロットみたいなのを作っていかなきゃいけないじゃないですか。,False,53,65,12
,026_rcc_13581541_20260711220000_seg_00359,026_rcc_13581541_20260711220000,SPEAKER_03,2275.76,2279.04,3.28,success,速水さんはどのぐらいまで書き始める段階で?,success,作っていかなきゃいけないじゃないですか、そしたら、速水さんはどのぐらいまで書き始める段階で。,False,21,46,25
,026_rcc_13581541_20260711220000_seg_00360,026_rcc_13581541_20260711220000,SPEAKER_03,2279.44,2283.68,4.24,success,もう完成したもののイメージができてるんですか?,success,描き始める段階でもう完成したもののイメージができてるんですか?,False,23,31,8
,026_rcc_13581541_20260711220000_seg_00361,026_rcc_13581541_20260711220000,SPEAKER_01,2284.08,2285.6,1.52,success,作品によります。,success,のイメージができてるんですか?,False,8,15,7
,026_rcc_13581541_20260711220000_seg_00362,026_rcc_13581541_20260711220000,SPEAKER_01,2285.84,2291.6,5.76,success,ロイヤルファミリーに関しては、本当にざくっとしか作ってなかったです。,success,作品によります、ロイヤルファミリーに関しては、本当にざくっとしか作ってなかったです。,False,34,42,8
,026_rcc_13581541_20260711220000_seg_00363,026_rcc_13581541_20260711220000,SPEAKER_01,2292.16,2306.24,14.08,success,1部と2部の2部制なんですけど1部と競馬の僕の魅力はもう血の継承と思いの継承だっていうところにたどりついてその継承をいちばんかけるとしたら1部と2部で主人公が全部入れ代わるんですよ。,success,ただ1部と2部の2部制なんですけど1部と競馬の僕の魅力はもう血の継承と思いの継承だっていうところにたどりついてその継承を一番賭けるとしたら1部と2部で主人公が全部入れ代わるんですよ。,False,91,91,0
,026_rcc_13581541_20260711220000_seg_00364,026_rcc_13581541_20260711220000,SPEAKER_01,2306.56,2318.16,11.6,success,馬も入れ代わるし、馬主も入れ代わるし、ジョッキーも入れ代わるし、この入れ代わりのシーンをどうやったら強調できるかということを考えて、作ったのがロイヤルファミリーだったんで。,success,主人公が全部入れ代わるんですよ、馬も入れ代わるし、馬主も入れ代わるし、ジョッキーも入れ代わるし、この入れ代わりのシーンをどうやったら強調できるかってことを考えて、作ったのがロイヤルファミリーだったんで。,False,86,101,15
,026_rcc_13581541_20260711220000_seg_00365,026_rcc_13581541_20260711220000,SPEAKER_01,2318.72,2321.2,2.48,success,今、僕、ロイヤルファミリーの続編を書いてるんですよ。,success,ロイヤルファミリーだったんですけど今僕ロイヤルファミリーの続編を書いてるんですよ。,False,26,41,15
,026_rcc_13581541_20260711220000_seg_00366,026_rcc_13581541_20260711220000,SPEAKER_03,2321.2,2321.76,0.56,success,ほうほうほうほうほうほうほう。,success,ロイヤルファミリーの続編を書いてるんですよ。,False,15,22,7
,026_rcc_13581541_20260711220000_seg_00367,026_rcc_13581541_20260711220000,SPEAKER_01,2321.84,2330.16,8.32,success,これ、ドラマが当たったからとかいうことじゃなくて、去年、競馬界に実際にやったあるニュースを聞いたときに、これ、続編書けるっていうふうに思って書き始めたんですけど。,success,これドラマが当たったからとかいうことじゃなくて去年競馬界に実際にやったあるニュースを聞いた時にこれ続編書けるっていうふうに思って書き始めたんですけど。,False,81,75,-6
,026_rcc_13581541_20260711220000_seg_00368,026_rcc_13581541_20260711220000,SPEAKER_01,2330.48,2339.76,9.28,success,でもドラマを前提映像化を前提にしてるわけじゃないんですけどでも当時出ていたキャストの方とかが。,success,っていうふうに思って書き始めたんですけどでもドラマを前提映像化を前提にしてるわけじゃないんですけどでも当時出ていたキャストの方とかが。,False,47,67,20
,026_rcc_13581541_20260711220000_seg_00369,026_rcc_13581541_20260711220000,SPEAKER_01,2340.0,2343.52,3.52,success,夢の続きを見せてくれっていうふうに言ってくれる方が本当、多くて。,success,キャストの方とかが夢の続きを見せてくれっていうふうに言ってくれる方が本当多くて。,False,32,40,8
,026_rcc_13581541_20260711220000_seg_00370,026_rcc_13581541_20260711220000,SPEAKER_01,2343.84,2346.72,2.88,success,あわよくば映像化することも考えたら。,success,言ってくれる方が本当多くて、あわよくば映像化することも考えたら。,False,18,32,14
,026_rcc_13581541_20260711220000_seg_00371,026_rcc_13581541_20260711220000,SPEAKER_01,2347.68,2350.0,2.32,success,いつまでものろのろと書いていられないんですよね。,success,考えたらいつまでものろのろと書いてられないんですよね。,False,24,27,3
,026_rcc_13581541_20260711220000_seg_00372,026_rcc_13581541_20260711220000,SPEAKER_01,2351.2,2354.96,3.76,success,ことしの年内に決着をつけなきゃいけないと思ったときに。,success,だから今年の年内に決着をつけなきゃいけないと思ったときに。,False,27,29,2
,026_rcc_13581541_20260711220000_seg_00373,026_rcc_13581541_20260711220000,SPEAKER_01,2355.2,2358.72,3.52,success,初めてプロットをがっちがちに作ってみたんですよ。,success,つけなきゃいけないと思ったときに、初めてプロットをがっちがちに作ってみたんですよ。,False,24,41,17
,026_rcc_13581541_20260711220000_seg_00374,026_rcc_13581541_20260711220000,SPEAKER_01,2360.88,2363.92,3.04,success,それでプロットだけで原稿誌50枚ぐらいになってるんで。,success,それでプロットだけで原稿誌50枚ぐらいになってるんです。,False,27,28,1
,026_rcc_13581541_20260711220000_seg_00375,026_rcc_13581541_20260711220000,SPEAKER_01,2365.52,2368.96,3.44,success,このプロットの出来がかなりいいと思っていて。,success,このプロットの出来がかなりいいと思っていて。,True,22,22,0
,026_rcc_13581541_20260711220000_seg_00376,026_rcc_13581541_20260711220000,SPEAKER_01,2369.2,2376.88,7.68,success,そのプロットをもとに今小説書き始めたんですけどこのやり方が僕合うなと思っていて。,success,かなりいいと思っていてそのプロットをもとに今小説書き始めたんですけどこのやり方が僕合うなと思っていて。,False,40,51,11
,026_rcc_13581541_20260711220000_seg_00377,026_rcc_13581541_20260711220000,SPEAKER_03,2377.12,2378.24,1.12,success,はいはいはいはいはい。,success,はいはいはいはいはい。,True,11,11,0
,026_rcc_13581541_20260711220000_seg_00378,026_rcc_13581541_20260711220000,SPEAKER_01,2378.32,2380.72,2.4,success,編集者と共有するわけじゃないですか。,success,持っていて編集者と共有するわけじゃないですか。,False,18,23,5
,026_rcc_13581541_20260711220000_seg_00379,026_rcc_13581541_20260711220000,SPEAKER_01,2381.04,2390.32,9.28,success,編集者が面白いです行きましょうって言っていざ小説書く時にプロットよりも面白いものを提出しなきゃ僕の気が晴れないんで。,success,編集者と共有するわけじゃないですか、プロットを、編集者がおもしろいです、行きましょうって言って、いざ小説書くときに、プロットよりもおもしろいものを提出しなきゃ、僕の気が晴れないんで。,False,58,91,33
,026_rcc_13581541_20260711220000_seg_00380,026_rcc_13581541_20260711220000,SPEAKER_01,2390.8,2394.16,3.36,success,編集者が、あっ、プロットどおりですねって顔したら、もう終わりだと思って。,success,気が晴れないんですよね、編集者が、あっ、プロットどおりですねって顔したら、もう終わりだと思って。,False,36,48,12
,026_rcc_13581541_20260711220000_seg_00381,026_rcc_13581541_20260711220000,SPEAKER_01,2394.72,2400.8,6.08,success,それを凌 ?? するものを一生懸命自分に課す結果すごいなんか精度が上がってくるんですよ。,success,顔したらもう終わりだと思っていて、それを凌 ?? するものを一生懸命自分に課す結果、すごいなんか、精度が上がっていくんですよ。,False,44,63,19
,026_rcc_13581541_20260711220000_seg_00382,026_rcc_13581541_20260711220000,SPEAKER_01,2402.24,2404.48,2.24,success,一回小説を書き直してるような気持ちになって。,success,2回小説を書き直してるような気持ちになって。,False,22,22,0
,026_rcc_13581541_20260711220000_seg_00383,026_rcc_13581541_20260711220000,SPEAKER_01,2405.04,2408.64,3.6,success,このやり方はなんかほかの作品でもいつかもう一回やってみたいなっていう。,success,直しているような気持ちになってこのやり方は何かほかの作品でもいつかもう一回やってみたいなっていう。,False,35,49,14
,026_rcc_13581541_20260711220000_seg_00384,026_rcc_13581541_20260711220000,SPEAKER_03,2409.52,2413.6,4.08,success,俺はそれこそ爆笑問題の太田さんと親しくさせてもらって。,success,俺はそれこそ爆笑問題の太田さんと親しくさせてもらって。,True,27,27,0
,026_rcc_13581541_20260711220000_seg_00385,026_rcc_13581541_20260711220000,SPEAKER_03,2415.04,2421.28,6.24,success,太田さんも書き物いっぱいされるからお前さって言ってもっとプロットちゃんとやったほうがいいぜって。,success,親しくさせてもらっていて、太田さんも書き物いっぱいされるから、お前さっつって、もっとプロットちゃんとやったほうがいいぜって。,False,48,62,14
,026_rcc_13581541_20260711220000_seg_00386,026_rcc_13581541_20260711220000,SPEAKER_03,2421.92,2422.56,0.64,success,荒れていて。,success,もっとちゃんとやったほうがいいぜって言われていて。,False,6,25,19
,026_rcc_13581541_20260711220000_seg_00387,026_rcc_13581541_20260711220000,SPEAKER_03,2422.88,2426.72,3.84,success,僕も映画作るときに、一個一個付箋に。,success,僕も映画作るときに、一個一個付箋に。,True,18,18,0
,026_rcc_13581541_20260711220000_seg_00388,026_rcc_13581541_20260711220000,SPEAKER_03,2427.12,2427.92,0.8,success,総理の夫妻。,success,一個一個付箋に、ストーリーの付箋。,False,6,17,11
,026_rcc_13581541_20260711220000_seg_00389,026_rcc_13581541_20260711220000,SPEAKER_03,2428.4,2436.8,8.4,success,ものをこう描いて、壁にずっと貼っていって、こう、眺めたりとかしてたけど、描いているうちに。,success,ストーリーに沿うものをこう書いて、壁にずっと貼っていって、こう、眺めたりとかしてたけど、書いているうちに。,False,45,53,8
,026_rcc_13581541_20260711220000_seg_00390,026_rcc_13581541_20260711220000,SPEAKER_03,2437.12,2438.88,1.76,success,どんどん横にそれていく。,success,書いているうちにどんどん横にそれていく。,False,12,20,8
,026_rcc_13581541_20260711220000_seg_00391,026_rcc_13581541_20260711220000,SPEAKER_03,2439.36,2443.6,4.24,success,登場人物たちに自分がちょっとワクワクするみたいなところが。,success,どんどん横にそれていく登場人物たちに、自分がちょっとわくわくするみたいなところが。,False,29,41,12
,026_rcc_13581541_20260711220000_seg_00392,026_rcc_13581541_20260711220000,SPEAKER_01,2443.6,2445.12,1.52,success,僕も本当、そのとおりだと思います。,success,自分がちょっとわくわくするみたいなところが僕も本当、そのとおりだと思います。,False,17,38,21
,026_rcc_13581541_20260711220000_seg_00393,026_rcc_13581541_20260711220000,SPEAKER_01,2446.0,2449.84,3.84,success,本当に完全に縛られた映画とか小説って、いっぱいあるじゃないですか。,success,プロットに完全に縛られた映画とか小説っていっぱいあるじゃないですか。,False,33,34,1
,026_rcc_13581541_20260711220000_seg_00394,026_rcc_13581541_20260711220000,SPEAKER_01,2450.56,2451.44,0.88,success,つまんないじゃないですか。,success,いっぱいあるじゃないですか、あれ、つまんないじゃないですか。,False,13,30,17
,026_rcc_13581541_20260711220000_seg_00395,026_rcc_13581541_20260711220000,SPEAKER_01,2452.16,2454.64,2.48,success,本当にプラモデルを設計図どおりに作った。,success,つまんないじゃないですかホントにプラモデルを設計図どおりに作ってる。,False,20,34,14
,026_rcc_13581541_20260711220000_seg_00396,026_rcc_13581541_20260711220000,SPEAKER_01,2456.56,2461.04,4.48,success,どこにたどりつくか分からない物語に僕自身は引かれるんですけど。,success,どこにたどり着くか分からない物語に僕自身は引かれるんですけど。,False,31,31,0
,026_rcc_13581541_20260711220000_seg_00397,026_rcc_13581541_20260711220000,SPEAKER_01,2461.52,2464.8,3.28,success,だからその50枚のプロットも、ラストだけはぼやぼやさせてました。,success,自身は引かれるんですけども、だからその50枚のプロットも、ラストだけはぼやぼやさせてました。,False,32,46,14
,026_rcc_13581541_20260711220000_seg_00398,026_rcc_13581541_20260711220000,SPEAKER_03,2464.96,2466.56,1.6,success,いやいやああでも初めまして。,success,ラストだけはぼやぼやさせてました。,False,14,17,3
,026_rcc_13581541_20260711220000_seg_00399,026_rcc_13581541_20260711220000,SPEAKER_03,2466.88,2472.16,5.28,success,こうやってガチガチでやったら意外と今回ははまるというか。,success,でも初めてそうやってガチガチでやったら意外と今回ははまるというか。,False,28,33,5
,026_rcc_13581541_20260711220000_seg_00400,026_rcc_13581541_20260711220000,SPEAKER_01,2473.28,2474.88,1.6,success,今のところ、手応えはあります。,success,あるというか、今のところというか、今のところ、手応えはあります。,False,15,32,17
,026_rcc_13581541_20260711220000_seg_00401,026_rcc_13581541_20260711220000,SPEAKER_03,2474.96,2486.8,11.84,success,それぞれの作品によってどの辺まで描き込んでるとかどの辺まで思い描いているかは全く違うやり口を作品ごとにやってるってことですね。,success,でもそれぞれの作品によってどの辺まで描き込んでるとかどの辺まで思い描いているかは全く違うやり口を作品ごとにやってるってことですね。,False,63,65,2
,026_rcc_13581541_20260711220000_seg_00402,026_rcc_13581541_20260711220000,SPEAKER_01,2488.16,2490.08,1.92,success,エイズはラストだけ決めてました。,success,そうですねイノセントデイズはラストだけ決めてました。,False,16,26,10
,026_rcc_13581541_20260711220000_seg_00403,026_rcc_13581541_20260711220000,SPEAKER_03,2490.24,2490.8,0.56,success,ほうほう。,success,ラストだけ決めてました。,False,5,12,7
,026_rcc_13581541_20260711220000_seg_00404,026_rcc_13581541_20260711220000,SPEAKER_01,2491.44,2495.6,4.16,success,たどりつくのならば、どこに外れていっても大丈夫だと思って。,success,そのラストにたどり着くのならばどこに外れていっても大丈夫だと思って。,False,29,34,5
,026_rcc_13581541_20260711220000_seg_00405,026_rcc_13581541_20260711220000,SPEAKER_01,2496.0,2497.76,1.76,success,それを目がけて書いていった。,success,出ても大丈夫だと思って、そのラストを目がけて描いていった。,False,14,29,15
,026_rcc_13581541_20260711220000_seg_00406,026_rcc_13581541_20260711220000,SPEAKER_03,2501.36,2508.48,7.12,success,いやでも僕ねもっと速水さんの作品群を多分他の方よりもいっぱい見ている。,success,いやでも僕ねもっと速水さんの作品群を多分他の方よりもいっぱい見ている。,True,35,35,0
,026_rcc_13581541_20260711220000_seg_00407,026_rcc_13581541_20260711220000,SPEAKER_03,2508.88,2509.84,0.96,success,読んでいる気が。,success,片よりもいっぱい見ている、読んでいる気が。,False,8,21,13
,026_rcc_13581541_20260711220000_seg_00408,026_rcc_13581541_20260711220000,SPEAKER_03,2511.04,2514.96,3.92,success,の中で、早見さんって、もっと僕、清らかな。,success,の中で速水さんってもっと僕清らかな。,False,21,18,-3
,026_rcc_13581541_20260711220000_seg_00409,026_rcc_13581541_20260711220000,SPEAKER_03,2517.12,2518.64,1.52,success,人だと思ってたら。,success,人だと思ってたら。,True,9,9,0
,026_rcc_13581541_20260711220000_seg_00410,026_rcc_13581541_20260711220000,SPEAKER_03,2518.96,2524.48,5.52,success,こんなに少年天みたいな人とは思ってなかったからむっちゃおもしろい。,success,人だと思ってたらこんなに少年天みたいな人とは思ってなかったからむっちゃ面白い。,False,33,39,6
,026_rcc_13581541_20260711220000_seg_00411,026_rcc_13581541_20260711220000,SPEAKER_01,2524.88,2529.36,4.48,success,けど、僕は自分が一番素直な、つまらないやつだって、本当に思ってるんです。,success,むっちゃおもしろい、だけど、僕は、自分が一番素直な、つまらないやつだって、本当に思ってるんです。,False,36,48,12
,026_rcc_13581541_20260711220000_seg_00412,026_rcc_13581541_20260711220000,SPEAKER_01,2530.72,2532.16,1.44,success,何かでも何か。,success,なんかでもなんか。,False,7,9,2
,026_rcc_13581541_20260711220000_seg_00413,026_rcc_13581541_20260711220000,SPEAKER_01,2532.64,2538.0,5.36,success,青臭いこと言うようですけどすごい社会のルールを突きつけてくるじゃないですか。,success,なんか、でもなんか、青臭いこと言うようですけど、すごい社会のルールを突きつけてくるじゃないですか。,False,38,49,11
,026_rcc_13581541_20260711220000_seg_00414,026_rcc_13581541_20260711220000,SPEAKER_01,2538.48,2543.92,5.44,success,でもその社会のルールにのっとって幸せになってるおっさんたちをあんま見たことがなくて。,success,突きつけてくるじゃないですか、社会って、でもその社会のルールにのっとって幸せになってるおっさんたちを、あんま見たことがなくて。,False,42,63,21
,026_rcc_13581541_20260711220000_seg_00415,026_rcc_13581541_20260711220000,SPEAKER_01,2544.56,2551.76,7.2,success,ならちゃんと自分の意思で自分の頭で考えたことにのっとって生きてる方が気持ちがいいじゃないですか。,success,あんま見たことがなくて、ならちゃんと自分の意思で、自分の頭で考えたことにのっとって生きてるほうが、気持ちがいいじゃないですか。,False,48,63,15
,026_rcc_13581541_20260711220000_seg_00416,026_rcc_13581541_20260711220000,SPEAKER_01,2552.4,2557.44,5.04,success,だから僕が一番素直だと思ってるんですけどそれを表明してると超年点だって言われる。,success,気持ちがいいじゃないですか、だから僕が一番素直だと思ってるんですけど、それを表明してると、少年点だって言われる。,False,40,56,16
,026_rcc_13581541_20260711220000_seg_00417,026_rcc_13581541_20260711220000,SPEAKER_01,2558.32,2559.36,1.04,success,言われちゃうんですよね。,success,原点だって言われちゃうんですよね。,False,12,17,5
,026_rcc_13581541_20260711220000_seg_00418,026_rcc_13581541_20260711220000,SPEAKER_03,2559.44,2560.56,1.12,success,マグロ少年って。,success,ハッハッハッ言われちゃうんですよね。,False,8,18,10
,026_rcc_13581541_20260711220000_seg_00419,026_rcc_13581541_20260711220000,SPEAKER_03,2562.08,2572.72,10.64,success,ああ早見さんってこういう人なんだと思った瞬間に余計ちょっと改めて僕は見直したいと思うしあとリスナーの方で早見さんの作品群のタイトルは。,success,みたいな、ああ、速水さんってこういう人なんだと思った瞬間に、よけい、ちょっと改めて、僕は見直したいと思うし、あとリスナーの方で、早見さんの作品群のタイトルは。,False,67,79,12
,026_rcc_13581541_20260711220000_seg_00420,026_rcc_13581541_20260711220000,SPEAKER_03,2573.04,2573.76,0.72,success,知ってるとか。,success,さんの作品群のタイトルは知ってるとか。,False,7,19,12
,026_rcc_13581541_20260711220000_seg_00421,026_rcc_13581541_20260711220000,SPEAKER_03,2574.24,2575.36,1.12,success,それこそドラマで見ましたとか。,success,タイトルは知ってるとか、それこそドラマで見ましたとか。,False,15,27,12
,026_rcc_13581541_20260711220000_seg_00422,026_rcc_13581541_20260711220000,SPEAKER_03,2575.6,2579.76,4.16,success,映像化もいっぱいされてるから、あっ、あれ、速水さんだったんだって方、いると思うんですよ。,success,それこそドラマで見ましたとか映像化もいっぱいされてるからあっあれ早見さんだったんだって方いると思うんですよ。,False,44,54,10
,026_rcc_13581541_20260711220000_seg_00423,026_rcc_13581541_20260711220000,SPEAKER_03,2580.16,2582.32,2.16,success,ちょっと改めて読み直してもらったり。,success,がんだったんだって方、いると思うんですよ、だからちょっと改めて読み直してもらったり。,False,18,42,24
,026_rcc_13581541_20260711220000_seg_00424,026_rcc_13581541_20260711220000,SPEAKER_03,2582.64,2585.6,2.96,success,読んでない作品があったら読んでもらいたいなと思って。,success,改めて読み直してもらったり読んでない作品があったら読んでもらいたいなと思って。,False,26,39,13
,026_rcc_13581541_20260711220000_seg_00425,026_rcc_13581541_20260711220000,SPEAKER_03,2586.24,2594.16,7.92,success,その少年天腹みたいなところもそういや随所にあるなっていう一筋縄じゃいかないよね。,success,読んでもらいたいなと思ってその少年展腹黒みたいなところもそういや随所にあるなっていう一筋縄じゃいかないよね。,False,40,54,14
,026_rcc_13581541_20260711220000_seg_00426,026_rcc_13581541_20260711220000,SPEAKER_03,2594.48,2596.88,2.4,success,人の物事の見方っていうか。,success,一筋縄じゃいかないよね、この人の物事の見方っていうか。,False,13,27,14
,026_rcc_13581541_20260711220000_seg_00427,026_rcc_13581541_20260711220000,SPEAKER_03,2597.36,2602.32,4.96,success,はちょっとだけみんなと歩幅が合わされてるけど。,success,どことの見方っていうかはちょっとだけみんなと歩幅が合わされてるけど。,False,23,34,11
,026_rcc_13581541_20260711220000_seg_00428,026_rcc_13581541_20260711220000,SPEAKER_03,2603.28,2604.8,1.52,success,微妙に違和感があるみたいな。,success,疲れてるけど微妙に違和感があるみたいな。,False,14,20,6
,026_rcc_13581541_20260711220000_seg_00429,026_rcc_13581541_20260711220000,SPEAKER_03,2605.36,2608.56,3.2,success,ところがずっと拭えなかったのは今日お会いして。,success,微妙に違和感があるみたいなところがずっと拭えなかったのは、きょうお会いして。,False,23,38,15
,026_rcc_13581541_20260711220000_seg_00430,026_rcc_13581541_20260711220000,SPEAKER_03,2608.96,2612.08,3.12,success,だからかみたいな、でもそれがやっぱり。,success,きょうお会いして、だからかみたいな、でもそれがやっぱり。,False,19,28,9
,026_rcc_13581541_20260711220000_seg_00431,026_rcc_13581541_20260711220000,SPEAKER_03,2613.44,2614.4,0.96,success,速見作品の。,success,やっぱり速見作品の。,False,6,10,4
,026_rcc_13581541_20260711220000_seg_00432,026_rcc_13581541_20260711220000,SPEAKER_03,2614.72,2616.96,2.24,success,その肝となるおもしろさなんだろうなみたいな。,success,速見作品の肝となるおもしろさなんだろうなみたいな。,False,22,25,3
,026_rcc_13581541_20260711220000_seg_00433,026_rcc_13581541_20260711220000,SPEAKER_03,2617.6,2618.8,1.2,success,気がしましたね。,success,なるおもしろさなんだろうなみたいな気がしましたね。,False,8,25,17
,026_rcc_13581541_20260711220000_seg_00434,026_rcc_13581541_20260711220000,SPEAKER_01,2619.6,2620.96,1.36,success,ありがとう、ありがとうなのかな。,success,ありがとうなのかな。,False,16,10,-6
,026_rcc_13581541_20260711220000_seg_00435,026_rcc_13581541_20260711220000,SPEAKER_03,2621.36,2622.56,1.2,success,思います、本当に。,success,ありがとう、ありがとうなのかな、いやー、でも思います、本当に。,False,9,31,22
,026_rcc_13581541_20260711220000_seg_00436,026_rcc_13581541_20260711220000,SPEAKER_03,2623.12,2634.24,11.12,success,で僕はもう早見さんにお願いは多作であってくださいねっていうある意味失敗するのが怖かったりとか期待されてるのもすごくね昔ぐらいで違うと思うけど。,success,でも思います、本当に、僕はもう、早見さんにお願いは、多作であってくださいねっていう、もうある意味、失敗するのが怖かったりとか、期待されてるのもすごくね、昔ぐらいで違うと思うけど。,False,71,89,18
,026_rcc_13581541_20260711220000_seg_00437,026_rcc_13581541_20260711220000,SPEAKER_03,2634.48,2636.16,1.68,success,大さんはどんどん作って。,success,昔ぐらいで違うと思うけど速水さんはどんどん作って。,False,12,25,13
,026_rcc_13581541_20260711220000_seg_00438,026_rcc_13581541_20260711220000,SPEAKER_03,2636.4,2639.36,2.96,success,これはダメだねとかこれはでもすごい面白いねみたいな。,success,速水さんはどんどん作ってこれはダメだねとかこれはでもすごい面白いねみたいな。,False,26,38,12
,026_rcc_13581541_20260711220000_seg_00439,026_rcc_13581541_20260711220000,SPEAKER_03,2639.6,2643.92,4.32,success,どんどん出していくことで、また早見さんのスピード感というものが生まれた。,success,これもでもすごいおもしろいねみたいな、どんどん出していくことで、また早見さんのスピード感っていうものが生まれた。,False,36,56,20
,026_rcc_13581541_20260711220000_seg_00440,026_rcc_13581541_20260711220000,SPEAKER_03,2644.24,2646.96,2.72,success,勢いが作品にも出てくるだろうなと思うので。,success,スピード感というものが生まれた勢いが作品にも出てくるだろうなと思うので。,False,21,36,15
,026_rcc_13581541_20260711220000_seg_00441,026_rcc_13581541_20260711220000,SPEAKER_03,2647.92,2649.2,1.28,success,期待してます、すっごい。,success,期待してます、すっごい。,True,12,12,0
,026_rcc_13581541_20260711220000_seg_00442,026_rcc_13581541_20260711220000,SPEAKER_01,2649.28,2650.08,0.8,success,ありがとうございます。,success,期待してます、すっごい。ありがとうございます。,False,11,23,12
,026_rcc_13581541_20260711220000_seg_00443,026_rcc_13581541_20260711220000,SPEAKER_03,2650.32,2657.68,7.36,success,あとはリスナーの方は早見さんのいわゆる新作が広島の方見られますよっていう事でいうと絵本ではありますけど。,success,すごい!あとはリスナーの方は早見さんのいわゆる新作が広島の方見られますよっていう事でいうと絵本ではありますけど。,False,52,56,4
,026_rcc_13581541_20260711220000_seg_00444,026_rcc_13581541_20260711220000,SPEAKER_03,2658.0,2663.04,5.04,success,悲しきデブ猫ちゃんマルのさすらいのヒーローが中国新聞で。,success,絵本ではありますけど悲しきデブ猫ちゃんまるのさすらいのヒーローが中国新聞で。,False,28,38,10
,026_rcc_13581541_20260711220000_seg_00445,026_rcc_13581541_20260711220000,SPEAKER_03,2663.28,2666.72,3.44,success,改めてまたスタートしますと、新シリーズがということなんで。,success,きょうが中国新聞で改めてまたスタートしますと、新シリーズがということなんで。,False,29,38,9
,026_rcc_13581541_20260711220000_seg_00446,026_rcc_13581541_20260711220000,SPEAKER_01,2666.8,2670.8,4.0,success,でもこの1作目の絵本をまず広島の方は読んでほしいですけど。,success,新シリーズがということなんで、でもこの1作目の絵本を、まず広島の方は読んでほしいですけど。,False,29,45,16
,026_rcc_13581541_20260711220000_seg_00447,026_rcc_13581541_20260711220000,SPEAKER_01,2671.28,2675.92,4.64,success,土曜の夜10時にラジオ聴く人たちは、こんな絵本読んでくれないと思うんで。,success,歌読んでほしいですけど土曜の夜10時のラジオ聴く人たちはこんな絵本読んでくれないと思うんで。,False,36,46,10
,026_rcc_13581541_20260711220000_seg_00448,026_rcc_13581541_20260711220000,SPEAKER_01,2677.44,2681.76,4.32,success,だからもう、今、この収録始まる直前に、もうデブ猫ちゃんの話いいですって。,success,だからもう今この収録始まる直前にもうデブ猫ちゃんの話いいですって。,False,36,33,-3
,026_rcc_13581541_20260711220000_seg_00449,026_rcc_13581541_20260711220000,SPEAKER_03,2682.24,2686.8,4.56,success,多分、速水さんが、どうせユージショーなんか聴いてる人間はね、見ないですから。,success,猫ちゃんの話いいですって言ったの、速水さんが、どうせ、ユージショーなんか聞いてる人間はね、見ないですから。,False,38,53,15
,026_rcc_13581541_20260711220000_seg_00450,026_rcc_13581541_20260711220000,SPEAKER_03,2687.28,2688.0,0.72,success,フフフ。,success,聞いてる人間はね、見ないですから、これって言って。,False,4,25,21
,026_rcc_13581541_20260711220000_seg_00451,026_rcc_13581541_20260711220000,SPEAKER_01,2688.64,2690.72,2.08,success,あとで中国新聞の人に怒られるんですけど。,success,あとで中国新聞の人に怒られるんですけど。,True,20,20,0
,026_rcc_13581541_20260711220000_seg_00452,026_rcc_13581541_20260711220000,SPEAKER_03,2691.6,2699.12,7.52,success,いや、でもおもしろかった、ちょっとぜひぜひ、皆さん、速水さんの作品を清らかな目だけではなく。,success,人に怒られるんですけど、いや、でもおもしろかった、ちょっとぜひぜひ、皆さん、速水さんの作品を清らかな目だけではなく。,False,46,58,12
,026_rcc_13581541_20260711220000_seg_00453,026_rcc_13581541_20260711220000,SPEAKER_03,2699.44,2709.76,10.32,success,この人は何かあるよと思いながら見ていただけるとまた新しい見え方楽しみ方があるんじゃないかなと思うんでご覧になっていただければと思います。,success,清らかな目だけではなくちょっとこの人は何かあるよと思いながら見ていただけるとまた新しい見え方楽しみ方があるんじゃないかなと思うんでご覧になっていただければと思います。,False,68,83,15
,026_rcc_13581541_20260711220000_seg_00454,026_rcc_13581541_20260711220000,SPEAKER_03,2710.64,2711.28,0.64,success,ありがとうございます。,success,ありがとうございます。,True,11,11,0
,026_rcc_13581541_20260711220000_seg_00455,026_rcc_13581541_20260711220000,SPEAKER_01,2711.52,2712.13999,0.62,success,ありがとうございました。,success,ありがとうございました。,True,12,12,0
,026_rcc_13581541_20260711220000_seg_00456,026_rcc_13581541_20260711220000,SPEAKER_03,2728.88,2730.37998,1.5,success,ということで今日のゲストは作家です。,success,ということで今日のゲストは作家です。,True,18,18,0
,026_rcc_13581541_20260711220000_seg_00457,026_rcc_13581541_20260711220000,SPEAKER_03,2735.86001,2736.619971,0.76,success,本当に会いたい。,success,人に会いたい。,False,8,7,-1
,026_rcc_13581541_20260711220000_seg_00458,026_rcc_13581541_20260711220000,SPEAKER_03,2741.62002,2742.37998,0.76,success,といわれている。,success,誰と言われているのか。,False,8,11,3
,026_rcc_13581541_20260711220000_seg_00459,026_rcc_13581541_20260711220000,SPEAKER_03,2745.939844,2763.979834,18.04,success,次、何書くのかなって、本当に注目されているし、本人いわく、飛ぶように売れるものがあったって言ったら、もうまさに本当そうでさ、俺、ほら、早見さんと横山が対等に評価された特集の本みたいな、ランティエって、本当。,success,次、何書くのかなって本当に注目されているし本人いわく、飛ぶように売れるものがあったって言ったらもうまさに本当そうでさ俺、ほら早見さんと横山が対等に評価された特集の本みたいなランティエって本当に。,False,103,97,-6
,026_rcc_13581541_20260711220000_seg_00460,026_rcc_13581541_20260711220000,SPEAKER_03,2766.16,2767.339941,1.18,success,あれが4年前5年前。,success,あれが4年前5年前。,True,10,10,0
,026_rcc_13581541_20260711220000_seg_00461,026_rcc_13581541_20260711220000,SPEAKER_03,2768.499902,2772.619971,4.12,success,あそこからのいわゆるホップステップジャンプ感。,success,4年前、5年前ですけどあそこからのいわゆるホップ、ステップ、ジャンプ感。,False,23,36,13
,026_rcc_13581541_20260711220000_seg_00462,026_rcc_13581541_20260711220000,SPEAKER_03,2774.259912,2778.859961,4.6,success,半端ないしあとその速水さんがさ自分が書いた。,success,半端ないしあとその速水さんがさ自分が書いた。,True,22,22,0
,026_rcc_13581541_20260711220000_seg_00463,026_rcc_13581541_20260711220000,SPEAKER_03,2782.0,2783.180029,1.18,success,増加させたくない。,success,映像化させたくない。,False,9,10,1
,026_rcc_13581541_20260711220000_seg_00464,026_rcc_13581541_20260711220000,SPEAKER_03,2784.96,2790.37998,5.42,success,だけども映像化されちゃうとこれが悔しいって言ってるのが俺はもう真逆です。,success,だけども映像化されちゃうとこれが悔しいって言ってるのが俺はもう真逆です。,True,36,36,0
,026_rcc_13581541_20260711220000_seg_00465,026_rcc_13581541_20260711220000,SPEAKER_03,2791.539941,2792.299902,0.76,success,書いた世界を。,success,もう真逆です。,False,7,7,0
,026_rcc_13581541_20260711220000_seg_00466,026_rcc_13581541_20260711220000,SPEAKER_03,2794.96,2812.88,17.92,success,してくんない?っていう、もう、えっ、なんかスタート地点は似たようなところにいたはずなのに、なんでこんな差ができたん?みたいな感じがすごいするのよ、だからもう、今、速水さんから次、何が出てくるのか、みんなが待ってる、それは読者もそうだし、メディアの人たちもそうみたいな人なのよね。,success,してくんない?っていうもうえっ何かスタート地点は似たようなとこにいたはずなのに何でこんな差ができたん?みたいな感じがすごいするのよだからもう今早水さんから次何が出てくるのかみんなが待ってるそれは読者もそうだしメディアの人達もそうみたいな人なのよね。,False,139,124,-15
,026_rcc_13581541_20260711220000_seg_00467,026_rcc_13581541_20260711220000,SPEAKER_03,2817.04,2818.219824,1.18,success,ちゃんのやつが。,success,おちゃんのやつが。,False,8,9,1
,026_rcc_13581541_20260711220000_seg_00468,026_rcc_13581541_20260711220000,SPEAKER_03,2819.44,2820.13999,0.7,success,しまったから。,success,おやつが始まったから。,False,7,11,4
,026_rcc_13581541_20260711220000_seg_00469,026_rcc_13581541_20260711220000,SPEAKER_03,2821.36,2823.019873,1.66,success,こんな形で広島に来られることもあるんですか?,success,始まったからこんな形で広島に来られることもあるんですか?,False,22,28,6
,026_rcc_13581541_20260711220000_seg_00470,026_rcc_13581541_20260711220000,SPEAKER_03,2825.2,2825.9,0.7,success,絡めたらうまい。,success,絡めたらうまい。,True,8,8,0
,026_rcc_13581541_20260711220000_seg_00471,026_rcc_13581541_20260711220000,SPEAKER_03,2837.68,2841.259863,3.58,success,さあ君こそスターだですけども広島で活躍する。,success,asa君こそスターだ!ですけども広島で活躍した。,False,22,24,2
,026_rcc_13581541_20260711220000_seg_00472,026_rcc_13581541_20260711220000,SPEAKER_03,2842.48,2846.059912,3.58,success,活躍を夢見るアマチュアアーティストを応援するザスターは。,success,広島で活躍する活躍を夢見るアマチュアアーティストを応援するthestarは。,False,28,38,10
,026_rcc_13581541_20260711220000_seg_00473,026_rcc_13581541_20260711220000,SPEAKER_03,2847.28,2851.819922,4.54,success,最近はここでメジャー系のミュージシャンの方々が自らの近況を報告しております。,success,ザスターワル最近はここでメジャー系のミュージシャンの方々が自らの近況を報告しています。,False,38,43,5
,026_rcc_13581541_20260711220000_seg_00474,026_rcc_13581541_20260711220000,SPEAKER_03,2854.48,2855.12,0.64,success,アウト。,success,アウト。,True,4,4,0
,026_rcc_13581541_20260711220000_seg_00475,026_rcc_13581541_20260711220000,SPEAKER_03,2856.16,2857.099951,0.94,success,ビューティーストリート。,success,なんと、キューティーストリーム。,False,12,16,4
,026_rcc_13581541_20260711220000_seg_00476,026_rcc_13581541_20260711220000,SPEAKER_03,2859.219873,2860.0,0.78,success,よう。,success,よう!,False,3,3,0
,026_rcc_13581541_20260711220000_seg_00477,026_rcc_13581541_20260711220000,SPEAKER_03,2860.56,2861.42002,0.86,success,俺ね。,success,よ俺ね。,False,3,4,1
,026_rcc_13581541_20260711220000_seg_00478,026_rcc_13581541_20260711220000,SPEAKER_03,2864.56,2865.259863,0.7,success,ダチですよ。,success,うたちですよ。,False,6,7,1
,026_rcc_13581541_20260711220000_seg_00479,026_rcc_13581541_20260711220000,SPEAKER_03,2866.419824,2867.76,1.34,success,カラオケで。,success,カラオケで。,True,6,6,0
,026_rcc_13581541_20260711220000_seg_00480,026_rcc_13581541_20260711220000,SPEAKER_03,2868.16,2869.92,1.76,success,100回ぐらい歌いましたよ。,success,カラオケで100回ぐらい歌いましたよ。,False,14,19,5
,026_rcc_13581541_20260711220000_seg_00481,026_rcc_13581541_20260711220000,SPEAKER_03,2876.08,2882.8,6.72,success,いそうでっていうのをもう覚えないと歌詞を追ったっていうのは全然歌えないの。,success,急でっていうのももう覚えないと歌詞を追ったっていうのは全然歌えないの。,False,37,35,-2
,026_rcc_13581541_20260711220000_seg_00482,026_rcc_13581541_20260711220000,SPEAKER_03,2883.28,2891.92,8.64,success,でも分かんなくて、あとはにゃにゃにゃにゃにゃにゃにゃにゃにゃにゃにゃにゃんって、ずっと言い続けて、カラオケボックスでこの曲だけを歌って帰った日もありました。,success,全然歌えないの、でも分かんなくて、あとはニャニャニャニャンニャンニャンニャンニャンニャンニャニャニャニャニャンって、ずっと言い続けて、カラオケボックスでこの曲だけを歌って帰った日もありました。,False,78,96,18
,026_rcc_13581541_20260711220000_seg_00483,026_rcc_13581541_20260711220000,SPEAKER_03,2892.96,2903.92,10.96,success,ぐらい夢中で覚えたんですけどそのキューティストリートの板倉佳奈さんと桜庭遥さんから今日はメッセージを頂いています。,success,帰った日もありましたぐらい夢中で覚えたんですけどそのキューティストリートの板倉佳奈さんと桜庭春香さんから今日はメッセージを頂いています。,False,57,68,11
,026_rcc_13581541_20260711220000_seg_00484,026_rcc_13581541_20260711220000,SPEAKER_00,2904.8,2914.64,9.84,success,rccラジオthe横山裕二ショーをお聴きの皆様天才横山さんこんばんはキューティーストリートの板倉佳奈と桜庭遥です。,success,rccラジオthe横山裕二ショーをお聴きの皆様天才横山さんこんばんはキューティーストリートの板倉佳奈と桜庭遥です。,True,57,57,0
,026_rcc_13581541_20260711220000_seg_00485,026_rcc_13581541_20260711220000,SPEAKER_00,2915.44,2924.16,8.72,success,キューティーストリートは5月27日にサードシングルキュートな球体niceだねぇをリリースしました。,success,私たちキューティーストリートは5月27日にサードシングルキュートな球体niceだねぇをリリースしました。,False,49,52,3
,026_rcc_13581541_20260711220000_seg_00486,026_rcc_13581541_20260711220000,SPEAKER_03,2924.16,2924.88,0.72,success,おめでとうございます。,success,ナイスだね!をリリースしました。,False,11,16,5
,026_rcc_13581541_20260711220000_seg_00487,026_rcc_13581541_20260711220000,SPEAKER_00,2925.44,2937.44,12.0,success,渋滞はテレビアニメポケットモンスターのエンディングテーマで流れておりますすごくうれしいですそしてナイスだねはなんと川谷絵音さんに作詞作曲を。,success,月の球体はテレビアニメポケットモンスターのエンディングテーマで流れております。そしてナイスだねはなんと川谷絵音さんに作詞作曲をして頂いて。,False,70,69,-1
,026_rcc_13581541_20260711220000_seg_00488,026_rcc_13581541_20260711220000,SPEAKER_00,2938.16,2947.6,9.44,success,こちらはロッテの新アイスブランドアジアに恋してでも流れておりまして。,success,作詞作曲して頂き楽曲提供して頂いた楽曲となっておりますこちらはロッテの新アイスブランドアジアに恋してでも流れておりまして。,False,34,61,27
,026_rcc_13581541_20260711220000_seg_00489,026_rcc_13581541_20260711220000,SPEAKER_00,2947.84,2953.6,5.76,success,すごいアジアンな雰囲気と急須はいつもちょっと元気なポップなイメージかと思うんですけど。,success,流れておりましてすごいアジアンな雰囲気とキューストはいつもちょっと元気なポップなイメージかと思うんですけど。,False,43,54,11
,026_rcc_13581541_20260711220000_seg_00490,026_rcc_13581541_20260711220000,SPEAKER_00,2954.16,2955.52,1.36,success,大人っぽい。,success,ポップなイメージかと思うんですけど大人っぽい。,False,6,23,17
,026_rcc_13581541_20260711220000_seg_00491,026_rcc_13581541_20260711220000,SPEAKER_00,2955.76,2966.88,11.12,success,雰囲気で今まで見たことないキューストを楽しめるんじゃないかなと思うのでぜひぜひサードシングルも楽しんでいただけたらうれしいです。,success,大人っぽい雰囲気で今まで見たことないキューストを楽しめるんじゃないかなと思うのでぜひぜひサードシングルも楽しんで頂けたらうれしいです。,False,64,67,3
,026_rcc_13581541_20260711220000_seg_00492,026_rcc_13581541_20260711220000,SPEAKER_00,2967.92,2976.48,8.56,success,そして8月25日、26日に日本武道館でキューティーストリートセカンドアニバーサリーライブ2026。,success,そして8月25日26日に日本武道館でキューティーストリートセカンドアニバーサリーライブ2026。,False,49,48,-1
,026_rcc_13581541_20260711220000_seg_00493,026_rcc_13581541_20260711220000,SPEAKER_00,2976.88,2985.52,8.64,success,9月からはキューティーストリート初のアリーナツアーcuttyストリートjapanアリーナツアー2026automが始まります。,success,20269月からはキューティーストリート初のアリーナツアーcuttyストリートjapanアリーナツアー2026automが始まります。,False,63,67,4
,026_rcc_13581541_20260711220000_seg_00494,026_rcc_13581541_20260711220000,SPEAKER_00,2986.56,2992.32,5.76,success,それでは聴いてください、キューティーストリートでキュートな球体、the横山裕二ショー。,success,それでは聴いてくださいキューティーストリートでキュートな球体the横山裕二ショー。,False,43,41,-2
,026_rcc_13581541_20260711220000_seg_00495,026_rcc_13581541_20260711220000,SPEAKER_02,2992.8,2994.16,1.36,success,メッセージありがとうございます!,success,メッセージありがとうございます!,True,16,16,0
,026_rcc_13581541_20260711220000_seg_00496,026_rcc_13581541_20260711220000,SPEAKER_03,3095.92,3097.099951,1.18,success,自分がはまってるというか。,success,自分がハマってるというか。,False,13,13,0
,026_rcc_13581541_20260711220000_seg_00497,026_rcc_13581541_20260711220000,SPEAKER_03,3098.32,3100.939917,2.62,success,なった人たちからメッセージもらおうと。,success,ハマってるというか気になった人たちからメッセージもらうと。,False,19,29,10
,026_rcc_13581541_20260711220000_seg_00498,026_rcc_13581541_20260711220000,SPEAKER_03,3102.16,3103.339941,1.18,success,上がんのかみたいな。,success,テンション上がんのかみたいな。,False,10,15,5
,026_rcc_13581541_20260711220000_seg_00499,026_rcc_13581541_20260711220000,SPEAKER_03,3106.56,3108.13999,1.58,success,こうやって聴いてもらっても分かるように。,success,こうやって聴いてもらってもわかるように。,False,20,20,0
,026_rcc_13581541_20260711220000_seg_00500,026_rcc_13581541_20260711220000,SPEAKER_03,3109.299951,3111.44,2.14,success,カラオケボックスに行ったとするじゃない?,success,カラオケボックスに行ったとするじゃない?,True,20,20,0
,026_rcc_13581541_20260711220000_seg_00501,026_rcc_13581541_20260711220000,SPEAKER_03,3120.88,3123.019873,2.14,success,で早口言葉とか散々。,success,で早口言葉とか散々。,True,10,10,0
,026_rcc_13581541_20260711220000_seg_00502,026_rcc_13581541_20260711220000,SPEAKER_03,3132.88,3133.579932,0.7,success,見たりしないと。,success,みたいにしないと。,False,8,9,1
,026_rcc_13581541_20260711220000_seg_00503,026_rcc_13581541_20260711220000,SPEAKER_03,3134.8,3135.979834,1.18,success,アイドルの曲が歌えない。,success,みたいにしないとリードの曲が歌えない。,False,12,19,7
,026_rcc_13581541_20260711220000_seg_00504,026_rcc_13581541_20260711220000,SPEAKER_03,3141.52,3142.219824,0.7,success,ヒーストリート。,success,ピーストリート。,False,8,8,0
,026_rcc_13581541_20260711220000_seg_00505,026_rcc_13581541_20260711220000,SPEAKER_03,3146.32,3148.939917,2.62,success,かわいいだけじゃだめですかとか聞かせていただきましたけど。,success,かわいいだけじゃダメですか?とか聞かせていただきましたけど。,False,29,30,1
,026_rcc_13581541_20260711220000_seg_00506,026_rcc_13581541_20260711220000,SPEAKER_03,3150.24,3151.819922,1.58,success,なんかあの最近の曲。,success,何かあの最近の曲。,False,10,9,-1
,026_rcc_13581541_20260711220000_seg_00507,026_rcc_13581541_20260711220000,SPEAKER_03,3164.56,3165.259863,0.7,success,みたいな。,success,みたいな。,True,5,5,0
,026_rcc_13581541_20260711220000_seg_00508,026_rcc_13581541_20260711220000,SPEAKER_03,3166.48,3168.13999,1.66,success,例えばそれはマイケルジャクソンがさ。,success,例えばそれはマイケルジャクソンがさ。,True,18,18,0
,026_rcc_13581541_20260711220000_seg_00509,026_rcc_13581541_20260711220000,SPEAKER_03,3169.84,3171.019873,1.18,success,でも世界トップだった。,success,でも世界トップだった。,True,11,11,0
,026_rcc_13581541_20260711220000_seg_00510,026_rcc_13581541_20260711220000,SPEAKER_03,3172.24,3179.66001,7.42,success,踊り子ダンサーとしても世界トップだったで歌いながらマイケルが踊ってるのを見て世界トップのダンサーが。,success,世界トップだった踊り子ダンサーとしても世界トップだったで歌いながらマイケルが踊ってるのを見て世界トップのダンサーが。,False,50,58,8
,026_rcc_13581541_20260711220000_seg_00511,026_rcc_13581541_20260711220000,SPEAKER_03,3182.32,3183.019873,0.7,success,ミュージシャン。,success,ミュージシャンだよ。,False,8,10,2
,026_rcc_13581541_20260711220000_seg_00512,026_rcc_13581541_20260711220000,SPEAKER_03,3185.68,3186.859961,1.18,success,アイドルだけど。,success,じゃあアイドルだけど。,False,8,11,3
,026_rcc_13581541_20260711220000_seg_00513,026_rcc_13581541_20260711220000,SPEAKER_03,3190.96,3193.12,2.16,success,今週は。,success,ね今週は。,False,4,5,1
,026_rcc_13581541_20260711220000_seg_00514,026_rcc_13581541_20260711220000,SPEAKER_03,3195.28,3195.979834,0.7,success,和真。,success,和真。,True,3,3,0
,026_rcc_13581541_20260711220000_seg_00515,026_rcc_13581541_20260711220000,SPEAKER_03,3199.6,3202.219824,2.62,success,ザ横山裕次ショーいかがだったでしょうか?,success,さあ横山裕次郎いかがだったでしょうか?,False,20,19,-1
,026_rcc_13581541_20260711220000_seg_00516,026_rcc_13581541_20260711220000,SPEAKER_03,3207.28,3210.37998,3.1,success,プロアイドルグループochanormaから。,success,ハロプロアイドルグループochanormaから。,False,22,24,2
,026_rcc_13581541_20260711220000_seg_00517,026_rcc_13581541_20260711220000,SPEAKER_03,3213.04,3218.059912,5.02,success,登場ということでひろもっちゃんももう4年前から番組出てもらってるけど。,success,登場ということでひろもっちゃんももう4年前から番組出てもらってるけど。,True,35,35,0
,026_rcc_13581541_20260711220000_seg_00518,026_rcc_13581541_20260711220000,SPEAKER_03,3219.28,3219.979834,0.7,success,怒らってるよ。,success,番組出てもらってるけどよっぽどやってるよ。,False,7,21,14
,026_rcc_13581541_20260711220000_seg_00519,026_rcc_13581541_20260711220000,SPEAKER_03,3223.12,3226.699805,3.58,success,楽しみに聞いていただければと思います。,success,楽しみに聞いていただければと思います。,True,19,19,0
,026_rcc_13581541_20260711220000_seg_00520,026_rcc_13581541_20260711220000,SPEAKER_00,3236.56,3237.259863,0.7,success,でお送りします。,success,でお送りします。,True,8,8,0
,026_rcc_13581541_20260711220000_seg_00521,026_rcc_13581541_20260711220000,SPEAKER_00,3250.899805,3251.66001,0.76,success,どこでも無料!,success,どこでも無料です。,False,7,9,2
,026_rcc_13581541_20260711220000_seg_00522,026_rcc_13581541_20260711220000,SPEAKER_00,3257.139917,3257.9,0.76,success,術しちゃいますよ。,success,充実しちゃいますよ。,False,9,10,1
,026_rcc_13581541_20260711220000_seg_00523,026_rcc_13581541_20260711220000,SPEAKER_00,3264.88,3265.579932,0.7,success,1月15日。,success,1月15日。,True,6,6,0
,026_rcc_13581541_20260711220000_seg_00524,026_rcc_13581541_20260711220000,SPEAKER_00,3277.84,3278.539893,0.7,success,お問い合わせ。,success,はいお問い合わせ。,False,7,9,2
